[1/5] extract_graph (quant=int8) -> /scratch2/agustin/ModelBlaster/examples/yolov8_nano/int8/generated
MODELBLASTER_STAGE_BEGIN:extract
  (skipped — IR present at /scratch2/agustin/ModelBlaster/examples/yolov8_nano/int8/generated; set FORCE_EXTRACT=1 to re-run)
MODELBLASTER_STAGE_END:extract:0.002
[2/5] generate_skeleton (backend=rvv_opu) -> /scratch2/agustin/ModelBlaster/examples/yolov8_nano/int8/generated/rvv_opu
MODELBLASTER_STAGE_BEGIN:generate_skeleton
wrote /scratch2/agustin/ModelBlaster/examples/yolov8_nano/int8/generated/rvv_opu/weights.h
wrote /scratch2/agustin/ModelBlaster/examples/yolov8_nano/int8/generated/rvv_opu/weights.c
wrote /scratch2/agustin/ModelBlaster/examples/yolov8_nano/int8/generated/rvv_opu/model.h
wrote /scratch2/agustin/ModelBlaster/examples/yolov8_nano/int8/generated/rvv_opu/model.c
wrote /scratch2/agustin/ModelBlaster/examples/yolov8_nano/int8/generated/rvv_opu/buffers.c
wrote /scratch2/agustin/ModelBlaster/examples/yolov8_nano/int8/generated/rvv_opu/test_io.h
MODELBLASTER_STAGE_END:generate_skeleton:0.789
[3/5] generate_kernels (backend=reference target=rvv_opu quant=int8 optimize=0) -> /scratch2/agustin/ModelBlaster/examples/yolov8_nano/int8/generated/rvv_opu
MODELBLASTER_STAGE_BEGIN:generate_kernels
backend=reference  target=rvv_opu  ops=['add_s8', 'batchnorm2d_s8', 'cat2_c1_s8', 'cat3_c1_s8', 'cat4_c1_s8', 'conv2d_s8', 'maxpool2d_s8', 'silu_s8', 'upsample_nearest_s8']
wrote /scratch2/agustin/ModelBlaster/examples/yolov8_nano/int8/generated/rvv_opu/kernels.h
wrote /scratch2/agustin/ModelBlaster/examples/yolov8_nano/int8/generated/rvv_opu/kernels.c  (source=reference target=rvv_opu)
wrote /scratch2/agustin/ModelBlaster/examples/yolov8_nano/int8/generated/rvv_opu/kernel_picks.json
MODELBLASTER_STAGE_END:generate_kernels:0.206
[4/5] west build (board=chipyard_riscv64/rocketchip_virt_riscv64) -> /scratch2/agustin/ModelBlaster/examples/yolov8_nano/int8/build/rvv_opu_firesim
MODELBLASTER_STAGE_BEGIN:build
-- west build: making build dir /scratch2/agustin/ModelBlaster/examples/yolov8_nano/int8/build/rvv_opu_firesim pristine
-- west build: generating a build system
Loading Zephyr default modules (Zephyr base).
-- Application: /scratch2/agustin/ModelBlaster/harness
-- CMake version: 3.28.3
-- Found Python3: /scratch2/agustin/chipyard/.conda-env/bin/python3.10 (found suitable version "3.10.14", minimum required is "3.10") found components: Interpreter 
-- Cache files will be written to: /home/agustin/.cache/zephyr
-- Zephyr version: 4.2.99 (/scratch2/agustin/zephyr-chipyard-sw/zephyr_ws/zephyr)
-- Found west (found suitable version "1.3.0", minimum required is "0.14.0")
-- Board: chipyard_riscv64, qualifiers: rocketchip_virt_riscv64
-- Found host-tools: zephyr 1.0.0 (/scratch2/dima/zephyr-chipyard-sw-fresh/tools-manual/zephyr-sdk-1.0.0-beta1)
-- Found toolchain: zephyr 1.0.0 (/scratch2/dima/zephyr-chipyard-sw-fresh/tools-manual/zephyr-sdk-1.0.0-beta1)
-- Found Dtc: /scratch2/dima/zephyr-chipyard-sw-fresh/tools-manual/zephyr-sdk-1.0.0-beta1/hosttools/sysroots/x86_64-pokysdk-linux/usr/bin/dtc (found suitable version "1.7.0", minimum required is "1.4.6") 
-- Found BOARD.dts: /scratch2/agustin/zephyr-chipyard-sw/zephyr_ws/zephyr/boards/chipyard/riscv64/chipyard_riscv64.dts
-- Found devicetree overlay: /scratch2/agustin/ModelBlaster/harness/boards/chipyard_riscv64.overlay
node '/uart' compatible 'ucb,htif' has unknown vendor prefix 'ucb'
-- Generated zephyr.dts: /scratch2/agustin/ModelBlaster/examples/yolov8_nano/int8/build/rvv_opu_firesim/zephyr/zephyr.dts
-- Generated pickled edt: /scratch2/agustin/ModelBlaster/examples/yolov8_nano/int8/build/rvv_opu_firesim/zephyr/edt.pickle
-- Generated devicetree_generated.h: /scratch2/agustin/ModelBlaster/examples/yolov8_nano/int8/build/rvv_opu_firesim/zephyr/include/generated/zephyr/devicetree_generated.h
/scratch2/agustin/ModelBlaster/examples/yolov8_nano/int8/build/rvv_opu_firesim/zephyr/zephyr.dts:213.25-216.4: Warning (unit_address_format): /memory@08000000: unit name should not have leading 0s

warning: PRIVILEGED_STACK_SIZE (defined at soc/cdns/sample_controller32/Kconfig.defconfig:8,
soc/andestech/ae350/Kconfig.defconfig.ae350:15, arch/x86/Kconfig:495, arch/xtensa/Kconfig:250,
arch/arm64/core/Kconfig:132, arch/Kconfig:340) was assigned the value '2048' but got the value ''.
Check these unsatisfied dependencies: (SOC_XTENSA_SAMPLE_CONTROLLER32 || ((SOC_ANDES_AE350 ||
SOC_ANDES_AE350_CLIC) && SOC_SERIES_ANDES_AE350 && SOC_FAMILY_ANDES_V5) || X86 || (XTENSA_MMU &&
CPU_HAS_MMU && XTENSA) || ARM64 || USERSPACE) (=n). See
http://docs.zephyrproject.org/latest/kconfig.html#CONFIG_PRIVILEGED_STACK_SIZE and/or look up
PRIVILEGED_STACK_SIZE in the menuconfig/guiconfig interface. The Application Development Primer,
Setting Configuration Values, and Kconfig - Tips and Best Practices sections of the manual might be
helpful too.


warning: Deprecated symbol SCHED_DUMB is enabled.

Parsing /scratch2/agustin/ModelBlaster/harness/Kconfig
Loaded configuration '/scratch2/agustin/zephyr-chipyard-sw/zephyr_ws/zephyr/boards/chipyard/riscv64/chipyard_riscv64_defconfig'
Merged configuration '/scratch2/agustin/ModelBlaster/harness/prj.conf'
Merged configuration '/scratch2/agustin/ModelBlaster/harness/backends/rvv_opu.conf'
Merged configuration '/scratch2/agustin/ModelBlaster/harness/backends/firesim_chipyard.conf'
Configuration saved to '/scratch2/agustin/ModelBlaster/examples/yolov8_nano/int8/build/rvv_opu_firesim/zephyr/.config'
Kconfig header saved to '/scratch2/agustin/ModelBlaster/examples/yolov8_nano/int8/build/rvv_opu_firesim/zephyr/include/generated/zephyr/autoconf.h'
-- RISCV_V_KERNEL_ONLY=y: global -march=rv64imafdc_zicsr_zifencei (V stripped); per-file -march=rv64imafdcv_zicsr_zifencei
-- Found GnuLd: /scratch2/dima/zephyr-chipyard-sw-fresh/tools-manual/zephyr-sdk-1.0.0-beta1/gnu/riscv64-zephyr-elf/riscv64-zephyr-elf/bin/ld.bfd (found version "2.43.1") 
-- The C compiler identification is GNU 14.3.0
-- The CXX compiler identification is GNU 14.3.0
-- The ASM compiler identification is GNU
-- Found assembler: /scratch2/dima/zephyr-chipyard-sw-fresh/tools-manual/zephyr-sdk-1.0.0-beta1/gnu/riscv64-zephyr-elf/bin/riscv64-zephyr-elf-gcc
-- Found gen_kobject_list: /scratch2/agustin/zephyr-chipyard-sw/zephyr_ws/zephyr/scripts/build/gen_kobject_list.py
-- modelblaster harness MODEL_DIR=/scratch2/agustin/ModelBlaster/examples/yolov8_nano/int8/generated/rvv_opu  backend=rvv_opu
-- modelblaster harness kernel cflags=-march=rv64gcv;-mabi=lp64d;-isystem/scratch2/agustin/ModelBlaster/cores/saturn_opu/include;-DMODELBLASTER_SATURN_OPU=1
-- Configuring done (6.1s)
-- Generating done (0.0s)
-- Build files have been written to: /scratch2/agustin/ModelBlaster/examples/yolov8_nano/int8/build/rvv_opu_firesim
-- west build: building application
[1/139] Preparing syscall dependency handling

[2/139] Generating misc/generated/syscalls_subdirs.trigger
[3/139] Generating include/generated/zephyr/version.h
-- Zephyr version: 4.2.99 (/scratch2/agustin/zephyr-chipyard-sw/zephyr_ws/zephyr), build: 852bb170cc56
[4/139] Generating misc/generated/syscalls.json, misc/generated/struct_tags.json
[5/139] Generating include/generated/device-api-sections.ld, include/generated/device-api-sections.cmake
[6/139] Generating include/generated/zephyr/syscall_dispatch.c, include/generated/zephyr/syscall_exports_llext.c, syscall_weakdefs_llext.c, include/generated/zephyr/syscall_list.h
[7/139] Generating include/generated/zephyr/driver-validation.h
[8/139] Generating include/generated/zephyr/kobj-types-enum.h, include/generated/zephyr/otype-to-str.h, include/generated/zephyr/otype-to-size.h
[9/139] Building C object zephyr/CMakeFiles/offsets.dir/arch/riscv/core/offsets/offsets.c.obj
[10/139] Generating include/generated/zephyr/offsets.h
[11/139] Building ASM object CMakeFiles/app.dir/scratch2/agustin/ModelBlaster/examples/yolov8_nano/int8/generated/rvv_opu/test_io.S.obj
[12/139] Building ASM object zephyr/CMakeFiles/zephyr.dir/soc/common/riscv-privileged/vector.S.obj
[13/139] Building C object CMakeFiles/app.dir/scratch2/agustin/ModelBlaster/examples/yolov8_nano/int8/generated/rvv_opu/buffers.c.obj
[14/139] Building C object zephyr/CMakeFiles/zephyr.dir/lib/utils/last_section_id.c.obj
[15/139] Building ASM object zephyr/arch/arch/riscv/core/CMakeFiles/arch__riscv__core.dir/fpu.S.obj
[16/139] Building ASM object zephyr/CMakeFiles/zephyr.dir/soc/common/riscv-privileged/soc_irq.S.obj
[17/139] Building C object zephyr/CMakeFiles/zephyr.dir/misc/generated/configs.c.obj
[18/139] Building ASM object zephyr/arch/arch/riscv/core/CMakeFiles/arch__riscv__core.dir/reset.S.obj
[19/139] Building ASM object zephyr/arch/arch/riscv/core/CMakeFiles/arch__riscv__core.dir/switch.S.obj
[20/139] Building C object zephyr/arch/arch/riscv/core/CMakeFiles/arch__riscv__core.dir/prep_c.c.obj
[21/139] Generating linker_zephyr_pre0.cmd
[22/139] Building ASM object zephyr/arch/arch/riscv/core/CMakeFiles/arch__riscv__core.dir/isr.S.obj
[23/139] Building C object zephyr/CMakeFiles/zephyr.dir/lib/utils/dec.c.obj
[24/139] Building C object zephyr/arch/common/CMakeFiles/arch__common.dir/init.c.obj
[25/139] Building C object zephyr/CMakeFiles/zephyr.dir/soc/rocketchip/virt_riscv/common/tacit/tacit.c.obj
In file included from /scratch2/agustin/zephyr-chipyard-sw/zephyr_ws/zephyr/soc/rocketchip/virt_riscv/common/tacit/tacit.c:6:
/scratch2/agustin/zephyr-chipyard-sw/zephyr_ws/zephyr/soc/rocketchip/virt_riscv/common/tacit/tacit.h: In function 'l_trace_encoder_get':
/scratch2/agustin/zephyr-chipyard-sw/zephyr_ws/zephyr/soc/rocketchip/virt_riscv/common/tacit/tacit.h:50:10: warning: cast to pointer from integer of different size [-Wint-to-pointer-cast]
   50 |   return (LTraceEncoderType *)(L_TRACE_ENCODER_BASE_ADDRESS + hart_id * 0x1000);
      |          ^
/scratch2/agustin/zephyr-chipyard-sw/zephyr_ws/zephyr/soc/rocketchip/virt_riscv/common/tacit/tacit.h: In function 'l_trace_sink_dma_get':
/scratch2/agustin/zephyr-chipyard-sw/zephyr_ws/zephyr/soc/rocketchip/virt_riscv/common/tacit/tacit.h:54:10: warning: cast to pointer from integer of different size [-Wint-to-pointer-cast]
   54 |   return (LTraceSinkDmaType *)(L_TRACE_SINK_DMA_BASE_ADDRESS + hart_id * 0x1000);
      |          ^
[26/139] Building C object zephyr/CMakeFiles/zephyr.dir/lib/libc/validate_libc.c.obj
[27/139] Building C object zephyr/arch/common/CMakeFiles/isr_tables.dir/isr_tables.c.obj
[28/139] Building C object zephyr/CMakeFiles/zephyr.dir/lib/utils/bitmask.c.obj
[29/139] Building C object zephyr/CMakeFiles/zephyr_pre0.dir/misc/empty_file.c.obj
[30/139] Building C object zephyr/CMakeFiles/zephyr.dir/subsys/tracing/tracing_none.c.obj
[31/139] Building C object zephyr/CMakeFiles/zephyr.dir/lib/os/sem.c.obj
[32/139] Building C object zephyr/CMakeFiles/zephyr.dir/soc/rocketchip/virt_riscv/common/soc.c.obj
[33/139] Building C object zephyr/CMakeFiles/zephyr.dir/lib/os/thread_entry.c.obj
[34/139] Building C object zephyr/CMakeFiles/zephyr.dir/lib/os/assert.c.obj
[35/139] Building C object zephyr/arch/arch/riscv/core/CMakeFiles/arch__riscv__core.dir/ipi.c.obj
[36/139] Building C object zephyr/arch/arch/riscv/core/CMakeFiles/arch__riscv__core.dir/reboot.c.obj
[37/139] Building C object zephyr/arch/common/CMakeFiles/arch__common.dir/multilevel_irq.c.obj
[38/139] Building C object CMakeFiles/app.dir/src/main.c.obj
[39/139] Building C object zephyr/CMakeFiles/zephyr.dir/lib/utils/hex.c.obj
[40/139] Building C object zephyr/CMakeFiles/zephyr.dir/soc/common/riscv-privileged/soc_common_irq.c.obj
[41/139] Building C object zephyr/arch/common/CMakeFiles/arch__common.dir/timing.c.obj
[42/139] Building C object zephyr/CMakeFiles/zephyr.dir/lib/utils/timeutil.c.obj
[43/139] Building C object zephyr/arch/arch/riscv/core/CMakeFiles/arch__riscv__core.dir/smp.c.obj
[44/139] Building C object zephyr/CMakeFiles/zephyr.dir/lib/os/printk.c.obj
[45/139] Building C object zephyr/arch/arch/riscv/core/CMakeFiles/arch__riscv__core.dir/cpu_idle.c.obj
[46/139] Building C object zephyr/CMakeFiles/zephyr.dir/lib/os/reboot.c.obj
[47/139] Building C object zephyr/arch/common/CMakeFiles/arch__common.dir/sw_isr_common.c.obj
[48/139] Building C object zephyr/arch/arch/riscv/core/CMakeFiles/arch__riscv__core.dir/ipi_clint.c.obj
[49/139] Building C object zephyr/arch/arch/riscv/core/CMakeFiles/arch__riscv__core.dir/fatal.c.obj
[50/139] Linking C static library zephyr/arch/common/libisr_tables.a
[51/139] Building C object zephyr/CMakeFiles/zephyr.dir/lib/utils/ring_buffer.c.obj
[52/139] Building C object zephyr/arch/arch/riscv/core/CMakeFiles/arch__riscv__core.dir/irq_manage.c.obj
[53/139] Building C object zephyr/CMakeFiles/zephyr.dir/lib/os/clock.c.obj
[54/139] Building C object zephyr/arch/arch/riscv/core/CMakeFiles/arch__riscv__core.dir/v.c.obj
[55/139] Building C object zephyr/arch/arch/riscv/core/CMakeFiles/arch__riscv__core.dir/thread.c.obj
[56/139] Building C object zephyr/lib/libc/common/CMakeFiles/lib__libc__common.dir/source/time/time.c.obj
[57/139] Building C object zephyr/arch/arch/riscv/core/CMakeFiles/arch__riscv__core.dir/fpu.c.obj
[58/139] Building C object zephyr/lib/libc/picolibc/CMakeFiles/lib__libc__picolibc.dir/cbprintf.c.obj
[59/139] Building C object zephyr/lib/libc/picolibc/CMakeFiles/lib__libc__picolibc.dir/assert.c.obj
[60/139] Building C object zephyr/arch/arch/riscv/core/CMakeFiles/arch__riscv__core.dir/tls.c.obj
[61/139] Building C object zephyr/kernel/CMakeFiles/kernel.dir/version.c.obj
[62/139] Building C object zephyr/arch/arch/riscv/core/CMakeFiles/arch__riscv__core.dir/stacktrace.c.obj
[63/139] Building C object zephyr/lib/libc/common/CMakeFiles/lib__libc__common.dir/source/stdlib/abort.c.obj
[64/139] Linking C static library zephyr/arch/common/libarch__common.a
[65/139] Building C object zephyr/lib/libc/picolibc/CMakeFiles/lib__libc__picolibc.dir/chk_fail.c.obj
[66/139] Building C object zephyr/lib/libc/picolibc/CMakeFiles/lib__libc__picolibc.dir/locks.c.obj
[67/139] Building C object zephyr/lib/libc/picolibc/CMakeFiles/lib__libc__picolibc.dir/errno_wrap.c.obj
[68/139] Building C object zephyr/lib/libc/picolibc/CMakeFiles/lib__libc__picolibc.dir/stdio.c.obj
[69/139] Building C object zephyr/lib/libc/picolibc/CMakeFiles/lib__libc__picolibc.dir/exit.c.obj
[70/139] Building C object zephyr/kernel/CMakeFiles/kernel.dir/main_weak.c.obj
[71/139] Building C object zephyr/kernel/CMakeFiles/kernel.dir/banner.c.obj
[72/139] Building C object zephyr/lib/posix/c_lib_ext/CMakeFiles/lib__posix__c_lib_ext.dir/getentropy.c.obj
In file included from /scratch2/agustin/zephyr-chipyard-sw/zephyr_ws/zephyr/include/zephyr/posix/sys/sysconf.h:11,
                 from /scratch2/agustin/zephyr-chipyard-sw/zephyr_ws/zephyr/include/zephyr/posix/unistd.h:18,
                 from /scratch2/agustin/zephyr-chipyard-sw/zephyr_ws/zephyr/lib/posix/c_lib_ext/getentropy.c:11:
/scratch2/agustin/zephyr-chipyard-sw/zephyr_ws/zephyr/include/zephyr/posix/posix_limits.h:23:9: warning: "_POSIX_AIO_LISTIO_MAX" redefined
   23 | #define _POSIX_AIO_LISTIO_MAX               (2)
      |         ^~~~~~~~~~~~~~~~~~~~~
In file included from /scratch2/dima/zephyr-chipyard-sw-fresh/tools-manual/zephyr-sdk-1.0.0-beta1/gnu/riscv64-zephyr-elf/riscv64-zephyr-elf/sys-include/limits.h:6,
                 from /scratch2/dima/zephyr-chipyard-sw-fresh/tools-manual/zephyr-sdk-1.0.0-beta1/gnu/riscv64-zephyr-elf/lib/gcc/riscv64-zephyr-elf/14.3.0/include/limits.h:210,
                 from /scratch2/dima/zephyr-chipyard-sw-fresh/tools-manual/zephyr-sdk-1.0.0-beta1/gnu/riscv64-zephyr-elf/lib/gcc/riscv64-zephyr-elf/14.3.0/include/syslimits.h:7,
                 from /scratch2/dima/zephyr-chipyard-sw-fresh/tools-manual/zephyr-sdk-1.0.0-beta1/gnu/riscv64-zephyr-elf/lib/gcc/riscv64-zephyr-elf/14.3.0/include/limits.h:34,
                 from /scratch2/agustin/zephyr-chipyard-sw/zephyr_ws/zephyr/include/zephyr/kernel_includes.h:22,
                 from /scratch2/agustin/zephyr-chipyard-sw/zephyr_ws/zephyr/include/zephyr/kernel.h:17,
                 from /scratch2/agustin/zephyr-chipyard-sw/zephyr_ws/zephyr/lib/posix/c_lib_ext/getentropy.c:10:
/scratch2/dima/zephyr-chipyard-sw-fresh/tools-manual/zephyr-sdk-1.0.0-beta1/gnu/riscv64-zephyr-elf/riscv64-zephyr-elf/sys-include/sys/syslimits.h:63:9: note: this is the location of the previous definition
   63 | #define _POSIX_AIO_LISTIO_MAX   2
      |         ^~~~~~~~~~~~~~~~~~~~~
/scratch2/agustin/zephyr-chipyard-sw/zephyr_ws/zephyr/include/zephyr/posix/posix_limits.h:24:9: warning: "_POSIX_AIO_MAX" redefined
   24 | #define _POSIX_AIO_MAX                      (1)
      |         ^~~~~~~~~~~~~~
/scratch2/dima/zephyr-chipyard-sw-fresh/tools-manual/zephyr-sdk-1.0.0-beta1/gnu/riscv64-zephyr-elf/riscv64-zephyr-elf/sys-include/sys/syslimits.h:64:9: note: this is the location of the previous definition
   64 | #define _POSIX_AIO_MAX          1
      |         ^~~~~~~~~~~~~~
/scratch2/agustin/zephyr-chipyard-sw/zephyr_ws/zephyr/include/zephyr/posix/posix_limits.h:25:9: warning: "_POSIX_ARG_MAX" redefined
   25 | #define _POSIX_ARG_MAX                      (4096)
      |         ^~~~~~~~~~~~~~
/scratch2/dima/zephyr-chipyard-sw-fresh/tools-manual/zephyr-sdk-1.0.0-beta1/gnu/riscv64-zephyr-elf/riscv64-zephyr-elf/sys-include/sys/syslimits.h:65:9: note: this is the location of the previous definition
   65 | #define _POSIX_ARG_MAX          4096
      |         ^~~~~~~~~~~~~~
/scratch2/agustin/zephyr-chipyard-sw/zephyr_ws/zephyr/include/zephyr/posix/posix_limits.h:26:9: warning: "_POSIX_CHILD_MAX" redefined
   26 | #define _POSIX_CHILD_MAX                    (25)
      |         ^~~~~~~~~~~~~~~~
/scratch2/dima/zephyr-chipyard-sw-fresh/tools-manual/zephyr-sdk-1.0.0-beta1/gnu/riscv64-zephyr-elf/riscv64-zephyr-elf/sys-include/sys/syslimits.h:66:9: note: this is the location of the previous definition
   66 | #define _POSIX_CHILD_MAX        6
      |         ^~~~~~~~~~~~~~~~
/scratch2/agustin/zephyr-chipyard-sw/zephyr_ws/zephyr/include/zephyr/posix/posix_limits.h:27:9: warning: "_POSIX_DELAYTIMER_MAX" redefined
   27 | #define _POSIX_DELAYTIMER_MAX               (32)
      |         ^~~~~~~~~~~~~~~~~~~~~
/scratch2/dima/zephyr-chipyard-sw-fresh/tools-manual/zephyr-sdk-1.0.0-beta1/gnu/riscv64-zephyr-elf/riscv64-zephyr-elf/sys-include/sys/syslimits.h:67:9: note: this is the location of the previous definition
   67 | #define _POSIX_DELAYTIMER_MAX   32
      |         ^~~~~~~~~~~~~~~~~~~~~
/scratch2/agustin/zephyr-chipyard-sw/zephyr_ws/zephyr/include/zephyr/posix/posix_limits.h:28:9: warning: "_POSIX_HOST_NAME_MAX" redefined
   28 | #define _POSIX_HOST_NAME_MAX                (255)
      |         ^~~~~~~~~~~~~~~~~~~~
/scratch2/dima/zephyr-chipyard-sw-fresh/tools-manual/zephyr-sdk-1.0.0-beta1/gnu/riscv64-zephyr-elf/riscv64-zephyr-elf/sys-include/sys/syslimits.h:68:9: note: this is the location of the previous definition
   68 | #define _POSIX_HOST_NAME_MAX    255
      |         ^~~~~~~~~~~~~~~~~~~~
/scratch2/agustin/zephyr-chipyard-sw/zephyr_ws/zephyr/include/zephyr/posix/posix_limits.h:29:9: warning: "_POSIX_LINK_MAX" redefined
   29 | #define _POSIX_LINK_MAX                     (8)
      |         ^~~~~~~~~~~~~~~
/scratch2/dima/zephyr-chipyard-sw-fresh/tools-manual/zephyr-sdk-1.0.0-beta1/gnu/riscv64-zephyr-elf/riscv64-zephyr-elf/sys-include/sys/syslimits.h:69:9: note: this is the location of the previous definition
   69 | #define _POSIX_LINK_MAX         8
      |         ^~~~~~~~~~~~~~~
/scratch2/agustin/zephyr-chipyard-sw/zephyr_ws/zephyr/include/zephyr/posix/posix_limits.h:30:9: warning: "_POSIX_LOGIN_NAME_MAX" redefined
   30 | #define _POSIX_LOGIN_NAME_MAX               (9)
      |         ^~~~~~~~~~~~~~~~~~~~~
/scratch2/dima/zephyr-chipyard-sw-fresh/tools-manual/zephyr-sdk-1.0.0-beta1/gnu/riscv64-zephyr-elf/riscv64-zephyr-elf/sys-include/sys/syslimits.h:70:9: note: this is the location of the previous definition
   70 | #define _POSIX_LOGIN_NAME_MAX   9
      |         ^~~~~~~~~~~~~~~~~~~~~
/scratch2/agustin/zephyr-chipyard-sw/zephyr_ws/zephyr/include/zephyr/posix/posix_limits.h:31:9: warning: "_POSIX_MAX_CANON" redefined
   31 | #define _POSIX_MAX_CANON                    (255)
      |         ^~~~~~~~~~~~~~~~
/scratch2/dima/zephyr-chipyard-sw-fresh/tools-manual/zephyr-sdk-1.0.0-beta1/gnu/riscv64-zephyr-elf/riscv64-zephyr-elf/sys-include/sys/syslimits.h:71:9: note: this is the location of the previous definition
   71 | #define _POSIX_MAX_CANON        255
      |         ^~~~~~~~~~~~~~~~
/scratch2/agustin/zephyr-chipyard-sw/zephyr_ws/zephyr/include/zephyr/posix/posix_limits.h:32:9: warning: "_POSIX_MAX_INPUT" redefined
   32 | #define _POSIX_MAX_INPUT                    (255)
      |         ^~~~~~~~~~~~~~~~
/scratch2/dima/zephyr-chipyard-sw-fresh/tools-manual/zephyr-sdk-1.0.0-beta1/gnu/riscv64-zephyr-elf/riscv64-zephyr-elf/sys-include/sys/syslimits.h:72:9: note: this is the location of the previous definition
   72 | #define _POSIX_MAX_INPUT        255
      |         ^~~~~~~~~~~~~~~~
/scratch2/agustin/zephyr-chipyard-sw/zephyr_ws/zephyr/include/zephyr/posix/posix_limits.h:33:9: warning: "_POSIX_MQ_OPEN_MAX" redefined
   33 | #define _POSIX_MQ_OPEN_MAX                  (8)
      |         ^~~~~~~~~~~~~~~~~~
/scratch2/dima/zephyr-chipyard-sw-fresh/tools-manual/zephyr-sdk-1.0.0-beta1/gnu/riscv64-zephyr-elf/riscv64-zephyr-elf/sys-include/sys/syslimits.h:73:9: note: this is the location of the previous definition
   73 | #define _POSIX_MQ_OPEN_MAX      8
      |         ^~~~~~~~~~~~~~~~~~
/scratch2/agustin/zephyr-chipyard-sw/zephyr_ws/zephyr/include/zephyr/posix/posix_limits.h:34:9: warning: "_POSIX_MQ_PRIO_MAX" redefined
   34 | #define _POSIX_MQ_PRIO_MAX                  (32)
      |         ^~~~~~~~~~~~~~~~~~
/scratch2/dima/zephyr-chipyard-sw-fresh/tools-manual/zephyr-sdk-1.0.0-beta1/gnu/riscv64-zephyr-elf/riscv64-zephyr-elf/sys-include/sys/syslimits.h:74:9: note: this is the location of the previous definition
   74 | #define _POSIX_MQ_PRIO_MAX      32
      |         ^~~~~~~~~~~~~~~~~~
/scratch2/agustin/zephyr-chipyard-sw/zephyr_ws/zephyr/include/zephyr/posix/posix_limits.h:35:9: warning: "_POSIX_NAME_MAX" redefined
   35 | #define _POSIX_NAME_MAX                     (14)
      |         ^~~~~~~~~~~~~~~
/scratch2/dima/zephyr-chipyard-sw-fresh/tools-manual/zephyr-sdk-1.0.0-beta1/gnu/riscv64-zephyr-elf/riscv64-zephyr-elf/sys-include/sys/syslimits.h:75:9: note: this is the location of the previous definition
   75 | #define _POSIX_NAME_MAX         14
      |         ^~~~~~~~~~~~~~~
/scratch2/agustin/zephyr-chipyard-sw/zephyr_ws/zephyr/include/zephyr/posix/posix_limits.h:36:9: warning: "_POSIX_NGROUPS_MAX" redefined
   36 | #define _POSIX_NGROUPS_MAX                  (8)
      |         ^~~~~~~~~~~~~~~~~~
/scratch2/dima/zephyr-chipyard-sw-fresh/tools-manual/zephyr-sdk-1.0.0-beta1/gnu/riscv64-zephyr-elf/riscv64-zephyr-elf/sys-include/sys/syslimits.h:76:9: note: this is the location of the previous definition
   76 | #define _POSIX_NGROUPS_MAX      0
      |         ^~~~~~~~~~~~~~~~~~
/scratch2/agustin/zephyr-chipyard-sw/zephyr_ws/zephyr/include/zephyr/posix/posix_limits.h:37:9: warning: "_POSIX_OPEN_MAX" redefined
   37 | #define _POSIX_OPEN_MAX                     (20)
      |         ^~~~~~~~~~~~~~~
/scratch2/dima/zephyr-chipyard-sw-fresh/tools-manual/zephyr-sdk-1.0.0-beta1/gnu/riscv64-zephyr-elf/riscv64-zephyr-elf/sys-include/sys/syslimits.h:77:9: note: this is the location of the previous definition
   77 | #define _POSIX_OPEN_MAX         16
      |         ^~~~~~~~~~~~~~~
/scratch2/agustin/zephyr-chipyard-sw/zephyr_ws/zephyr/include/zephyr/posix/posix_limits.h:38:9: warning: "_POSIX_PATH_MAX" redefined
   38 | #define _POSIX_PATH_MAX                     (256)
      |         ^~~~~~~~~~~~~~~
/scratch2/dima/zephyr-chipyard-sw-fresh/tools-manual/zephyr-sdk-1.0.0-beta1/gnu/riscv64-zephyr-elf/riscv64-zephyr-elf/sys-include/sys/syslimits.h:78:9: note: this is the location of the previous definition
   78 | #define _POSIX_PATH_MAX         255
      |         ^~~~~~~~~~~~~~~
/scratch2/agustin/zephyr-chipyard-sw/zephyr_ws/zephyr/include/zephyr/posix/posix_limits.h:39:9: warning: "_POSIX_PIPE_BUF" redefined
   39 | #define _POSIX_PIPE_BUF                     (512)
      |         ^~~~~~~~~~~~~~~
/scratch2/dima/zephyr-chipyard-sw-fresh/tools-manual/zephyr-sdk-1.0.0-beta1/gnu/riscv64-zephyr-elf/riscv64-zephyr-elf/sys-include/sys/syslimits.h:79:9: note: this is the location of the previous definition
   79 | #define _POSIX_PIPE_BUF         512
      |         ^~~~~~~~~~~~~~~
/scratch2/agustin/zephyr-chipyard-sw/zephyr_ws/zephyr/include/zephyr/posix/posix_limits.h:40:9: warning: "_POSIX_RE_DUP_MAX" redefined
   40 | #define _POSIX_RE_DUP_MAX                   (255)
      |         ^~~~~~~~~~~~~~~~~
/scratch2/dima/zephyr-chipyard-sw-fresh/tools-manual/zephyr-sdk-1.0.0-beta1/gnu/riscv64-zephyr-elf/riscv64-zephyr-elf/sys-include/sys/syslimits.h:80:9: note: this is the location of the previous definition
   80 | #define _POSIX_RE_DUP_MAX       255
      |         ^~~~~~~~~~~~~~~~~
/scratch2/agustin/zephyr-chipyard-sw/zephyr_ws/zephyr/include/zephyr/posix/posix_limits.h:41:9: warning: "_POSIX_RTSIG_MAX" redefined
   41 | #define _POSIX_RTSIG_MAX                    (8)
      |         ^~~~~~~~~~~~~~~~
/scratch2/dima/zephyr-chipyard-sw-fresh/tools-manual/zephyr-sdk-1.0.0-beta1/gnu/riscv64-zephyr-elf/riscv64-zephyr-elf/sys-include/sys/syslimits.h:81:9: note: this is the location of the previous definition
   81 | #define _POSIX_RTSIG_MAX        8
      |         ^~~~~~~~~~~~~~~~
/scratch2/agustin/zephyr-chipyard-sw/zephyr_ws/zephyr/include/zephyr/posix/posix_limits.h:42:9: warning: "_POSIX_SEM_NSEMS_MAX" redefined
   42 | #define _POSIX_SEM_NSEMS_MAX                (256)
      |         ^~~~~~~~~~~~~~~~~~~~
/scratch2/dima/zephyr-chipyard-sw-fresh/tools-manual/zephyr-sdk-1.0.0-beta1/gnu/riscv64-zephyr-elf/riscv64-zephyr-elf/sys-include/sys/syslimits.h:82:9: note: this is the location of the previous definition
   82 | #define _POSIX_SEM_NSEMS_MAX    256
      |         ^~~~~~~~~~~~~~~~~~~~
/scratch2/agustin/zephyr-chipyard-sw/zephyr_ws/zephyr/include/zephyr/posix/posix_limits.h:43:9: warning: "_POSIX_SEM_VALUE_MAX" redefined
   43 | #define _POSIX_SEM_VALUE_MAX                (32767)
      |         ^~~~~~~~~~~~~~~~~~~~
/scratch2/dima/zephyr-chipyard-sw-fresh/tools-manual/zephyr-sdk-1.0.0-beta1/gnu/riscv64-zephyr-elf/riscv64-zephyr-elf/sys-include/sys/syslimits.h:83:9: note: this is the location of the previous definition
   83 | #define _POSIX_SEM_VALUE_MAX    32767
      |         ^~~~~~~~~~~~~~~~~~~~
/scratch2/agustin/zephyr-chipyard-sw/zephyr_ws/zephyr/include/zephyr/posix/posix_limits.h:44:9: warning: "_POSIX_SIGQUEUE_MAX" redefined
   44 | #define _POSIX_SIGQUEUE_MAX                 (32)
      |         ^~~~~~~~~~~~~~~~~~~
/scratch2/dima/zephyr-chipyard-sw-fresh/tools-manual/zephyr-sdk-1.0.0-beta1/gnu/riscv64-zephyr-elf/riscv64-zephyr-elf/sys-include/sys/syslimits.h:84:9: note: this is the location of the previous definition
   84 | #define _POSIX_SIGQUEUE_MAX     32
      |         ^~~~~~~~~~~~~~~~~~~
/scratch2/agustin/zephyr-chipyard-sw/zephyr_ws/zephyr/include/zephyr/posix/posix_limits.h:45:9: warning: "_POSIX_SSIZE_MAX" redefined
   45 | #define _POSIX_SSIZE_MAX                    (32767)
      |         ^~~~~~~~~~~~~~~~
/scratch2/dima/zephyr-chipyard-sw-fresh/tools-manual/zephyr-sdk-1.0.0-beta1/gnu/riscv64-zephyr-elf/riscv64-zephyr-elf/sys-include/sys/syslimits.h:85:9: note: this is the location of the previous definition
   85 | #define _POSIX_SSIZE_MAX        32767
      |         ^~~~~~~~~~~~~~~~
/scratch2/agustin/zephyr-chipyard-sw/zephyr_ws/zephyr/include/zephyr/posix/posix_limits.h:46:9: warning: "_POSIX_SS_REPL_MAX" redefined
   46 | #define _POSIX_SS_REPL_MAX                  (4)
      |         ^~~~~~~~~~~~~~~~~~
/scratch2/dima/zephyr-chipyard-sw-fresh/tools-manual/zephyr-sdk-1.0.0-beta1/gnu/riscv64-zephyr-elf/riscv64-zephyr-elf/sys-include/sys/syslimits.h:86:9: note: this is the location of the previous definition
   86 | #define _POSIX_SS_REPL_MAX      4
      |         ^~~~~~~~~~~~~~~~~~
/scratch2/agustin/zephyr-chipyard-sw/zephyr_ws/zephyr/include/zephyr/posix/posix_limits.h:47:9: warning: "_POSIX_STREAM_MAX" redefined
   47 | #define _POSIX_STREAM_MAX                   (8)
      |         ^~~~~~~~~~~~~~~~~
/scratch2/dima/zephyr-chipyard-sw-fresh/tools-manual/zephyr-sdk-1.0.0-beta1/gnu/riscv64-zephyr-elf/riscv64-zephyr-elf/sys-include/sys/syslimits.h:87:9: note: this is the location of the previous definition
   87 | #define _POSIX_STREAM_MAX       8
      |         ^~~~~~~~~~~~~~~~~
/scratch2/agustin/zephyr-chipyard-sw/zephyr_ws/zephyr/include/zephyr/posix/posix_limits.h:48:9: warning: "_POSIX_SYMLINK_MAX" redefined
   48 | #define _POSIX_SYMLINK_MAX                  (255)
      |         ^~~~~~~~~~~~~~~~~~
/scratch2/dima/zephyr-chipyard-sw-fresh/tools-manual/zephyr-sdk-1.0.0-beta1/gnu/riscv64-zephyr-elf/riscv64-zephyr-elf/sys-include/sys/syslimits.h:88:9: note: this is the location of the previous definition
   88 | #define _POSIX_SYMLINK_MAX      255
      |         ^~~~~~~~~~~~~~~~~~
/scratch2/agustin/zephyr-chipyard-sw/zephyr_ws/zephyr/include/zephyr/posix/posix_limits.h:49:9: warning: "_POSIX_SYMLOOP_MAX" redefined
   49 | #define _POSIX_SYMLOOP_MAX                  (8)
      |         ^~~~~~~~~~~~~~~~~~
/scratch2/dima/zephyr-chipyard-sw-fresh/tools-manual/zephyr-sdk-1.0.0-beta1/gnu/riscv64-zephyr-elf/riscv64-zephyr-elf/sys-include/sys/syslimits.h:89:9: note: this is the location of the previous definition
   89 | #define _POSIX_SYMLOOP_MAX      8
      |         ^~~~~~~~~~~~~~~~~~
/scratch2/agustin/zephyr-chipyard-sw/zephyr_ws/zephyr/include/zephyr/posix/posix_limits.h:50:9: warning: "_POSIX_THREAD_DESTRUCTOR_ITERATIONS" redefined
   50 | #define _POSIX_THREAD_DESTRUCTOR_ITERATIONS (4)
      |         ^~~~~~~~~~~~~~~~~~~~~~~~~~~~~~~~~~~
/scratch2/dima/zephyr-chipyard-sw-fresh/tools-manual/zephyr-sdk-1.0.0-beta1/gnu/riscv64-zephyr-elf/riscv64-zephyr-elf/sys-include/sys/syslimits.h:90:9: note: this is the location of the previous definition
   90 | #define _POSIX_THREAD_DESTRUCTOR_ITERATIONS     4
      |         ^~~~~~~~~~~~~~~~~~~~~~~~~~~~~~~~~~~
/scratch2/agustin/zephyr-chipyard-sw/zephyr_ws/zephyr/include/zephyr/posix/posix_limits.h:51:9: warning: "_POSIX_THREAD_KEYS_MAX" redefined
   51 | #define _POSIX_THREAD_KEYS_MAX              (128)
      |         ^~~~~~~~~~~~~~~~~~~~~~
/scratch2/dima/zephyr-chipyard-sw-fresh/tools-manual/zephyr-sdk-1.0.0-beta1/gnu/riscv64-zephyr-elf/riscv64-zephyr-elf/sys-include/sys/syslimits.h:91:9: note: this is the location of the previous definition
   91 | #define _POSIX_THREAD_KEYS_MAX  128
      |         ^~~~~~~~~~~~~~~~~~~~~~
/scratch2/agustin/zephyr-chipyard-sw/zephyr_ws/zephyr/include/zephyr/posix/posix_limits.h:52:9: warning: "_POSIX_THREAD_THREADS_MAX" redefined
   52 | #define _POSIX_THREAD_THREADS_MAX           (64)
      |         ^~~~~~~~~~~~~~~~~~~~~~~~~
/scratch2/dima/zephyr-chipyard-sw-fresh/tools-manual/zephyr-sdk-1.0.0-beta1/gnu/riscv64-zephyr-elf/riscv64-zephyr-elf/sys-include/sys/syslimits.h:92:9: note: this is the location of the previous definition
   92 | #define _POSIX_THREAD_THREADS_MAX       64
      |         ^~~~~~~~~~~~~~~~~~~~~~~~~
/scratch2/agustin/zephyr-chipyard-sw/zephyr_ws/zephyr/include/zephyr/posix/posix_limits.h:53:9: warning: "_POSIX_TIMER_MAX" redefined
   53 | #define _POSIX_TIMER_MAX                    (32)
      |         ^~~~~~~~~~~~~~~~
/scratch2/dima/zephyr-chipyard-sw-fresh/tools-manual/zephyr-sdk-1.0.0-beta1/gnu/riscv64-zephyr-elf/riscv64-zephyr-elf/sys-include/sys/syslimits.h:93:9: note: this is the location of the previous definition
   93 | #define _POSIX_TIMER_MAX        32
      |         ^~~~~~~~~~~~~~~~
/scratch2/agustin/zephyr-chipyard-sw/zephyr_ws/zephyr/include/zephyr/posix/posix_limits.h:54:9: warning: "_POSIX_TRACE_EVENT_NAME_MAX" redefined
   54 | #define _POSIX_TRACE_EVENT_NAME_MAX         (30)
      |         ^~~~~~~~~~~~~~~~~~~~~~~~~~~
/scratch2/dima/zephyr-chipyard-sw-fresh/tools-manual/zephyr-sdk-1.0.0-beta1/gnu/riscv64-zephyr-elf/riscv64-zephyr-elf/sys-include/sys/syslimits.h:94:9: note: this is the location of the previous definition
   94 | #define _POSIX_TRACE_EVENT_NAME_MAX     30
      |         ^~~~~~~~~~~~~~~~~~~~~~~~~~~
/scratch2/agustin/zephyr-chipyard-sw/zephyr_ws/zephyr/include/zephyr/posix/posix_limits.h:55:9: warning: "_POSIX_TRACE_NAME_MAX" redefined
   55 | #define _POSIX_TRACE_NAME_MAX               (8)
      |         ^~~~~~~~~~~~~~~~~~~~~
/scratch2/dima/zephyr-chipyard-sw-fresh/tools-manual/zephyr-sdk-1.0.0-beta1/gnu/riscv64-zephyr-elf/riscv64-zephyr-elf/sys-include/sys/syslimits.h:95:9: note: this is the location of the previous definition
   95 | #define _POSIX_TRACE_NAME_MAX   8
      |         ^~~~~~~~~~~~~~~~~~~~~
/scratch2/agustin/zephyr-chipyard-sw/zephyr_ws/zephyr/include/zephyr/posix/posix_limits.h:56:9: warning: "_POSIX_TRACE_SYS_MAX" redefined
   56 | #define _POSIX_TRACE_SYS_MAX                (8)
      |         ^~~~~~~~~~~~~~~~~~~~
/scratch2/dima/zephyr-chipyard-sw-fresh/tools-manual/zephyr-sdk-1.0.0-beta1/gnu/riscv64-zephyr-elf/riscv64-zephyr-elf/sys-include/sys/syslimits.h:96:9: note: this is the location of the previous definition
   96 | #define _POSIX_TRACE_SYS_MAX    8
      |         ^~~~~~~~~~~~~~~~~~~~
/scratch2/agustin/zephyr-chipyard-sw/zephyr_ws/zephyr/include/zephyr/posix/posix_limits.h:57:9: warning: "_POSIX_TRACE_USER_EVENT_MAX" redefined
   57 | #define _POSIX_TRACE_USER_EVENT_MAX         (32)
      |         ^~~~~~~~~~~~~~~~~~~~~~~~~~~
/scratch2/dima/zephyr-chipyard-sw-fresh/tools-manual/zephyr-sdk-1.0.0-beta1/gnu/riscv64-zephyr-elf/riscv64-zephyr-elf/sys-include/sys/syslimits.h:97:9: note: this is the location of the previous definition
   97 | #define _POSIX_TRACE_USER_EVENT_MAX     32
      |         ^~~~~~~~~~~~~~~~~~~~~~~~~~~
/scratch2/agustin/zephyr-chipyard-sw/zephyr_ws/zephyr/include/zephyr/posix/posix_limits.h:58:9: warning: "_POSIX_TTY_NAME_MAX" redefined
   58 | #define _POSIX_TTY_NAME_MAX                 (9)
      |         ^~~~~~~~~~~~~~~~~~~
/scratch2/dima/zephyr-chipyard-sw-fresh/tools-manual/zephyr-sdk-1.0.0-beta1/gnu/riscv64-zephyr-elf/riscv64-zephyr-elf/sys-include/sys/syslimits.h:98:9: note: this is the location of the previous definition
   98 | #define _POSIX_TTY_NAME_MAX     9
      |         ^~~~~~~~~~~~~~~~~~~
/scratch2/agustin/zephyr-chipyard-sw/zephyr_ws/zephyr/include/zephyr/posix/posix_limits.h:59:9: warning: "_POSIX_TZNAME_MAX" redefined
   59 | #define _POSIX_TZNAME_MAX                   (6)
      |         ^~~~~~~~~~~~~~~~~
/scratch2/dima/zephyr-chipyard-sw-fresh/tools-manual/zephyr-sdk-1.0.0-beta1/gnu/riscv64-zephyr-elf/riscv64-zephyr-elf/sys-include/sys/syslimits.h:99:9: note: this is the location of the previous definition
   99 | #define _POSIX_TZNAME_MAX       3
      |         ^~~~~~~~~~~~~~~~~
/scratch2/agustin/zephyr-chipyard-sw/zephyr_ws/zephyr/include/zephyr/posix/posix_limits.h:60:9: warning: "_POSIX2_BC_BASE_MAX" redefined
   60 | #define _POSIX2_BC_BASE_MAX                 (99)
      |         ^~~~~~~~~~~~~~~~~~~
/scratch2/dima/zephyr-chipyard-sw-fresh/tools-manual/zephyr-sdk-1.0.0-beta1/gnu/riscv64-zephyr-elf/riscv64-zephyr-elf/sys-include/sys/syslimits.h:100:9: note: this is the location of the previous definition
  100 | #define _POSIX2_BC_BASE_MAX     99
      |         ^~~~~~~~~~~~~~~~~~~
/scratch2/agustin/zephyr-chipyard-sw/zephyr_ws/zephyr/include/zephyr/posix/posix_limits.h:61:9: warning: "_POSIX2_BC_DIM_MAX" redefined
   61 | #define _POSIX2_BC_DIM_MAX                  (2048)
      |         ^~~~~~~~~~~~~~~~~~
/scratch2/dima/zephyr-chipyard-sw-fresh/tools-manual/zephyr-sdk-1.0.0-beta1/gnu/riscv64-zephyr-elf/riscv64-zephyr-elf/sys-include/sys/syslimits.h:101:9: note: this is the location of the previous definition
  101 | #define _POSIX2_BC_DIM_MAX      2048
      |         ^~~~~~~~~~~~~~~~~~
/scratch2/agustin/zephyr-chipyard-sw/zephyr_ws/zephyr/include/zephyr/posix/posix_limits.h:62:9: warning: "_POSIX2_BC_SCALE_MAX" redefined
   62 | #define _POSIX2_BC_SCALE_MAX                (99)
      |         ^~~~~~~~~~~~~~~~~~~~
/scratch2/dima/zephyr-chipyard-sw-fresh/tools-manual/zephyr-sdk-1.0.0-beta1/gnu/riscv64-zephyr-elf/riscv64-zephyr-elf/sys-include/sys/syslimits.h:102:9: note: this is the location of the previous definition
  102 | #define _POSIX2_BC_SCALE_MAX    99
      |         ^~~~~~~~~~~~~~~~~~~~
/scratch2/agustin/zephyr-chipyard-sw/zephyr_ws/zephyr/include/zephyr/posix/posix_limits.h:63:9: warning: "_POSIX2_BC_STRING_MAX" redefined
   63 | #define _POSIX2_BC_STRING_MAX               (1000)
      |         ^~~~~~~~~~~~~~~~~~~~~
/scratch2/dima/zephyr-chipyard-sw-fresh/tools-manual/zephyr-sdk-1.0.0-beta1/gnu/riscv64-zephyr-elf/riscv64-zephyr-elf/sys-include/sys/syslimits.h:103:9: note: this is the location of the previous definition
  103 | #define _POSIX2_BC_STRING_MAX   1000
      |         ^~~~~~~~~~~~~~~~~~~~~
/scratch2/agustin/zephyr-chipyard-sw/zephyr_ws/zephyr/include/zephyr/posix/posix_limits.h:64:9: warning: "_POSIX2_CHARCLASS_NAME_MAX" redefined
   64 | #define _POSIX2_CHARCLASS_NAME_MAX          (14)
      |         ^~~~~~~~~~~~~~~~~~~~~~~~~~
/scratch2/dima/zephyr-chipyard-sw-fresh/tools-manual/zephyr-sdk-1.0.0-beta1/gnu/riscv64-zephyr-elf/riscv64-zephyr-elf/sys-include/sys/syslimits.h:104:9: note: this is the location of the previous definition
  104 | #define _POSIX2_CHARCLASS_NAME_MAX      14
      |         ^~~~~~~~~~~~~~~~~~~~~~~~~~
/scratch2/agustin/zephyr-chipyard-sw/zephyr_ws/zephyr/include/zephyr/posix/posix_limits.h:65:9: warning: "_POSIX2_COLL_WEIGHTS_MAX" redefined
   65 | #define _POSIX2_COLL_WEIGHTS_MAX            (2)
      |         ^~~~~~~~~~~~~~~~~~~~~~~~
/scratch2/dima/zephyr-chipyard-sw-fresh/tools-manual/zephyr-sdk-1.0.0-beta1/gnu/riscv64-zephyr-elf/riscv64-zephyr-elf/sys-include/sys/syslimits.h:105:9: note: this is the location of the previous definition
  105 | #define _POSIX2_COLL_WEIGHTS_MAX        2
      |         ^~~~~~~~~~~~~~~~~~~~~~~~
/scratch2/agustin/zephyr-chipyard-sw/zephyr_ws/zephyr/include/zephyr/posix/posix_limits.h:66:9: warning: "_POSIX2_EXPR_NEST_MAX" redefined
   66 | #define _POSIX2_EXPR_NEST_MAX               (32)
      |         ^~~~~~~~~~~~~~~~~~~~~
/scratch2/dima/zephyr-chipyard-sw-fresh/tools-manual/zephyr-sdk-1.0.0-beta1/gnu/riscv64-zephyr-elf/riscv64-zephyr-elf/sys-include/sys/syslimits.h:106:9: note: this is the location of the previous definition
  106 | #define _POSIX2_EXPR_NEST_MAX   32
      |         ^~~~~~~~~~~~~~~~~~~~~
/scratch2/agustin/zephyr-chipyard-sw/zephyr_ws/zephyr/include/zephyr/posix/posix_limits.h:67:9: warning: "_POSIX2_LINE_MAX" redefined
   67 | #define _POSIX2_LINE_MAX                    (2048)
      |         ^~~~~~~~~~~~~~~~
/scratch2/dima/zephyr-chipyard-sw-fresh/tools-manual/zephyr-sdk-1.0.0-beta1/gnu/riscv64-zephyr-elf/riscv64-zephyr-elf/sys-include/sys/syslimits.h:107:9: note: this is the location of the previous definition
  107 | #define _POSIX2_LINE_MAX        2048
      |         ^~~~~~~~~~~~~~~~
/scratch2/agustin/zephyr-chipyard-sw/zephyr_ws/zephyr/include/zephyr/posix/posix_limits.h:83:9: warning: "ARG_MAX" redefined
   83 | #define ARG_MAX                       _POSIX_ARG_MAX
      |         ^~~~~~~
/scratch2/dima/zephyr-chipyard-sw-fresh/tools-manual/zephyr-sdk-1.0.0-beta1/gnu/riscv64-zephyr-elf/riscv64-zephyr-elf/sys-include/sys/syslimits.h:41:9: note: this is the location of the previous definition
   41 | #define ARG_MAX                 65536   /* max bytes for an exec function */
      |         ^~~~~~~
/scratch2/agustin/zephyr-chipyard-sw/zephyr_ws/zephyr/include/zephyr/posix/posix_limits.h:84:9: warning: "ATEXIT_MAX" redefined
   84 | #define ATEXIT_MAX                    (32)
      |         ^~~~~~~~~~
/scratch2/dima/zephyr-chipyard-sw-fresh/tools-manual/zephyr-sdk-1.0.0-beta1/gnu/riscv64-zephyr-elf/riscv64-zephyr-elf/sys-include/sys/syslimits.h:42:9: note: this is the location of the previous definition
   42 | #define ATEXIT_MAX                 32   /* max atexit functions */
      |         ^~~~~~~~~~
/scratch2/agustin/zephyr-chipyard-sw/zephyr_ws/zephyr/include/zephyr/posix/posix_limits.h:93:9: warning: "OPEN_MAX" redefined
   93 | #define OPEN_MAX                      CONFIG_POSIX_OPEN_MAX
      |         ^~~~~~~~
/scratch2/dima/zephyr-chipyard-sw-fresh/tools-manual/zephyr-sdk-1.0.0-beta1/gnu/riscv64-zephyr-elf/riscv64-zephyr-elf/sys-include/sys/syslimits.h:45:9: note: this is the location of the previous definition
   45 | #define OPEN_MAX                   64   /* max open files per process */
      |         ^~~~~~~~
/scratch2/agustin/zephyr-chipyard-sw/zephyr_ws/zephyr/include/zephyr/posix/posix_limits.h:96:9: warning: "PATH_MAX" redefined
   96 | #define PATH_MAX                      _POSIX_PATH_MAX
      |         ^~~~~~~~
/scratch2/dima/zephyr-chipyard-sw-fresh/tools-manual/zephyr-sdk-1.0.0-beta1/gnu/riscv64-zephyr-elf/riscv64-zephyr-elf/sys-include/sys/syslimits.h:53:9: note: this is the location of the previous definition
   53 | #define PATH_MAX                 1024   /* max bytes in pathname */
      |         ^~~~~~~~
/scratch2/agustin/zephyr-chipyard-sw/zephyr_ws/zephyr/include/zephyr/posix/posix_limits.h:114:9: warning: "TZNAME_MAX" redefined
  114 | #define TZNAME_MAX                    _POSIX_TZNAME_MAX
      |         ^~~~~~~~~~
/scratch2/dima/zephyr-chipyard-sw-fresh/tools-manual/zephyr-sdk-1.0.0-beta1/gnu/riscv64-zephyr-elf/riscv64-zephyr-elf/sys-include/sys/syslimits.h:46:9: note: this is the location of the previous definition
   46 | #define TZNAME_MAX                 10   /* max time zone name length */
      |         ^~~~~~~~~~
[73/139] Building C object zephyr/kernel/CMakeFiles/kernel.dir/errno.c.obj
[74/139] Building C object zephyr/lib/posix/c_lib_ext/CMakeFiles/lib__posix__c_lib_ext.dir/getopt/getopt_common.c.obj
[75/139] Building C object zephyr/subsys/timing/CMakeFiles/subsys__timing.dir/timing.c.obj
[76/139] Building C object zephyr/drivers/console/CMakeFiles/drivers__console.dir/uart_console.c.obj
[77/139] Building C object zephyr/drivers/serial/CMakeFiles/drivers__serial.dir/uart_sifive.c.obj
/scratch2/agustin/zephyr-chipyard-sw/zephyr_ws/zephyr/drivers/serial/uart_sifive.c:328:12: warning: 'uart_sifive_init' defined but not used [-Wunused-function]
  328 | static int uart_sifive_init(const struct device *dev)
      |            ^~~~~~~~~~~~~~~~
[78/139] Building C object zephyr/drivers/timer/CMakeFiles/drivers__timer.dir/riscv_machine_timer.c.obj
[79/139] Building C object zephyr/lib/libc/common/CMakeFiles/lib__libc__common.dir/source/stdlib/malloc.c.obj
[80/139] Building C object zephyr/drivers/timer/CMakeFiles/drivers__timer.dir/sys_clock_init.c.obj
[81/139] Building C object zephyr/drivers/serial/CMakeFiles/drivers__serial.dir/uart_htif.c.obj
[82/139] Linking C static library zephyr/arch/arch/riscv/core/libarch__riscv__core.a
[83/139] Building C object zephyr/lib/posix/c_lib_ext/CMakeFiles/lib__posix__c_lib_ext.dir/getopt/getopt.c.obj
In file included from /scratch2/agustin/zephyr-chipyard-sw/zephyr_ws/zephyr/include/zephyr/posix/sys/sysconf.h:11,
                 from /scratch2/agustin/zephyr-chipyard-sw/zephyr_ws/zephyr/include/zephyr/posix/unistd.h:18,
                 from /scratch2/agustin/zephyr-chipyard-sw/zephyr_ws/zephyr/lib/posix/c_lib_ext/getopt/getopt.c:36:
/scratch2/agustin/zephyr-chipyard-sw/zephyr_ws/zephyr/include/zephyr/posix/posix_limits.h:23:9: warning: "_POSIX_AIO_LISTIO_MAX" redefined
   23 | #define _POSIX_AIO_LISTIO_MAX               (2)
      |         ^~~~~~~~~~~~~~~~~~~~~
In file included from /scratch2/dima/zephyr-chipyard-sw-fresh/tools-manual/zephyr-sdk-1.0.0-beta1/gnu/riscv64-zephyr-elf/riscv64-zephyr-elf/sys-include/limits.h:6,
                 from /scratch2/dima/zephyr-chipyard-sw-fresh/tools-manual/zephyr-sdk-1.0.0-beta1/gnu/riscv64-zephyr-elf/lib/gcc/riscv64-zephyr-elf/14.3.0/include/limits.h:210,
                 from /scratch2/dima/zephyr-chipyard-sw-fresh/tools-manual/zephyr-sdk-1.0.0-beta1/gnu/riscv64-zephyr-elf/lib/gcc/riscv64-zephyr-elf/14.3.0/include/syslimits.h:7,
                 from /scratch2/dima/zephyr-chipyard-sw-fresh/tools-manual/zephyr-sdk-1.0.0-beta1/gnu/riscv64-zephyr-elf/lib/gcc/riscv64-zephyr-elf/14.3.0/include/limits.h:34,
                 from /scratch2/agustin/zephyr-chipyard-sw/zephyr_ws/zephyr/include/zephyr/kernel_includes.h:22,
                 from /scratch2/agustin/zephyr-chipyard-sw/zephyr_ws/zephyr/include/zephyr/kernel.h:17,
                 from /scratch2/agustin/zephyr-chipyard-sw/zephyr_ws/zephyr/include/zephyr/posix/posix_types.h:30,
                 from /scratch2/agustin/zephyr-chipyard-sw/zephyr_ws/zephyr/include/zephyr/posix/unistd.h:11:
/scratch2/dima/zephyr-chipyard-sw-fresh/tools-manual/zephyr-sdk-1.0.0-beta1/gnu/riscv64-zephyr-elf/riscv64-zephyr-elf/sys-include/sys/syslimits.h:63:9: note: this is the location of the previous definition
   63 | #define _POSIX_AIO_LISTIO_MAX   2
      |         ^~~~~~~~~~~~~~~~~~~~~
/scratch2/agustin/zephyr-chipyard-sw/zephyr_ws/zephyr/include/zephyr/posix/posix_limits.h:24:9: warning: "_POSIX_AIO_MAX" redefined
   24 | #define _POSIX_AIO_MAX                      (1)
      |         ^~~~~~~~~~~~~~
/scratch2/dima/zephyr-chipyard-sw-fresh/tools-manual/zephyr-sdk-1.0.0-beta1/gnu/riscv64-zephyr-elf/riscv64-zephyr-elf/sys-include/sys/syslimits.h:64:9: note: this is the location of the previous definition
   64 | #define _POSIX_AIO_MAX          1
      |         ^~~~~~~~~~~~~~
/scratch2/agustin/zephyr-chipyard-sw/zephyr_ws/zephyr/include/zephyr/posix/posix_limits.h:25:9: warning: "_POSIX_ARG_MAX" redefined
   25 | #define _POSIX_ARG_MAX                      (4096)
      |         ^~~~~~~~~~~~~~
/scratch2/dima/zephyr-chipyard-sw-fresh/tools-manual/zephyr-sdk-1.0.0-beta1/gnu/riscv64-zephyr-elf/riscv64-zephyr-elf/sys-include/sys/syslimits.h:65:9: note: this is the location of the previous definition
   65 | #define _POSIX_ARG_MAX          4096
      |         ^~~~~~~~~~~~~~
/scratch2/agustin/zephyr-chipyard-sw/zephyr_ws/zephyr/include/zephyr/posix/posix_limits.h:26:9: warning: "_POSIX_CHILD_MAX" redefined
   26 | #define _POSIX_CHILD_MAX                    (25)
      |         ^~~~~~~~~~~~~~~~
/scratch2/dima/zephyr-chipyard-sw-fresh/tools-manual/zephyr-sdk-1.0.0-beta1/gnu/riscv64-zephyr-elf/riscv64-zephyr-elf/sys-include/sys/syslimits.h:66:9: note: this is the location of the previous definition
   66 | #define _POSIX_CHILD_MAX        6
      |         ^~~~~~~~~~~~~~~~
/scratch2/agustin/zephyr-chipyard-sw/zephyr_ws/zephyr/include/zephyr/posix/posix_limits.h:27:9: warning: "_POSIX_DELAYTIMER_MAX" redefined
   27 | #define _POSIX_DELAYTIMER_MAX               (32)
      |         ^~~~~~~~~~~~~~~~~~~~~
/scratch2/dima/zephyr-chipyard-sw-fresh/tools-manual/zephyr-sdk-1.0.0-beta1/gnu/riscv64-zephyr-elf/riscv64-zephyr-elf/sys-include/sys/syslimits.h:67:9: note: this is the location of the previous definition
   67 | #define _POSIX_DELAYTIMER_MAX   32
      |         ^~~~~~~~~~~~~~~~~~~~~
/scratch2/agustin/zephyr-chipyard-sw/zephyr_ws/zephyr/include/zephyr/posix/posix_limits.h:28:9: warning: "_POSIX_HOST_NAME_MAX" redefined
   28 | #define _POSIX_HOST_NAME_MAX                (255)
      |         ^~~~~~~~~~~~~~~~~~~~
/scratch2/dima/zephyr-chipyard-sw-fresh/tools-manual/zephyr-sdk-1.0.0-beta1/gnu/riscv64-zephyr-elf/riscv64-zephyr-elf/sys-include/sys/syslimits.h:68:9: note: this is the location of the previous definition
   68 | #define _POSIX_HOST_NAME_MAX    255
      |         ^~~~~~~~~~~~~~~~~~~~
/scratch2/agustin/zephyr-chipyard-sw/zephyr_ws/zephyr/include/zephyr/posix/posix_limits.h:29:9: warning: "_POSIX_LINK_MAX" redefined
   29 | #define _POSIX_LINK_MAX                     (8)
      |         ^~~~~~~~~~~~~~~
/scratch2/dima/zephyr-chipyard-sw-fresh/tools-manual/zephyr-sdk-1.0.0-beta1/gnu/riscv64-zephyr-elf/riscv64-zephyr-elf/sys-include/sys/syslimits.h:69:9: note: this is the location of the previous definition
   69 | #define _POSIX_LINK_MAX         8
      |         ^~~~~~~~~~~~~~~
/scratch2/agustin/zephyr-chipyard-sw/zephyr_ws/zephyr/include/zephyr/posix/posix_limits.h:30:9: warning: "_POSIX_LOGIN_NAME_MAX" redefined
   30 | #define _POSIX_LOGIN_NAME_MAX               (9)
      |         ^~~~~~~~~~~~~~~~~~~~~
/scratch2/dima/zephyr-chipyard-sw-fresh/tools-manual/zephyr-sdk-1.0.0-beta1/gnu/riscv64-zephyr-elf/riscv64-zephyr-elf/sys-include/sys/syslimits.h:70:9: note: this is the location of the previous definition
   70 | #define _POSIX_LOGIN_NAME_MAX   9
      |         ^~~~~~~~~~~~~~~~~~~~~
/scratch2/agustin/zephyr-chipyard-sw/zephyr_ws/zephyr/include/zephyr/posix/posix_limits.h:31:9: warning: "_POSIX_MAX_CANON" redefined
   31 | #define _POSIX_MAX_CANON                    (255)
      |         ^~~~~~~~~~~~~~~~
/scratch2/dima/zephyr-chipyard-sw-fresh/tools-manual/zephyr-sdk-1.0.0-beta1/gnu/riscv64-zephyr-elf/riscv64-zephyr-elf/sys-include/sys/syslimits.h:71:9: note: this is the location of the previous definition
   71 | #define _POSIX_MAX_CANON        255
      |         ^~~~~~~~~~~~~~~~
/scratch2/agustin/zephyr-chipyard-sw/zephyr_ws/zephyr/include/zephyr/posix/posix_limits.h:32:9: warning: "_POSIX_MAX_INPUT" redefined
   32 | #define _POSIX_MAX_INPUT                    (255)
      |         ^~~~~~~~~~~~~~~~
/scratch2/dima/zephyr-chipyard-sw-fresh/tools-manual/zephyr-sdk-1.0.0-beta1/gnu/riscv64-zephyr-elf/riscv64-zephyr-elf/sys-include/sys/syslimits.h:72:9: note: this is the location of the previous definition
   72 | #define _POSIX_MAX_INPUT        255
      |         ^~~~~~~~~~~~~~~~
/scratch2/agustin/zephyr-chipyard-sw/zephyr_ws/zephyr/include/zephyr/posix/posix_limits.h:33:9: warning: "_POSIX_MQ_OPEN_MAX" redefined
   33 | #define _POSIX_MQ_OPEN_MAX                  (8)
      |         ^~~~~~~~~~~~~~~~~~
/scratch2/dima/zephyr-chipyard-sw-fresh/tools-manual/zephyr-sdk-1.0.0-beta1/gnu/riscv64-zephyr-elf/riscv64-zephyr-elf/sys-include/sys/syslimits.h:73:9: note: this is the location of the previous definition
   73 | #define _POSIX_MQ_OPEN_MAX      8
      |         ^~~~~~~~~~~~~~~~~~
/scratch2/agustin/zephyr-chipyard-sw/zephyr_ws/zephyr/include/zephyr/posix/posix_limits.h:34:9: warning: "_POSIX_MQ_PRIO_MAX" redefined
   34 | #define _POSIX_MQ_PRIO_MAX                  (32)
      |         ^~~~~~~~~~~~~~~~~~
/scratch2/dima/zephyr-chipyard-sw-fresh/tools-manual/zephyr-sdk-1.0.0-beta1/gnu/riscv64-zephyr-elf/riscv64-zephyr-elf/sys-include/sys/syslimits.h:74:9: note: this is the location of the previous definition
   74 | #define _POSIX_MQ_PRIO_MAX      32
      |         ^~~~~~~~~~~~~~~~~~
/scratch2/agustin/zephyr-chipyard-sw/zephyr_ws/zephyr/include/zephyr/posix/posix_limits.h:35:9: warning: "_POSIX_NAME_MAX" redefined
   35 | #define _POSIX_NAME_MAX                     (14)
      |         ^~~~~~~~~~~~~~~
/scratch2/dima/zephyr-chipyard-sw-fresh/tools-manual/zephyr-sdk-1.0.0-beta1/gnu/riscv64-zephyr-elf/riscv64-zephyr-elf/sys-include/sys/syslimits.h:75:9: note: this is the location of the previous definition
   75 | #define _POSIX_NAME_MAX         14
      |         ^~~~~~~~~~~~~~~
/scratch2/agustin/zephyr-chipyard-sw/zephyr_ws/zephyr/include/zephyr/posix/posix_limits.h:36:9: warning: "_POSIX_NGROUPS_MAX" redefined
   36 | #define _POSIX_NGROUPS_MAX                  (8)
      |         ^~~~~~~~~~~~~~~~~~
/scratch2/dima/zephyr-chipyard-sw-fresh/tools-manual/zephyr-sdk-1.0.0-beta1/gnu/riscv64-zephyr-elf/riscv64-zephyr-elf/sys-include/sys/syslimits.h:76:9: note: this is the location of the previous definition
   76 | #define _POSIX_NGROUPS_MAX      0
      |         ^~~~~~~~~~~~~~~~~~
/scratch2/agustin/zephyr-chipyard-sw/zephyr_ws/zephyr/include/zephyr/posix/posix_limits.h:37:9: warning: "_POSIX_OPEN_MAX" redefined
   37 | #define _POSIX_OPEN_MAX                     (20)
      |         ^~~~~~~~~~~~~~~
/scratch2/dima/zephyr-chipyard-sw-fresh/tools-manual/zephyr-sdk-1.0.0-beta1/gnu/riscv64-zephyr-elf/riscv64-zephyr-elf/sys-include/sys/syslimits.h:77:9: note: this is the location of the previous definition
   77 | #define _POSIX_OPEN_MAX         16
      |         ^~~~~~~~~~~~~~~
/scratch2/agustin/zephyr-chipyard-sw/zephyr_ws/zephyr/include/zephyr/posix/posix_limits.h:38:9: warning: "_POSIX_PATH_MAX" redefined
   38 | #define _POSIX_PATH_MAX                     (256)
      |         ^~~~~~~~~~~~~~~
/scratch2/dima/zephyr-chipyard-sw-fresh/tools-manual/zephyr-sdk-1.0.0-beta1/gnu/riscv64-zephyr-elf/riscv64-zephyr-elf/sys-include/sys/syslimits.h:78:9: note: this is the location of the previous definition
   78 | #define _POSIX_PATH_MAX         255
      |         ^~~~~~~~~~~~~~~
/scratch2/agustin/zephyr-chipyard-sw/zephyr_ws/zephyr/include/zephyr/posix/posix_limits.h:39:9: warning: "_POSIX_PIPE_BUF" redefined
   39 | #define _POSIX_PIPE_BUF                     (512)
      |         ^~~~~~~~~~~~~~~
/scratch2/dima/zephyr-chipyard-sw-fresh/tools-manual/zephyr-sdk-1.0.0-beta1/gnu/riscv64-zephyr-elf/riscv64-zephyr-elf/sys-include/sys/syslimits.h:79:9: note: this is the location of the previous definition
   79 | #define _POSIX_PIPE_BUF         512
      |         ^~~~~~~~~~~~~~~
/scratch2/agustin/zephyr-chipyard-sw/zephyr_ws/zephyr/include/zephyr/posix/posix_limits.h:40:9: warning: "_POSIX_RE_DUP_MAX" redefined
   40 | #define _POSIX_RE_DUP_MAX                   (255)
      |         ^~~~~~~~~~~~~~~~~
/scratch2/dima/zephyr-chipyard-sw-fresh/tools-manual/zephyr-sdk-1.0.0-beta1/gnu/riscv64-zephyr-elf/riscv64-zephyr-elf/sys-include/sys/syslimits.h:80:9: note: this is the location of the previous definition
   80 | #define _POSIX_RE_DUP_MAX       255
      |         ^~~~~~~~~~~~~~~~~
/scratch2/agustin/zephyr-chipyard-sw/zephyr_ws/zephyr/include/zephyr/posix/posix_limits.h:41:9: warning: "_POSIX_RTSIG_MAX" redefined
   41 | #define _POSIX_RTSIG_MAX                    (8)
      |         ^~~~~~~~~~~~~~~~
/scratch2/dima/zephyr-chipyard-sw-fresh/tools-manual/zephyr-sdk-1.0.0-beta1/gnu/riscv64-zephyr-elf/riscv64-zephyr-elf/sys-include/sys/syslimits.h:81:9: note: this is the location of the previous definition
   81 | #define _POSIX_RTSIG_MAX        8
      |         ^~~~~~~~~~~~~~~~
/scratch2/agustin/zephyr-chipyard-sw/zephyr_ws/zephyr/include/zephyr/posix/posix_limits.h:42:9: warning: "_POSIX_SEM_NSEMS_MAX" redefined
   42 | #define _POSIX_SEM_NSEMS_MAX                (256)
      |         ^~~~~~~~~~~~~~~~~~~~
/scratch2/dima/zephyr-chipyard-sw-fresh/tools-manual/zephyr-sdk-1.0.0-beta1/gnu/riscv64-zephyr-elf/riscv64-zephyr-elf/sys-include/sys/syslimits.h:82:9: note: this is the location of the previous definition
   82 | #define _POSIX_SEM_NSEMS_MAX    256
      |         ^~~~~~~~~~~~~~~~~~~~
/scratch2/agustin/zephyr-chipyard-sw/zephyr_ws/zephyr/include/zephyr/posix/posix_limits.h:43:9: warning: "_POSIX_SEM_VALUE_MAX" redefined
   43 | #define _POSIX_SEM_VALUE_MAX                (32767)
      |         ^~~~~~~~~~~~~~~~~~~~
/scratch2/dima/zephyr-chipyard-sw-fresh/tools-manual/zephyr-sdk-1.0.0-beta1/gnu/riscv64-zephyr-elf/riscv64-zephyr-elf/sys-include/sys/syslimits.h:83:9: note: this is the location of the previous definition
   83 | #define _POSIX_SEM_VALUE_MAX    32767
      |         ^~~~~~~~~~~~~~~~~~~~
/scratch2/agustin/zephyr-chipyard-sw/zephyr_ws/zephyr/include/zephyr/posix/posix_limits.h:44:9: warning: "_POSIX_SIGQUEUE_MAX" redefined
   44 | #define _POSIX_SIGQUEUE_MAX                 (32)
      |         ^~~~~~~~~~~~~~~~~~~
/scratch2/dima/zephyr-chipyard-sw-fresh/tools-manual/zephyr-sdk-1.0.0-beta1/gnu/riscv64-zephyr-elf/riscv64-zephyr-elf/sys-include/sys/syslimits.h:84:9: note: this is the location of the previous definition
   84 | #define _POSIX_SIGQUEUE_MAX     32
      |         ^~~~~~~~~~~~~~~~~~~
/scratch2/agustin/zephyr-chipyard-sw/zephyr_ws/zephyr/include/zephyr/posix/posix_limits.h:45:9: warning: "_POSIX_SSIZE_MAX" redefined
   45 | #define _POSIX_SSIZE_MAX                    (32767)
      |         ^~~~~~~~~~~~~~~~
/scratch2/dima/zephyr-chipyard-sw-fresh/tools-manual/zephyr-sdk-1.0.0-beta1/gnu/riscv64-zephyr-elf/riscv64-zephyr-elf/sys-include/sys/syslimits.h:85:9: note: this is the location of the previous definition
   85 | #define _POSIX_SSIZE_MAX        32767
      |         ^~~~~~~~~~~~~~~~
/scratch2/agustin/zephyr-chipyard-sw/zephyr_ws/zephyr/include/zephyr/posix/posix_limits.h:46:9: warning: "_POSIX_SS_REPL_MAX" redefined
   46 | #define _POSIX_SS_REPL_MAX                  (4)
      |         ^~~~~~~~~~~~~~~~~~
/scratch2/dima/zephyr-chipyard-sw-fresh/tools-manual/zephyr-sdk-1.0.0-beta1/gnu/riscv64-zephyr-elf/riscv64-zephyr-elf/sys-include/sys/syslimits.h:86:9: note: this is the location of the previous definition
   86 | #define _POSIX_SS_REPL_MAX      4
      |         ^~~~~~~~~~~~~~~~~~
/scratch2/agustin/zephyr-chipyard-sw/zephyr_ws/zephyr/include/zephyr/posix/posix_limits.h:47:9: warning: "_POSIX_STREAM_MAX" redefined
   47 | #define _POSIX_STREAM_MAX                   (8)
      |         ^~~~~~~~~~~~~~~~~
/scratch2/dima/zephyr-chipyard-sw-fresh/tools-manual/zephyr-sdk-1.0.0-beta1/gnu/riscv64-zephyr-elf/riscv64-zephyr-elf/sys-include/sys/syslimits.h:87:9: note: this is the location of the previous definition
   87 | #define _POSIX_STREAM_MAX       8
      |         ^~~~~~~~~~~~~~~~~
/scratch2/agustin/zephyr-chipyard-sw/zephyr_ws/zephyr/include/zephyr/posix/posix_limits.h:48:9: warning: "_POSIX_SYMLINK_MAX" redefined
   48 | #define _POSIX_SYMLINK_MAX                  (255)
      |         ^~~~~~~~~~~~~~~~~~
/scratch2/dima/zephyr-chipyard-sw-fresh/tools-manual/zephyr-sdk-1.0.0-beta1/gnu/riscv64-zephyr-elf/riscv64-zephyr-elf/sys-include/sys/syslimits.h:88:9: note: this is the location of the previous definition
   88 | #define _POSIX_SYMLINK_MAX      255
      |         ^~~~~~~~~~~~~~~~~~
/scratch2/agustin/zephyr-chipyard-sw/zephyr_ws/zephyr/include/zephyr/posix/posix_limits.h:49:9: warning: "_POSIX_SYMLOOP_MAX" redefined
   49 | #define _POSIX_SYMLOOP_MAX                  (8)
      |         ^~~~~~~~~~~~~~~~~~
/scratch2/dima/zephyr-chipyard-sw-fresh/tools-manual/zephyr-sdk-1.0.0-beta1/gnu/riscv64-zephyr-elf/riscv64-zephyr-elf/sys-include/sys/syslimits.h:89:9: note: this is the location of the previous definition
   89 | #define _POSIX_SYMLOOP_MAX      8
      |         ^~~~~~~~~~~~~~~~~~
/scratch2/agustin/zephyr-chipyard-sw/zephyr_ws/zephyr/include/zephyr/posix/posix_limits.h:50:9: warning: "_POSIX_THREAD_DESTRUCTOR_ITERATIONS" redefined
   50 | #define _POSIX_THREAD_DESTRUCTOR_ITERATIONS (4)
      |         ^~~~~~~~~~~~~~~~~~~~~~~~~~~~~~~~~~~
/scratch2/dima/zephyr-chipyard-sw-fresh/tools-manual/zephyr-sdk-1.0.0-beta1/gnu/riscv64-zephyr-elf/riscv64-zephyr-elf/sys-include/sys/syslimits.h:90:9: note: this is the location of the previous definition
   90 | #define _POSIX_THREAD_DESTRUCTOR_ITERATIONS     4
      |         ^~~~~~~~~~~~~~~~~~~~~~~~~~~~~~~~~~~
/scratch2/agustin/zephyr-chipyard-sw/zephyr_ws/zephyr/include/zephyr/posix/posix_limits.h:51:9: warning: "_POSIX_THREAD_KEYS_MAX" redefined
   51 | #define _POSIX_THREAD_KEYS_MAX              (128)
      |         ^~~~~~~~~~~~~~~~~~~~~~
/scratch2/dima/zephyr-chipyard-sw-fresh/tools-manual/zephyr-sdk-1.0.0-beta1/gnu/riscv64-zephyr-elf/riscv64-zephyr-elf/sys-include/sys/syslimits.h:91:9: note: this is the location of the previous definition
   91 | #define _POSIX_THREAD_KEYS_MAX  128
      |         ^~~~~~~~~~~~~~~~~~~~~~
/scratch2/agustin/zephyr-chipyard-sw/zephyr_ws/zephyr/include/zephyr/posix/posix_limits.h:52:9: warning: "_POSIX_THREAD_THREADS_MAX" redefined
   52 | #define _POSIX_THREAD_THREADS_MAX           (64)
      |         ^~~~~~~~~~~~~~~~~~~~~~~~~
/scratch2/dima/zephyr-chipyard-sw-fresh/tools-manual/zephyr-sdk-1.0.0-beta1/gnu/riscv64-zephyr-elf/riscv64-zephyr-elf/sys-include/sys/syslimits.h:92:9: note: this is the location of the previous definition
   92 | #define _POSIX_THREAD_THREADS_MAX       64
      |         ^~~~~~~~~~~~~~~~~~~~~~~~~
/scratch2/agustin/zephyr-chipyard-sw/zephyr_ws/zephyr/include/zephyr/posix/posix_limits.h:53:9: warning: "_POSIX_TIMER_MAX" redefined
   53 | #define _POSIX_TIMER_MAX                    (32)
      |         ^~~~~~~~~~~~~~~~
/scratch2/dima/zephyr-chipyard-sw-fresh/tools-manual/zephyr-sdk-1.0.0-beta1/gnu/riscv64-zephyr-elf/riscv64-zephyr-elf/sys-include/sys/syslimits.h:93:9: note: this is the location of the previous definition
   93 | #define _POSIX_TIMER_MAX        32
      |         ^~~~~~~~~~~~~~~~
/scratch2/agustin/zephyr-chipyard-sw/zephyr_ws/zephyr/include/zephyr/posix/posix_limits.h:54:9: warning: "_POSIX_TRACE_EVENT_NAME_MAX" redefined
   54 | #define _POSIX_TRACE_EVENT_NAME_MAX         (30)
      |         ^~~~~~~~~~~~~~~~~~~~~~~~~~~
/scratch2/dima/zephyr-chipyard-sw-fresh/tools-manual/zephyr-sdk-1.0.0-beta1/gnu/riscv64-zephyr-elf/riscv64-zephyr-elf/sys-include/sys/syslimits.h:94:9: note: this is the location of the previous definition
   94 | #define _POSIX_TRACE_EVENT_NAME_MAX     30
      |         ^~~~~~~~~~~~~~~~~~~~~~~~~~~
/scratch2/agustin/zephyr-chipyard-sw/zephyr_ws/zephyr/include/zephyr/posix/posix_limits.h:55:9: warning: "_POSIX_TRACE_NAME_MAX" redefined
   55 | #define _POSIX_TRACE_NAME_MAX               (8)
      |         ^~~~~~~~~~~~~~~~~~~~~
/scratch2/dima/zephyr-chipyard-sw-fresh/tools-manual/zephyr-sdk-1.0.0-beta1/gnu/riscv64-zephyr-elf/riscv64-zephyr-elf/sys-include/sys/syslimits.h:95:9: note: this is the location of the previous definition
   95 | #define _POSIX_TRACE_NAME_MAX   8
      |         ^~~~~~~~~~~~~~~~~~~~~
/scratch2/agustin/zephyr-chipyard-sw/zephyr_ws/zephyr/include/zephyr/posix/posix_limits.h:56:9: warning: "_POSIX_TRACE_SYS_MAX" redefined
   56 | #define _POSIX_TRACE_SYS_MAX                (8)
      |         ^~~~~~~~~~~~~~~~~~~~
/scratch2/dima/zephyr-chipyard-sw-fresh/tools-manual/zephyr-sdk-1.0.0-beta1/gnu/riscv64-zephyr-elf/riscv64-zephyr-elf/sys-include/sys/syslimits.h:96:9: note: this is the location of the previous definition
   96 | #define _POSIX_TRACE_SYS_MAX    8
      |         ^~~~~~~~~~~~~~~~~~~~
/scratch2/agustin/zephyr-chipyard-sw/zephyr_ws/zephyr/include/zephyr/posix/posix_limits.h:57:9: warning: "_POSIX_TRACE_USER_EVENT_MAX" redefined
   57 | #define _POSIX_TRACE_USER_EVENT_MAX         (32)
      |         ^~~~~~~~~~~~~~~~~~~~~~~~~~~
/scratch2/dima/zephyr-chipyard-sw-fresh/tools-manual/zephyr-sdk-1.0.0-beta1/gnu/riscv64-zephyr-elf/riscv64-zephyr-elf/sys-include/sys/syslimits.h:97:9: note: this is the location of the previous definition
   97 | #define _POSIX_TRACE_USER_EVENT_MAX     32
      |         ^~~~~~~~~~~~~~~~~~~~~~~~~~~
/scratch2/agustin/zephyr-chipyard-sw/zephyr_ws/zephyr/include/zephyr/posix/posix_limits.h:58:9: warning: "_POSIX_TTY_NAME_MAX" redefined
   58 | #define _POSIX_TTY_NAME_MAX                 (9)
      |         ^~~~~~~~~~~~~~~~~~~
/scratch2/dima/zephyr-chipyard-sw-fresh/tools-manual/zephyr-sdk-1.0.0-beta1/gnu/riscv64-zephyr-elf/riscv64-zephyr-elf/sys-include/sys/syslimits.h:98:9: note: this is the location of the previous definition
   98 | #define _POSIX_TTY_NAME_MAX     9
      |         ^~~~~~~~~~~~~~~~~~~
/scratch2/agustin/zephyr-chipyard-sw/zephyr_ws/zephyr/include/zephyr/posix/posix_limits.h:59:9: warning: "_POSIX_TZNAME_MAX" redefined
   59 | #define _POSIX_TZNAME_MAX                   (6)
      |         ^~~~~~~~~~~~~~~~~
/scratch2/dima/zephyr-chipyard-sw-fresh/tools-manual/zephyr-sdk-1.0.0-beta1/gnu/riscv64-zephyr-elf/riscv64-zephyr-elf/sys-include/sys/syslimits.h:99:9: note: this is the location of the previous definition
   99 | #define _POSIX_TZNAME_MAX       3
      |         ^~~~~~~~~~~~~~~~~
/scratch2/agustin/zephyr-chipyard-sw/zephyr_ws/zephyr/include/zephyr/posix/posix_limits.h:60:9: warning: "_POSIX2_BC_BASE_MAX" redefined
   60 | #define _POSIX2_BC_BASE_MAX                 (99)
      |         ^~~~~~~~~~~~~~~~~~~
/scratch2/dima/zephyr-chipyard-sw-fresh/tools-manual/zephyr-sdk-1.0.0-beta1/gnu/riscv64-zephyr-elf/riscv64-zephyr-elf/sys-include/sys/syslimits.h:100:9: note: this is the location of the previous definition
  100 | #define _POSIX2_BC_BASE_MAX     99
      |         ^~~~~~~~~~~~~~~~~~~
/scratch2/agustin/zephyr-chipyard-sw/zephyr_ws/zephyr/include/zephyr/posix/posix_limits.h:61:9: warning: "_POSIX2_BC_DIM_MAX" redefined
   61 | #define _POSIX2_BC_DIM_MAX                  (2048)
      |         ^~~~~~~~~~~~~~~~~~
/scratch2/dima/zephyr-chipyard-sw-fresh/tools-manual/zephyr-sdk-1.0.0-beta1/gnu/riscv64-zephyr-elf/riscv64-zephyr-elf/sys-include/sys/syslimits.h:101:9: note: this is the location of the previous definition
  101 | #define _POSIX2_BC_DIM_MAX      2048
      |         ^~~~~~~~~~~~~~~~~~
/scratch2/agustin/zephyr-chipyard-sw/zephyr_ws/zephyr/include/zephyr/posix/posix_limits.h:62:9: warning: "_POSIX2_BC_SCALE_MAX" redefined
   62 | #define _POSIX2_BC_SCALE_MAX                (99)
      |         ^~~~~~~~~~~~~~~~~~~~
/scratch2/dima/zephyr-chipyard-sw-fresh/tools-manual/zephyr-sdk-1.0.0-beta1/gnu/riscv64-zephyr-elf/riscv64-zephyr-elf/sys-include/sys/syslimits.h:102:9: note: this is the location of the previous definition
  102 | #define _POSIX2_BC_SCALE_MAX    99
      |         ^~~~~~~~~~~~~~~~~~~~
/scratch2/agustin/zephyr-chipyard-sw/zephyr_ws/zephyr/include/zephyr/posix/posix_limits.h:63:9: warning: "_POSIX2_BC_STRING_MAX" redefined
   63 | #define _POSIX2_BC_STRING_MAX               (1000)
      |         ^~~~~~~~~~~~~~~~~~~~~
/scratch2/dima/zephyr-chipyard-sw-fresh/tools-manual/zephyr-sdk-1.0.0-beta1/gnu/riscv64-zephyr-elf/riscv64-zephyr-elf/sys-include/sys/syslimits.h:103:9: note: this is the location of the previous definition
  103 | #define _POSIX2_BC_STRING_MAX   1000
      |         ^~~~~~~~~~~~~~~~~~~~~
/scratch2/agustin/zephyr-chipyard-sw/zephyr_ws/zephyr/include/zephyr/posix/posix_limits.h:64:9: warning: "_POSIX2_CHARCLASS_NAME_MAX" redefined
   64 | #define _POSIX2_CHARCLASS_NAME_MAX          (14)
      |         ^~~~~~~~~~~~~~~~~~~~~~~~~~
/scratch2/dima/zephyr-chipyard-sw-fresh/tools-manual/zephyr-sdk-1.0.0-beta1/gnu/riscv64-zephyr-elf/riscv64-zephyr-elf/sys-include/sys/syslimits.h:104:9: note: this is the location of the previous definition
  104 | #define _POSIX2_CHARCLASS_NAME_MAX      14
      |         ^~~~~~~~~~~~~~~~~~~~~~~~~~
/scratch2/agustin/zephyr-chipyard-sw/zephyr_ws/zephyr/include/zephyr/posix/posix_limits.h:65:9: warning: "_POSIX2_COLL_WEIGHTS_MAX" redefined
   65 | #define _POSIX2_COLL_WEIGHTS_MAX            (2)
      |         ^~~~~~~~~~~~~~~~~~~~~~~~
/scratch2/dima/zephyr-chipyard-sw-fresh/tools-manual/zephyr-sdk-1.0.0-beta1/gnu/riscv64-zephyr-elf/riscv64-zephyr-elf/sys-include/sys/syslimits.h:105:9: note: this is the location of the previous definition
  105 | #define _POSIX2_COLL_WEIGHTS_MAX        2
      |         ^~~~~~~~~~~~~~~~~~~~~~~~
/scratch2/agustin/zephyr-chipyard-sw/zephyr_ws/zephyr/include/zephyr/posix/posix_limits.h:66:9: warning: "_POSIX2_EXPR_NEST_MAX" redefined
   66 | #define _POSIX2_EXPR_NEST_MAX               (32)
      |         ^~~~~~~~~~~~~~~~~~~~~
/scratch2/dima/zephyr-chipyard-sw-fresh/tools-manual/zephyr-sdk-1.0.0-beta1/gnu/riscv64-zephyr-elf/riscv64-zephyr-elf/sys-include/sys/syslimits.h:106:9: note: this is the location of the previous definition
  106 | #define _POSIX2_EXPR_NEST_MAX   32
      |         ^~~~~~~~~~~~~~~~~~~~~
/scratch2/agustin/zephyr-chipyard-sw/zephyr_ws/zephyr/include/zephyr/posix/posix_limits.h:67:9: warning: "_POSIX2_LINE_MAX" redefined
   67 | #define _POSIX2_LINE_MAX                    (2048)
      |         ^~~~~~~~~~~~~~~~
/scratch2/dima/zephyr-chipyard-sw-fresh/tools-manual/zephyr-sdk-1.0.0-beta1/gnu/riscv64-zephyr-elf/riscv64-zephyr-elf/sys-include/sys/syslimits.h:107:9: note: this is the location of the previous definition
  107 | #define _POSIX2_LINE_MAX        2048
      |         ^~~~~~~~~~~~~~~~
/scratch2/agustin/zephyr-chipyard-sw/zephyr_ws/zephyr/include/zephyr/posix/posix_limits.h:83:9: warning: "ARG_MAX" redefined
   83 | #define ARG_MAX                       _POSIX_ARG_MAX
      |         ^~~~~~~
/scratch2/dima/zephyr-chipyard-sw-fresh/tools-manual/zephyr-sdk-1.0.0-beta1/gnu/riscv64-zephyr-elf/riscv64-zephyr-elf/sys-include/sys/syslimits.h:41:9: note: this is the location of the previous definition
   41 | #define ARG_MAX                 65536   /* max bytes for an exec function */
      |         ^~~~~~~
/scratch2/agustin/zephyr-chipyard-sw/zephyr_ws/zephyr/include/zephyr/posix/posix_limits.h:84:9: warning: "ATEXIT_MAX" redefined
   84 | #define ATEXIT_MAX                    (32)
      |         ^~~~~~~~~~
/scratch2/dima/zephyr-chipyard-sw-fresh/tools-manual/zephyr-sdk-1.0.0-beta1/gnu/riscv64-zephyr-elf/riscv64-zephyr-elf/sys-include/sys/syslimits.h:42:9: note: this is the location of the previous definition
   42 | #define ATEXIT_MAX                 32   /* max atexit functions */
      |         ^~~~~~~~~~
/scratch2/agustin/zephyr-chipyard-sw/zephyr_ws/zephyr/include/zephyr/posix/posix_limits.h:93:9: warning: "OPEN_MAX" redefined
   93 | #define OPEN_MAX                      CONFIG_POSIX_OPEN_MAX
      |         ^~~~~~~~
/scratch2/dima/zephyr-chipyard-sw-fresh/tools-manual/zephyr-sdk-1.0.0-beta1/gnu/riscv64-zephyr-elf/riscv64-zephyr-elf/sys-include/sys/syslimits.h:45:9: note: this is the location of the previous definition
   45 | #define OPEN_MAX                   64   /* max open files per process */
      |         ^~~~~~~~
/scratch2/agustin/zephyr-chipyard-sw/zephyr_ws/zephyr/include/zephyr/posix/posix_limits.h:96:9: warning: "PATH_MAX" redefined
   96 | #define PATH_MAX                      _POSIX_PATH_MAX
      |         ^~~~~~~~
/scratch2/dima/zephyr-chipyard-sw-fresh/tools-manual/zephyr-sdk-1.0.0-beta1/gnu/riscv64-zephyr-elf/riscv64-zephyr-elf/sys-include/sys/syslimits.h:53:9: note: this is the location of the previous definition
   53 | #define PATH_MAX                 1024   /* max bytes in pathname */
      |         ^~~~~~~~
/scratch2/agustin/zephyr-chipyard-sw/zephyr_ws/zephyr/include/zephyr/posix/posix_limits.h:114:9: warning: "TZNAME_MAX" redefined
  114 | #define TZNAME_MAX                    _POSIX_TZNAME_MAX
      |         ^~~~~~~~~~
/scratch2/dima/zephyr-chipyard-sw-fresh/tools-manual/zephyr-sdk-1.0.0-beta1/gnu/riscv64-zephyr-elf/riscv64-zephyr-elf/sys-include/sys/syslimits.h:46:9: note: this is the location of the previous definition
   46 | #define TZNAME_MAX                 10   /* max time zone name length */
      |         ^~~~~~~~~~
[84/139] Linking C static library zephyr/lib/libc/picolibc/liblib__libc__picolibc.a
[85/139] Linking C static library zephyr/drivers/console/libdrivers__console.a
[86/139] Building C object zephyr/CMakeFiles/zephyr.dir/lib/utils/rb.c.obj
[87/139] Building C object zephyr/kernel/CMakeFiles/kernel.dir/float.c.obj
[88/139] Linking C static library zephyr/lib/libc/common/liblib__libc__common.a
[89/139] Linking C static library zephyr/subsys/timing/libsubsys__timing.a
[90/139] Linking C static library zephyr/drivers/timer/libdrivers__timer.a
[91/139] Building C object zephyr/CMakeFiles/zephyr.dir/lib/heap/heap.c.obj
[92/139] Building C object zephyr/kernel/CMakeFiles/kernel.dir/busy_wait.c.obj
[93/139] Building C object zephyr/kernel/CMakeFiles/kernel.dir/fatal.c.obj
[94/139] Building C object zephyr/kernel/CMakeFiles/kernel.dir/device.c.obj
[95/139] Linking C static library zephyr/drivers/serial/libdrivers__serial.a
[96/139] Building C object zephyr/kernel/CMakeFiles/kernel.dir/cpu_mask.c.obj
[97/139] Building C object zephyr/lib/posix/c_lib_ext/CMakeFiles/lib__posix__c_lib_ext.dir/fnmatch.c.obj
[98/139] Building C object zephyr/CMakeFiles/zephyr.dir/lib/utils/bitarray.c.obj
[99/139] Building C object zephyr/drivers/interrupt_controller/CMakeFiles/drivers__interrupt_controller.dir/intc_plic.c.obj
[100/139] Building C object zephyr/CMakeFiles/zephyr.dir/lib/os/cbprintf_packaged.c.obj
[101/139] Building C object zephyr/kernel/CMakeFiles/kernel.dir/kheap.c.obj
[102/139] Building C object zephyr/kernel/CMakeFiles/kernel.dir/mem_slab.c.obj
[103/139] Building C object zephyr/kernel/CMakeFiles/kernel.dir/system_work_q.c.obj
[104/139] Linking C static library zephyr/drivers/interrupt_controller/libdrivers__interrupt_controller.a
[105/139] Linking C static library zephyr/lib/posix/c_lib_ext/liblib__posix__c_lib_ext.a
[106/139] Building C object zephyr/kernel/CMakeFiles/kernel.dir/idle.c.obj
[107/139] Building C object zephyr/kernel/CMakeFiles/kernel.dir/stack.c.obj
[108/139] Building C object zephyr/kernel/CMakeFiles/kernel.dir/mailbox.c.obj
[109/139] Building C object zephyr/kernel/CMakeFiles/kernel.dir/init.c.obj
[110/139] Building C object zephyr/kernel/CMakeFiles/kernel.dir/thread.c.obj
[111/139] Building C object zephyr/kernel/CMakeFiles/kernel.dir/mempool.c.obj
[112/139] Building C object zephyr/kernel/CMakeFiles/kernel.dir/condvar.c.obj
[113/139] Building C object zephyr/kernel/CMakeFiles/kernel.dir/dynamic_disabled.c.obj
[114/139] Building C object zephyr/kernel/CMakeFiles/kernel.dir/ipi.c.obj
[115/139] Building C object zephyr/kernel/CMakeFiles/kernel.dir/mutex.c.obj
[116/139] Building C object zephyr/kernel/CMakeFiles/kernel.dir/events.c.obj
[117/139] Building C object zephyr/kernel/CMakeFiles/kernel.dir/timeslicing.c.obj
[118/139] Building C object zephyr/kernel/CMakeFiles/kernel.dir/sem.c.obj
[119/139] Building C object zephyr/kernel/CMakeFiles/kernel.dir/pipe.c.obj
[120/139] Building C object zephyr/kernel/CMakeFiles/kernel.dir/msg_q.c.obj
[121/139] Building C object zephyr/kernel/CMakeFiles/kernel.dir/smp.c.obj
[122/139] Building C object zephyr/kernel/CMakeFiles/kernel.dir/queue.c.obj
[123/139] Building C object zephyr/kernel/CMakeFiles/kernel.dir/timer.c.obj
[124/139] Building C object zephyr/CMakeFiles/zephyr.dir/lib/os/cbprintf_complete.c.obj
[125/139] Building C object zephyr/kernel/CMakeFiles/kernel.dir/timeout.c.obj
[126/139] Linking C static library zephyr/libzephyr.a
[127/139] Building C object zephyr/kernel/CMakeFiles/kernel.dir/work.c.obj
[128/139] Building C object CMakeFiles/app.dir/scratch2/agustin/ModelBlaster/examples/yolov8_nano/int8/generated/rvv_opu/kernels.c.obj
[129/139] Building C object zephyr/kernel/CMakeFiles/kernel.dir/sched.c.obj
[130/139] Linking C static library zephyr/kernel/libkernel.a
[131/139] Building C object CMakeFiles/app.dir/scratch2/agustin/ModelBlaster/examples/yolov8_nano/int8/generated/rvv_opu/model.c.obj
/scratch2/agustin/ModelBlaster/examples/yolov8_nano/int8/generated/rvv_opu/model.c:59:13: warning: 'parallel_conv2d_s8_fn' defined but not used [-Wunused-function]
   59 | static void parallel_conv2d_s8_fn(void *ctx_, size_t i) {
      |             ^~~~~~~~~~~~~~~~~~~~~
[132/139] Building C object CMakeFiles/app.dir/scratch2/agustin/ModelBlaster/examples/yolov8_nano/int8/generated/rvv_opu/weights.c.obj
[133/139] Linking C static library app/libapp.a
[134/139] Linking C executable zephyr/zephyr_pre0.elf
[135/139] Generating linker.cmd
[136/139] Generating isr_tables.c, isr_tables_vt.ld, isr_tables_swi.ld
[137/139] Building C object zephyr/CMakeFiles/zephyr_final.dir/misc/empty_file.c.obj
[138/139] Building C object zephyr/CMakeFiles/zephyr_final.dir/isr_tables.c.obj
[139/139] Linking C executable zephyr/zephyr.elf
Memory region         Used Size  Region Size  %age Used
             RAM:     7328520 B       256 MB      2.73%
        IDT_LIST:           0 B         4 KB      0.00%
Generating files from /scratch2/agustin/ModelBlaster/examples/yolov8_nano/int8/build/rvv_opu_firesim/zephyr/zephyr.elf for board: chipyard_riscv64
MODELBLASTER_STAGE_END:build:11.476
[5/5] firesim + compare
MODELBLASTER_STAGE_BEGIN:run
firesim: runworkload (waiting for 1 MODELBLASTER_WALL_CYCLES marker)
firesim: reading per-run uartlog at /scratch2/agustin/chipyard/sims/firesim/deploy/results-workload/2026-06-03--20-52-05-modelblaster-firesim-q176/modelblaster-firesim0/uartlog
=== MODELBLASTER_RAW_FIRESIM_BEGIN ===
Script started on 2026-06-03 13:52:24-07:00 [COMMAND="stty intr ^] &&  ./FireSim-xilinx_alveo_u250 +permissive   +macaddr0=00:12:6D:00:00:02 +niclog0=niclog0  +trace-select=1 +trace-start=0 +trace-end=-1 +trace-output-format=0 +dwarf-file-name=modelblaster-firesim0-zephyr0-zephyr.elf-dwarf +autocounter-readrate=0 +autocounter-filename-base=AUTOCOUNTERFILE  +print-start=0 +print-end=-1 +linklatency0=6405 +netbw0=200 +shmemportname0=default  +domain=0x0000 +bus=0x42 +device=0x00 +function=0x0 +bar=0x0 +pci-vendor=0x10ee +pci-device=0x903f +permissive-off +prog0=modelblaster-firesim0-zephyr0-zephyr.elf   && stty intr ^c" TERM="screen" TTY="/dev/pts/7" COLUMNS="80" LINES="24"]
+domain found: 0x0000
+bus found: 0x42
+device found: 0x00
+function found: 0x0
+bar found: 0x0
Using: 0000:42:00.0, BAR ID: 0, PCI Vendor ID: 0x10ee, PCI Device ID: 0x903f
Opening /sys/bus/pci/devices/0000:42:00.0/vendor
Opening /sys/bus/pci/devices/0000:42:00.0/device
examining xdma/.
examining xdma/..
examining xdma/xdma0_h2c_0
Using xdma write queue: /dev/xdma0_h2c_0
Using xdma read queue: /dev/xdma0_c2h_0
widget_registry_t::add_widget(StreamEngine)
cpu2fpga: 0, fpga2cpu: 2
UART0 is here (stdin/stdout).
TraceRV 0: Tracing disabled, since +tracefile was not provided.
TraceRV 1: Tracing disabled, since +tracefile was not provided.
command line for program 0. argc=24:
+permissive +macaddr0=00:12:6D:00:00:02 +niclog0=niclog0 +trace-select=1 +trace-start=0 +trace-end=-1 +trace-output-format=0 +dwarf-file-name=modelblaster-firesim0-zephyr0-zephyr.elf-dwarf +autocounter-readrate=0 +autocounter-filename-base=AUTOCOUNTERFILE +print-start=0 +print-end=-1 +linklatency0=6405 +netbw0=200 +shmemportname0=default +domain=0x0000 +bus=0x42 +device=0x00 +function=0x0 +bar=0x0 +pci-vendor=0x10ee +pci-device=0x903f +permissive-off modelblaster-firesim0-zephyr0-zephyr.elf 
FireSim fingerprint: 0x46697265
TracerV: Trigger enabled from 0 to 18446744073709551615 cycles
TracerV: Trigger enabled from 0 to 18446744073709551615 cycles
Commencing simulation.
tsibridge_t::tick skipping tick
tsibridge_t::tick skipping tick
tsibridge_t::tick skipping tick
tsibridge_t::tick skipping tick
tsibridge_t::tick skipping tick
tsibridge_t::tick skipping tick
tsibridge_t::tick skipping tick
tsibridge_t::tick skipping tick
*** Booting Zephyr OS build 852bb170cc56 ***

modelblaster harness: model=yolov8_nano in=76800 out=75600

=== MODELBLASTER_VERIFY === max_abs_err=5 max_rel_err=1.99999999e+12 n=75600

=== MODELBLASTER_PROFILE_BEGIN ===

dispatch_id,name,op,shape,cycles

0,l0.conv,conv2d_s8,N=1;IC=3;IH=160;IW=160;OC=16;OH=80;OW=80;KH=3;KW=3;SH=2;SW=2;PH=1;PW=1,65656145

1,l0.bn,batchnorm2d_s8,N=1;C=16;H=80;W=80,7965632

2,l0.act,silu_s8,n=102400,29399906

3,l1.conv,conv2d_s8,N=1;IC=16;IH=80;IW=80;OC=32;OH=40;OW=40;KH=3;KW=3;SH=2;SW=2;PH=1;PW=1,163440071

4,l1.bn,batchnorm2d_s8,N=1;C=32;H=40;W=40,4072430

5,l1.act,silu_s8,n=51200,14184330

6,l2.cv1.conv,conv2d_s8,N=1;IC=32;IH=40;IW=40;OC=32;OH=40;OW=40;KH=1;KW=1;SH=1;SW=1;PH=0;PW=0,54047077

7,l2.cv1.bn,batchnorm2d_s8,N=1;C=32;H=40;W=40,4127760

8,l2.cv1.act,silu_s8,n=51200,14062376

10,l2.m0.cv1.conv,conv2d_s8,N=1;IC=16;IH=40;IW=40;OC=16;OH=40;OW=40;KH=3;KW=3;SH=1;SW=1;PH=1;PW=1,80718195

11,l2.m0.cv1.bn,batchnorm2d_s8,N=1;C=16;H=40;W=40,2039654

12,l2.m0.cv1.act,silu_s8,n=25600,7213714

13,l2.m0.cv2.conv,conv2d_s8,N=1;IC=16;IH=40;IW=40;OC=16;OH=40;OW=40;KH=3;KW=3;SH=1;SW=1;PH=1;PW=1,80755645

14,l2.m0.cv2.bn,batchnorm2d_s8,N=1;C=16;H=40;W=40,2036452

15,l2.m0.cv2.act,silu_s8,n=25600,7222543

16,add,add_s8,n=25600,1962159

17,cat,cat3_c1_s8,N=1;H=40;W=40;C_inputs=16|16|16;C_total=48,4806273

18,l2.cv2.conv,conv2d_s8,N=1;IC=48;IH=40;IW=40;OC=32;OH=40;OW=40;KH=1;KW=1;SH=1;SW=1;PH=0;PW=0,79847184

19,l2.cv2.bn,batchnorm2d_s8,N=1;C=32;H=40;W=40,4108091

20,l2.cv2.act,silu_s8,n=51200,14252889

21,l3.conv,conv2d_s8,N=1;IC=32;IH=40;IW=40;OC=64;OH=20;OW=20;KH=3;KW=3;SH=2;SW=2;PH=1;PW=1,161005805

22,l3.bn,batchnorm2d_s8,N=1;C=64;H=20;W=20,2071506

23,l3.act,silu_s8,n=25600,7107068

24,l4.cv1.conv,conv2d_s8,N=1;IC=64;IH=20;IW=20;OC=64;OH=20;OW=20;KH=1;KW=1;SH=1;SW=1;PH=0;PW=0,52718662

25,l4.cv1.bn,batchnorm2d_s8,N=1;C=64;H=20;W=20,2073808

26,l4.cv1.act,silu_s8,n=25600,7022555

28,l4.m0.cv1.conv,conv2d_s8,N=1;IC=32;IH=20;IW=20;OC=32;OH=20;OW=20;KH=3;KW=3;SH=1;SW=1;PH=1;PW=1,79565967

29,l4.m0.cv1.bn,batchnorm2d_s8,N=1;C=32;H=20;W=20,1030678

30,l4.m0.cv1.act,silu_s8,n=12800,3356400

31,l4.m0.cv2.conv,conv2d_s8,N=1;IC=32;IH=20;IW=20;OC=32;OH=20;OW=20;KH=3;KW=3;SH=1;SW=1;PH=1;PW=1,79694002

32,l4.m0.cv2.bn,batchnorm2d_s8,N=1;C=32;H=20;W=20,1038339

33,l4.m0.cv2.act,silu_s8,n=12800,3449566

34,add_1,add_s8,n=12800,1029132

35,l4.m1.cv1.conv,conv2d_s8,N=1;IC=32;IH=20;IW=20;OC=32;OH=20;OW=20;KH=3;KW=3;SH=1;SW=1;PH=1;PW=1,79698615

36,l4.m1.cv1.bn,batchnorm2d_s8,N=1;C=32;H=20;W=20,1027112

37,l4.m1.cv1.act,silu_s8,n=12800,3384423

38,l4.m1.cv2.conv,conv2d_s8,N=1;IC=32;IH=20;IW=20;OC=32;OH=20;OW=20;KH=3;KW=3;SH=1;SW=1;PH=1;PW=1,79684235

39,l4.m1.cv2.bn,batchnorm2d_s8,N=1;C=32;H=20;W=20,1029640

40,l4.m1.cv2.act,silu_s8,n=12800,3552782

41,add_2,add_s8,n=12800,1031044

42,cat_1,cat4_c1_s8,N=1;H=20;W=20;C_inputs=32|32|32|32;C_total=128,3784136

43,l4.cv2.conv,conv2d_s8,N=1;IC=128;IH=20;IW=20;OC=64;OH=20;OW=20;KH=1;KW=1;SH=1;SW=1;PH=0;PW=0,105927965

44,l4.cv2.bn,batchnorm2d_s8,N=1;C=64;H=20;W=20,2071014

45,l4.cv2.act,silu_s8,n=25600,6865348

46,l5.conv,conv2d_s8,N=1;IC=64;IH=20;IW=20;OC=128;OH=10;OW=10;KH=3;KW=3;SH=2;SW=2;PH=1;PW=1,159223809

47,l5.bn,batchnorm2d_s8,N=1;C=128;H=10;W=10,1055281

48,l5.act,silu_s8,n=12800,3468432

49,l6.cv1.conv,conv2d_s8,N=1;IC=128;IH=10;IW=10;OC=128;OH=10;OW=10;KH=1;KW=1;SH=1;SW=1;PH=0;PW=0,51952639

50,l6.cv1.bn,batchnorm2d_s8,N=1;C=128;H=10;W=10,1054514

51,l6.cv1.act,silu_s8,n=12800,3446399

53,l6.m0.cv1.conv,conv2d_s8,N=1;IC=64;IH=10;IW=10;OC=64;OH=10;OW=10;KH=3;KW=3;SH=1;SW=1;PH=1;PW=1,78378414

54,l6.m0.cv1.bn,batchnorm2d_s8,N=1;C=64;H=10;W=10,530186

55,l6.m0.cv1.act,silu_s8,n=6400,1704590

56,l6.m0.cv2.conv,conv2d_s8,N=1;IC=64;IH=10;IW=10;OC=64;OH=10;OW=10;KH=3;KW=3;SH=1;SW=1;PH=1;PW=1,78371344

57,l6.m0.cv2.bn,batchnorm2d_s8,N=1;C=64;H=10;W=10,528699

58,l6.m0.cv2.act,silu_s8,n=6400,1663079

59,add_3,add_s8,n=6400,515788

60,l6.m1.cv1.conv,conv2d_s8,N=1;IC=64;IH=10;IW=10;OC=64;OH=10;OW=10;KH=3;KW=3;SH=1;SW=1;PH=1;PW=1,78384090

61,l6.m1.cv1.bn,batchnorm2d_s8,N=1;C=64;H=10;W=10,529645

62,l6.m1.cv1.act,silu_s8,n=6400,1727843

63,l6.m1.cv2.conv,conv2d_s8,N=1;IC=64;IH=10;IW=10;OC=64;OH=10;OW=10;KH=3;KW=3;SH=1;SW=1;PH=1;PW=1,78407248

64,l6.m1.cv2.bn,batchnorm2d_s8,N=1;C=64;H=10;W=10,528977

65,l6.m1.cv2.act,silu_s8,n=6400,1733829

66,add_4,add_s8,n=6400,512193

67,cat_2,cat4_c1_s8,N=1;H=10;W=10;C_inputs=64|64|64|64;C_total=256,1868795

68,l6.cv2.conv,conv2d_s8,N=1;IC=256;IH=10;IW=10;OC=128;OH=10;OW=10;KH=1;KW=1;SH=1;SW=1;PH=0;PW=0,155038203

69,l6.cv2.bn,batchnorm2d_s8,N=1;C=128;H=10;W=10,1051292

70,l6.cv2.act,silu_s8,n=12800,3417918

71,l7.conv,conv2d_s8,N=1;IC=128;IH=10;IW=10;OC=256;OH=5;OW=5;KH=3;KW=3;SH=2;SW=2;PH=1;PW=1,158895360

72,l7.bn,batchnorm2d_s8,N=1;C=256;H=5;W=5,552804

73,l7.act,silu_s8,n=6400,1743133

74,l8.cv1.conv,conv2d_s8,N=1;IC=256;IH=5;IW=5;OC=256;OH=5;OW=5;KH=1;KW=1;SH=1;SW=1;PH=0;PW=0,51260477

75,l8.cv1.bn,batchnorm2d_s8,N=1;C=256;H=5;W=5,555142

76,l8.cv1.act,silu_s8,n=6400,1777410

78,l8.m0.cv1.conv,conv2d_s8,N=1;IC=128;IH=5;IW=5;OC=128;OH=5;OW=5;KH=3;KW=3;SH=1;SW=1;PH=1;PW=1,76936884

79,l8.m0.cv1.bn,batchnorm2d_s8,N=1;C=128;H=5;W=5,275612

80,l8.m0.cv1.act,silu_s8,n=3200,830464

81,l8.m0.cv2.conv,conv2d_s8,N=1;IC=128;IH=5;IW=5;OC=128;OH=5;OW=5;KH=3;KW=3;SH=1;SW=1;PH=1;PW=1,76772766

82,l8.m0.cv2.bn,batchnorm2d_s8,N=1;C=128;H=5;W=5,280080

83,l8.m0.cv2.act,silu_s8,n=3200,835156

84,add_5,add_s8,n=3200,256333

85,cat_3,cat3_c1_s8,N=1;H=5;W=5;C_inputs=128|128|128;C_total=384,729129

86,l8.cv2.conv,conv2d_s8,N=1;IC=384;IH=5;IW=5;OC=256;OH=5;OW=5;KH=1;KW=1;SH=1;SW=1;PH=0;PW=0,76785469

87,l8.cv2.bn,batchnorm2d_s8,N=1;C=256;H=5;W=5,550525

88,l8.cv2.act,silu_s8,n=6400,1727945

89,l9.cv1.conv,conv2d_s8,N=1;IC=256;IH=5;IW=5;OC=128;OH=5;OW=5;KH=1;KW=1;SH=1;SW=1;PH=0;PW=0,25638319

90,l9.cv1.bn,batchnorm2d_s8,N=1;C=128;H=5;W=5,274995

91,l9.cv1.act,silu_s8,n=3200,918352

92,l9.m1,maxpool2d_s8,N=1;C=128;IH=5;IW=5;OH=5;OW=5;KH=5;KW=5;SH=1;SW=1;PH=2;PW=2;DH=1;DW=1,1024717

93,l9.m2,maxpool2d_s8,N=1;C=128;IH=5;IW=5;OH=5;OW=5;KH=5;KW=5;SH=1;SW=1;PH=2;PW=2;DH=1;DW=1,1023655

94,l9.m3,maxpool2d_s8,N=1;C=128;IH=5;IW=5;OH=5;OW=5;KH=5;KW=5;SH=1;SW=1;PH=2;PW=2;DH=1;DW=1,1023310

95,cat_4,cat4_c1_s8,N=1;H=5;W=5;C_inputs=128|128|128|128;C_total=512,920348

96,l9.cv2.conv,conv2d_s8,N=1;IC=512;IH=5;IW=5;OC=256;OH=5;OW=5;KH=1;KW=1;SH=1;SW=1;PH=0;PW=0,103817967

97,l9.cv2.bn,batchnorm2d_s8,N=1;C=256;H=5;W=5,550989

98,l9.cv2.act,silu_s8,n=6400,1727500

99,l10,upsample_nearest_s8,N=1;C=256;IH=5;IW=5;scale=2,762605

100,cat_5,cat2_c1_s8,N=1;H=10;W=10;C_inputs=256|128;C_total=384,2781056

101,l12.cv1.conv,conv2d_s8,N=1;IC=384;IH=10;IW=10;OC=128;OH=10;OW=10;KH=1;KW=1;SH=1;SW=1;PH=0;PW=0,258580205

102,l12.cv1.bn,batchnorm2d_s8,N=1;C=128;H=10;W=10,1049602

103,l12.cv1.act,silu_s8,n=12800,3430926

105,l12.m0.cv1.conv,conv2d_s8,N=1;IC=64;IH=10;IW=10;OC=64;OH=10;OW=10;KH=3;KW=3;SH=1;SW=1;PH=1;PW=1,78364397

106,l12.m0.cv1.bn,batchnorm2d_s8,N=1;C=64;H=10;W=10,525574

107,l12.m0.cv1.act,silu_s8,n=6400,1708412

108,l12.m0.cv2.conv,conv2d_s8,N=1;IC=64;IH=10;IW=10;OC=64;OH=10;OW=10;KH=3;KW=3;SH=1;SW=1;PH=1;PW=1,78360618

109,l12.m0.cv2.bn,batchnorm2d_s8,N=1;C=64;H=10;W=10,528023

110,l12.m0.cv2.act,silu_s8,n=6400,1700072

111,cat_6,cat3_c1_s8,N=1;H=10;W=10;C_inputs=64|64|64;C_total=192,1450687

112,l12.cv2.conv,conv2d_s8,N=1;IC=192;IH=10;IW=10;OC=128;OH=10;OW=10;KH=1;KW=1;SH=1;SW=1;PH=0;PW=0,97659408

113,l12.cv2.bn,batchnorm2d_s8,N=1;C=128;H=10;W=10,1061660

114,l12.cv2.act,silu_s8,n=12800,3318994

115,l13,upsample_nearest_s8,N=1;C=128;IH=10;IW=10;scale=2,1189614

116,cat_7,cat2_c1_s8,N=1;H=20;W=20;C_inputs=128|64;C_total=192,5578954

117,l15.cv1.conv,conv2d_s8,N=1;IC=192;IH=20;IW=20;OC=64;OH=20;OW=20;KH=1;KW=1;SH=1;SW=1;PH=0;PW=0,164079385

118,l15.cv1.bn,batchnorm2d_s8,N=1;C=64;H=20;W=20,2064960

119,l15.cv1.act,silu_s8,n=25600,6918072

121,l15.m0.cv1.conv,conv2d_s8,N=1;IC=32;IH=20;IW=20;OC=32;OH=20;OW=20;KH=3;KW=3;SH=1;SW=1;PH=1;PW=1,79652825

122,l15.m0.cv1.bn,batchnorm2d_s8,N=1;C=32;H=20;W=20,1037661

123,l15.m0.cv1.act,silu_s8,n=12800,3424616

124,l15.m0.cv2.conv,conv2d_s8,N=1;IC=32;IH=20;IW=20;OC=32;OH=20;OW=20;KH=3;KW=3;SH=1;SW=1;PH=1;PW=1,79592043

125,l15.m0.cv2.bn,batchnorm2d_s8,N=1;C=32;H=20;W=20,1027238

126,l15.m0.cv2.act,silu_s8,n=12800,3433054

127,cat_8,cat3_c1_s8,N=1;H=20;W=20;C_inputs=32|32|32;C_total=96,2867173

128,l15.cv2.conv,conv2d_s8,N=1;IC=96;IH=20;IW=20;OC=64;OH=20;OW=20;KH=1;KW=1;SH=1;SW=1;PH=0;PW=0,78992694

129,l15.cv2.bn,batchnorm2d_s8,N=1;C=64;H=20;W=20,2063773

130,l15.cv2.act,silu_s8,n=25600,6842656

131,l16.conv,conv2d_s8,N=1;IC=64;IH=20;IW=20;OC=64;OH=10;OW=10;KH=3;KW=3;SH=2;SW=2;PH=1;PW=1,79573328

132,l16.bn,batchnorm2d_s8,N=1;C=64;H=10;W=10,530129

133,l16.act,silu_s8,n=6400,1720415

134,cat_9,cat2_c1_s8,N=1;H=10;W=10;C_inputs=64|128;C_total=192,1423305

135,l18.cv1.conv,conv2d_s8,N=1;IC=192;IH=10;IW=10;OC=128;OH=10;OW=10;KH=1;KW=1;SH=1;SW=1;PH=0;PW=0,97582658

136,l18.cv1.bn,batchnorm2d_s8,N=1;C=128;H=10;W=10,1049567

137,l18.cv1.act,silu_s8,n=12800,3362452

139,l18.m0.cv1.conv,conv2d_s8,N=1;IC=64;IH=10;IW=10;OC=64;OH=10;OW=10;KH=3;KW=3;SH=1;SW=1;PH=1;PW=1,78371161

140,l18.m0.cv1.bn,batchnorm2d_s8,N=1;C=64;H=10;W=10,524928

141,l18.m0.cv1.act,silu_s8,n=6400,1698674

142,l18.m0.cv2.conv,conv2d_s8,N=1;IC=64;IH=10;IW=10;OC=64;OH=10;OW=10;KH=3;KW=3;SH=1;SW=1;PH=1;PW=1,78372122

143,l18.m0.cv2.bn,batchnorm2d_s8,N=1;C=64;H=10;W=10,528843

144,l18.m0.cv2.act,silu_s8,n=6400,1740551

145,cat_10,cat3_c1_s8,N=1;H=10;W=10;C_inputs=64|64|64;C_total=192,1432570

146,l18.cv2.conv,conv2d_s8,N=1;IC=192;IH=10;IW=10;OC=128;OH=10;OW=10;KH=1;KW=1;SH=1;SW=1;PH=0;PW=0,97657392

147,l18.cv2.bn,batchnorm2d_s8,N=1;C=128;H=10;W=10,1061234

148,l18.cv2.act,silu_s8,n=12800,3381106

149,l19.conv,conv2d_s8,N=1;IC=128;IH=10;IW=10;OC=128;OH=5;OW=5;KH=3;KW=3;SH=2;SW=2;PH=1;PW=1,79560714

150,l19.bn,batchnorm2d_s8,N=1;C=128;H=5;W=5,278338

151,l19.act,silu_s8,n=3200,852686

152,cat_11,cat2_c1_s8,N=1;H=5;W=5;C_inputs=128|256;C_total=384,711662

153,l21.cv1.conv,conv2d_s8,N=1;IC=384;IH=5;IW=5;OC=256;OH=5;OW=5;KH=1;KW=1;SH=1;SW=1;PH=0;PW=0,76811222

154,l21.cv1.bn,batchnorm2d_s8,N=1;C=256;H=5;W=5,551807

155,l21.cv1.act,silu_s8,n=6400,1728346

157,l21.m0.cv1.conv,conv2d_s8,N=1;IC=128;IH=5;IW=5;OC=128;OH=5;OW=5;KH=3;KW=3;SH=1;SW=1;PH=1;PW=1,76958239

158,l21.m0.cv1.bn,batchnorm2d_s8,N=1;C=128;H=5;W=5,277084

159,l21.m0.cv1.act,silu_s8,n=3200,882146

160,l21.m0.cv2.conv,conv2d_s8,N=1;IC=128;IH=5;IW=5;OC=128;OH=5;OW=5;KH=3;KW=3;SH=1;SW=1;PH=1;PW=1,76783508

161,l21.m0.cv2.bn,batchnorm2d_s8,N=1;C=128;H=5;W=5,276328

162,l21.m0.cv2.act,silu_s8,n=3200,883210

163,cat_12,cat3_c1_s8,N=1;H=5;W=5;C_inputs=128|128|128;C_total=384,730165

164,l21.cv2.conv,conv2d_s8,N=1;IC=384;IH=5;IW=5;OC=256;OH=5;OW=5;KH=1;KW=1;SH=1;SW=1;PH=0;PW=0,76792755

165,l21.cv2.bn,batchnorm2d_s8,N=1;C=256;H=5;W=5,552229

166,l21.cv2.act,silu_s8,n=6400,1702593

167,detect.cv2_0_0.conv,conv2d_s8,N=1;IC=64;IH=20;IW=20;OC=64;OH=20;OW=20;KH=3;KW=3;SH=1;SW=1;PH=1;PW=1,318082578

168,detect.cv2_0_0.bn,batchnorm2d_s8,N=1;C=64;H=20;W=20,2069773

169,detect.cv2_0_0.act,silu_s8,n=25600,6869859

170,detect.cv2_0_1.conv,conv2d_s8,N=1;IC=64;IH=20;IW=20;OC=64;OH=20;OW=20;KH=3;KW=3;SH=1;SW=1;PH=1;PW=1,317559448

171,detect.cv2_0_1.bn,batchnorm2d_s8,N=1;C=64;H=20;W=20,2067660

172,detect.cv2_0_1.act,silu_s8,n=25600,7106355

173,detect.cv2_0_2,conv2d_s8,N=1;IC=64;IH=20;IW=20;OC=64;OH=20;OW=20;KH=1;KW=1;SH=1;SW=1;PH=0;PW=0,52722056

174,detect.cv3_0_0.conv,conv2d_s8,N=1;IC=64;IH=20;IW=20;OC=80;OH=20;OW=20;KH=3;KW=3;SH=1;SW=1;PH=1;PW=1,396764879

175,detect.cv3_0_0.bn,batchnorm2d_s8,N=1;C=80;H=20;W=20,2578504

176,detect.cv3_0_0.act,silu_s8,n=32000,8514256

177,detect.cv3_0_1.conv,conv2d_s8,N=1;IC=80;IH=20;IW=20;OC=80;OH=20;OW=20;KH=3;KW=3;SH=1;SW=1;PH=1;PW=1,497838245

178,detect.cv3_0_1.bn,batchnorm2d_s8,N=1;C=80;H=20;W=20,2598429

179,detect.cv3_0_1.act,silu_s8,n=32000,8923541

180,detect.cv3_0_2,conv2d_s8,N=1;IC=80;IH=20;IW=20;OC=80;OH=20;OW=20;KH=1;KW=1;SH=1;SW=1;PH=0;PW=0,82226571

181,cat_13,cat2_c1_s8,N=1;H=20;W=20;C_inputs=64|80;C_total=144,4201402

182,detect.cv2_1_0.conv,conv2d_s8,N=1;IC=128;IH=10;IW=10;OC=64;OH=10;OW=10;KH=3;KW=3;SH=1;SW=1;PH=1;PW=1,158098026

183,detect.cv2_1_0.bn,batchnorm2d_s8,N=1;C=64;H=10;W=10,531196

184,detect.cv2_1_0.act,silu_s8,n=6400,1743231

185,detect.cv2_1_1.conv,conv2d_s8,N=1;IC=64;IH=10;IW=10;OC=64;OH=10;OW=10;KH=3;KW=3;SH=1;SW=1;PH=1;PW=1,78403203

186,detect.cv2_1_1.bn,batchnorm2d_s8,N=1;C=64;H=10;W=10,529118

187,detect.cv2_1_1.act,silu_s8,n=6400,1804870

188,detect.cv2_1_2,conv2d_s8,N=1;IC=64;IH=10;IW=10;OC=64;OH=10;OW=10;KH=1;KW=1;SH=1;SW=1;PH=0;PW=0,13035639

189,detect.cv3_1_0.conv,conv2d_s8,N=1;IC=128;IH=10;IW=10;OC=80;OH=10;OW=10;KH=3;KW=3;SH=1;SW=1;PH=1;PW=1,197567270

190,detect.cv3_1_0.bn,batchnorm2d_s8,N=1;C=80;H=10;W=10,663935

191,detect.cv3_1_0.act,silu_s8,n=8000,2078790

192,detect.cv3_1_1.conv,conv2d_s8,N=1;IC=80;IH=10;IW=10;OC=80;OH=10;OW=10;KH=3;KW=3;SH=1;SW=1;PH=1;PW=1,122403812

193,detect.cv3_1_1.bn,batchnorm2d_s8,N=1;C=80;H=10;W=10,660210

194,detect.cv3_1_1.act,silu_s8,n=8000,2176885

195,detect.cv3_1_2,conv2d_s8,N=1;IC=80;IH=10;IW=10;OC=80;OH=10;OW=10;KH=1;KW=1;SH=1;SW=1;PH=0;PW=0,20284262

196,cat_14,cat2_c1_s8,N=1;H=10;W=10;C_inputs=64|80;C_total=144,1046088

197,detect.cv2_2_0.conv,conv2d_s8,N=1;IC=256;IH=5;IW=5;OC=64;OH=5;OW=5;KH=3;KW=3;SH=1;SW=1;PH=1;PW=1,76930232

198,detect.cv2_2_0.bn,batchnorm2d_s8,N=1;C=64;H=5;W=5,138640

199,detect.cv2_2_0.act,silu_s8,n=1600,444835

200,detect.cv2_2_1.conv,conv2d_s8,N=1;IC=64;IH=5;IW=5;OC=64;OH=5;OW=5;KH=3;KW=3;SH=1;SW=1;PH=1;PW=1,19344881

201,detect.cv2_2_1.bn,batchnorm2d_s8,N=1;C=64;H=5;W=5,138046

202,detect.cv2_2_1.act,silu_s8,n=1600,450646

203,detect.cv2_2_2,conv2d_s8,N=1;IC=64;IH=5;IW=5;OC=64;OH=5;OW=5;KH=1;KW=1;SH=1;SW=1;PH=0;PW=0,3268453

204,detect.cv3_2_0.conv,conv2d_s8,N=1;IC=256;IH=5;IW=5;OC=80;OH=5;OW=5;KH=3;KW=3;SH=1;SW=1;PH=1;PW=1,96170032

205,detect.cv3_2_0.bn,batchnorm2d_s8,N=1;C=80;H=5;W=5,173602

206,detect.cv3_2_0.act,silu_s8,n=2000,533720

207,detect.cv3_2_1.conv,conv2d_s8,N=1;IC=80;IH=5;IW=5;OC=80;OH=5;OW=5;KH=3;KW=3;SH=1;SW=1;PH=1;PW=1,30157557

208,detect.cv3_2_1.bn,batchnorm2d_s8,N=1;C=80;H=5;W=5,173690

209,detect.cv3_2_1.act,silu_s8,n=2000,553020

210,detect.cv3_2_2,conv2d_s8,N=1;IC=80;IH=5;IW=5;OC=80;OH=5;OW=5;KH=1;KW=1;SH=1;SW=1;PH=0;PW=0,5079278

211,cat_15,cat2_c1_s8,N=1;H=5;W=5;C_inputs=64|80;C_total=144,265277

=== MODELBLASTER_PROFILE_END ===

=== MODELBLASTER_WALL_CYCLES === 6985323


Simulation complete.
*** PASSED *** after 14312017337 cycles

Emulation Performance Summary
------------------------------
Wallclock Time Elapsed: 478.0 s
Host Frequency: 30.000 MHz
Target Cycles Emulated: 14312017337
Effective Target Frequency: 29.943 MHz
FMR: 1.00
Note: The latter three figures are based on the fastest target clock.

Script done on 2026-06-03 14:00:22-07:00 [COMMAND_EXIT_CODE="0"]
=== MODELBLASTER_RAW_FIRESIM_END ===
max_abs_err=5 max_rel_err=2e+12 (atol=0 rtol=0, in-binary)
FAIL

profile -> /scratch2/agustin/ModelBlaster/examples/yolov8_nano/int8/generated/profile.csv
name                 op                   shape                                                                        cycles      %
-----------------------------------------------------------------------------------------------------------------------------------
l0.conv              conv2d_s8            N=1;IC=3;IH=160;IW=160;OC=16;OH=80;OW=80;KH=3;KW=3;SH=2;SW=2;PH=1;PW=1     65656145    0.9
l0.bn                batchnorm2d_s8       N=1;C=16;H=80;W=80                                                          7965632    0.1
l0.act               silu_s8              n=102400                                                                   29399906    0.4
l1.conv              conv2d_s8            N=1;IC=16;IH=80;IW=80;OC=32;OH=40;OW=40;KH=3;KW=3;SH=2;SW=2;PH=1;PW=1     163440071    2.3
l1.bn                batchnorm2d_s8       N=1;C=32;H=40;W=40                                                          4072430    0.1
l1.act               silu_s8              n=51200                                                                    14184330    0.2
l2.cv1.conv          conv2d_s8            N=1;IC=32;IH=40;IW=40;OC=32;OH=40;OW=40;KH=1;KW=1;SH=1;SW=1;PH=0;PW=0      54047077    0.8
l2.cv1.bn            batchnorm2d_s8       N=1;C=32;H=40;W=40                                                          4127760    0.1
l2.cv1.act           silu_s8              n=51200                                                                    14062376    0.2
l2.m0.cv1.conv       conv2d_s8            N=1;IC=16;IH=40;IW=40;OC=16;OH=40;OW=40;KH=3;KW=3;SH=1;SW=1;PH=1;PW=1      80718195    1.2
l2.m0.cv1.bn         batchnorm2d_s8       N=1;C=16;H=40;W=40                                                          2039654    0.0
l2.m0.cv1.act        silu_s8              n=25600                                                                     7213714    0.1
l2.m0.cv2.conv       conv2d_s8            N=1;IC=16;IH=40;IW=40;OC=16;OH=40;OW=40;KH=3;KW=3;SH=1;SW=1;PH=1;PW=1      80755645    1.2
l2.m0.cv2.bn         batchnorm2d_s8       N=1;C=16;H=40;W=40                                                          2036452    0.0
l2.m0.cv2.act        silu_s8              n=25600                                                                     7222543    0.1
add                  add_s8               n=25600                                                                     1962159    0.0
cat                  cat3_c1_s8           N=1;H=40;W=40;C_inputs=16|16|16;C_total=48                                  4806273    0.1
l2.cv2.conv          conv2d_s8            N=1;IC=48;IH=40;IW=40;OC=32;OH=40;OW=40;KH=1;KW=1;SH=1;SW=1;PH=0;PW=0      79847184    1.1
l2.cv2.bn            batchnorm2d_s8       N=1;C=32;H=40;W=40                                                          4108091    0.1
l2.cv2.act           silu_s8              n=51200                                                                    14252889    0.2
l3.conv              conv2d_s8            N=1;IC=32;IH=40;IW=40;OC=64;OH=20;OW=20;KH=3;KW=3;SH=2;SW=2;PH=1;PW=1     161005805    2.3
l3.bn                batchnorm2d_s8       N=1;C=64;H=20;W=20                                                          2071506    0.0
l3.act               silu_s8              n=25600                                                                     7107068    0.1
l4.cv1.conv          conv2d_s8            N=1;IC=64;IH=20;IW=20;OC=64;OH=20;OW=20;KH=1;KW=1;SH=1;SW=1;PH=0;PW=0      52718662    0.8
l4.cv1.bn            batchnorm2d_s8       N=1;C=64;H=20;W=20                                                          2073808    0.0
l4.cv1.act           silu_s8              n=25600                                                                     7022555    0.1
l4.m0.cv1.conv       conv2d_s8            N=1;IC=32;IH=20;IW=20;OC=32;OH=20;OW=20;KH=3;KW=3;SH=1;SW=1;PH=1;PW=1      79565967    1.1
l4.m0.cv1.bn         batchnorm2d_s8       N=1;C=32;H=20;W=20                                                          1030678    0.0
l4.m0.cv1.act        silu_s8              n=12800                                                                     3356400    0.0
l4.m0.cv2.conv       conv2d_s8            N=1;IC=32;IH=20;IW=20;OC=32;OH=20;OW=20;KH=3;KW=3;SH=1;SW=1;PH=1;PW=1      79694002    1.1
l4.m0.cv2.bn         batchnorm2d_s8       N=1;C=32;H=20;W=20                                                          1038339    0.0
l4.m0.cv2.act        silu_s8              n=12800                                                                     3449566    0.0
add_1                add_s8               n=12800                                                                     1029132    0.0
l4.m1.cv1.conv       conv2d_s8            N=1;IC=32;IH=20;IW=20;OC=32;OH=20;OW=20;KH=3;KW=3;SH=1;SW=1;PH=1;PW=1      79698615    1.1
l4.m1.cv1.bn         batchnorm2d_s8       N=1;C=32;H=20;W=20                                                          1027112    0.0
l4.m1.cv1.act        silu_s8              n=12800                                                                     3384423    0.0
l4.m1.cv2.conv       conv2d_s8            N=1;IC=32;IH=20;IW=20;OC=32;OH=20;OW=20;KH=3;KW=3;SH=1;SW=1;PH=1;PW=1      79684235    1.1
l4.m1.cv2.bn         batchnorm2d_s8       N=1;C=32;H=20;W=20                                                          1029640    0.0
l4.m1.cv2.act        silu_s8              n=12800                                                                     3552782    0.1
add_2                add_s8               n=12800                                                                     1031044    0.0
cat_1                cat4_c1_s8           N=1;H=20;W=20;C_inputs=32|32|32|32;C_total=128                              3784136    0.1
l4.cv2.conv          conv2d_s8            N=1;IC=128;IH=20;IW=20;OC=64;OH=20;OW=20;KH=1;KW=1;SH=1;SW=1;PH=0;PW=0    105927965    1.5
l4.cv2.bn            batchnorm2d_s8       N=1;C=64;H=20;W=20                                                          2071014    0.0
l4.cv2.act           silu_s8              n=25600                                                                     6865348    0.1
l5.conv              conv2d_s8            N=1;IC=64;IH=20;IW=20;OC=128;OH=10;OW=10;KH=3;KW=3;SH=2;SW=2;PH=1;PW=1    159223809    2.3
l5.bn                batchnorm2d_s8       N=1;C=128;H=10;W=10                                                         1055281    0.0
l5.act               silu_s8              n=12800                                                                     3468432    0.0
l6.cv1.conv          conv2d_s8            N=1;IC=128;IH=10;IW=10;OC=128;OH=10;OW=10;KH=1;KW=1;SH=1;SW=1;PH=0;PW=0    51952639    0.7
l6.cv1.bn            batchnorm2d_s8       N=1;C=128;H=10;W=10                                                         1054514    0.0
l6.cv1.act           silu_s8              n=12800                                                                     3446399    0.0
l6.m0.cv1.conv       conv2d_s8            N=1;IC=64;IH=10;IW=10;OC=64;OH=10;OW=10;KH=3;KW=3;SH=1;SW=1;PH=1;PW=1      78378414    1.1
l6.m0.cv1.bn         batchnorm2d_s8       N=1;C=64;H=10;W=10                                                           530186    0.0
l6.m0.cv1.act        silu_s8              n=6400                                                                      1704590    0.0
l6.m0.cv2.conv       conv2d_s8            N=1;IC=64;IH=10;IW=10;OC=64;OH=10;OW=10;KH=3;KW=3;SH=1;SW=1;PH=1;PW=1      78371344    1.1
l6.m0.cv2.bn         batchnorm2d_s8       N=1;C=64;H=10;W=10                                                           528699    0.0
l6.m0.cv2.act        silu_s8              n=6400                                                                      1663079    0.0
add_3                add_s8               n=6400                                                                       515788    0.0
l6.m1.cv1.conv       conv2d_s8            N=1;IC=64;IH=10;IW=10;OC=64;OH=10;OW=10;KH=3;KW=3;SH=1;SW=1;PH=1;PW=1      78384090    1.1
l6.m1.cv1.bn         batchnorm2d_s8       N=1;C=64;H=10;W=10                                                           529645    0.0
l6.m1.cv1.act        silu_s8              n=6400                                                                      1727843    0.0
l6.m1.cv2.conv       conv2d_s8            N=1;IC=64;IH=10;IW=10;OC=64;OH=10;OW=10;KH=3;KW=3;SH=1;SW=1;PH=1;PW=1      78407248    1.1
l6.m1.cv2.bn         batchnorm2d_s8       N=1;C=64;H=10;W=10                                                           528977    0.0
l6.m1.cv2.act        silu_s8              n=6400                                                                      1733829    0.0
add_4                add_s8               n=6400                                                                       512193    0.0
cat_2                cat4_c1_s8           N=1;H=10;W=10;C_inputs=64|64|64|64;C_total=256                              1868795    0.0
l6.cv2.conv          conv2d_s8            N=1;IC=256;IH=10;IW=10;OC=128;OH=10;OW=10;KH=1;KW=1;SH=1;SW=1;PH=0;PW=0   155038203    2.2
l6.cv2.bn            batchnorm2d_s8       N=1;C=128;H=10;W=10                                                         1051292    0.0
l6.cv2.act           silu_s8              n=12800                                                                     3417918    0.0
l7.conv              conv2d_s8            N=1;IC=128;IH=10;IW=10;OC=256;OH=5;OW=5;KH=3;KW=3;SH=2;SW=2;PH=1;PW=1     158895360    2.3
l7.bn                batchnorm2d_s8       N=1;C=256;H=5;W=5                                                            552804    0.0
l7.act               silu_s8              n=6400                                                                      1743133    0.0
l8.cv1.conv          conv2d_s8            N=1;IC=256;IH=5;IW=5;OC=256;OH=5;OW=5;KH=1;KW=1;SH=1;SW=1;PH=0;PW=0        51260477    0.7
l8.cv1.bn            batchnorm2d_s8       N=1;C=256;H=5;W=5                                                            555142    0.0
l8.cv1.act           silu_s8              n=6400                                                                      1777410    0.0
l8.m0.cv1.conv       conv2d_s8            N=1;IC=128;IH=5;IW=5;OC=128;OH=5;OW=5;KH=3;KW=3;SH=1;SW=1;PH=1;PW=1        76936884    1.1
l8.m0.cv1.bn         batchnorm2d_s8       N=1;C=128;H=5;W=5                                                            275612    0.0
l8.m0.cv1.act        silu_s8              n=3200                                                                       830464    0.0
l8.m0.cv2.conv       conv2d_s8            N=1;IC=128;IH=5;IW=5;OC=128;OH=5;OW=5;KH=3;KW=3;SH=1;SW=1;PH=1;PW=1        76772766    1.1
l8.m0.cv2.bn         batchnorm2d_s8       N=1;C=128;H=5;W=5                                                            280080    0.0
l8.m0.cv2.act        silu_s8              n=3200                                                                       835156    0.0
add_5                add_s8               n=3200                                                                       256333    0.0
cat_3                cat3_c1_s8           N=1;H=5;W=5;C_inputs=128|128|128;C_total=384                                 729129    0.0
l8.cv2.conv          conv2d_s8            N=1;IC=384;IH=5;IW=5;OC=256;OH=5;OW=5;KH=1;KW=1;SH=1;SW=1;PH=0;PW=0        76785469    1.1
l8.cv2.bn            batchnorm2d_s8       N=1;C=256;H=5;W=5                                                            550525    0.0
l8.cv2.act           silu_s8              n=6400                                                                      1727945    0.0
l9.cv1.conv          conv2d_s8            N=1;IC=256;IH=5;IW=5;OC=128;OH=5;OW=5;KH=1;KW=1;SH=1;SW=1;PH=0;PW=0        25638319    0.4
l9.cv1.bn            batchnorm2d_s8       N=1;C=128;H=5;W=5                                                            274995    0.0
l9.cv1.act           silu_s8              n=3200                                                                       918352    0.0
l9.m1                maxpool2d_s8         N=1;C=128;IH=5;IW=5;OH=5;OW=5;KH=5;KW=5;SH=1;SW=1;PH=2;PW=2;DH=1;DW=1       1024717    0.0
l9.m2                maxpool2d_s8         N=1;C=128;IH=5;IW=5;OH=5;OW=5;KH=5;KW=5;SH=1;SW=1;PH=2;PW=2;DH=1;DW=1       1023655    0.0
l9.m3                maxpool2d_s8         N=1;C=128;IH=5;IW=5;OH=5;OW=5;KH=5;KW=5;SH=1;SW=1;PH=2;PW=2;DH=1;DW=1       1023310    0.0
cat_4                cat4_c1_s8           N=1;H=5;W=5;C_inputs=128|128|128|128;C_total=512                             920348    0.0
l9.cv2.conv          conv2d_s8            N=1;IC=512;IH=5;IW=5;OC=256;OH=5;OW=5;KH=1;KW=1;SH=1;SW=1;PH=0;PW=0       103817967    1.5
l9.cv2.bn            batchnorm2d_s8       N=1;C=256;H=5;W=5                                                            550989    0.0
l9.cv2.act           silu_s8              n=6400                                                                      1727500    0.0
l10                  upsample_nearest_s8  N=1;C=256;IH=5;IW=5;scale=2                                                  762605    0.0
cat_5                cat2_c1_s8           N=1;H=10;W=10;C_inputs=256|128;C_total=384                                  2781056    0.0
l12.cv1.conv         conv2d_s8            N=1;IC=384;IH=10;IW=10;OC=128;OH=10;OW=10;KH=1;KW=1;SH=1;SW=1;PH=0;PW=0   258580205    3.7
l12.cv1.bn           batchnorm2d_s8       N=1;C=128;H=10;W=10                                                         1049602    0.0
l12.cv1.act          silu_s8              n=12800                                                                     3430926    0.0
l12.m0.cv1.conv      conv2d_s8            N=1;IC=64;IH=10;IW=10;OC=64;OH=10;OW=10;KH=3;KW=3;SH=1;SW=1;PH=1;PW=1      78364397    1.1
l12.m0.cv1.bn        batchnorm2d_s8       N=1;C=64;H=10;W=10                                                           525574    0.0
l12.m0.cv1.act       silu_s8              n=6400                                                                      1708412    0.0
l12.m0.cv2.conv      conv2d_s8            N=1;IC=64;IH=10;IW=10;OC=64;OH=10;OW=10;KH=3;KW=3;SH=1;SW=1;PH=1;PW=1      78360618    1.1
l12.m0.cv2.bn        batchnorm2d_s8       N=1;C=64;H=10;W=10                                                           528023    0.0
l12.m0.cv2.act       silu_s8              n=6400                                                                      1700072    0.0
cat_6                cat3_c1_s8           N=1;H=10;W=10;C_inputs=64|64|64;C_total=192                                 1450687    0.0
l12.cv2.conv         conv2d_s8            N=1;IC=192;IH=10;IW=10;OC=128;OH=10;OW=10;KH=1;KW=1;SH=1;SW=1;PH=0;PW=0    97659408    1.4
l12.cv2.bn           batchnorm2d_s8       N=1;C=128;H=10;W=10                                                         1061660    0.0
l12.cv2.act          silu_s8              n=12800                                                                     3318994    0.0
l13                  upsample_nearest_s8  N=1;C=128;IH=10;IW=10;scale=2                                               1189614    0.0
cat_7                cat2_c1_s8           N=1;H=20;W=20;C_inputs=128|64;C_total=192                                   5578954    0.1
l15.cv1.conv         conv2d_s8            N=1;IC=192;IH=20;IW=20;OC=64;OH=20;OW=20;KH=1;KW=1;SH=1;SW=1;PH=0;PW=0    164079385    2.3
l15.cv1.bn           batchnorm2d_s8       N=1;C=64;H=20;W=20                                                          2064960    0.0
l15.cv1.act          silu_s8              n=25600                                                                     6918072    0.1
l15.m0.cv1.conv      conv2d_s8            N=1;IC=32;IH=20;IW=20;OC=32;OH=20;OW=20;KH=3;KW=3;SH=1;SW=1;PH=1;PW=1      79652825    1.1
l15.m0.cv1.bn        batchnorm2d_s8       N=1;C=32;H=20;W=20                                                          1037661    0.0
l15.m0.cv1.act       silu_s8              n=12800                                                                     3424616    0.0
l15.m0.cv2.conv      conv2d_s8            N=1;IC=32;IH=20;IW=20;OC=32;OH=20;OW=20;KH=3;KW=3;SH=1;SW=1;PH=1;PW=1      79592043    1.1
l15.m0.cv2.bn        batchnorm2d_s8       N=1;C=32;H=20;W=20                                                          1027238    0.0
l15.m0.cv2.act       silu_s8              n=12800                                                                     3433054    0.0
cat_8                cat3_c1_s8           N=1;H=20;W=20;C_inputs=32|32|32;C_total=96                                  2867173    0.0
l15.cv2.conv         conv2d_s8            N=1;IC=96;IH=20;IW=20;OC=64;OH=20;OW=20;KH=1;KW=1;SH=1;SW=1;PH=0;PW=0      78992694    1.1
l15.cv2.bn           batchnorm2d_s8       N=1;C=64;H=20;W=20                                                          2063773    0.0
l15.cv2.act          silu_s8              n=25600                                                                     6842656    0.1
l16.conv             conv2d_s8            N=1;IC=64;IH=20;IW=20;OC=64;OH=10;OW=10;KH=3;KW=3;SH=2;SW=2;PH=1;PW=1      79573328    1.1
l16.bn               batchnorm2d_s8       N=1;C=64;H=10;W=10                                                           530129    0.0
l16.act              silu_s8              n=6400                                                                      1720415    0.0
cat_9                cat2_c1_s8           N=1;H=10;W=10;C_inputs=64|128;C_total=192                                   1423305    0.0
l18.cv1.conv         conv2d_s8            N=1;IC=192;IH=10;IW=10;OC=128;OH=10;OW=10;KH=1;KW=1;SH=1;SW=1;PH=0;PW=0    97582658    1.4
l18.cv1.bn           batchnorm2d_s8       N=1;C=128;H=10;W=10                                                         1049567    0.0
l18.cv1.act          silu_s8              n=12800                                                                     3362452    0.0
l18.m0.cv1.conv      conv2d_s8            N=1;IC=64;IH=10;IW=10;OC=64;OH=10;OW=10;KH=3;KW=3;SH=1;SW=1;PH=1;PW=1      78371161    1.1
l18.m0.cv1.bn        batchnorm2d_s8       N=1;C=64;H=10;W=10                                                           524928    0.0
l18.m0.cv1.act       silu_s8              n=6400                                                                      1698674    0.0
l18.m0.cv2.conv      conv2d_s8            N=1;IC=64;IH=10;IW=10;OC=64;OH=10;OW=10;KH=3;KW=3;SH=1;SW=1;PH=1;PW=1      78372122    1.1
l18.m0.cv2.bn        batchnorm2d_s8       N=1;C=64;H=10;W=10                                                           528843    0.0
l18.m0.cv2.act       silu_s8              n=6400                                                                      1740551    0.0
cat_10               cat3_c1_s8           N=1;H=10;W=10;C_inputs=64|64|64;C_total=192                                 1432570    0.0
l18.cv2.conv         conv2d_s8            N=1;IC=192;IH=10;IW=10;OC=128;OH=10;OW=10;KH=1;KW=1;SH=1;SW=1;PH=0;PW=0    97657392    1.4
l18.cv2.bn           batchnorm2d_s8       N=1;C=128;H=10;W=10                                                         1061234    0.0
l18.cv2.act          silu_s8              n=12800                                                                     3381106    0.0
l19.conv             conv2d_s8            N=1;IC=128;IH=10;IW=10;OC=128;OH=5;OW=5;KH=3;KW=3;SH=2;SW=2;PH=1;PW=1      79560714    1.1
l19.bn               batchnorm2d_s8       N=1;C=128;H=5;W=5                                                            278338    0.0
l19.act              silu_s8              n=3200                                                                       852686    0.0
cat_11               cat2_c1_s8           N=1;H=5;W=5;C_inputs=128|256;C_total=384                                     711662    0.0
l21.cv1.conv         conv2d_s8            N=1;IC=384;IH=5;IW=5;OC=256;OH=5;OW=5;KH=1;KW=1;SH=1;SW=1;PH=0;PW=0        76811222    1.1
l21.cv1.bn           batchnorm2d_s8       N=1;C=256;H=5;W=5                                                            551807    0.0
l21.cv1.act          silu_s8              n=6400                                                                      1728346    0.0
l21.m0.cv1.conv      conv2d_s8            N=1;IC=128;IH=5;IW=5;OC=128;OH=5;OW=5;KH=3;KW=3;SH=1;SW=1;PH=1;PW=1        76958239    1.1
l21.m0.cv1.bn        batchnorm2d_s8       N=1;C=128;H=5;W=5                                                            277084    0.0
l21.m0.cv1.act       silu_s8              n=3200                                                                       882146    0.0
l21.m0.cv2.conv      conv2d_s8            N=1;IC=128;IH=5;IW=5;OC=128;OH=5;OW=5;KH=3;KW=3;SH=1;SW=1;PH=1;PW=1        76783508    1.1
l21.m0.cv2.bn        batchnorm2d_s8       N=1;C=128;H=5;W=5                                                            276328    0.0
l21.m0.cv2.act       silu_s8              n=3200                                                                       883210    0.0
cat_12               cat3_c1_s8           N=1;H=5;W=5;C_inputs=128|128|128;C_total=384                                 730165    0.0
l21.cv2.conv         conv2d_s8            N=1;IC=384;IH=5;IW=5;OC=256;OH=5;OW=5;KH=1;KW=1;SH=1;SW=1;PH=0;PW=0        76792755    1.1
l21.cv2.bn           batchnorm2d_s8       N=1;C=256;H=5;W=5                                                            552229    0.0
l21.cv2.act          silu_s8              n=6400                                                                      1702593    0.0
detect.cv2_0_0.conv  conv2d_s8            N=1;IC=64;IH=20;IW=20;OC=64;OH=20;OW=20;KH=3;KW=3;SH=1;SW=1;PH=1;PW=1     318082578    4.6
detect.cv2_0_0.bn    batchnorm2d_s8       N=1;C=64;H=20;W=20                                                          2069773    0.0
detect.cv2_0_0.act   silu_s8              n=25600                                                                     6869859    0.1
detect.cv2_0_1.conv  conv2d_s8            N=1;IC=64;IH=20;IW=20;OC=64;OH=20;OW=20;KH=3;KW=3;SH=1;SW=1;PH=1;PW=1     317559448    4.5
detect.cv2_0_1.bn    batchnorm2d_s8       N=1;C=64;H=20;W=20                                                          2067660    0.0
detect.cv2_0_1.act   silu_s8              n=25600                                                                     7106355    0.1
detect.cv2_0_2       conv2d_s8            N=1;IC=64;IH=20;IW=20;OC=64;OH=20;OW=20;KH=1;KW=1;SH=1;SW=1;PH=0;PW=0      52722056    0.8
detect.cv3_0_0.conv  conv2d_s8            N=1;IC=64;IH=20;IW=20;OC=80;OH=20;OW=20;KH=3;KW=3;SH=1;SW=1;PH=1;PW=1     396764879    5.7
detect.cv3_0_0.bn    batchnorm2d_s8       N=1;C=80;H=20;W=20                                                          2578504    0.0
detect.cv3_0_0.act   silu_s8              n=32000                                                                     8514256    0.1
detect.cv3_0_1.conv  conv2d_s8            N=1;IC=80;IH=20;IW=20;OC=80;OH=20;OW=20;KH=3;KW=3;SH=1;SW=1;PH=1;PW=1     497838245    7.1
detect.cv3_0_1.bn    batchnorm2d_s8       N=1;C=80;H=20;W=20                                                          2598429    0.0
detect.cv3_0_1.act   silu_s8              n=32000                                                                     8923541    0.1
detect.cv3_0_2       conv2d_s8            N=1;IC=80;IH=20;IW=20;OC=80;OH=20;OW=20;KH=1;KW=1;SH=1;SW=1;PH=0;PW=0      82226571    1.2
cat_13               cat2_c1_s8           N=1;H=20;W=20;C_inputs=64|80;C_total=144                                    4201402    0.1
detect.cv2_1_0.conv  conv2d_s8            N=1;IC=128;IH=10;IW=10;OC=64;OH=10;OW=10;KH=3;KW=3;SH=1;SW=1;PH=1;PW=1    158098026    2.3
detect.cv2_1_0.bn    batchnorm2d_s8       N=1;C=64;H=10;W=10                                                           531196    0.0
detect.cv2_1_0.act   silu_s8              n=6400                                                                      1743231    0.0
detect.cv2_1_1.conv  conv2d_s8            N=1;IC=64;IH=10;IW=10;OC=64;OH=10;OW=10;KH=3;KW=3;SH=1;SW=1;PH=1;PW=1      78403203    1.1
detect.cv2_1_1.bn    batchnorm2d_s8       N=1;C=64;H=10;W=10                                                           529118    0.0
detect.cv2_1_1.act   silu_s8              n=6400                                                                      1804870    0.0
detect.cv2_1_2       conv2d_s8            N=1;IC=64;IH=10;IW=10;OC=64;OH=10;OW=10;KH=1;KW=1;SH=1;SW=1;PH=0;PW=0      13035639    0.2
detect.cv3_1_0.conv  conv2d_s8            N=1;IC=128;IH=10;IW=10;OC=80;OH=10;OW=10;KH=3;KW=3;SH=1;SW=1;PH=1;PW=1    197567270    2.8
detect.cv3_1_0.bn    batchnorm2d_s8       N=1;C=80;H=10;W=10                                                           663935    0.0
detect.cv3_1_0.act   silu_s8              n=8000                                                                      2078790    0.0
detect.cv3_1_1.conv  conv2d_s8            N=1;IC=80;IH=10;IW=10;OC=80;OH=10;OW=10;KH=3;KW=3;SH=1;SW=1;PH=1;PW=1     122403812    1.8
detect.cv3_1_1.bn    batchnorm2d_s8       N=1;C=80;H=10;W=10                                                           660210    0.0
detect.cv3_1_1.act   silu_s8              n=8000                                                                      2176885    0.0
detect.cv3_1_2       conv2d_s8            N=1;IC=80;IH=10;IW=10;OC=80;OH=10;OW=10;KH=1;KW=1;SH=1;SW=1;PH=0;PW=0      20284262    0.3
cat_14               cat2_c1_s8           N=1;H=10;W=10;C_inputs=64|80;C_total=144                                    1046088    0.0
detect.cv2_2_0.conv  conv2d_s8            N=1;IC=256;IH=5;IW=5;OC=64;OH=5;OW=5;KH=3;KW=3;SH=1;SW=1;PH=1;PW=1         76930232    1.1
detect.cv2_2_0.bn    batchnorm2d_s8       N=1;C=64;H=5;W=5                                                             138640    0.0
detect.cv2_2_0.act   silu_s8              n=1600                                                                       444835    0.0
detect.cv2_2_1.conv  conv2d_s8            N=1;IC=64;IH=5;IW=5;OC=64;OH=5;OW=5;KH=3;KW=3;SH=1;SW=1;PH=1;PW=1          19344881    0.3
detect.cv2_2_1.bn    batchnorm2d_s8       N=1;C=64;H=5;W=5                                                             138046    0.0
detect.cv2_2_1.act   silu_s8              n=1600                                                                       450646    0.0
detect.cv2_2_2       conv2d_s8            N=1;IC=64;IH=5;IW=5;OC=64;OH=5;OW=5;KH=1;KW=1;SH=1;SW=1;PH=0;PW=0           3268453    0.0
detect.cv3_2_0.conv  conv2d_s8            N=1;IC=256;IH=5;IW=5;OC=80;OH=5;OW=5;KH=3;KW=3;SH=1;SW=1;PH=1;PW=1         96170032    1.4
detect.cv3_2_0.bn    batchnorm2d_s8       N=1;C=80;H=5;W=5                                                             173602    0.0
detect.cv3_2_0.act   silu_s8              n=2000                                                                       533720    0.0
detect.cv3_2_1.conv  conv2d_s8            N=1;IC=80;IH=5;IW=5;OC=80;OH=5;OW=5;KH=3;KW=3;SH=1;SW=1;PH=1;PW=1          30157557    0.4
detect.cv3_2_1.bn    batchnorm2d_s8       N=1;C=80;H=5;W=5                                                             173690    0.0
detect.cv3_2_1.act   silu_s8              n=2000                                                                       553020    0.0
detect.cv3_2_2       conv2d_s8            N=1;IC=80;IH=5;IW=5;OC=80;OH=5;OW=5;KH=1;KW=1;SH=1;SW=1;PH=0;PW=0           5079278    0.1
cat_15               cat2_c1_s8           N=1;H=5;W=5;C_inputs=64|80;C_total=144                                       265277    0.0
-----------------------------------------------------------------------------------------------------------------------------------
TOTAL                                                                                                            6985278800
wall_clock_cycles=6985323 (mtime)
