MODELBLASTER_STAGE_BEGIN:generate_kernels
[xpurt] ingest schedule
ingest: synthesized 94 missing IR ops -> yolov8_nano: [1, 3, 7, 12, 13, 14, 15, 25, 26, 27, 29, 30, 33, 36, 37, 40, 44, 45, 47, 50, 54, 56, 61, 64, 69, 70, 72, 75, 79, 82, 83, 86, 87, 88, 89, 90, 91, 96, 97, 98, 101, 102, 103, 104, 106, 107, 108, 109, 110, 112, 113, 114, 118, 122, 123, 124, 125, 128, 129, 130, 132, 133, 135, 136, 137, 138, 140, 141, 142, 143, 144, 146, 147, 148, 150, 151, 153, 156, 161, 162, 165, 166, 170, 171, 175, 176, 185, 188, 191, 194, 200, 202, 207, 209]
ingested 212 entries from /scratch2/agustin/XPU-RT/schedules/scheduled_networks_1yolo_4mlp_2dronet_firesim_only_yolov8_nano_cpsat_profiled.json
wrote /scratch2/agustin/ModelBlaster/examples/xpurt_demo/int8/generated/xpurt_demo_schedule.c
wrote /scratch2/agustin/ModelBlaster/examples/xpurt_demo/int8/generated/xpurt_demo_schedule.h
by core kind: {'gemmini': 106, 'rvv_opu': 106}
by job_name: {'yolov8_nano': 212}
[xpurt] generate main
wrote /scratch2/agustin/ModelBlaster/examples/xpurt_demo/int8/generated/xpurt_demo_schedule_main.c  (networks: ['yolov8_nano'] instances: {'yolov8_nano': 1} kinds: ['gemmini', 'rvv_opu'] backends: ['gemmini_q31', 'rvv_opu'] pool_sizes: [0, 0])
MODELBLASTER_STAGE_END:generate_kernels:0.206
MODELBLASTER_STAGE_BEGIN:build
[xpurt] west build (BACKENDS=gemmini_q31,rvv_opu, pool=4)
-- west build: making build dir /scratch2/agustin/ModelBlaster/examples/xpurt_demo/int8/build/gemmini_q31_rvv_opu_firesim pristine
-- west build: generating a build system
Loading Zephyr default modules (Zephyr base).
-- Application: /scratch2/agustin/ModelBlaster/harness_xpurt
-- CMake version: 3.28.3
-- Found Python3: /scratch2/agustin/chipyard/.conda-env/bin/python3.10 (found suitable version "3.10.14", minimum required is "3.10") found components: Interpreter 
-- Cache files will be written to: /home/agustin/.cache/zephyr
-- Zephyr version: 4.2.99 (/scratch2/agustin/zephyr-chipyard-sw/zephyr_ws/zephyr)
-- Found west (found suitable version "1.3.0", minimum required is "0.14.0")
-- Board: chipyard_riscv64, qualifiers: rocketchip_virt_riscv64
-- Found host-tools: zephyr 1.0.0 (/scratch2/dima/zephyr-chipyard-sw-fresh/tools-manual/zephyr-sdk-1.0.0-beta1)
-- Found toolchain: zephyr 1.0.0 (/scratch2/dima/zephyr-chipyard-sw-fresh/tools-manual/zephyr-sdk-1.0.0-beta1)
-- Found Dtc: /scratch2/dima/zephyr-chipyard-sw-fresh/tools-manual/zephyr-sdk-1.0.0-beta1/hosttools/sysroots/x86_64-pokysdk-linux/usr/bin/dtc (found suitable version "1.7.0", minimum required is "1.4.6") 
-- Found BOARD.dts: /scratch2/agustin/zephyr-chipyard-sw/zephyr_ws/zephyr/boards/chipyard/riscv64/chipyard_riscv64.dts
node '/uart' compatible 'ucb,htif' has unknown vendor prefix 'ucb'
-- Generated zephyr.dts: /scratch2/agustin/ModelBlaster/examples/xpurt_demo/int8/build/gemmini_q31_rvv_opu_firesim/zephyr/zephyr.dts
-- Generated pickled edt: /scratch2/agustin/ModelBlaster/examples/xpurt_demo/int8/build/gemmini_q31_rvv_opu_firesim/zephyr/edt.pickle
-- Generated devicetree_generated.h: /scratch2/agustin/ModelBlaster/examples/xpurt_demo/int8/build/gemmini_q31_rvv_opu_firesim/zephyr/include/generated/zephyr/devicetree_generated.h
/scratch2/agustin/ModelBlaster/examples/xpurt_demo/int8/build/gemmini_q31_rvv_opu_firesim/zephyr/zephyr.dts:213.25-216.4: Warning (unit_address_format): /memory@08000000: unit name should not have leading 0s

warning: PRIVILEGED_STACK_SIZE (defined at soc/cdns/sample_controller32/Kconfig.defconfig:8,
soc/andestech/ae350/Kconfig.defconfig.ae350:15, arch/x86/Kconfig:495, arch/xtensa/Kconfig:250,
arch/arm64/core/Kconfig:132, arch/Kconfig:340) was assigned the value '2048' but got the value ''.
Check these unsatisfied dependencies: (SOC_XTENSA_SAMPLE_CONTROLLER32 || ((SOC_ANDES_AE350 ||
SOC_ANDES_AE350_CLIC) && SOC_SERIES_ANDES_AE350 && SOC_FAMILY_ANDES_V5) || X86 || (XTENSA_MMU &&
CPU_HAS_MMU && XTENSA) || ARM64 || USERSPACE) (=n). See
http://docs.zephyrproject.org/latest/kconfig.html#CONFIG_PRIVILEGED_STACK_SIZE and/or look up
PRIVILEGED_STACK_SIZE in the menuconfig/guiconfig interface. The Application Development Primer,
Setting Configuration Values, and Kconfig - Tips and Best Practices sections of the manual might be
helpful too.


warning: THREAD_STACK_MEM_MAPPED (defined at kernel/Kconfig:196) was assigned the value 'y' but got
the value 'n'. Check these unsatisfied dependencies: MMU (=n), ARCH_SUPPORTS_MEM_MAPPED_STACKS (=n).
See http://docs.zephyrproject.org/latest/kconfig.html#CONFIG_THREAD_STACK_MEM_MAPPED and/or look up
THREAD_STACK_MEM_MAPPED in the menuconfig/guiconfig interface. The Application Development Primer,
Setting Configuration Values, and Kconfig - Tips and Best Practices sections of the manual might be
helpful too.


warning: Deprecated symbol SCHED_DUMB is enabled.

Parsing /scratch2/agustin/zephyr-chipyard-sw/zephyr_ws/zephyr/Kconfig
Loaded configuration '/scratch2/agustin/zephyr-chipyard-sw/zephyr_ws/zephyr/boards/chipyard/riscv64/chipyard_riscv64_defconfig'
Merged configuration '/scratch2/agustin/ModelBlaster/harness_xpurt/prj.conf'
Merged configuration '/scratch2/agustin/ModelBlaster/harness/backends/firesim_chipyard_dual_gemmini.conf'
Configuration saved to '/scratch2/agustin/ModelBlaster/examples/xpurt_demo/int8/build/gemmini_q31_rvv_opu_firesim/zephyr/.config'
Kconfig header saved to '/scratch2/agustin/ModelBlaster/examples/xpurt_demo/int8/build/gemmini_q31_rvv_opu_firesim/zephyr/include/generated/zephyr/autoconf.h'
-- Found GnuLd: /scratch2/dima/zephyr-chipyard-sw-fresh/tools-manual/zephyr-sdk-1.0.0-beta1/gnu/riscv64-zephyr-elf/riscv64-zephyr-elf/bin/ld.bfd (found version "2.43.1") 
-- The C compiler identification is GNU 14.3.0
-- The CXX compiler identification is GNU 14.3.0
-- The ASM compiler identification is GNU
-- Found assembler: /scratch2/dima/zephyr-chipyard-sw-fresh/tools-manual/zephyr-sdk-1.0.0-beta1/gnu/riscv64-zephyr-elf/bin/riscv64-zephyr-elf-gcc
-- Found gen_kobject_list: /scratch2/agustin/zephyr-chipyard-sw/zephyr_ws/zephyr/scripts/build/gen_kobject_list.py
-- harness_xpurt: yolov8_nano/gemmini_q31 -> modelblaster_yolov8_nano_gemmini_q31_objs
-- harness_xpurt: yolov8_nano/rvv_opu -> modelblaster_yolov8_nano_rvv_opu_objs
-- harness_xpurt: backends=gemmini_q31;rvv_opu models=yolov8_nano
-- harness_xpurt: xpurt_main=/scratch2/agustin/ModelBlaster/examples/xpurt_demo/int8/generated/xpurt_demo_schedule_main.c
-- harness_xpurt: dispatch_table=/scratch2/agustin/ModelBlaster/examples/xpurt_demo/int8/generated/xpurt_demo_schedule.c
-- Configuring done (4.3s)
-- Generating done (0.0s)
-- Build files have been written to: /scratch2/agustin/ModelBlaster/examples/xpurt_demo/int8/build/gemmini_q31_rvv_opu_firesim
-- west build: building application
[1/202] Preparing syscall dependency handling

[2/202] Generating misc/generated/syscalls_subdirs.trigger
[3/202] Generating misc/generated/syscalls.json, misc/generated/struct_tags.json
[4/202] Generating include/generated/device-api-sections.ld, include/generated/device-api-sections.cmake
[5/202] Generating include/generated/zephyr/syscall_dispatch.c, include/generated/zephyr/syscall_exports_llext.c, syscall_weakdefs_llext.c, include/generated/zephyr/syscall_list.h
[6/202] Generating include/generated/zephyr/driver-validation.h
[7/202] Generating include/generated/zephyr/kobj-types-enum.h, include/generated/zephyr/otype-to-str.h, include/generated/zephyr/otype-to-size.h
[8/202] Building ASM object CMakeFiles/modelblaster_yolov8_nano_test_io_obj.dir/scratch2/agustin/ModelBlaster/examples/yolov8_nano/int8/generated/gemmini_q31/test_io.S.obj
[9/202] Building C object CMakeFiles/modelblaster_yolov8_nano_buffers_obj.dir/scratch2/agustin/ModelBlaster/examples/yolov8_nano/int8/generated/gemmini_q31/buffers.c.obj
[10/202] Building C object zephyr/CMakeFiles/offsets.dir/arch/riscv/core/offsets/offsets.c.obj
[11/202] Building C object modelblaster_pool_build/CMakeFiles/modelblaster_pool.dir/modelblaster_pool.c.obj
In file included from /scratch2/agustin/zephyr-chipyard-sw/zephyr_ws/zephyr/include/zephyr/posix/sys/sysconf.h:11,
                 from /scratch2/agustin/zephyr-chipyard-sw/zephyr_ws/zephyr/include/zephyr/posix/unistd.h:18,
                 from /scratch2/agustin/zephyr-chipyard-sw/zephyr_ws/zephyr/include/zephyr/posix/pthread.h:15,
                 from /scratch2/agustin/ModelBlaster/runtime/modelblaster_pool/modelblaster_pool.c:26:
/scratch2/agustin/zephyr-chipyard-sw/zephyr_ws/zephyr/include/zephyr/posix/posix_limits.h:23:9: warning: "_POSIX_AIO_LISTIO_MAX" redefined
   23 | #define _POSIX_AIO_LISTIO_MAX               (2)
      |         ^~~~~~~~~~~~~~~~~~~~~
In file included from /scratch2/dima/zephyr-chipyard-sw-fresh/tools-manual/zephyr-sdk-1.0.0-beta1/gnu/riscv64-zephyr-elf/riscv64-zephyr-elf/sys-include/limits.h:6,
                 from /scratch2/dima/zephyr-chipyard-sw-fresh/tools-manual/zephyr-sdk-1.0.0-beta1/gnu/riscv64-zephyr-elf/lib/gcc/riscv64-zephyr-elf/14.3.0/include/limits.h:210,
                 from /scratch2/dima/zephyr-chipyard-sw-fresh/tools-manual/zephyr-sdk-1.0.0-beta1/gnu/riscv64-zephyr-elf/lib/gcc/riscv64-zephyr-elf/14.3.0/include/syslimits.h:7,
                 from /scratch2/dima/zephyr-chipyard-sw-fresh/tools-manual/zephyr-sdk-1.0.0-beta1/gnu/riscv64-zephyr-elf/lib/gcc/riscv64-zephyr-elf/14.3.0/include/limits.h:34,
                 from /scratch2/agustin/zephyr-chipyard-sw/zephyr_ws/zephyr/include/zephyr/kernel_includes.h:22,
                 from /scratch2/agustin/zephyr-chipyard-sw/zephyr_ws/zephyr/include/zephyr/kernel.h:17,
                 from /scratch2/agustin/zephyr-chipyard-sw/zephyr_ws/zephyr/include/zephyr/posix/pthread.h:14:
/scratch2/dima/zephyr-chipyard-sw-fresh/tools-manual/zephyr-sdk-1.0.0-beta1/gnu/riscv64-zephyr-elf/riscv64-zephyr-elf/sys-include/sys/syslimits.h:63:9: note: this is the location of the previous definition
   63 | #define _POSIX_AIO_LISTIO_MAX   2
      |         ^~~~~~~~~~~~~~~~~~~~~
/scratch2/agustin/zephyr-chipyard-sw/zephyr_ws/zephyr/include/zephyr/posix/posix_limits.h:24:9: warning: "_POSIX_AIO_MAX" redefined
   24 | #define _POSIX_AIO_MAX                      (1)
      |         ^~~~~~~~~~~~~~
/scratch2/dima/zephyr-chipyard-sw-fresh/tools-manual/zephyr-sdk-1.0.0-beta1/gnu/riscv64-zephyr-elf/riscv64-zephyr-elf/sys-include/sys/syslimits.h:64:9: note: this is the location of the previous definition
   64 | #define _POSIX_AIO_MAX          1
      |         ^~~~~~~~~~~~~~
/scratch2/agustin/zephyr-chipyard-sw/zephyr_ws/zephyr/include/zephyr/posix/posix_limits.h:25:9: warning: "_POSIX_ARG_MAX" redefined
   25 | #define _POSIX_ARG_MAX                      (4096)
      |         ^~~~~~~~~~~~~~
/scratch2/dima/zephyr-chipyard-sw-fresh/tools-manual/zephyr-sdk-1.0.0-beta1/gnu/riscv64-zephyr-elf/riscv64-zephyr-elf/sys-include/sys/syslimits.h:65:9: note: this is the location of the previous definition
   65 | #define _POSIX_ARG_MAX          4096
      |         ^~~~~~~~~~~~~~
/scratch2/agustin/zephyr-chipyard-sw/zephyr_ws/zephyr/include/zephyr/posix/posix_limits.h:26:9: warning: "_POSIX_CHILD_MAX" redefined
   26 | #define _POSIX_CHILD_MAX                    (25)
      |         ^~~~~~~~~~~~~~~~
/scratch2/dima/zephyr-chipyard-sw-fresh/tools-manual/zephyr-sdk-1.0.0-beta1/gnu/riscv64-zephyr-elf/riscv64-zephyr-elf/sys-include/sys/syslimits.h:66:9: note: this is the location of the previous definition
   66 | #define _POSIX_CHILD_MAX        6
      |         ^~~~~~~~~~~~~~~~
/scratch2/agustin/zephyr-chipyard-sw/zephyr_ws/zephyr/include/zephyr/posix/posix_limits.h:27:9: warning: "_POSIX_DELAYTIMER_MAX" redefined
   27 | #define _POSIX_DELAYTIMER_MAX               (32)
      |         ^~~~~~~~~~~~~~~~~~~~~
/scratch2/dima/zephyr-chipyard-sw-fresh/tools-manual/zephyr-sdk-1.0.0-beta1/gnu/riscv64-zephyr-elf/riscv64-zephyr-elf/sys-include/sys/syslimits.h:67:9: note: this is the location of the previous definition
   67 | #define _POSIX_DELAYTIMER_MAX   32
      |         ^~~~~~~~~~~~~~~~~~~~~
/scratch2/agustin/zephyr-chipyard-sw/zephyr_ws/zephyr/include/zephyr/posix/posix_limits.h:28:9: warning: "_POSIX_HOST_NAME_MAX" redefined
   28 | #define _POSIX_HOST_NAME_MAX                (255)
      |         ^~~~~~~~~~~~~~~~~~~~
/scratch2/dima/zephyr-chipyard-sw-fresh/tools-manual/zephyr-sdk-1.0.0-beta1/gnu/riscv64-zephyr-elf/riscv64-zephyr-elf/sys-include/sys/syslimits.h:68:9: note: this is the location of the previous definition
   68 | #define _POSIX_HOST_NAME_MAX    255
      |         ^~~~~~~~~~~~~~~~~~~~
/scratch2/agustin/zephyr-chipyard-sw/zephyr_ws/zephyr/include/zephyr/posix/posix_limits.h:29:9: warning: "_POSIX_LINK_MAX" redefined
   29 | #define _POSIX_LINK_MAX                     (8)
      |         ^~~~~~~~~~~~~~~
/scratch2/dima/zephyr-chipyard-sw-fresh/tools-manual/zephyr-sdk-1.0.0-beta1/gnu/riscv64-zephyr-elf/riscv64-zephyr-elf/sys-include/sys/syslimits.h:69:9: note: this is the location of the previous definition
   69 | #define _POSIX_LINK_MAX         8
      |         ^~~~~~~~~~~~~~~
/scratch2/agustin/zephyr-chipyard-sw/zephyr_ws/zephyr/include/zephyr/posix/posix_limits.h:30:9: warning: "_POSIX_LOGIN_NAME_MAX" redefined
   30 | #define _POSIX_LOGIN_NAME_MAX               (9)
      |         ^~~~~~~~~~~~~~~~~~~~~
/scratch2/dima/zephyr-chipyard-sw-fresh/tools-manual/zephyr-sdk-1.0.0-beta1/gnu/riscv64-zephyr-elf/riscv64-zephyr-elf/sys-include/sys/syslimits.h:70:9: note: this is the location of the previous definition
   70 | #define _POSIX_LOGIN_NAME_MAX   9
      |         ^~~~~~~~~~~~~~~~~~~~~
/scratch2/agustin/zephyr-chipyard-sw/zephyr_ws/zephyr/include/zephyr/posix/posix_limits.h:31:9: warning: "_POSIX_MAX_CANON" redefined
   31 | #define _POSIX_MAX_CANON                    (255)
      |         ^~~~~~~~~~~~~~~~
/scratch2/dima/zephyr-chipyard-sw-fresh/tools-manual/zephyr-sdk-1.0.0-beta1/gnu/riscv64-zephyr-elf/riscv64-zephyr-elf/sys-include/sys/syslimits.h:71:9: note: this is the location of the previous definition
   71 | #define _POSIX_MAX_CANON        255
      |         ^~~~~~~~~~~~~~~~
/scratch2/agustin/zephyr-chipyard-sw/zephyr_ws/zephyr/include/zephyr/posix/posix_limits.h:32:9: warning: "_POSIX_MAX_INPUT" redefined
   32 | #define _POSIX_MAX_INPUT                    (255)
      |         ^~~~~~~~~~~~~~~~
/scratch2/dima/zephyr-chipyard-sw-fresh/tools-manual/zephyr-sdk-1.0.0-beta1/gnu/riscv64-zephyr-elf/riscv64-zephyr-elf/sys-include/sys/syslimits.h:72:9: note: this is the location of the previous definition
   72 | #define _POSIX_MAX_INPUT        255
      |         ^~~~~~~~~~~~~~~~
/scratch2/agustin/zephyr-chipyard-sw/zephyr_ws/zephyr/include/zephyr/posix/posix_limits.h:33:9: warning: "_POSIX_MQ_OPEN_MAX" redefined
   33 | #define _POSIX_MQ_OPEN_MAX                  (8)
      |         ^~~~~~~~~~~~~~~~~~
/scratch2/dima/zephyr-chipyard-sw-fresh/tools-manual/zephyr-sdk-1.0.0-beta1/gnu/riscv64-zephyr-elf/riscv64-zephyr-elf/sys-include/sys/syslimits.h:73:9: note: this is the location of the previous definition
   73 | #define _POSIX_MQ_OPEN_MAX      8
      |         ^~~~~~~~~~~~~~~~~~
/scratch2/agustin/zephyr-chipyard-sw/zephyr_ws/zephyr/include/zephyr/posix/posix_limits.h:34:9: warning: "_POSIX_MQ_PRIO_MAX" redefined
   34 | #define _POSIX_MQ_PRIO_MAX                  (32)
      |         ^~~~~~~~~~~~~~~~~~
/scratch2/dima/zephyr-chipyard-sw-fresh/tools-manual/zephyr-sdk-1.0.0-beta1/gnu/riscv64-zephyr-elf/riscv64-zephyr-elf/sys-include/sys/syslimits.h:74:9: note: this is the location of the previous definition
   74 | #define _POSIX_MQ_PRIO_MAX      32
      |         ^~~~~~~~~~~~~~~~~~
/scratch2/agustin/zephyr-chipyard-sw/zephyr_ws/zephyr/include/zephyr/posix/posix_limits.h:35:9: warning: "_POSIX_NAME_MAX" redefined
   35 | #define _POSIX_NAME_MAX                     (14)
      |         ^~~~~~~~~~~~~~~
/scratch2/dima/zephyr-chipyard-sw-fresh/tools-manual/zephyr-sdk-1.0.0-beta1/gnu/riscv64-zephyr-elf/riscv64-zephyr-elf/sys-include/sys/syslimits.h:75:9: note: this is the location of the previous definition
   75 | #define _POSIX_NAME_MAX         14
      |         ^~~~~~~~~~~~~~~
/scratch2/agustin/zephyr-chipyard-sw/zephyr_ws/zephyr/include/zephyr/posix/posix_limits.h:36:9: warning: "_POSIX_NGROUPS_MAX" redefined
   36 | #define _POSIX_NGROUPS_MAX                  (8)
      |         ^~~~~~~~~~~~~~~~~~
/scratch2/dima/zephyr-chipyard-sw-fresh/tools-manual/zephyr-sdk-1.0.0-beta1/gnu/riscv64-zephyr-elf/riscv64-zephyr-elf/sys-include/sys/syslimits.h:76:9: note: this is the location of the previous definition
   76 | #define _POSIX_NGROUPS_MAX      0
      |         ^~~~~~~~~~~~~~~~~~
/scratch2/agustin/zephyr-chipyard-sw/zephyr_ws/zephyr/include/zephyr/posix/posix_limits.h:37:9: warning: "_POSIX_OPEN_MAX" redefined
   37 | #define _POSIX_OPEN_MAX                     (20)
      |         ^~~~~~~~~~~~~~~
/scratch2/dima/zephyr-chipyard-sw-fresh/tools-manual/zephyr-sdk-1.0.0-beta1/gnu/riscv64-zephyr-elf/riscv64-zephyr-elf/sys-include/sys/syslimits.h:77:9: note: this is the location of the previous definition
   77 | #define _POSIX_OPEN_MAX         16
      |         ^~~~~~~~~~~~~~~
/scratch2/agustin/zephyr-chipyard-sw/zephyr_ws/zephyr/include/zephyr/posix/posix_limits.h:38:9: warning: "_POSIX_PATH_MAX" redefined
   38 | #define _POSIX_PATH_MAX                     (256)
      |         ^~~~~~~~~~~~~~~
/scratch2/dima/zephyr-chipyard-sw-fresh/tools-manual/zephyr-sdk-1.0.0-beta1/gnu/riscv64-zephyr-elf/riscv64-zephyr-elf/sys-include/sys/syslimits.h:78:9: note: this is the location of the previous definition
   78 | #define _POSIX_PATH_MAX         255
      |         ^~~~~~~~~~~~~~~
/scratch2/agustin/zephyr-chipyard-sw/zephyr_ws/zephyr/include/zephyr/posix/posix_limits.h:39:9: warning: "_POSIX_PIPE_BUF" redefined
   39 | #define _POSIX_PIPE_BUF                     (512)
      |         ^~~~~~~~~~~~~~~
/scratch2/dima/zephyr-chipyard-sw-fresh/tools-manual/zephyr-sdk-1.0.0-beta1/gnu/riscv64-zephyr-elf/riscv64-zephyr-elf/sys-include/sys/syslimits.h:79:9: note: this is the location of the previous definition
   79 | #define _POSIX_PIPE_BUF         512
      |         ^~~~~~~~~~~~~~~
/scratch2/agustin/zephyr-chipyard-sw/zephyr_ws/zephyr/include/zephyr/posix/posix_limits.h:40:9: warning: "_POSIX_RE_DUP_MAX" redefined
   40 | #define _POSIX_RE_DUP_MAX                   (255)
      |         ^~~~~~~~~~~~~~~~~
/scratch2/dima/zephyr-chipyard-sw-fresh/tools-manual/zephyr-sdk-1.0.0-beta1/gnu/riscv64-zephyr-elf/riscv64-zephyr-elf/sys-include/sys/syslimits.h:80:9: note: this is the location of the previous definition
   80 | #define _POSIX_RE_DUP_MAX       255
      |         ^~~~~~~~~~~~~~~~~
/scratch2/agustin/zephyr-chipyard-sw/zephyr_ws/zephyr/include/zephyr/posix/posix_limits.h:41:9: warning: "_POSIX_RTSIG_MAX" redefined
   41 | #define _POSIX_RTSIG_MAX                    (8)
      |         ^~~~~~~~~~~~~~~~
/scratch2/dima/zephyr-chipyard-sw-fresh/tools-manual/zephyr-sdk-1.0.0-beta1/gnu/riscv64-zephyr-elf/riscv64-zephyr-elf/sys-include/sys/syslimits.h:81:9: note: this is the location of the previous definition
   81 | #define _POSIX_RTSIG_MAX        8
      |         ^~~~~~~~~~~~~~~~
/scratch2/agustin/zephyr-chipyard-sw/zephyr_ws/zephyr/include/zephyr/posix/posix_limits.h:42:9: warning: "_POSIX_SEM_NSEMS_MAX" redefined
   42 | #define _POSIX_SEM_NSEMS_MAX                (256)
      |         ^~~~~~~~~~~~~~~~~~~~
/scratch2/dima/zephyr-chipyard-sw-fresh/tools-manual/zephyr-sdk-1.0.0-beta1/gnu/riscv64-zephyr-elf/riscv64-zephyr-elf/sys-include/sys/syslimits.h:82:9: note: this is the location of the previous definition
   82 | #define _POSIX_SEM_NSEMS_MAX    256
      |         ^~~~~~~~~~~~~~~~~~~~
/scratch2/agustin/zephyr-chipyard-sw/zephyr_ws/zephyr/include/zephyr/posix/posix_limits.h:43:9: warning: "_POSIX_SEM_VALUE_MAX" redefined
   43 | #define _POSIX_SEM_VALUE_MAX                (32767)
      |         ^~~~~~~~~~~~~~~~~~~~
/scratch2/dima/zephyr-chipyard-sw-fresh/tools-manual/zephyr-sdk-1.0.0-beta1/gnu/riscv64-zephyr-elf/riscv64-zephyr-elf/sys-include/sys/syslimits.h:83:9: note: this is the location of the previous definition
   83 | #define _POSIX_SEM_VALUE_MAX    32767
      |         ^~~~~~~~~~~~~~~~~~~~
/scratch2/agustin/zephyr-chipyard-sw/zephyr_ws/zephyr/include/zephyr/posix/posix_limits.h:44:9: warning: "_POSIX_SIGQUEUE_MAX" redefined
   44 | #define _POSIX_SIGQUEUE_MAX                 (32)
      |         ^~~~~~~~~~~~~~~~~~~
/scratch2/dima/zephyr-chipyard-sw-fresh/tools-manual/zephyr-sdk-1.0.0-beta1/gnu/riscv64-zephyr-elf/riscv64-zephyr-elf/sys-include/sys/syslimits.h:84:9: note: this is the location of the previous definition
   84 | #define _POSIX_SIGQUEUE_MAX     32
      |         ^~~~~~~~~~~~~~~~~~~
/scratch2/agustin/zephyr-chipyard-sw/zephyr_ws/zephyr/include/zephyr/posix/posix_limits.h:45:9: warning: "_POSIX_SSIZE_MAX" redefined
   45 | #define _POSIX_SSIZE_MAX                    (32767)
      |         ^~~~~~~~~~~~~~~~
/scratch2/dima/zephyr-chipyard-sw-fresh/tools-manual/zephyr-sdk-1.0.0-beta1/gnu/riscv64-zephyr-elf/riscv64-zephyr-elf/sys-include/sys/syslimits.h:85:9: note: this is the location of the previous definition
   85 | #define _POSIX_SSIZE_MAX        32767
      |         ^~~~~~~~~~~~~~~~
/scratch2/agustin/zephyr-chipyard-sw/zephyr_ws/zephyr/include/zephyr/posix/posix_limits.h:46:9: warning: "_POSIX_SS_REPL_MAX" redefined
   46 | #define _POSIX_SS_REPL_MAX                  (4)
      |         ^~~~~~~~~~~~~~~~~~
/scratch2/dima/zephyr-chipyard-sw-fresh/tools-manual/zephyr-sdk-1.0.0-beta1/gnu/riscv64-zephyr-elf/riscv64-zephyr-elf/sys-include/sys/syslimits.h:86:9: note: this is the location of the previous definition
   86 | #define _POSIX_SS_REPL_MAX      4
      |         ^~~~~~~~~~~~~~~~~~
/scratch2/agustin/zephyr-chipyard-sw/zephyr_ws/zephyr/include/zephyr/posix/posix_limits.h:47:9: warning: "_POSIX_STREAM_MAX" redefined
   47 | #define _POSIX_STREAM_MAX                   (8)
      |         ^~~~~~~~~~~~~~~~~
/scratch2/dima/zephyr-chipyard-sw-fresh/tools-manual/zephyr-sdk-1.0.0-beta1/gnu/riscv64-zephyr-elf/riscv64-zephyr-elf/sys-include/sys/syslimits.h:87:9: note: this is the location of the previous definition
   87 | #define _POSIX_STREAM_MAX       8
      |         ^~~~~~~~~~~~~~~~~
/scratch2/agustin/zephyr-chipyard-sw/zephyr_ws/zephyr/include/zephyr/posix/posix_limits.h:48:9: warning: "_POSIX_SYMLINK_MAX" redefined
   48 | #define _POSIX_SYMLINK_MAX                  (255)
      |         ^~~~~~~~~~~~~~~~~~
/scratch2/dima/zephyr-chipyard-sw-fresh/tools-manual/zephyr-sdk-1.0.0-beta1/gnu/riscv64-zephyr-elf/riscv64-zephyr-elf/sys-include/sys/syslimits.h:88:9: note: this is the location of the previous definition
   88 | #define _POSIX_SYMLINK_MAX      255
      |         ^~~~~~~~~~~~~~~~~~
/scratch2/agustin/zephyr-chipyard-sw/zephyr_ws/zephyr/include/zephyr/posix/posix_limits.h:49:9: warning: "_POSIX_SYMLOOP_MAX" redefined
   49 | #define _POSIX_SYMLOOP_MAX                  (8)
      |         ^~~~~~~~~~~~~~~~~~
/scratch2/dima/zephyr-chipyard-sw-fresh/tools-manual/zephyr-sdk-1.0.0-beta1/gnu/riscv64-zephyr-elf/riscv64-zephyr-elf/sys-include/sys/syslimits.h:89:9: note: this is the location of the previous definition
   89 | #define _POSIX_SYMLOOP_MAX      8
      |         ^~~~~~~~~~~~~~~~~~
/scratch2/agustin/zephyr-chipyard-sw/zephyr_ws/zephyr/include/zephyr/posix/posix_limits.h:50:9: warning: "_POSIX_THREAD_DESTRUCTOR_ITERATIONS" redefined
   50 | #define _POSIX_THREAD_DESTRUCTOR_ITERATIONS (4)
      |         ^~~~~~~~~~~~~~~~~~~~~~~~~~~~~~~~~~~
/scratch2/dima/zephyr-chipyard-sw-fresh/tools-manual/zephyr-sdk-1.0.0-beta1/gnu/riscv64-zephyr-elf/riscv64-zephyr-elf/sys-include/sys/syslimits.h:90:9: note: this is the location of the previous definition
   90 | #define _POSIX_THREAD_DESTRUCTOR_ITERATIONS     4
      |         ^~~~~~~~~~~~~~~~~~~~~~~~~~~~~~~~~~~
/scratch2/agustin/zephyr-chipyard-sw/zephyr_ws/zephyr/include/zephyr/posix/posix_limits.h:51:9: warning: "_POSIX_THREAD_KEYS_MAX" redefined
   51 | #define _POSIX_THREAD_KEYS_MAX              (128)
      |         ^~~~~~~~~~~~~~~~~~~~~~
/scratch2/dima/zephyr-chipyard-sw-fresh/tools-manual/zephyr-sdk-1.0.0-beta1/gnu/riscv64-zephyr-elf/riscv64-zephyr-elf/sys-include/sys/syslimits.h:91:9: note: this is the location of the previous definition
   91 | #define _POSIX_THREAD_KEYS_MAX  128
      |         ^~~~~~~~~~~~~~~~~~~~~~
/scratch2/agustin/zephyr-chipyard-sw/zephyr_ws/zephyr/include/zephyr/posix/posix_limits.h:52:9: warning: "_POSIX_THREAD_THREADS_MAX" redefined
   52 | #define _POSIX_THREAD_THREADS_MAX           (64)
      |         ^~~~~~~~~~~~~~~~~~~~~~~~~
/scratch2/dima/zephyr-chipyard-sw-fresh/tools-manual/zephyr-sdk-1.0.0-beta1/gnu/riscv64-zephyr-elf/riscv64-zephyr-elf/sys-include/sys/syslimits.h:92:9: note: this is the location of the previous definition
   92 | #define _POSIX_THREAD_THREADS_MAX       64
      |         ^~~~~~~~~~~~~~~~~~~~~~~~~
/scratch2/agustin/zephyr-chipyard-sw/zephyr_ws/zephyr/include/zephyr/posix/posix_limits.h:53:9: warning: "_POSIX_TIMER_MAX" redefined
   53 | #define _POSIX_TIMER_MAX                    (32)
      |         ^~~~~~~~~~~~~~~~
/scratch2/dima/zephyr-chipyard-sw-fresh/tools-manual/zephyr-sdk-1.0.0-beta1/gnu/riscv64-zephyr-elf/riscv64-zephyr-elf/sys-include/sys/syslimits.h:93:9: note: this is the location of the previous definition
   93 | #define _POSIX_TIMER_MAX        32
      |         ^~~~~~~~~~~~~~~~
/scratch2/agustin/zephyr-chipyard-sw/zephyr_ws/zephyr/include/zephyr/posix/posix_limits.h:54:9: warning: "_POSIX_TRACE_EVENT_NAME_MAX" redefined
   54 | #define _POSIX_TRACE_EVENT_NAME_MAX         (30)
      |         ^~~~~~~~~~~~~~~~~~~~~~~~~~~
/scratch2/dima/zephyr-chipyard-sw-fresh/tools-manual/zephyr-sdk-1.0.0-beta1/gnu/riscv64-zephyr-elf/riscv64-zephyr-elf/sys-include/sys/syslimits.h:94:9: note: this is the location of the previous definition
   94 | #define _POSIX_TRACE_EVENT_NAME_MAX     30
      |         ^~~~~~~~~~~~~~~~~~~~~~~~~~~
/scratch2/agustin/zephyr-chipyard-sw/zephyr_ws/zephyr/include/zephyr/posix/posix_limits.h:55:9: warning: "_POSIX_TRACE_NAME_MAX" redefined
   55 | #define _POSIX_TRACE_NAME_MAX               (8)
      |         ^~~~~~~~~~~~~~~~~~~~~
/scratch2/dima/zephyr-chipyard-sw-fresh/tools-manual/zephyr-sdk-1.0.0-beta1/gnu/riscv64-zephyr-elf/riscv64-zephyr-elf/sys-include/sys/syslimits.h:95:9: note: this is the location of the previous definition
   95 | #define _POSIX_TRACE_NAME_MAX   8
      |         ^~~~~~~~~~~~~~~~~~~~~
/scratch2/agustin/zephyr-chipyard-sw/zephyr_ws/zephyr/include/zephyr/posix/posix_limits.h:56:9: warning: "_POSIX_TRACE_SYS_MAX" redefined
   56 | #define _POSIX_TRACE_SYS_MAX                (8)
      |         ^~~~~~~~~~~~~~~~~~~~
/scratch2/dima/zephyr-chipyard-sw-fresh/tools-manual/zephyr-sdk-1.0.0-beta1/gnu/riscv64-zephyr-elf/riscv64-zephyr-elf/sys-include/sys/syslimits.h:96:9: note: this is the location of the previous definition
   96 | #define _POSIX_TRACE_SYS_MAX    8
      |         ^~~~~~~~~~~~~~~~~~~~
/scratch2/agustin/zephyr-chipyard-sw/zephyr_ws/zephyr/include/zephyr/posix/posix_limits.h:57:9: warning: "_POSIX_TRACE_USER_EVENT_MAX" redefined
   57 | #define _POSIX_TRACE_USER_EVENT_MAX         (32)
      |         ^~~~~~~~~~~~~~~~~~~~~~~~~~~
/scratch2/dima/zephyr-chipyard-sw-fresh/tools-manual/zephyr-sdk-1.0.0-beta1/gnu/riscv64-zephyr-elf/riscv64-zephyr-elf/sys-include/sys/syslimits.h:97:9: note: this is the location of the previous definition
   97 | #define _POSIX_TRACE_USER_EVENT_MAX     32
      |         ^~~~~~~~~~~~~~~~~~~~~~~~~~~
/scratch2/agustin/zephyr-chipyard-sw/zephyr_ws/zephyr/include/zephyr/posix/posix_limits.h:58:9: warning: "_POSIX_TTY_NAME_MAX" redefined
   58 | #define _POSIX_TTY_NAME_MAX                 (9)
      |         ^~~~~~~~~~~~~~~~~~~
/scratch2/dima/zephyr-chipyard-sw-fresh/tools-manual/zephyr-sdk-1.0.0-beta1/gnu/riscv64-zephyr-elf/riscv64-zephyr-elf/sys-include/sys/syslimits.h:98:9: note: this is the location of the previous definition
   98 | #define _POSIX_TTY_NAME_MAX     9
      |         ^~~~~~~~~~~~~~~~~~~
/scratch2/agustin/zephyr-chipyard-sw/zephyr_ws/zephyr/include/zephyr/posix/posix_limits.h:59:9: warning: "_POSIX_TZNAME_MAX" redefined
   59 | #define _POSIX_TZNAME_MAX                   (6)
      |         ^~~~~~~~~~~~~~~~~
/scratch2/dima/zephyr-chipyard-sw-fresh/tools-manual/zephyr-sdk-1.0.0-beta1/gnu/riscv64-zephyr-elf/riscv64-zephyr-elf/sys-include/sys/syslimits.h:99:9: note: this is the location of the previous definition
   99 | #define _POSIX_TZNAME_MAX       3
      |         ^~~~~~~~~~~~~~~~~
/scratch2/agustin/zephyr-chipyard-sw/zephyr_ws/zephyr/include/zephyr/posix/posix_limits.h:60:9: warning: "_POSIX2_BC_BASE_MAX" redefined
   60 | #define _POSIX2_BC_BASE_MAX                 (99)
      |         ^~~~~~~~~~~~~~~~~~~
/scratch2/dima/zephyr-chipyard-sw-fresh/tools-manual/zephyr-sdk-1.0.0-beta1/gnu/riscv64-zephyr-elf/riscv64-zephyr-elf/sys-include/sys/syslimits.h:100:9: note: this is the location of the previous definition
  100 | #define _POSIX2_BC_BASE_MAX     99
      |         ^~~~~~~~~~~~~~~~~~~
/scratch2/agustin/zephyr-chipyard-sw/zephyr_ws/zephyr/include/zephyr/posix/posix_limits.h:61:9: warning: "_POSIX2_BC_DIM_MAX" redefined
   61 | #define _POSIX2_BC_DIM_MAX                  (2048)
      |         ^~~~~~~~~~~~~~~~~~
/scratch2/dima/zephyr-chipyard-sw-fresh/tools-manual/zephyr-sdk-1.0.0-beta1/gnu/riscv64-zephyr-elf/riscv64-zephyr-elf/sys-include/sys/syslimits.h:101:9: note: this is the location of the previous definition
  101 | #define _POSIX2_BC_DIM_MAX      2048
      |         ^~~~~~~~~~~~~~~~~~
/scratch2/agustin/zephyr-chipyard-sw/zephyr_ws/zephyr/include/zephyr/posix/posix_limits.h:62:9: warning: "_POSIX2_BC_SCALE_MAX" redefined
   62 | #define _POSIX2_BC_SCALE_MAX                (99)
      |         ^~~~~~~~~~~~~~~~~~~~
/scratch2/dima/zephyr-chipyard-sw-fresh/tools-manual/zephyr-sdk-1.0.0-beta1/gnu/riscv64-zephyr-elf/riscv64-zephyr-elf/sys-include/sys/syslimits.h:102:9: note: this is the location of the previous definition
  102 | #define _POSIX2_BC_SCALE_MAX    99
      |         ^~~~~~~~~~~~~~~~~~~~
/scratch2/agustin/zephyr-chipyard-sw/zephyr_ws/zephyr/include/zephyr/posix/posix_limits.h:63:9: warning: "_POSIX2_BC_STRING_MAX" redefined
   63 | #define _POSIX2_BC_STRING_MAX               (1000)
      |         ^~~~~~~~~~~~~~~~~~~~~
/scratch2/dima/zephyr-chipyard-sw-fresh/tools-manual/zephyr-sdk-1.0.0-beta1/gnu/riscv64-zephyr-elf/riscv64-zephyr-elf/sys-include/sys/syslimits.h:103:9: note: this is the location of the previous definition
  103 | #define _POSIX2_BC_STRING_MAX   1000
      |         ^~~~~~~~~~~~~~~~~~~~~
/scratch2/agustin/zephyr-chipyard-sw/zephyr_ws/zephyr/include/zephyr/posix/posix_limits.h:64:9: warning: "_POSIX2_CHARCLASS_NAME_MAX" redefined
   64 | #define _POSIX2_CHARCLASS_NAME_MAX          (14)
      |         ^~~~~~~~~~~~~~~~~~~~~~~~~~
/scratch2/dima/zephyr-chipyard-sw-fresh/tools-manual/zephyr-sdk-1.0.0-beta1/gnu/riscv64-zephyr-elf/riscv64-zephyr-elf/sys-include/sys/syslimits.h:104:9: note: this is the location of the previous definition
  104 | #define _POSIX2_CHARCLASS_NAME_MAX      14
      |         ^~~~~~~~~~~~~~~~~~~~~~~~~~
/scratch2/agustin/zephyr-chipyard-sw/zephyr_ws/zephyr/include/zephyr/posix/posix_limits.h:65:9: warning: "_POSIX2_COLL_WEIGHTS_MAX" redefined
   65 | #define _POSIX2_COLL_WEIGHTS_MAX            (2)
      |         ^~~~~~~~~~~~~~~~~~~~~~~~
/scratch2/dima/zephyr-chipyard-sw-fresh/tools-manual/zephyr-sdk-1.0.0-beta1/gnu/riscv64-zephyr-elf/riscv64-zephyr-elf/sys-include/sys/syslimits.h:105:9: note: this is the location of the previous definition
  105 | #define _POSIX2_COLL_WEIGHTS_MAX        2
      |         ^~~~~~~~~~~~~~~~~~~~~~~~
/scratch2/agustin/zephyr-chipyard-sw/zephyr_ws/zephyr/include/zephyr/posix/posix_limits.h:66:9: warning: "_POSIX2_EXPR_NEST_MAX" redefined
   66 | #define _POSIX2_EXPR_NEST_MAX               (32)
      |         ^~~~~~~~~~~~~~~~~~~~~
/scratch2/dima/zephyr-chipyard-sw-fresh/tools-manual/zephyr-sdk-1.0.0-beta1/gnu/riscv64-zephyr-elf/riscv64-zephyr-elf/sys-include/sys/syslimits.h:106:9: note: this is the location of the previous definition
  106 | #define _POSIX2_EXPR_NEST_MAX   32
      |         ^~~~~~~~~~~~~~~~~~~~~
/scratch2/agustin/zephyr-chipyard-sw/zephyr_ws/zephyr/include/zephyr/posix/posix_limits.h:67:9: warning: "_POSIX2_LINE_MAX" redefined
   67 | #define _POSIX2_LINE_MAX                    (2048)
      |         ^~~~~~~~~~~~~~~~
/scratch2/dima/zephyr-chipyard-sw-fresh/tools-manual/zephyr-sdk-1.0.0-beta1/gnu/riscv64-zephyr-elf/riscv64-zephyr-elf/sys-include/sys/syslimits.h:107:9: note: this is the location of the previous definition
  107 | #define _POSIX2_LINE_MAX        2048
      |         ^~~~~~~~~~~~~~~~
/scratch2/agustin/zephyr-chipyard-sw/zephyr_ws/zephyr/include/zephyr/posix/posix_limits.h:83:9: warning: "ARG_MAX" redefined
   83 | #define ARG_MAX                       _POSIX_ARG_MAX
      |         ^~~~~~~
/scratch2/dima/zephyr-chipyard-sw-fresh/tools-manual/zephyr-sdk-1.0.0-beta1/gnu/riscv64-zephyr-elf/riscv64-zephyr-elf/sys-include/sys/syslimits.h:41:9: note: this is the location of the previous definition
   41 | #define ARG_MAX                 65536   /* max bytes for an exec function */
      |         ^~~~~~~
/scratch2/agustin/zephyr-chipyard-sw/zephyr_ws/zephyr/include/zephyr/posix/posix_limits.h:84:9: warning: "ATEXIT_MAX" redefined
   84 | #define ATEXIT_MAX                    (32)
      |         ^~~~~~~~~~
/scratch2/dima/zephyr-chipyard-sw-fresh/tools-manual/zephyr-sdk-1.0.0-beta1/gnu/riscv64-zephyr-elf/riscv64-zephyr-elf/sys-include/sys/syslimits.h:42:9: note: this is the location of the previous definition
   42 | #define ATEXIT_MAX                 32   /* max atexit functions */
      |         ^~~~~~~~~~
/scratch2/agustin/zephyr-chipyard-sw/zephyr_ws/zephyr/include/zephyr/posix/posix_limits.h:93:9: warning: "OPEN_MAX" redefined
   93 | #define OPEN_MAX                      CONFIG_POSIX_OPEN_MAX
      |         ^~~~~~~~
/scratch2/dima/zephyr-chipyard-sw-fresh/tools-manual/zephyr-sdk-1.0.0-beta1/gnu/riscv64-zephyr-elf/riscv64-zephyr-elf/sys-include/sys/syslimits.h:45:9: note: this is the location of the previous definition
   45 | #define OPEN_MAX                   64   /* max open files per process */
      |         ^~~~~~~~
/scratch2/agustin/zephyr-chipyard-sw/zephyr_ws/zephyr/include/zephyr/posix/posix_limits.h:96:9: warning: "PATH_MAX" redefined
   96 | #define PATH_MAX                      _POSIX_PATH_MAX
      |         ^~~~~~~~
/scratch2/dima/zephyr-chipyard-sw-fresh/tools-manual/zephyr-sdk-1.0.0-beta1/gnu/riscv64-zephyr-elf/riscv64-zephyr-elf/sys-include/sys/syslimits.h:53:9: note: this is the location of the previous definition
   53 | #define PATH_MAX                 1024   /* max bytes in pathname */
      |         ^~~~~~~~
/scratch2/agustin/zephyr-chipyard-sw/zephyr_ws/zephyr/include/zephyr/posix/posix_limits.h:114:9: warning: "TZNAME_MAX" redefined
  114 | #define TZNAME_MAX                    _POSIX_TZNAME_MAX
      |         ^~~~~~~~~~
/scratch2/dima/zephyr-chipyard-sw-fresh/tools-manual/zephyr-sdk-1.0.0-beta1/gnu/riscv64-zephyr-elf/riscv64-zephyr-elf/sys-include/sys/syslimits.h:46:9: note: this is the location of the previous definition
   46 | #define TZNAME_MAX                 10   /* max time zone name length */
      |         ^~~~~~~~~~
[12/202] Generating include/generated/zephyr/offsets.h
[13/202] Generating include/generated/zephyr/version.h
-- Zephyr version: 4.2.99 (/scratch2/agustin/zephyr-chipyard-sw/zephyr_ws/zephyr), build: 852bb170cc56
[14/202] Building C object zephyr/CMakeFiles/zephyr.dir/lib/utils/last_section_id.c.obj
[15/202] Building ASM object zephyr/CMakeFiles/zephyr.dir/soc/common/riscv-privileged/vector.S.obj
[16/202] Building C object CMakeFiles/app.dir/scratch2/agustin/ModelBlaster/examples/xpurt_demo/int8/generated/xpurt_demo_schedule.c.obj
[17/202] Building C object zephyr/CMakeFiles/zephyr.dir/soc/rocketchip/virt_riscv/common/tacit/tacit.c.obj
In file included from /scratch2/agustin/zephyr-chipyard-sw/zephyr_ws/zephyr/soc/rocketchip/virt_riscv/common/tacit/tacit.c:6:
/scratch2/agustin/zephyr-chipyard-sw/zephyr_ws/zephyr/soc/rocketchip/virt_riscv/common/tacit/tacit.h: In function 'l_trace_encoder_get':
/scratch2/agustin/zephyr-chipyard-sw/zephyr_ws/zephyr/soc/rocketchip/virt_riscv/common/tacit/tacit.h:50:10: warning: cast to pointer from integer of different size [-Wint-to-pointer-cast]
   50 |   return (LTraceEncoderType *)(L_TRACE_ENCODER_BASE_ADDRESS + hart_id * 0x1000);
      |          ^
/scratch2/agustin/zephyr-chipyard-sw/zephyr_ws/zephyr/soc/rocketchip/virt_riscv/common/tacit/tacit.h: In function 'l_trace_sink_dma_get':
/scratch2/agustin/zephyr-chipyard-sw/zephyr_ws/zephyr/soc/rocketchip/virt_riscv/common/tacit/tacit.h:54:10: warning: cast to pointer from integer of different size [-Wint-to-pointer-cast]
   54 |   return (LTraceSinkDmaType *)(L_TRACE_SINK_DMA_BASE_ADDRESS + hart_id * 0x1000);
      |          ^
[18/202] Building ASM object zephyr/CMakeFiles/zephyr.dir/soc/common/riscv-privileged/soc_irq.S.obj
[19/202] Building C object zephyr/CMakeFiles/zephyr.dir/misc/generated/configs.c.obj
[20/202] Building ASM object zephyr/arch/arch/riscv/core/CMakeFiles/arch__riscv__core.dir/switch.S.obj
[21/202] Building C object zephyr/CMakeFiles/zephyr.dir/lib/libc/validate_libc.c.obj
[22/202] Building C object zephyr/CMakeFiles/zephyr.dir/lib/hash/hash_func32_djb2.c.obj
[23/202] Building C object zephyr/CMakeFiles/zephyr.dir/lib/hash/hash_func32_murmur3.c.obj
[24/202] Generating linker_zephyr_pre0.cmd
[25/202] Building C object zephyr/arch/common/CMakeFiles/arch__common.dir/sw_isr_common.c.obj
[26/202] Building C object zephyr/arch/common/CMakeFiles/arch__common.dir/init.c.obj
[27/202] Building C object zephyr/CMakeFiles/zephyr.dir/lib/os/sem.c.obj
[28/202] Building C object zephyr/CMakeFiles/zephyr.dir/lib/os/assert.c.obj
[29/202] Building C object zephyr/CMakeFiles/zephyr.dir/lib/utils/bitmask.c.obj
[30/202] Building ASM object zephyr/arch/arch/riscv/core/CMakeFiles/arch__riscv__core.dir/fpu.S.obj
[31/202] Building C object zephyr/CMakeFiles/zephyr.dir/lib/os/reboot.c.obj
[32/202] Building C object zephyr/CMakeFiles/zephyr.dir/lib/utils/hex.c.obj
[33/202] Building C object zephyr/CMakeFiles/zephyr.dir/subsys/tracing/tracing_none.c.obj
[34/202] Building C object zephyr/arch/arch/riscv/core/CMakeFiles/arch__riscv__core.dir/cpu_idle.c.obj
[35/202] Building C object zephyr/CMakeFiles/zephyr.dir/lib/utils/dec.c.obj
[36/202] Building C object zephyr/arch/common/CMakeFiles/arch__common.dir/multilevel_irq.c.obj
[37/202] Building C object zephyr/arch/common/CMakeFiles/arch__common.dir/timing.c.obj
[38/202] Building C object zephyr/arch/arch/riscv/core/CMakeFiles/arch__riscv__core.dir/thread.c.obj
[39/202] Building C object zephyr/CMakeFiles/zephyr.dir/soc/rocketchip/virt_riscv/common/soc.c.obj
[40/202] Building C object zephyr/CMakeFiles/zephyr.dir/lib/os/printk.c.obj
[41/202] Building C object zephyr/CMakeFiles/zephyr.dir/lib/os/thread_entry.c.obj
[42/202] Building C object zephyr/CMakeFiles/zephyr.dir/lib/utils/timeutil.c.obj
[43/202] Building C object zephyr/CMakeFiles/zephyr.dir/soc/common/riscv-privileged/soc_common_irq.c.obj
[44/202] Building C object zephyr/arch/common/CMakeFiles/isr_tables.dir/isr_tables.c.obj
[45/202] Building ASM object zephyr/arch/arch/riscv/core/CMakeFiles/arch__riscv__core.dir/isr.S.obj
[46/202] Building C object zephyr/arch/arch/riscv/core/CMakeFiles/arch__riscv__core.dir/irq_manage.c.obj
[47/202] Building C object zephyr/arch/arch/riscv/core/CMakeFiles/arch__riscv__core.dir/ipi.c.obj
[48/202] Building C object zephyr/arch/arch/riscv/core/CMakeFiles/arch__riscv__core.dir/reboot.c.obj
[49/202] Building ASM object zephyr/arch/arch/riscv/core/CMakeFiles/arch__riscv__core.dir/reset.S.obj
[50/202] Building C object zephyr/arch/arch/riscv/core/CMakeFiles/arch__riscv__core.dir/prep_c.c.obj
[51/202] Building C object zephyr/CMakeFiles/zephyr.dir/lib/os/clock.c.obj
[52/202] Building C object zephyr/arch/arch/riscv/core/CMakeFiles/arch__riscv__core.dir/tls.c.obj
[53/202] Generating ../../../include/generated/posix/strsignal_table.h
[54/202] Building C object zephyr/arch/arch/riscv/core/CMakeFiles/arch__riscv__core.dir/smp.c.obj
[55/202] Linking C static library zephyr/arch/common/libisr_tables.a
[56/202] Building C object zephyr/lib/libc/picolibc/CMakeFiles/lib__libc__picolibc.dir/exit.c.obj
[57/202] Building C object zephyr/CMakeFiles/zephyr.dir/lib/utils/ring_buffer.c.obj
[58/202] Building C object zephyr/arch/arch/riscv/core/CMakeFiles/arch__riscv__core.dir/fatal.c.obj
[59/202] Building C object CMakeFiles/app.dir/scratch2/agustin/ModelBlaster/examples/xpurt_demo/int8/generated/xpurt_demo_schedule_main.c.obj
/scratch2/agustin/ModelBlaster/examples/xpurt_demo/int8/generated/xpurt_demo_schedule_main.c:25:9: warning: "MODELBLASTER_DISABLE_UNMANGLED" redefined
   25 | #define MODELBLASTER_DISABLE_UNMANGLED
      |         ^~~~~~~~~~~~~~~~~~~~~~~~~~~~~~
<command-line>: note: this is the location of the previous definition
In file included from /scratch2/agustin/zephyr-chipyard-sw/zephyr_ws/zephyr/include/zephyr/posix/sys/sysconf.h:11,
                 from /scratch2/agustin/zephyr-chipyard-sw/zephyr_ws/zephyr/include/zephyr/posix/unistd.h:18,
                 from /scratch2/agustin/zephyr-chipyard-sw/zephyr_ws/zephyr/include/zephyr/posix/pthread.h:15,
                 from /scratch2/agustin/ModelBlaster/examples/xpurt_demo/int8/generated/xpurt_demo_schedule_main.c:30:
/scratch2/agustin/zephyr-chipyard-sw/zephyr_ws/zephyr/include/zephyr/posix/posix_limits.h:23:9: warning: "_POSIX_AIO_LISTIO_MAX" redefined
   23 | #define _POSIX_AIO_LISTIO_MAX               (2)
      |         ^~~~~~~~~~~~~~~~~~~~~
In file included from /scratch2/dima/zephyr-chipyard-sw-fresh/tools-manual/zephyr-sdk-1.0.0-beta1/gnu/riscv64-zephyr-elf/riscv64-zephyr-elf/sys-include/limits.h:6,
                 from /scratch2/dima/zephyr-chipyard-sw-fresh/tools-manual/zephyr-sdk-1.0.0-beta1/gnu/riscv64-zephyr-elf/lib/gcc/riscv64-zephyr-elf/14.3.0/include/limits.h:210,
                 from /scratch2/dima/zephyr-chipyard-sw-fresh/tools-manual/zephyr-sdk-1.0.0-beta1/gnu/riscv64-zephyr-elf/lib/gcc/riscv64-zephyr-elf/14.3.0/include/syslimits.h:7,
                 from /scratch2/dima/zephyr-chipyard-sw-fresh/tools-manual/zephyr-sdk-1.0.0-beta1/gnu/riscv64-zephyr-elf/lib/gcc/riscv64-zephyr-elf/14.3.0/include/limits.h:34,
                 from /scratch2/agustin/zephyr-chipyard-sw/zephyr_ws/zephyr/include/zephyr/kernel_includes.h:22,
                 from /scratch2/agustin/zephyr-chipyard-sw/zephyr_ws/zephyr/include/zephyr/kernel.h:17,
                 from /scratch2/agustin/zephyr-chipyard-sw/zephyr_ws/zephyr/include/zephyr/posix/pthread.h:14:
/scratch2/dima/zephyr-chipyard-sw-fresh/tools-manual/zephyr-sdk-1.0.0-beta1/gnu/riscv64-zephyr-elf/riscv64-zephyr-elf/sys-include/sys/syslimits.h:63:9: note: this is the location of the previous definition
   63 | #define _POSIX_AIO_LISTIO_MAX   2
      |         ^~~~~~~~~~~~~~~~~~~~~
/scratch2/agustin/zephyr-chipyard-sw/zephyr_ws/zephyr/include/zephyr/posix/posix_limits.h:24:9: warning: "_POSIX_AIO_MAX" redefined
   24 | #define _POSIX_AIO_MAX                      (1)
      |         ^~~~~~~~~~~~~~
/scratch2/dima/zephyr-chipyard-sw-fresh/tools-manual/zephyr-sdk-1.0.0-beta1/gnu/riscv64-zephyr-elf/riscv64-zephyr-elf/sys-include/sys/syslimits.h:64:9: note: this is the location of the previous definition
   64 | #define _POSIX_AIO_MAX          1
      |         ^~~~~~~~~~~~~~
/scratch2/agustin/zephyr-chipyard-sw/zephyr_ws/zephyr/include/zephyr/posix/posix_limits.h:25:9: warning: "_POSIX_ARG_MAX" redefined
   25 | #define _POSIX_ARG_MAX                      (4096)
      |         ^~~~~~~~~~~~~~
/scratch2/dima/zephyr-chipyard-sw-fresh/tools-manual/zephyr-sdk-1.0.0-beta1/gnu/riscv64-zephyr-elf/riscv64-zephyr-elf/sys-include/sys/syslimits.h:65:9: note: this is the location of the previous definition
   65 | #define _POSIX_ARG_MAX          4096
      |         ^~~~~~~~~~~~~~
/scratch2/agustin/zephyr-chipyard-sw/zephyr_ws/zephyr/include/zephyr/posix/posix_limits.h:26:9: warning: "_POSIX_CHILD_MAX" redefined
   26 | #define _POSIX_CHILD_MAX                    (25)
      |         ^~~~~~~~~~~~~~~~
/scratch2/dima/zephyr-chipyard-sw-fresh/tools-manual/zephyr-sdk-1.0.0-beta1/gnu/riscv64-zephyr-elf/riscv64-zephyr-elf/sys-include/sys/syslimits.h:66:9: note: this is the location of the previous definition
   66 | #define _POSIX_CHILD_MAX        6
      |         ^~~~~~~~~~~~~~~~
/scratch2/agustin/zephyr-chipyard-sw/zephyr_ws/zephyr/include/zephyr/posix/posix_limits.h:27:9: warning: "_POSIX_DELAYTIMER_MAX" redefined
   27 | #define _POSIX_DELAYTIMER_MAX               (32)
      |         ^~~~~~~~~~~~~~~~~~~~~
/scratch2/dima/zephyr-chipyard-sw-fresh/tools-manual/zephyr-sdk-1.0.0-beta1/gnu/riscv64-zephyr-elf/riscv64-zephyr-elf/sys-include/sys/syslimits.h:67:9: note: this is the location of the previous definition
   67 | #define _POSIX_DELAYTIMER_MAX   32
      |         ^~~~~~~~~~~~~~~~~~~~~
/scratch2/agustin/zephyr-chipyard-sw/zephyr_ws/zephyr/include/zephyr/posix/posix_limits.h:28:9: warning: "_POSIX_HOST_NAME_MAX" redefined
   28 | #define _POSIX_HOST_NAME_MAX                (255)
      |         ^~~~~~~~~~~~~~~~~~~~
/scratch2/dima/zephyr-chipyard-sw-fresh/tools-manual/zephyr-sdk-1.0.0-beta1/gnu/riscv64-zephyr-elf/riscv64-zephyr-elf/sys-include/sys/syslimits.h:68:9: note: this is the location of the previous definition
   68 | #define _POSIX_HOST_NAME_MAX    255
      |         ^~~~~~~~~~~~~~~~~~~~
/scratch2/agustin/zephyr-chipyard-sw/zephyr_ws/zephyr/include/zephyr/posix/posix_limits.h:29:9: warning: "_POSIX_LINK_MAX" redefined
   29 | #define _POSIX_LINK_MAX                     (8)
      |         ^~~~~~~~~~~~~~~
/scratch2/dima/zephyr-chipyard-sw-fresh/tools-manual/zephyr-sdk-1.0.0-beta1/gnu/riscv64-zephyr-elf/riscv64-zephyr-elf/sys-include/sys/syslimits.h:69:9: note: this is the location of the previous definition
   69 | #define _POSIX_LINK_MAX         8
      |         ^~~~~~~~~~~~~~~
/scratch2/agustin/zephyr-chipyard-sw/zephyr_ws/zephyr/include/zephyr/posix/posix_limits.h:30:9: warning: "_POSIX_LOGIN_NAME_MAX" redefined
   30 | #define _POSIX_LOGIN_NAME_MAX               (9)
      |         ^~~~~~~~~~~~~~~~~~~~~
/scratch2/dima/zephyr-chipyard-sw-fresh/tools-manual/zephyr-sdk-1.0.0-beta1/gnu/riscv64-zephyr-elf/riscv64-zephyr-elf/sys-include/sys/syslimits.h:70:9: note: this is the location of the previous definition
   70 | #define _POSIX_LOGIN_NAME_MAX   9
      |         ^~~~~~~~~~~~~~~~~~~~~
/scratch2/agustin/zephyr-chipyard-sw/zephyr_ws/zephyr/include/zephyr/posix/posix_limits.h:31:9: warning: "_POSIX_MAX_CANON" redefined
   31 | #define _POSIX_MAX_CANON                    (255)
      |         ^~~~~~~~~~~~~~~~
/scratch2/dima/zephyr-chipyard-sw-fresh/tools-manual/zephyr-sdk-1.0.0-beta1/gnu/riscv64-zephyr-elf/riscv64-zephyr-elf/sys-include/sys/syslimits.h:71:9: note: this is the location of the previous definition
   71 | #define _POSIX_MAX_CANON        255
      |         ^~~~~~~~~~~~~~~~
/scratch2/agustin/zephyr-chipyard-sw/zephyr_ws/zephyr/include/zephyr/posix/posix_limits.h:32:9: warning: "_POSIX_MAX_INPUT" redefined
   32 | #define _POSIX_MAX_INPUT                    (255)
      |         ^~~~~~~~~~~~~~~~
/scratch2/dima/zephyr-chipyard-sw-fresh/tools-manual/zephyr-sdk-1.0.0-beta1/gnu/riscv64-zephyr-elf/riscv64-zephyr-elf/sys-include/sys/syslimits.h:72:9: note: this is the location of the previous definition
   72 | #define _POSIX_MAX_INPUT        255
      |         ^~~~~~~~~~~~~~~~
/scratch2/agustin/zephyr-chipyard-sw/zephyr_ws/zephyr/include/zephyr/posix/posix_limits.h:33:9: warning: "_POSIX_MQ_OPEN_MAX" redefined
   33 | #define _POSIX_MQ_OPEN_MAX                  (8)
      |         ^~~~~~~~~~~~~~~~~~
/scratch2/dima/zephyr-chipyard-sw-fresh/tools-manual/zephyr-sdk-1.0.0-beta1/gnu/riscv64-zephyr-elf/riscv64-zephyr-elf/sys-include/sys/syslimits.h:73:9: note: this is the location of the previous definition
   73 | #define _POSIX_MQ_OPEN_MAX      8
      |         ^~~~~~~~~~~~~~~~~~
/scratch2/agustin/zephyr-chipyard-sw/zephyr_ws/zephyr/include/zephyr/posix/posix_limits.h:34:9: warning: "_POSIX_MQ_PRIO_MAX" redefined
   34 | #define _POSIX_MQ_PRIO_MAX                  (32)
      |         ^~~~~~~~~~~~~~~~~~
/scratch2/dima/zephyr-chipyard-sw-fresh/tools-manual/zephyr-sdk-1.0.0-beta1/gnu/riscv64-zephyr-elf/riscv64-zephyr-elf/sys-include/sys/syslimits.h:74:9: note: this is the location of the previous definition
   74 | #define _POSIX_MQ_PRIO_MAX      32
      |         ^~~~~~~~~~~~~~~~~~
/scratch2/agustin/zephyr-chipyard-sw/zephyr_ws/zephyr/include/zephyr/posix/posix_limits.h:35:9: warning: "_POSIX_NAME_MAX" redefined
   35 | #define _POSIX_NAME_MAX                     (14)
      |         ^~~~~~~~~~~~~~~
/scratch2/dima/zephyr-chipyard-sw-fresh/tools-manual/zephyr-sdk-1.0.0-beta1/gnu/riscv64-zephyr-elf/riscv64-zephyr-elf/sys-include/sys/syslimits.h:75:9: note: this is the location of the previous definition
   75 | #define _POSIX_NAME_MAX         14
      |         ^~~~~~~~~~~~~~~
/scratch2/agustin/zephyr-chipyard-sw/zephyr_ws/zephyr/include/zephyr/posix/posix_limits.h:36:9: warning: "_POSIX_NGROUPS_MAX" redefined
   36 | #define _POSIX_NGROUPS_MAX                  (8)
      |         ^~~~~~~~~~~~~~~~~~
/scratch2/dima/zephyr-chipyard-sw-fresh/tools-manual/zephyr-sdk-1.0.0-beta1/gnu/riscv64-zephyr-elf/riscv64-zephyr-elf/sys-include/sys/syslimits.h:76:9: note: this is the location of the previous definition
   76 | #define _POSIX_NGROUPS_MAX      0
      |         ^~~~~~~~~~~~~~~~~~
/scratch2/agustin/zephyr-chipyard-sw/zephyr_ws/zephyr/include/zephyr/posix/posix_limits.h:37:9: warning: "_POSIX_OPEN_MAX" redefined
   37 | #define _POSIX_OPEN_MAX                     (20)
      |         ^~~~~~~~~~~~~~~
/scratch2/dima/zephyr-chipyard-sw-fresh/tools-manual/zephyr-sdk-1.0.0-beta1/gnu/riscv64-zephyr-elf/riscv64-zephyr-elf/sys-include/sys/syslimits.h:77:9: note: this is the location of the previous definition
   77 | #define _POSIX_OPEN_MAX         16
      |         ^~~~~~~~~~~~~~~
/scratch2/agustin/zephyr-chipyard-sw/zephyr_ws/zephyr/include/zephyr/posix/posix_limits.h:38:9: warning: "_POSIX_PATH_MAX" redefined
   38 | #define _POSIX_PATH_MAX                     (256)
      |         ^~~~~~~~~~~~~~~
/scratch2/dima/zephyr-chipyard-sw-fresh/tools-manual/zephyr-sdk-1.0.0-beta1/gnu/riscv64-zephyr-elf/riscv64-zephyr-elf/sys-include/sys/syslimits.h:78:9: note: this is the location of the previous definition
   78 | #define _POSIX_PATH_MAX         255
      |         ^~~~~~~~~~~~~~~
/scratch2/agustin/zephyr-chipyard-sw/zephyr_ws/zephyr/include/zephyr/posix/posix_limits.h:39:9: warning: "_POSIX_PIPE_BUF" redefined
   39 | #define _POSIX_PIPE_BUF                     (512)
      |         ^~~~~~~~~~~~~~~
/scratch2/dima/zephyr-chipyard-sw-fresh/tools-manual/zephyr-sdk-1.0.0-beta1/gnu/riscv64-zephyr-elf/riscv64-zephyr-elf/sys-include/sys/syslimits.h:79:9: note: this is the location of the previous definition
   79 | #define _POSIX_PIPE_BUF         512
      |         ^~~~~~~~~~~~~~~
/scratch2/agustin/zephyr-chipyard-sw/zephyr_ws/zephyr/include/zephyr/posix/posix_limits.h:40:9: warning: "_POSIX_RE_DUP_MAX" redefined
   40 | #define _POSIX_RE_DUP_MAX                   (255)
      |         ^~~~~~~~~~~~~~~~~
/scratch2/dima/zephyr-chipyard-sw-fresh/tools-manual/zephyr-sdk-1.0.0-beta1/gnu/riscv64-zephyr-elf/riscv64-zephyr-elf/sys-include/sys/syslimits.h:80:9: note: this is the location of the previous definition
   80 | #define _POSIX_RE_DUP_MAX       255
      |         ^~~~~~~~~~~~~~~~~
/scratch2/agustin/zephyr-chipyard-sw/zephyr_ws/zephyr/include/zephyr/posix/posix_limits.h:41:9: warning: "_POSIX_RTSIG_MAX" redefined
   41 | #define _POSIX_RTSIG_MAX                    (8)
      |         ^~~~~~~~~~~~~~~~
/scratch2/dima/zephyr-chipyard-sw-fresh/tools-manual/zephyr-sdk-1.0.0-beta1/gnu/riscv64-zephyr-elf/riscv64-zephyr-elf/sys-include/sys/syslimits.h:81:9: note: this is the location of the previous definition
   81 | #define _POSIX_RTSIG_MAX        8
      |         ^~~~~~~~~~~~~~~~
/scratch2/agustin/zephyr-chipyard-sw/zephyr_ws/zephyr/include/zephyr/posix/posix_limits.h:42:9: warning: "_POSIX_SEM_NSEMS_MAX" redefined
   42 | #define _POSIX_SEM_NSEMS_MAX                (256)
      |         ^~~~~~~~~~~~~~~~~~~~
/scratch2/dima/zephyr-chipyard-sw-fresh/tools-manual/zephyr-sdk-1.0.0-beta1/gnu/riscv64-zephyr-elf/riscv64-zephyr-elf/sys-include/sys/syslimits.h:82:9: note: this is the location of the previous definition
   82 | #define _POSIX_SEM_NSEMS_MAX    256
      |         ^~~~~~~~~~~~~~~~~~~~
/scratch2/agustin/zephyr-chipyard-sw/zephyr_ws/zephyr/include/zephyr/posix/posix_limits.h:43:9: warning: "_POSIX_SEM_VALUE_MAX" redefined
   43 | #define _POSIX_SEM_VALUE_MAX                (32767)
      |         ^~~~~~~~~~~~~~~~~~~~
/scratch2/dima/zephyr-chipyard-sw-fresh/tools-manual/zephyr-sdk-1.0.0-beta1/gnu/riscv64-zephyr-elf/riscv64-zephyr-elf/sys-include/sys/syslimits.h:83:9: note: this is the location of the previous definition
   83 | #define _POSIX_SEM_VALUE_MAX    32767
      |         ^~~~~~~~~~~~~~~~~~~~
/scratch2/agustin/zephyr-chipyard-sw/zephyr_ws/zephyr/include/zephyr/posix/posix_limits.h:44:9: warning: "_POSIX_SIGQUEUE_MAX" redefined
   44 | #define _POSIX_SIGQUEUE_MAX                 (32)
      |         ^~~~~~~~~~~~~~~~~~~
/scratch2/dima/zephyr-chipyard-sw-fresh/tools-manual/zephyr-sdk-1.0.0-beta1/gnu/riscv64-zephyr-elf/riscv64-zephyr-elf/sys-include/sys/syslimits.h:84:9: note: this is the location of the previous definition
   84 | #define _POSIX_SIGQUEUE_MAX     32
      |         ^~~~~~~~~~~~~~~~~~~
/scratch2/agustin/zephyr-chipyard-sw/zephyr_ws/zephyr/include/zephyr/posix/posix_limits.h:45:9: warning: "_POSIX_SSIZE_MAX" redefined
   45 | #define _POSIX_SSIZE_MAX                    (32767)
      |         ^~~~~~~~~~~~~~~~
/scratch2/dima/zephyr-chipyard-sw-fresh/tools-manual/zephyr-sdk-1.0.0-beta1/gnu/riscv64-zephyr-elf/riscv64-zephyr-elf/sys-include/sys/syslimits.h:85:9: note: this is the location of the previous definition
   85 | #define _POSIX_SSIZE_MAX        32767
      |         ^~~~~~~~~~~~~~~~
/scratch2/agustin/zephyr-chipyard-sw/zephyr_ws/zephyr/include/zephyr/posix/posix_limits.h:46:9: warning: "_POSIX_SS_REPL_MAX" redefined
   46 | #define _POSIX_SS_REPL_MAX                  (4)
      |         ^~~~~~~~~~~~~~~~~~
/scratch2/dima/zephyr-chipyard-sw-fresh/tools-manual/zephyr-sdk-1.0.0-beta1/gnu/riscv64-zephyr-elf/riscv64-zephyr-elf/sys-include/sys/syslimits.h:86:9: note: this is the location of the previous definition
   86 | #define _POSIX_SS_REPL_MAX      4
      |         ^~~~~~~~~~~~~~~~~~
/scratch2/agustin/zephyr-chipyard-sw/zephyr_ws/zephyr/include/zephyr/posix/posix_limits.h:47:9: warning: "_POSIX_STREAM_MAX" redefined
   47 | #define _POSIX_STREAM_MAX                   (8)
      |         ^~~~~~~~~~~~~~~~~
/scratch2/dima/zephyr-chipyard-sw-fresh/tools-manual/zephyr-sdk-1.0.0-beta1/gnu/riscv64-zephyr-elf/riscv64-zephyr-elf/sys-include/sys/syslimits.h:87:9: note: this is the location of the previous definition
   87 | #define _POSIX_STREAM_MAX       8
      |         ^~~~~~~~~~~~~~~~~
/scratch2/agustin/zephyr-chipyard-sw/zephyr_ws/zephyr/include/zephyr/posix/posix_limits.h:48:9: warning: "_POSIX_SYMLINK_MAX" redefined
   48 | #define _POSIX_SYMLINK_MAX                  (255)
      |         ^~~~~~~~~~~~~~~~~~
/scratch2/dima/zephyr-chipyard-sw-fresh/tools-manual/zephyr-sdk-1.0.0-beta1/gnu/riscv64-zephyr-elf/riscv64-zephyr-elf/sys-include/sys/syslimits.h:88:9: note: this is the location of the previous definition
   88 | #define _POSIX_SYMLINK_MAX      255
      |         ^~~~~~~~~~~~~~~~~~
/scratch2/agustin/zephyr-chipyard-sw/zephyr_ws/zephyr/include/zephyr/posix/posix_limits.h:49:9: warning: "_POSIX_SYMLOOP_MAX" redefined
   49 | #define _POSIX_SYMLOOP_MAX                  (8)
      |         ^~~~~~~~~~~~~~~~~~
/scratch2/dima/zephyr-chipyard-sw-fresh/tools-manual/zephyr-sdk-1.0.0-beta1/gnu/riscv64-zephyr-elf/riscv64-zephyr-elf/sys-include/sys/syslimits.h:89:9: note: this is the location of the previous definition
   89 | #define _POSIX_SYMLOOP_MAX      8
      |         ^~~~~~~~~~~~~~~~~~
/scratch2/agustin/zephyr-chipyard-sw/zephyr_ws/zephyr/include/zephyr/posix/posix_limits.h:50:9: warning: "_POSIX_THREAD_DESTRUCTOR_ITERATIONS" redefined
   50 | #define _POSIX_THREAD_DESTRUCTOR_ITERATIONS (4)
      |         ^~~~~~~~~~~~~~~~~~~~~~~~~~~~~~~~~~~
/scratch2/dima/zephyr-chipyard-sw-fresh/tools-manual/zephyr-sdk-1.0.0-beta1/gnu/riscv64-zephyr-elf/riscv64-zephyr-elf/sys-include/sys/syslimits.h:90:9: note: this is the location of the previous definition
   90 | #define _POSIX_THREAD_DESTRUCTOR_ITERATIONS     4
      |         ^~~~~~~~~~~~~~~~~~~~~~~~~~~~~~~~~~~
/scratch2/agustin/zephyr-chipyard-sw/zephyr_ws/zephyr/include/zephyr/posix/posix_limits.h:51:9: warning: "_POSIX_THREAD_KEYS_MAX" redefined
   51 | #define _POSIX_THREAD_KEYS_MAX              (128)
      |         ^~~~~~~~~~~~~~~~~~~~~~
/scratch2/dima/zephyr-chipyard-sw-fresh/tools-manual/zephyr-sdk-1.0.0-beta1/gnu/riscv64-zephyr-elf/riscv64-zephyr-elf/sys-include/sys/syslimits.h:91:9: note: this is the location of the previous definition
   91 | #define _POSIX_THREAD_KEYS_MAX  128
      |         ^~~~~~~~~~~~~~~~~~~~~~
/scratch2/agustin/zephyr-chipyard-sw/zephyr_ws/zephyr/include/zephyr/posix/posix_limits.h:52:9: warning: "_POSIX_THREAD_THREADS_MAX" redefined
   52 | #define _POSIX_THREAD_THREADS_MAX           (64)
      |         ^~~~~~~~~~~~~~~~~~~~~~~~~
/scratch2/dima/zephyr-chipyard-sw-fresh/tools-manual/zephyr-sdk-1.0.0-beta1/gnu/riscv64-zephyr-elf/riscv64-zephyr-elf/sys-include/sys/syslimits.h:92:9: note: this is the location of the previous definition
   92 | #define _POSIX_THREAD_THREADS_MAX       64
      |         ^~~~~~~~~~~~~~~~~~~~~~~~~
/scratch2/agustin/zephyr-chipyard-sw/zephyr_ws/zephyr/include/zephyr/posix/posix_limits.h:53:9: warning: "_POSIX_TIMER_MAX" redefined
   53 | #define _POSIX_TIMER_MAX                    (32)
      |         ^~~~~~~~~~~~~~~~
/scratch2/dima/zephyr-chipyard-sw-fresh/tools-manual/zephyr-sdk-1.0.0-beta1/gnu/riscv64-zephyr-elf/riscv64-zephyr-elf/sys-include/sys/syslimits.h:93:9: note: this is the location of the previous definition
   93 | #define _POSIX_TIMER_MAX        32
      |         ^~~~~~~~~~~~~~~~
/scratch2/agustin/zephyr-chipyard-sw/zephyr_ws/zephyr/include/zephyr/posix/posix_limits.h:54:9: warning: "_POSIX_TRACE_EVENT_NAME_MAX" redefined
   54 | #define _POSIX_TRACE_EVENT_NAME_MAX         (30)
      |         ^~~~~~~~~~~~~~~~~~~~~~~~~~~
/scratch2/dima/zephyr-chipyard-sw-fresh/tools-manual/zephyr-sdk-1.0.0-beta1/gnu/riscv64-zephyr-elf/riscv64-zephyr-elf/sys-include/sys/syslimits.h:94:9: note: this is the location of the previous definition
   94 | #define _POSIX_TRACE_EVENT_NAME_MAX     30
      |         ^~~~~~~~~~~~~~~~~~~~~~~~~~~
/scratch2/agustin/zephyr-chipyard-sw/zephyr_ws/zephyr/include/zephyr/posix/posix_limits.h:55:9: warning: "_POSIX_TRACE_NAME_MAX" redefined
   55 | #define _POSIX_TRACE_NAME_MAX               (8)
      |         ^~~~~~~~~~~~~~~~~~~~~
/scratch2/dima/zephyr-chipyard-sw-fresh/tools-manual/zephyr-sdk-1.0.0-beta1/gnu/riscv64-zephyr-elf/riscv64-zephyr-elf/sys-include/sys/syslimits.h:95:9: note: this is the location of the previous definition
   95 | #define _POSIX_TRACE_NAME_MAX   8
      |         ^~~~~~~~~~~~~~~~~~~~~
/scratch2/agustin/zephyr-chipyard-sw/zephyr_ws/zephyr/include/zephyr/posix/posix_limits.h:56:9: warning: "_POSIX_TRACE_SYS_MAX" redefined
   56 | #define _POSIX_TRACE_SYS_MAX                (8)
      |         ^~~~~~~~~~~~~~~~~~~~
/scratch2/dima/zephyr-chipyard-sw-fresh/tools-manual/zephyr-sdk-1.0.0-beta1/gnu/riscv64-zephyr-elf/riscv64-zephyr-elf/sys-include/sys/syslimits.h:96:9: note: this is the location of the previous definition
   96 | #define _POSIX_TRACE_SYS_MAX    8
      |         ^~~~~~~~~~~~~~~~~~~~
/scratch2/agustin/zephyr-chipyard-sw/zephyr_ws/zephyr/include/zephyr/posix/posix_limits.h:57:9: warning: "_POSIX_TRACE_USER_EVENT_MAX" redefined
   57 | #define _POSIX_TRACE_USER_EVENT_MAX         (32)
      |         ^~~~~~~~~~~~~~~~~~~~~~~~~~~
/scratch2/dima/zephyr-chipyard-sw-fresh/tools-manual/zephyr-sdk-1.0.0-beta1/gnu/riscv64-zephyr-elf/riscv64-zephyr-elf/sys-include/sys/syslimits.h:97:9: note: this is the location of the previous definition
   97 | #define _POSIX_TRACE_USER_EVENT_MAX     32
      |         ^~~~~~~~~~~~~~~~~~~~~~~~~~~
/scratch2/agustin/zephyr-chipyard-sw/zephyr_ws/zephyr/include/zephyr/posix/posix_limits.h:58:9: warning: "_POSIX_TTY_NAME_MAX" redefined
   58 | #define _POSIX_TTY_NAME_MAX                 (9)
      |         ^~~~~~~~~~~~~~~~~~~
/scratch2/dima/zephyr-chipyard-sw-fresh/tools-manual/zephyr-sdk-1.0.0-beta1/gnu/riscv64-zephyr-elf/riscv64-zephyr-elf/sys-include/sys/syslimits.h:98:9: note: this is the location of the previous definition
   98 | #define _POSIX_TTY_NAME_MAX     9
      |         ^~~~~~~~~~~~~~~~~~~
/scratch2/agustin/zephyr-chipyard-sw/zephyr_ws/zephyr/include/zephyr/posix/posix_limits.h:59:9: warning: "_POSIX_TZNAME_MAX" redefined
   59 | #define _POSIX_TZNAME_MAX                   (6)
      |         ^~~~~~~~~~~~~~~~~
/scratch2/dima/zephyr-chipyard-sw-fresh/tools-manual/zephyr-sdk-1.0.0-beta1/gnu/riscv64-zephyr-elf/riscv64-zephyr-elf/sys-include/sys/syslimits.h:99:9: note: this is the location of the previous definition
   99 | #define _POSIX_TZNAME_MAX       3
      |         ^~~~~~~~~~~~~~~~~
/scratch2/agustin/zephyr-chipyard-sw/zephyr_ws/zephyr/include/zephyr/posix/posix_limits.h:60:9: warning: "_POSIX2_BC_BASE_MAX" redefined
   60 | #define _POSIX2_BC_BASE_MAX                 (99)
      |         ^~~~~~~~~~~~~~~~~~~
/scratch2/dima/zephyr-chipyard-sw-fresh/tools-manual/zephyr-sdk-1.0.0-beta1/gnu/riscv64-zephyr-elf/riscv64-zephyr-elf/sys-include/sys/syslimits.h:100:9: note: this is the location of the previous definition
  100 | #define _POSIX2_BC_BASE_MAX     99
      |         ^~~~~~~~~~~~~~~~~~~
/scratch2/agustin/zephyr-chipyard-sw/zephyr_ws/zephyr/include/zephyr/posix/posix_limits.h:61:9: warning: "_POSIX2_BC_DIM_MAX" redefined
   61 | #define _POSIX2_BC_DIM_MAX                  (2048)
      |         ^~~~~~~~~~~~~~~~~~
/scratch2/dima/zephyr-chipyard-sw-fresh/tools-manual/zephyr-sdk-1.0.0-beta1/gnu/riscv64-zephyr-elf/riscv64-zephyr-elf/sys-include/sys/syslimits.h:101:9: note: this is the location of the previous definition
  101 | #define _POSIX2_BC_DIM_MAX      2048
      |         ^~~~~~~~~~~~~~~~~~
/scratch2/agustin/zephyr-chipyard-sw/zephyr_ws/zephyr/include/zephyr/posix/posix_limits.h:62:9: warning: "_POSIX2_BC_SCALE_MAX" redefined
   62 | #define _POSIX2_BC_SCALE_MAX                (99)
      |         ^~~~~~~~~~~~~~~~~~~~
/scratch2/dima/zephyr-chipyard-sw-fresh/tools-manual/zephyr-sdk-1.0.0-beta1/gnu/riscv64-zephyr-elf/riscv64-zephyr-elf/sys-include/sys/syslimits.h:102:9: note: this is the location of the previous definition
  102 | #define _POSIX2_BC_SCALE_MAX    99
      |         ^~~~~~~~~~~~~~~~~~~~
/scratch2/agustin/zephyr-chipyard-sw/zephyr_ws/zephyr/include/zephyr/posix/posix_limits.h:63:9: warning: "_POSIX2_BC_STRING_MAX" redefined
   63 | #define _POSIX2_BC_STRING_MAX               (1000)
      |         ^~~~~~~~~~~~~~~~~~~~~
/scratch2/dima/zephyr-chipyard-sw-fresh/tools-manual/zephyr-sdk-1.0.0-beta1/gnu/riscv64-zephyr-elf/riscv64-zephyr-elf/sys-include/sys/syslimits.h:103:9: note: this is the location of the previous definition
  103 | #define _POSIX2_BC_STRING_MAX   1000
      |         ^~~~~~~~~~~~~~~~~~~~~
/scratch2/agustin/zephyr-chipyard-sw/zephyr_ws/zephyr/include/zephyr/posix/posix_limits.h:64:9: warning: "_POSIX2_CHARCLASS_NAME_MAX" redefined
   64 | #define _POSIX2_CHARCLASS_NAME_MAX          (14)
      |         ^~~~~~~~~~~~~~~~~~~~~~~~~~
/scratch2/dima/zephyr-chipyard-sw-fresh/tools-manual/zephyr-sdk-1.0.0-beta1/gnu/riscv64-zephyr-elf/riscv64-zephyr-elf/sys-include/sys/syslimits.h:104:9: note: this is the location of the previous definition
  104 | #define _POSIX2_CHARCLASS_NAME_MAX      14
      |         ^~~~~~~~~~~~~~~~~~~~~~~~~~
/scratch2/agustin/zephyr-chipyard-sw/zephyr_ws/zephyr/include/zephyr/posix/posix_limits.h:65:9: warning: "_POSIX2_COLL_WEIGHTS_MAX" redefined
   65 | #define _POSIX2_COLL_WEIGHTS_MAX            (2)
      |         ^~~~~~~~~~~~~~~~~~~~~~~~
/scratch2/dima/zephyr-chipyard-sw-fresh/tools-manual/zephyr-sdk-1.0.0-beta1/gnu/riscv64-zephyr-elf/riscv64-zephyr-elf/sys-include/sys/syslimits.h:105:9: note: this is the location of the previous definition
  105 | #define _POSIX2_COLL_WEIGHTS_MAX        2
      |         ^~~~~~~~~~~~~~~~~~~~~~~~
/scratch2/agustin/zephyr-chipyard-sw/zephyr_ws/zephyr/include/zephyr/posix/posix_limits.h:66:9: warning: "_POSIX2_EXPR_NEST_MAX" redefined
   66 | #define _POSIX2_EXPR_NEST_MAX               (32)
      |         ^~~~~~~~~~~~~~~~~~~~~
/scratch2/dima/zephyr-chipyard-sw-fresh/tools-manual/zephyr-sdk-1.0.0-beta1/gnu/riscv64-zephyr-elf/riscv64-zephyr-elf/sys-include/sys/syslimits.h:106:9: note: this is the location of the previous definition
  106 | #define _POSIX2_EXPR_NEST_MAX   32
      |         ^~~~~~~~~~~~~~~~~~~~~
/scratch2/agustin/zephyr-chipyard-sw/zephyr_ws/zephyr/include/zephyr/posix/posix_limits.h:67:9: warning: "_POSIX2_LINE_MAX" redefined
   67 | #define _POSIX2_LINE_MAX                    (2048)
      |         ^~~~~~~~~~~~~~~~
/scratch2/dima/zephyr-chipyard-sw-fresh/tools-manual/zephyr-sdk-1.0.0-beta1/gnu/riscv64-zephyr-elf/riscv64-zephyr-elf/sys-include/sys/syslimits.h:107:9: note: this is the location of the previous definition
  107 | #define _POSIX2_LINE_MAX        2048
      |         ^~~~~~~~~~~~~~~~
/scratch2/agustin/zephyr-chipyard-sw/zephyr_ws/zephyr/include/zephyr/posix/posix_limits.h:83:9: warning: "ARG_MAX" redefined
   83 | #define ARG_MAX                       _POSIX_ARG_MAX
      |         ^~~~~~~
/scratch2/dima/zephyr-chipyard-sw-fresh/tools-manual/zephyr-sdk-1.0.0-beta1/gnu/riscv64-zephyr-elf/riscv64-zephyr-elf/sys-include/sys/syslimits.h:41:9: note: this is the location of the previous definition
   41 | #define ARG_MAX                 65536   /* max bytes for an exec function */
      |         ^~~~~~~
/scratch2/agustin/zephyr-chipyard-sw/zephyr_ws/zephyr/include/zephyr/posix/posix_limits.h:84:9: warning: "ATEXIT_MAX" redefined
   84 | #define ATEXIT_MAX                    (32)
      |         ^~~~~~~~~~
/scratch2/dima/zephyr-chipyard-sw-fresh/tools-manual/zephyr-sdk-1.0.0-beta1/gnu/riscv64-zephyr-elf/riscv64-zephyr-elf/sys-include/sys/syslimits.h:42:9: note: this is the location of the previous definition
   42 | #define ATEXIT_MAX                 32   /* max atexit functions */
      |         ^~~~~~~~~~
/scratch2/agustin/zephyr-chipyard-sw/zephyr_ws/zephyr/include/zephyr/posix/posix_limits.h:93:9: warning: "OPEN_MAX" redefined
   93 | #define OPEN_MAX                      CONFIG_POSIX_OPEN_MAX
      |         ^~~~~~~~
/scratch2/dima/zephyr-chipyard-sw-fresh/tools-manual/zephyr-sdk-1.0.0-beta1/gnu/riscv64-zephyr-elf/riscv64-zephyr-elf/sys-include/sys/syslimits.h:45:9: note: this is the location of the previous definition
   45 | #define OPEN_MAX                   64   /* max open files per process */
      |         ^~~~~~~~
/scratch2/agustin/zephyr-chipyard-sw/zephyr_ws/zephyr/include/zephyr/posix/posix_limits.h:96:9: warning: "PATH_MAX" redefined
   96 | #define PATH_MAX                      _POSIX_PATH_MAX
      |         ^~~~~~~~
/scratch2/dima/zephyr-chipyard-sw-fresh/tools-manual/zephyr-sdk-1.0.0-beta1/gnu/riscv64-zephyr-elf/riscv64-zephyr-elf/sys-include/sys/syslimits.h:53:9: note: this is the location of the previous definition
   53 | #define PATH_MAX                 1024   /* max bytes in pathname */
      |         ^~~~~~~~
/scratch2/agustin/zephyr-chipyard-sw/zephyr_ws/zephyr/include/zephyr/posix/posix_limits.h:114:9: warning: "TZNAME_MAX" redefined
  114 | #define TZNAME_MAX                    _POSIX_TZNAME_MAX
      |         ^~~~~~~~~~
/scratch2/dima/zephyr-chipyard-sw-fresh/tools-manual/zephyr-sdk-1.0.0-beta1/gnu/riscv64-zephyr-elf/riscv64-zephyr-elf/sys-include/sys/syslimits.h:46:9: note: this is the location of the previous definition
   46 | #define TZNAME_MAX                 10   /* max time zone name length */
      |         ^~~~~~~~~~
[60/202] Building C object zephyr/arch/arch/riscv/core/CMakeFiles/arch__riscv__core.dir/ipi_clint.c.obj
[61/202] Building C object zephyr/arch/arch/riscv/core/CMakeFiles/arch__riscv__core.dir/fpu.c.obj
[62/202] Building C object zephyr/arch/arch/riscv/core/CMakeFiles/arch__riscv__core.dir/stacktrace.c.obj
[63/202] Building C object zephyr/lib/libc/picolibc/CMakeFiles/lib__libc__picolibc.dir/assert.c.obj
[64/202] Building C object zephyr/lib/libc/picolibc/CMakeFiles/lib__libc__picolibc.dir/chk_fail.c.obj
[65/202] Building C object zephyr/lib/libc/picolibc/CMakeFiles/lib__libc__picolibc.dir/errno_wrap.c.obj
[66/202] Building C object zephyr/lib/libc/common/CMakeFiles/lib__libc__common.dir/source/time/time.c.obj
[67/202] Building C object zephyr/lib/libc/common/CMakeFiles/lib__libc__common.dir/source/stdio/remove.c.obj
[68/202] Building C object zephyr/CMakeFiles/zephyr_pre0.dir/misc/empty_file.c.obj
[69/202] Building C object zephyr/lib/libc/picolibc/CMakeFiles/lib__libc__picolibc.dir/cbprintf.c.obj
[70/202] Building C object zephyr/lib/libc/picolibc/CMakeFiles/lib__libc__picolibc.dir/locks.c.obj
[71/202] Building C object zephyr/lib/libc/picolibc/CMakeFiles/lib__libc__picolibc.dir/stdio.c.obj
[72/202] Building C object zephyr/lib/posix/eventfd/CMakeFiles/lib__posix__eventfd.dir/eventfd.c.obj
[73/202] Building C object zephyr/lib/posix/c_lib_ext/CMakeFiles/lib__posix__c_lib_ext.dir/getopt/getopt_common.c.obj
[74/202] Building C object zephyr/lib/posix/options/CMakeFiles/lib__posix__options.dir/aio.c.obj
[75/202] Linking C static library zephyr/arch/common/libarch__common.a
[76/202] Building C object zephyr/CMakeFiles/zephyr.dir/lib/heap/heap.c.obj
[77/202] Building C object zephyr/subsys/fs/CMakeFiles/subsys__fs.dir/fs_impl.c.obj
[78/202] Building C object zephyr/subsys/timing/CMakeFiles/subsys__timing.dir/timing.c.obj
[79/202] Building C object zephyr/lib/posix/options/CMakeFiles/lib__posix__options.dir/perror.c.obj
[80/202] Linking C static library zephyr/arch/arch/riscv/core/libarch__riscv__core.a
[81/202] Building C object zephyr/lib/libc/common/CMakeFiles/lib__libc__common.dir/source/thrd/mtx.c.obj
In file included from /scratch2/agustin/zephyr-chipyard-sw/zephyr_ws/zephyr/include/zephyr/posix/sys/sysconf.h:11,
                 from /scratch2/agustin/zephyr-chipyard-sw/zephyr_ws/zephyr/include/zephyr/posix/unistd.h:18,
                 from /scratch2/agustin/zephyr-chipyard-sw/zephyr_ws/zephyr/include/zephyr/posix/pthread.h:15,
                 from /scratch2/agustin/zephyr-chipyard-sw/zephyr_ws/zephyr/lib/libc/common/source/thrd/mtx.c:11:
/scratch2/agustin/zephyr-chipyard-sw/zephyr_ws/zephyr/include/zephyr/posix/posix_limits.h:23:9: warning: "_POSIX_AIO_LISTIO_MAX" redefined
   23 | #define _POSIX_AIO_LISTIO_MAX               (2)
      |         ^~~~~~~~~~~~~~~~~~~~~
In file included from /scratch2/dima/zephyr-chipyard-sw-fresh/tools-manual/zephyr-sdk-1.0.0-beta1/gnu/riscv64-zephyr-elf/riscv64-zephyr-elf/sys-include/limits.h:6,
                 from /scratch2/dima/zephyr-chipyard-sw-fresh/tools-manual/zephyr-sdk-1.0.0-beta1/gnu/riscv64-zephyr-elf/lib/gcc/riscv64-zephyr-elf/14.3.0/include/limits.h:210,
                 from /scratch2/dima/zephyr-chipyard-sw-fresh/tools-manual/zephyr-sdk-1.0.0-beta1/gnu/riscv64-zephyr-elf/lib/gcc/riscv64-zephyr-elf/14.3.0/include/syslimits.h:7,
                 from /scratch2/dima/zephyr-chipyard-sw-fresh/tools-manual/zephyr-sdk-1.0.0-beta1/gnu/riscv64-zephyr-elf/lib/gcc/riscv64-zephyr-elf/14.3.0/include/limits.h:34,
                 from /scratch2/agustin/zephyr-chipyard-sw/zephyr_ws/zephyr/include/zephyr/kernel_includes.h:22,
                 from /scratch2/agustin/zephyr-chipyard-sw/zephyr_ws/zephyr/include/zephyr/kernel.h:17,
                 from /scratch2/agustin/zephyr-chipyard-sw/zephyr_ws/zephyr/lib/libc/common/source/thrd/mtx.c:10:
/scratch2/dima/zephyr-chipyard-sw-fresh/tools-manual/zephyr-sdk-1.0.0-beta1/gnu/riscv64-zephyr-elf/riscv64-zephyr-elf/sys-include/sys/syslimits.h:63:9: note: this is the location of the previous definition
   63 | #define _POSIX_AIO_LISTIO_MAX   2
      |         ^~~~~~~~~~~~~~~~~~~~~
/scratch2/agustin/zephyr-chipyard-sw/zephyr_ws/zephyr/include/zephyr/posix/posix_limits.h:24:9: warning: "_POSIX_AIO_MAX" redefined
   24 | #define _POSIX_AIO_MAX                      (1)
      |         ^~~~~~~~~~~~~~
/scratch2/dima/zephyr-chipyard-sw-fresh/tools-manual/zephyr-sdk-1.0.0-beta1/gnu/riscv64-zephyr-elf/riscv64-zephyr-elf/sys-include/sys/syslimits.h:64:9: note: this is the location of the previous definition
   64 | #define _POSIX_AIO_MAX          1
      |         ^~~~~~~~~~~~~~
/scratch2/agustin/zephyr-chipyard-sw/zephyr_ws/zephyr/include/zephyr/posix/posix_limits.h:25:9: warning: "_POSIX_ARG_MAX" redefined
   25 | #define _POSIX_ARG_MAX                      (4096)
      |         ^~~~~~~~~~~~~~
/scratch2/dima/zephyr-chipyard-sw-fresh/tools-manual/zephyr-sdk-1.0.0-beta1/gnu/riscv64-zephyr-elf/riscv64-zephyr-elf/sys-include/sys/syslimits.h:65:9: note: this is the location of the previous definition
   65 | #define _POSIX_ARG_MAX          4096
      |         ^~~~~~~~~~~~~~
/scratch2/agustin/zephyr-chipyard-sw/zephyr_ws/zephyr/include/zephyr/posix/posix_limits.h:26:9: warning: "_POSIX_CHILD_MAX" redefined
   26 | #define _POSIX_CHILD_MAX                    (25)
      |         ^~~~~~~~~~~~~~~~
/scratch2/dima/zephyr-chipyard-sw-fresh/tools-manual/zephyr-sdk-1.0.0-beta1/gnu/riscv64-zephyr-elf/riscv64-zephyr-elf/sys-include/sys/syslimits.h:66:9: note: this is the location of the previous definition
   66 | #define _POSIX_CHILD_MAX        6
      |         ^~~~~~~~~~~~~~~~
/scratch2/agustin/zephyr-chipyard-sw/zephyr_ws/zephyr/include/zephyr/posix/posix_limits.h:27:9: warning: "_POSIX_DELAYTIMER_MAX" redefined
   27 | #define _POSIX_DELAYTIMER_MAX               (32)
      |         ^~~~~~~~~~~~~~~~~~~~~
/scratch2/dima/zephyr-chipyard-sw-fresh/tools-manual/zephyr-sdk-1.0.0-beta1/gnu/riscv64-zephyr-elf/riscv64-zephyr-elf/sys-include/sys/syslimits.h:67:9: note: this is the location of the previous definition
   67 | #define _POSIX_DELAYTIMER_MAX   32
      |         ^~~~~~~~~~~~~~~~~~~~~
/scratch2/agustin/zephyr-chipyard-sw/zephyr_ws/zephyr/include/zephyr/posix/posix_limits.h:28:9: warning: "_POSIX_HOST_NAME_MAX" redefined
   28 | #define _POSIX_HOST_NAME_MAX                (255)
      |         ^~~~~~~~~~~~~~~~~~~~
/scratch2/dima/zephyr-chipyard-sw-fresh/tools-manual/zephyr-sdk-1.0.0-beta1/gnu/riscv64-zephyr-elf/riscv64-zephyr-elf/sys-include/sys/syslimits.h:68:9: note: this is the location of the previous definition
   68 | #define _POSIX_HOST_NAME_MAX    255
      |         ^~~~~~~~~~~~~~~~~~~~
/scratch2/agustin/zephyr-chipyard-sw/zephyr_ws/zephyr/include/zephyr/posix/posix_limits.h:29:9: warning: "_POSIX_LINK_MAX" redefined
   29 | #define _POSIX_LINK_MAX                     (8)
      |         ^~~~~~~~~~~~~~~
/scratch2/dima/zephyr-chipyard-sw-fresh/tools-manual/zephyr-sdk-1.0.0-beta1/gnu/riscv64-zephyr-elf/riscv64-zephyr-elf/sys-include/sys/syslimits.h:69:9: note: this is the location of the previous definition
   69 | #define _POSIX_LINK_MAX         8
      |         ^~~~~~~~~~~~~~~
/scratch2/agustin/zephyr-chipyard-sw/zephyr_ws/zephyr/include/zephyr/posix/posix_limits.h:30:9: warning: "_POSIX_LOGIN_NAME_MAX" redefined
   30 | #define _POSIX_LOGIN_NAME_MAX               (9)
      |         ^~~~~~~~~~~~~~~~~~~~~
/scratch2/dima/zephyr-chipyard-sw-fresh/tools-manual/zephyr-sdk-1.0.0-beta1/gnu/riscv64-zephyr-elf/riscv64-zephyr-elf/sys-include/sys/syslimits.h:70:9: note: this is the location of the previous definition
   70 | #define _POSIX_LOGIN_NAME_MAX   9
      |         ^~~~~~~~~~~~~~~~~~~~~
/scratch2/agustin/zephyr-chipyard-sw/zephyr_ws/zephyr/include/zephyr/posix/posix_limits.h:31:9: warning: "_POSIX_MAX_CANON" redefined
   31 | #define _POSIX_MAX_CANON                    (255)
      |         ^~~~~~~~~~~~~~~~
/scratch2/dima/zephyr-chipyard-sw-fresh/tools-manual/zephyr-sdk-1.0.0-beta1/gnu/riscv64-zephyr-elf/riscv64-zephyr-elf/sys-include/sys/syslimits.h:71:9: note: this is the location of the previous definition
   71 | #define _POSIX_MAX_CANON        255
      |         ^~~~~~~~~~~~~~~~
/scratch2/agustin/zephyr-chipyard-sw/zephyr_ws/zephyr/include/zephyr/posix/posix_limits.h:32:9: warning: "_POSIX_MAX_INPUT" redefined
   32 | #define _POSIX_MAX_INPUT                    (255)
      |         ^~~~~~~~~~~~~~~~
/scratch2/dima/zephyr-chipyard-sw-fresh/tools-manual/zephyr-sdk-1.0.0-beta1/gnu/riscv64-zephyr-elf/riscv64-zephyr-elf/sys-include/sys/syslimits.h:72:9: note: this is the location of the previous definition
   72 | #define _POSIX_MAX_INPUT        255
      |         ^~~~~~~~~~~~~~~~
/scratch2/agustin/zephyr-chipyard-sw/zephyr_ws/zephyr/include/zephyr/posix/posix_limits.h:33:9: warning: "_POSIX_MQ_OPEN_MAX" redefined
   33 | #define _POSIX_MQ_OPEN_MAX                  (8)
      |         ^~~~~~~~~~~~~~~~~~
/scratch2/dima/zephyr-chipyard-sw-fresh/tools-manual/zephyr-sdk-1.0.0-beta1/gnu/riscv64-zephyr-elf/riscv64-zephyr-elf/sys-include/sys/syslimits.h:73:9: note: this is the location of the previous definition
   73 | #define _POSIX_MQ_OPEN_MAX      8
      |         ^~~~~~~~~~~~~~~~~~
/scratch2/agustin/zephyr-chipyard-sw/zephyr_ws/zephyr/include/zephyr/posix/posix_limits.h:34:9: warning: "_POSIX_MQ_PRIO_MAX" redefined
   34 | #define _POSIX_MQ_PRIO_MAX                  (32)
      |         ^~~~~~~~~~~~~~~~~~
/scratch2/dima/zephyr-chipyard-sw-fresh/tools-manual/zephyr-sdk-1.0.0-beta1/gnu/riscv64-zephyr-elf/riscv64-zephyr-elf/sys-include/sys/syslimits.h:74:9: note: this is the location of the previous definition
   74 | #define _POSIX_MQ_PRIO_MAX      32
      |         ^~~~~~~~~~~~~~~~~~
/scratch2/agustin/zephyr-chipyard-sw/zephyr_ws/zephyr/include/zephyr/posix/posix_limits.h:35:9: warning: "_POSIX_NAME_MAX" redefined
   35 | #define _POSIX_NAME_MAX                     (14)
      |         ^~~~~~~~~~~~~~~
/scratch2/dima/zephyr-chipyard-sw-fresh/tools-manual/zephyr-sdk-1.0.0-beta1/gnu/riscv64-zephyr-elf/riscv64-zephyr-elf/sys-include/sys/syslimits.h:75:9: note: this is the location of the previous definition
   75 | #define _POSIX_NAME_MAX         14
      |         ^~~~~~~~~~~~~~~
/scratch2/agustin/zephyr-chipyard-sw/zephyr_ws/zephyr/include/zephyr/posix/posix_limits.h:36:9: warning: "_POSIX_NGROUPS_MAX" redefined
   36 | #define _POSIX_NGROUPS_MAX                  (8)
      |         ^~~~~~~~~~~~~~~~~~
/scratch2/dima/zephyr-chipyard-sw-fresh/tools-manual/zephyr-sdk-1.0.0-beta1/gnu/riscv64-zephyr-elf/riscv64-zephyr-elf/sys-include/sys/syslimits.h:76:9: note: this is the location of the previous definition
   76 | #define _POSIX_NGROUPS_MAX      0
      |         ^~~~~~~~~~~~~~~~~~
/scratch2/agustin/zephyr-chipyard-sw/zephyr_ws/zephyr/include/zephyr/posix/posix_limits.h:37:9: warning: "_POSIX_OPEN_MAX" redefined
   37 | #define _POSIX_OPEN_MAX                     (20)
      |         ^~~~~~~~~~~~~~~
/scratch2/dima/zephyr-chipyard-sw-fresh/tools-manual/zephyr-sdk-1.0.0-beta1/gnu/riscv64-zephyr-elf/riscv64-zephyr-elf/sys-include/sys/syslimits.h:77:9: note: this is the location of the previous definition
   77 | #define _POSIX_OPEN_MAX         16
      |         ^~~~~~~~~~~~~~~
/scratch2/agustin/zephyr-chipyard-sw/zephyr_ws/zephyr/include/zephyr/posix/posix_limits.h:38:9: warning: "_POSIX_PATH_MAX" redefined
   38 | #define _POSIX_PATH_MAX                     (256)
      |         ^~~~~~~~~~~~~~~
/scratch2/dima/zephyr-chipyard-sw-fresh/tools-manual/zephyr-sdk-1.0.0-beta1/gnu/riscv64-zephyr-elf/riscv64-zephyr-elf/sys-include/sys/syslimits.h:78:9: note: this is the location of the previous definition
   78 | #define _POSIX_PATH_MAX         255
      |         ^~~~~~~~~~~~~~~
/scratch2/agustin/zephyr-chipyard-sw/zephyr_ws/zephyr/include/zephyr/posix/posix_limits.h:39:9: warning: "_POSIX_PIPE_BUF" redefined
   39 | #define _POSIX_PIPE_BUF                     (512)
      |         ^~~~~~~~~~~~~~~
/scratch2/dima/zephyr-chipyard-sw-fresh/tools-manual/zephyr-sdk-1.0.0-beta1/gnu/riscv64-zephyr-elf/riscv64-zephyr-elf/sys-include/sys/syslimits.h:79:9: note: this is the location of the previous definition
   79 | #define _POSIX_PIPE_BUF         512
      |         ^~~~~~~~~~~~~~~
/scratch2/agustin/zephyr-chipyard-sw/zephyr_ws/zephyr/include/zephyr/posix/posix_limits.h:40:9: warning: "_POSIX_RE_DUP_MAX" redefined
   40 | #define _POSIX_RE_DUP_MAX                   (255)
      |         ^~~~~~~~~~~~~~~~~
/scratch2/dima/zephyr-chipyard-sw-fresh/tools-manual/zephyr-sdk-1.0.0-beta1/gnu/riscv64-zephyr-elf/riscv64-zephyr-elf/sys-include/sys/syslimits.h:80:9: note: this is the location of the previous definition
   80 | #define _POSIX_RE_DUP_MAX       255
      |         ^~~~~~~~~~~~~~~~~
/scratch2/agustin/zephyr-chipyard-sw/zephyr_ws/zephyr/include/zephyr/posix/posix_limits.h:41:9: warning: "_POSIX_RTSIG_MAX" redefined
   41 | #define _POSIX_RTSIG_MAX                    (8)
      |         ^~~~~~~~~~~~~~~~
/scratch2/dima/zephyr-chipyard-sw-fresh/tools-manual/zephyr-sdk-1.0.0-beta1/gnu/riscv64-zephyr-elf/riscv64-zephyr-elf/sys-include/sys/syslimits.h:81:9: note: this is the location of the previous definition
   81 | #define _POSIX_RTSIG_MAX        8
      |         ^~~~~~~~~~~~~~~~
/scratch2/agustin/zephyr-chipyard-sw/zephyr_ws/zephyr/include/zephyr/posix/posix_limits.h:42:9: warning: "_POSIX_SEM_NSEMS_MAX" redefined
   42 | #define _POSIX_SEM_NSEMS_MAX                (256)
      |         ^~~~~~~~~~~~~~~~~~~~
/scratch2/dima/zephyr-chipyard-sw-fresh/tools-manual/zephyr-sdk-1.0.0-beta1/gnu/riscv64-zephyr-elf/riscv64-zephyr-elf/sys-include/sys/syslimits.h:82:9: note: this is the location of the previous definition
   82 | #define _POSIX_SEM_NSEMS_MAX    256
      |         ^~~~~~~~~~~~~~~~~~~~
/scratch2/agustin/zephyr-chipyard-sw/zephyr_ws/zephyr/include/zephyr/posix/posix_limits.h:43:9: warning: "_POSIX_SEM_VALUE_MAX" redefined
   43 | #define _POSIX_SEM_VALUE_MAX                (32767)
      |         ^~~~~~~~~~~~~~~~~~~~
/scratch2/dima/zephyr-chipyard-sw-fresh/tools-manual/zephyr-sdk-1.0.0-beta1/gnu/riscv64-zephyr-elf/riscv64-zephyr-elf/sys-include/sys/syslimits.h:83:9: note: this is the location of the previous definition
   83 | #define _POSIX_SEM_VALUE_MAX    32767
      |         ^~~~~~~~~~~~~~~~~~~~
/scratch2/agustin/zephyr-chipyard-sw/zephyr_ws/zephyr/include/zephyr/posix/posix_limits.h:44:9: warning: "_POSIX_SIGQUEUE_MAX" redefined
   44 | #define _POSIX_SIGQUEUE_MAX                 (32)
      |         ^~~~~~~~~~~~~~~~~~~
/scratch2/dima/zephyr-chipyard-sw-fresh/tools-manual/zephyr-sdk-1.0.0-beta1/gnu/riscv64-zephyr-elf/riscv64-zephyr-elf/sys-include/sys/syslimits.h:84:9: note: this is the location of the previous definition
   84 | #define _POSIX_SIGQUEUE_MAX     32
      |         ^~~~~~~~~~~~~~~~~~~
/scratch2/agustin/zephyr-chipyard-sw/zephyr_ws/zephyr/include/zephyr/posix/posix_limits.h:45:9: warning: "_POSIX_SSIZE_MAX" redefined
   45 | #define _POSIX_SSIZE_MAX                    (32767)
      |         ^~~~~~~~~~~~~~~~
/scratch2/dima/zephyr-chipyard-sw-fresh/tools-manual/zephyr-sdk-1.0.0-beta1/gnu/riscv64-zephyr-elf/riscv64-zephyr-elf/sys-include/sys/syslimits.h:85:9: note: this is the location of the previous definition
   85 | #define _POSIX_SSIZE_MAX        32767
      |         ^~~~~~~~~~~~~~~~
/scratch2/agustin/zephyr-chipyard-sw/zephyr_ws/zephyr/include/zephyr/posix/posix_limits.h:46:9: warning: "_POSIX_SS_REPL_MAX" redefined
   46 | #define _POSIX_SS_REPL_MAX                  (4)
      |         ^~~~~~~~~~~~~~~~~~
/scratch2/dima/zephyr-chipyard-sw-fresh/tools-manual/zephyr-sdk-1.0.0-beta1/gnu/riscv64-zephyr-elf/riscv64-zephyr-elf/sys-include/sys/syslimits.h:86:9: note: this is the location of the previous definition
   86 | #define _POSIX_SS_REPL_MAX      4
      |         ^~~~~~~~~~~~~~~~~~
/scratch2/agustin/zephyr-chipyard-sw/zephyr_ws/zephyr/include/zephyr/posix/posix_limits.h:47:9: warning: "_POSIX_STREAM_MAX" redefined
   47 | #define _POSIX_STREAM_MAX                   (8)
      |         ^~~~~~~~~~~~~~~~~
/scratch2/dima/zephyr-chipyard-sw-fresh/tools-manual/zephyr-sdk-1.0.0-beta1/gnu/riscv64-zephyr-elf/riscv64-zephyr-elf/sys-include/sys/syslimits.h:87:9: note: this is the location of the previous definition
   87 | #define _POSIX_STREAM_MAX       8
      |         ^~~~~~~~~~~~~~~~~
/scratch2/agustin/zephyr-chipyard-sw/zephyr_ws/zephyr/include/zephyr/posix/posix_limits.h:48:9: warning: "_POSIX_SYMLINK_MAX" redefined
   48 | #define _POSIX_SYMLINK_MAX                  (255)
      |         ^~~~~~~~~~~~~~~~~~
/scratch2/dima/zephyr-chipyard-sw-fresh/tools-manual/zephyr-sdk-1.0.0-beta1/gnu/riscv64-zephyr-elf/riscv64-zephyr-elf/sys-include/sys/syslimits.h:88:9: note: this is the location of the previous definition
   88 | #define _POSIX_SYMLINK_MAX      255
      |         ^~~~~~~~~~~~~~~~~~
/scratch2/agustin/zephyr-chipyard-sw/zephyr_ws/zephyr/include/zephyr/posix/posix_limits.h:49:9: warning: "_POSIX_SYMLOOP_MAX" redefined
   49 | #define _POSIX_SYMLOOP_MAX                  (8)
      |         ^~~~~~~~~~~~~~~~~~
/scratch2/dima/zephyr-chipyard-sw-fresh/tools-manual/zephyr-sdk-1.0.0-beta1/gnu/riscv64-zephyr-elf/riscv64-zephyr-elf/sys-include/sys/syslimits.h:89:9: note: this is the location of the previous definition
   89 | #define _POSIX_SYMLOOP_MAX      8
      |         ^~~~~~~~~~~~~~~~~~
/scratch2/agustin/zephyr-chipyard-sw/zephyr_ws/zephyr/include/zephyr/posix/posix_limits.h:50:9: warning: "_POSIX_THREAD_DESTRUCTOR_ITERATIONS" redefined
   50 | #define _POSIX_THREAD_DESTRUCTOR_ITERATIONS (4)
      |         ^~~~~~~~~~~~~~~~~~~~~~~~~~~~~~~~~~~
/scratch2/dima/zephyr-chipyard-sw-fresh/tools-manual/zephyr-sdk-1.0.0-beta1/gnu/riscv64-zephyr-elf/riscv64-zephyr-elf/sys-include/sys/syslimits.h:90:9: note: this is the location of the previous definition
   90 | #define _POSIX_THREAD_DESTRUCTOR_ITERATIONS     4
      |         ^~~~~~~~~~~~~~~~~~~~~~~~~~~~~~~~~~~
/scratch2/agustin/zephyr-chipyard-sw/zephyr_ws/zephyr/include/zephyr/posix/posix_limits.h:51:9: warning: "_POSIX_THREAD_KEYS_MAX" redefined
   51 | #define _POSIX_THREAD_KEYS_MAX              (128)
      |         ^~~~~~~~~~~~~~~~~~~~~~
/scratch2/dima/zephyr-chipyard-sw-fresh/tools-manual/zephyr-sdk-1.0.0-beta1/gnu/riscv64-zephyr-elf/riscv64-zephyr-elf/sys-include/sys/syslimits.h:91:9: note: this is the location of the previous definition
   91 | #define _POSIX_THREAD_KEYS_MAX  128
      |         ^~~~~~~~~~~~~~~~~~~~~~
/scratch2/agustin/zephyr-chipyard-sw/zephyr_ws/zephyr/include/zephyr/posix/posix_limits.h:52:9: warning: "_POSIX_THREAD_THREADS_MAX" redefined
   52 | #define _POSIX_THREAD_THREADS_MAX           (64)
      |         ^~~~~~~~~~~~~~~~~~~~~~~~~
/scratch2/dima/zephyr-chipyard-sw-fresh/tools-manual/zephyr-sdk-1.0.0-beta1/gnu/riscv64-zephyr-elf/riscv64-zephyr-elf/sys-include/sys/syslimits.h:92:9: note: this is the location of the previous definition
   92 | #define _POSIX_THREAD_THREADS_MAX       64
      |         ^~~~~~~~~~~~~~~~~~~~~~~~~
/scratch2/agustin/zephyr-chipyard-sw/zephyr_ws/zephyr/include/zephyr/posix/posix_limits.h:53:9: warning: "_POSIX_TIMER_MAX" redefined
   53 | #define _POSIX_TIMER_MAX                    (32)
      |         ^~~~~~~~~~~~~~~~
/scratch2/dima/zephyr-chipyard-sw-fresh/tools-manual/zephyr-sdk-1.0.0-beta1/gnu/riscv64-zephyr-elf/riscv64-zephyr-elf/sys-include/sys/syslimits.h:93:9: note: this is the location of the previous definition
   93 | #define _POSIX_TIMER_MAX        32
      |         ^~~~~~~~~~~~~~~~
/scratch2/agustin/zephyr-chipyard-sw/zephyr_ws/zephyr/include/zephyr/posix/posix_limits.h:54:9: warning: "_POSIX_TRACE_EVENT_NAME_MAX" redefined
   54 | #define _POSIX_TRACE_EVENT_NAME_MAX         (30)
      |         ^~~~~~~~~~~~~~~~~~~~~~~~~~~
/scratch2/dima/zephyr-chipyard-sw-fresh/tools-manual/zephyr-sdk-1.0.0-beta1/gnu/riscv64-zephyr-elf/riscv64-zephyr-elf/sys-include/sys/syslimits.h:94:9: note: this is the location of the previous definition
   94 | #define _POSIX_TRACE_EVENT_NAME_MAX     30
      |         ^~~~~~~~~~~~~~~~~~~~~~~~~~~
/scratch2/agustin/zephyr-chipyard-sw/zephyr_ws/zephyr/include/zephyr/posix/posix_limits.h:55:9: warning: "_POSIX_TRACE_NAME_MAX" redefined
   55 | #define _POSIX_TRACE_NAME_MAX               (8)
      |         ^~~~~~~~~~~~~~~~~~~~~
/scratch2/dima/zephyr-chipyard-sw-fresh/tools-manual/zephyr-sdk-1.0.0-beta1/gnu/riscv64-zephyr-elf/riscv64-zephyr-elf/sys-include/sys/syslimits.h:95:9: note: this is the location of the previous definition
   95 | #define _POSIX_TRACE_NAME_MAX   8
      |         ^~~~~~~~~~~~~~~~~~~~~
/scratch2/agustin/zephyr-chipyard-sw/zephyr_ws/zephyr/include/zephyr/posix/posix_limits.h:56:9: warning: "_POSIX_TRACE_SYS_MAX" redefined
   56 | #define _POSIX_TRACE_SYS_MAX                (8)
      |         ^~~~~~~~~~~~~~~~~~~~
/scratch2/dima/zephyr-chipyard-sw-fresh/tools-manual/zephyr-sdk-1.0.0-beta1/gnu/riscv64-zephyr-elf/riscv64-zephyr-elf/sys-include/sys/syslimits.h:96:9: note: this is the location of the previous definition
   96 | #define _POSIX_TRACE_SYS_MAX    8
      |         ^~~~~~~~~~~~~~~~~~~~
/scratch2/agustin/zephyr-chipyard-sw/zephyr_ws/zephyr/include/zephyr/posix/posix_limits.h:57:9: warning: "_POSIX_TRACE_USER_EVENT_MAX" redefined
   57 | #define _POSIX_TRACE_USER_EVENT_MAX         (32)
      |         ^~~~~~~~~~~~~~~~~~~~~~~~~~~
/scratch2/dima/zephyr-chipyard-sw-fresh/tools-manual/zephyr-sdk-1.0.0-beta1/gnu/riscv64-zephyr-elf/riscv64-zephyr-elf/sys-include/sys/syslimits.h:97:9: note: this is the location of the previous definition
   97 | #define _POSIX_TRACE_USER_EVENT_MAX     32
      |         ^~~~~~~~~~~~~~~~~~~~~~~~~~~
/scratch2/agustin/zephyr-chipyard-sw/zephyr_ws/zephyr/include/zephyr/posix/posix_limits.h:58:9: warning: "_POSIX_TTY_NAME_MAX" redefined
   58 | #define _POSIX_TTY_NAME_MAX                 (9)
      |         ^~~~~~~~~~~~~~~~~~~
/scratch2/dima/zephyr-chipyard-sw-fresh/tools-manual/zephyr-sdk-1.0.0-beta1/gnu/riscv64-zephyr-elf/riscv64-zephyr-elf/sys-include/sys/syslimits.h:98:9: note: this is the location of the previous definition
   98 | #define _POSIX_TTY_NAME_MAX     9
      |         ^~~~~~~~~~~~~~~~~~~
/scratch2/agustin/zephyr-chipyard-sw/zephyr_ws/zephyr/include/zephyr/posix/posix_limits.h:59:9: warning: "_POSIX_TZNAME_MAX" redefined
   59 | #define _POSIX_TZNAME_MAX                   (6)
      |         ^~~~~~~~~~~~~~~~~
/scratch2/dima/zephyr-chipyard-sw-fresh/tools-manual/zephyr-sdk-1.0.0-beta1/gnu/riscv64-zephyr-elf/riscv64-zephyr-elf/sys-include/sys/syslimits.h:99:9: note: this is the location of the previous definition
   99 | #define _POSIX_TZNAME_MAX       3
      |         ^~~~~~~~~~~~~~~~~
/scratch2/agustin/zephyr-chipyard-sw/zephyr_ws/zephyr/include/zephyr/posix/posix_limits.h:60:9: warning: "_POSIX2_BC_BASE_MAX" redefined
   60 | #define _POSIX2_BC_BASE_MAX                 (99)
      |         ^~~~~~~~~~~~~~~~~~~
/scratch2/dima/zephyr-chipyard-sw-fresh/tools-manual/zephyr-sdk-1.0.0-beta1/gnu/riscv64-zephyr-elf/riscv64-zephyr-elf/sys-include/sys/syslimits.h:100:9: note: this is the location of the previous definition
  100 | #define _POSIX2_BC_BASE_MAX     99
      |         ^~~~~~~~~~~~~~~~~~~
/scratch2/agustin/zephyr-chipyard-sw/zephyr_ws/zephyr/include/zephyr/posix/posix_limits.h:61:9: warning: "_POSIX2_BC_DIM_MAX" redefined
   61 | #define _POSIX2_BC_DIM_MAX                  (2048)
      |         ^~~~~~~~~~~~~~~~~~
/scratch2/dima/zephyr-chipyard-sw-fresh/tools-manual/zephyr-sdk-1.0.0-beta1/gnu/riscv64-zephyr-elf/riscv64-zephyr-elf/sys-include/sys/syslimits.h:101:9: note: this is the location of the previous definition
  101 | #define _POSIX2_BC_DIM_MAX      2048
      |         ^~~~~~~~~~~~~~~~~~
/scratch2/agustin/zephyr-chipyard-sw/zephyr_ws/zephyr/include/zephyr/posix/posix_limits.h:62:9: warning: "_POSIX2_BC_SCALE_MAX" redefined
   62 | #define _POSIX2_BC_SCALE_MAX                (99)
      |         ^~~~~~~~~~~~~~~~~~~~
/scratch2/dima/zephyr-chipyard-sw-fresh/tools-manual/zephyr-sdk-1.0.0-beta1/gnu/riscv64-zephyr-elf/riscv64-zephyr-elf/sys-include/sys/syslimits.h:102:9: note: this is the location of the previous definition
  102 | #define _POSIX2_BC_SCALE_MAX    99
      |         ^~~~~~~~~~~~~~~~~~~~
/scratch2/agustin/zephyr-chipyard-sw/zephyr_ws/zephyr/include/zephyr/posix/posix_limits.h:63:9: warning: "_POSIX2_BC_STRING_MAX" redefined
   63 | #define _POSIX2_BC_STRING_MAX               (1000)
      |         ^~~~~~~~~~~~~~~~~~~~~
/scratch2/dima/zephyr-chipyard-sw-fresh/tools-manual/zephyr-sdk-1.0.0-beta1/gnu/riscv64-zephyr-elf/riscv64-zephyr-elf/sys-include/sys/syslimits.h:103:9: note: this is the location of the previous definition
  103 | #define _POSIX2_BC_STRING_MAX   1000
      |         ^~~~~~~~~~~~~~~~~~~~~
/scratch2/agustin/zephyr-chipyard-sw/zephyr_ws/zephyr/include/zephyr/posix/posix_limits.h:64:9: warning: "_POSIX2_CHARCLASS_NAME_MAX" redefined
   64 | #define _POSIX2_CHARCLASS_NAME_MAX          (14)
      |         ^~~~~~~~~~~~~~~~~~~~~~~~~~
/scratch2/dima/zephyr-chipyard-sw-fresh/tools-manual/zephyr-sdk-1.0.0-beta1/gnu/riscv64-zephyr-elf/riscv64-zephyr-elf/sys-include/sys/syslimits.h:104:9: note: this is the location of the previous definition
  104 | #define _POSIX2_CHARCLASS_NAME_MAX      14
      |         ^~~~~~~~~~~~~~~~~~~~~~~~~~
/scratch2/agustin/zephyr-chipyard-sw/zephyr_ws/zephyr/include/zephyr/posix/posix_limits.h:65:9: warning: "_POSIX2_COLL_WEIGHTS_MAX" redefined
   65 | #define _POSIX2_COLL_WEIGHTS_MAX            (2)
      |         ^~~~~~~~~~~~~~~~~~~~~~~~
/scratch2/dima/zephyr-chipyard-sw-fresh/tools-manual/zephyr-sdk-1.0.0-beta1/gnu/riscv64-zephyr-elf/riscv64-zephyr-elf/sys-include/sys/syslimits.h:105:9: note: this is the location of the previous definition
  105 | #define _POSIX2_COLL_WEIGHTS_MAX        2
      |         ^~~~~~~~~~~~~~~~~~~~~~~~
/scratch2/agustin/zephyr-chipyard-sw/zephyr_ws/zephyr/include/zephyr/posix/posix_limits.h:66:9: warning: "_POSIX2_EXPR_NEST_MAX" redefined
   66 | #define _POSIX2_EXPR_NEST_MAX               (32)
      |         ^~~~~~~~~~~~~~~~~~~~~
/scratch2/dima/zephyr-chipyard-sw-fresh/tools-manual/zephyr-sdk-1.0.0-beta1/gnu/riscv64-zephyr-elf/riscv64-zephyr-elf/sys-include/sys/syslimits.h:106:9: note: this is the location of the previous definition
  106 | #define _POSIX2_EXPR_NEST_MAX   32
      |         ^~~~~~~~~~~~~~~~~~~~~
/scratch2/agustin/zephyr-chipyard-sw/zephyr_ws/zephyr/include/zephyr/posix/posix_limits.h:67:9: warning: "_POSIX2_LINE_MAX" redefined
   67 | #define _POSIX2_LINE_MAX                    (2048)
      |         ^~~~~~~~~~~~~~~~
/scratch2/dima/zephyr-chipyard-sw-fresh/tools-manual/zephyr-sdk-1.0.0-beta1/gnu/riscv64-zephyr-elf/riscv64-zephyr-elf/sys-include/sys/syslimits.h:107:9: note: this is the location of the previous definition
  107 | #define _POSIX2_LINE_MAX        2048
      |         ^~~~~~~~~~~~~~~~
/scratch2/agustin/zephyr-chipyard-sw/zephyr_ws/zephyr/include/zephyr/posix/posix_limits.h:83:9: warning: "ARG_MAX" redefined
   83 | #define ARG_MAX                       _POSIX_ARG_MAX
      |         ^~~~~~~
/scratch2/dima/zephyr-chipyard-sw-fresh/tools-manual/zephyr-sdk-1.0.0-beta1/gnu/riscv64-zephyr-elf/riscv64-zephyr-elf/sys-include/sys/syslimits.h:41:9: note: this is the location of the previous definition
   41 | #define ARG_MAX                 65536   /* max bytes for an exec function */
      |         ^~~~~~~
/scratch2/agustin/zephyr-chipyard-sw/zephyr_ws/zephyr/include/zephyr/posix/posix_limits.h:84:9: warning: "ATEXIT_MAX" redefined
   84 | #define ATEXIT_MAX                    (32)
      |         ^~~~~~~~~~
/scratch2/dima/zephyr-chipyard-sw-fresh/tools-manual/zephyr-sdk-1.0.0-beta1/gnu/riscv64-zephyr-elf/riscv64-zephyr-elf/sys-include/sys/syslimits.h:42:9: note: this is the location of the previous definition
   42 | #define ATEXIT_MAX                 32   /* max atexit functions */
      |         ^~~~~~~~~~
/scratch2/agustin/zephyr-chipyard-sw/zephyr_ws/zephyr/include/zephyr/posix/posix_limits.h:93:9: warning: "OPEN_MAX" redefined
   93 | #define OPEN_MAX                      CONFIG_POSIX_OPEN_MAX
      |         ^~~~~~~~
/scratch2/dima/zephyr-chipyard-sw-fresh/tools-manual/zephyr-sdk-1.0.0-beta1/gnu/riscv64-zephyr-elf/riscv64-zephyr-elf/sys-include/sys/syslimits.h:45:9: note: this is the location of the previous definition
   45 | #define OPEN_MAX                   64   /* max open files per process */
      |         ^~~~~~~~
/scratch2/agustin/zephyr-chipyard-sw/zephyr_ws/zephyr/include/zephyr/posix/posix_limits.h:96:9: warning: "PATH_MAX" redefined
   96 | #define PATH_MAX                      _POSIX_PATH_MAX
      |         ^~~~~~~~
/scratch2/dima/zephyr-chipyard-sw-fresh/tools-manual/zephyr-sdk-1.0.0-beta1/gnu/riscv64-zephyr-elf/riscv64-zephyr-elf/sys-include/sys/syslimits.h:53:9: note: this is the location of the previous definition
   53 | #define PATH_MAX                 1024   /* max bytes in pathname */
      |         ^~~~~~~~
/scratch2/agustin/zephyr-chipyard-sw/zephyr_ws/zephyr/include/zephyr/posix/posix_limits.h:114:9: warning: "TZNAME_MAX" redefined
  114 | #define TZNAME_MAX                    _POSIX_TZNAME_MAX
      |         ^~~~~~~~~~
/scratch2/dima/zephyr-chipyard-sw-fresh/tools-manual/zephyr-sdk-1.0.0-beta1/gnu/riscv64-zephyr-elf/riscv64-zephyr-elf/sys-include/sys/syslimits.h:46:9: note: this is the location of the previous definition
   46 | #define TZNAME_MAX                 10   /* max time zone name length */
      |         ^~~~~~~~~~
[82/202] Building C object zephyr/lib/libc/common/CMakeFiles/lib__libc__common.dir/source/thrd/once.c.obj
In file included from /scratch2/agustin/zephyr-chipyard-sw/zephyr_ws/zephyr/include/zephyr/posix/sys/sysconf.h:11,
                 from /scratch2/agustin/zephyr-chipyard-sw/zephyr_ws/zephyr/include/zephyr/posix/unistd.h:18,
                 from /scratch2/agustin/zephyr-chipyard-sw/zephyr_ws/zephyr/include/zephyr/posix/pthread.h:15,
                 from /scratch2/agustin/zephyr-chipyard-sw/zephyr_ws/zephyr/lib/libc/common/source/thrd/once.c:11:
/scratch2/agustin/zephyr-chipyard-sw/zephyr_ws/zephyr/include/zephyr/posix/posix_limits.h:23:9: warning: "_POSIX_AIO_LISTIO_MAX" redefined
   23 | #define _POSIX_AIO_LISTIO_MAX               (2)
      |         ^~~~~~~~~~~~~~~~~~~~~
In file included from /scratch2/dima/zephyr-chipyard-sw-fresh/tools-manual/zephyr-sdk-1.0.0-beta1/gnu/riscv64-zephyr-elf/riscv64-zephyr-elf/sys-include/limits.h:6,
                 from /scratch2/dima/zephyr-chipyard-sw-fresh/tools-manual/zephyr-sdk-1.0.0-beta1/gnu/riscv64-zephyr-elf/lib/gcc/riscv64-zephyr-elf/14.3.0/include/limits.h:210,
                 from /scratch2/dima/zephyr-chipyard-sw-fresh/tools-manual/zephyr-sdk-1.0.0-beta1/gnu/riscv64-zephyr-elf/lib/gcc/riscv64-zephyr-elf/14.3.0/include/syslimits.h:7,
                 from /scratch2/dima/zephyr-chipyard-sw-fresh/tools-manual/zephyr-sdk-1.0.0-beta1/gnu/riscv64-zephyr-elf/lib/gcc/riscv64-zephyr-elf/14.3.0/include/limits.h:34,
                 from /scratch2/agustin/zephyr-chipyard-sw/zephyr_ws/zephyr/include/zephyr/kernel_includes.h:22,
                 from /scratch2/agustin/zephyr-chipyard-sw/zephyr_ws/zephyr/include/zephyr/kernel.h:17,
                 from /scratch2/agustin/zephyr-chipyard-sw/zephyr_ws/zephyr/lib/libc/common/source/thrd/once.c:10:
/scratch2/dima/zephyr-chipyard-sw-fresh/tools-manual/zephyr-sdk-1.0.0-beta1/gnu/riscv64-zephyr-elf/riscv64-zephyr-elf/sys-include/sys/syslimits.h:63:9: note: this is the location of the previous definition
   63 | #define _POSIX_AIO_LISTIO_MAX   2
      |         ^~~~~~~~~~~~~~~~~~~~~
/scratch2/agustin/zephyr-chipyard-sw/zephyr_ws/zephyr/include/zephyr/posix/posix_limits.h:24:9: warning: "_POSIX_AIO_MAX" redefined
   24 | #define _POSIX_AIO_MAX                      (1)
      |         ^~~~~~~~~~~~~~
/scratch2/dima/zephyr-chipyard-sw-fresh/tools-manual/zephyr-sdk-1.0.0-beta1/gnu/riscv64-zephyr-elf/riscv64-zephyr-elf/sys-include/sys/syslimits.h:64:9: note: this is the location of the previous definition
   64 | #define _POSIX_AIO_MAX          1
      |         ^~~~~~~~~~~~~~
/scratch2/agustin/zephyr-chipyard-sw/zephyr_ws/zephyr/include/zephyr/posix/posix_limits.h:25:9: warning: "_POSIX_ARG_MAX" redefined
   25 | #define _POSIX_ARG_MAX                      (4096)
      |         ^~~~~~~~~~~~~~
/scratch2/dima/zephyr-chipyard-sw-fresh/tools-manual/zephyr-sdk-1.0.0-beta1/gnu/riscv64-zephyr-elf/riscv64-zephyr-elf/sys-include/sys/syslimits.h:65:9: note: this is the location of the previous definition
   65 | #define _POSIX_ARG_MAX          4096
      |         ^~~~~~~~~~~~~~
/scratch2/agustin/zephyr-chipyard-sw/zephyr_ws/zephyr/include/zephyr/posix/posix_limits.h:26:9: warning: "_POSIX_CHILD_MAX" redefined
   26 | #define _POSIX_CHILD_MAX                    (25)
      |         ^~~~~~~~~~~~~~~~
/scratch2/dima/zephyr-chipyard-sw-fresh/tools-manual/zephyr-sdk-1.0.0-beta1/gnu/riscv64-zephyr-elf/riscv64-zephyr-elf/sys-include/sys/syslimits.h:66:9: note: this is the location of the previous definition
   66 | #define _POSIX_CHILD_MAX        6
      |         ^~~~~~~~~~~~~~~~
/scratch2/agustin/zephyr-chipyard-sw/zephyr_ws/zephyr/include/zephyr/posix/posix_limits.h:27:9: warning: "_POSIX_DELAYTIMER_MAX" redefined
   27 | #define _POSIX_DELAYTIMER_MAX               (32)
      |         ^~~~~~~~~~~~~~~~~~~~~
/scratch2/dima/zephyr-chipyard-sw-fresh/tools-manual/zephyr-sdk-1.0.0-beta1/gnu/riscv64-zephyr-elf/riscv64-zephyr-elf/sys-include/sys/syslimits.h:67:9: note: this is the location of the previous definition
   67 | #define _POSIX_DELAYTIMER_MAX   32
      |         ^~~~~~~~~~~~~~~~~~~~~
/scratch2/agustin/zephyr-chipyard-sw/zephyr_ws/zephyr/include/zephyr/posix/posix_limits.h:28:9: warning: "_POSIX_HOST_NAME_MAX" redefined
   28 | #define _POSIX_HOST_NAME_MAX                (255)
      |         ^~~~~~~~~~~~~~~~~~~~
/scratch2/dima/zephyr-chipyard-sw-fresh/tools-manual/zephyr-sdk-1.0.0-beta1/gnu/riscv64-zephyr-elf/riscv64-zephyr-elf/sys-include/sys/syslimits.h:68:9: note: this is the location of the previous definition
   68 | #define _POSIX_HOST_NAME_MAX    255
      |         ^~~~~~~~~~~~~~~~~~~~
/scratch2/agustin/zephyr-chipyard-sw/zephyr_ws/zephyr/include/zephyr/posix/posix_limits.h:29:9: warning: "_POSIX_LINK_MAX" redefined
   29 | #define _POSIX_LINK_MAX                     (8)
      |         ^~~~~~~~~~~~~~~
/scratch2/dima/zephyr-chipyard-sw-fresh/tools-manual/zephyr-sdk-1.0.0-beta1/gnu/riscv64-zephyr-elf/riscv64-zephyr-elf/sys-include/sys/syslimits.h:69:9: note: this is the location of the previous definition
   69 | #define _POSIX_LINK_MAX         8
      |         ^~~~~~~~~~~~~~~
/scratch2/agustin/zephyr-chipyard-sw/zephyr_ws/zephyr/include/zephyr/posix/posix_limits.h:30:9: warning: "_POSIX_LOGIN_NAME_MAX" redefined
   30 | #define _POSIX_LOGIN_NAME_MAX               (9)
      |         ^~~~~~~~~~~~~~~~~~~~~
/scratch2/dima/zephyr-chipyard-sw-fresh/tools-manual/zephyr-sdk-1.0.0-beta1/gnu/riscv64-zephyr-elf/riscv64-zephyr-elf/sys-include/sys/syslimits.h:70:9: note: this is the location of the previous definition
   70 | #define _POSIX_LOGIN_NAME_MAX   9
      |         ^~~~~~~~~~~~~~~~~~~~~
/scratch2/agustin/zephyr-chipyard-sw/zephyr_ws/zephyr/include/zephyr/posix/posix_limits.h:31:9: warning: "_POSIX_MAX_CANON" redefined
   31 | #define _POSIX_MAX_CANON                    (255)
      |         ^~~~~~~~~~~~~~~~
/scratch2/dima/zephyr-chipyard-sw-fresh/tools-manual/zephyr-sdk-1.0.0-beta1/gnu/riscv64-zephyr-elf/riscv64-zephyr-elf/sys-include/sys/syslimits.h:71:9: note: this is the location of the previous definition
   71 | #define _POSIX_MAX_CANON        255
      |         ^~~~~~~~~~~~~~~~
/scratch2/agustin/zephyr-chipyard-sw/zephyr_ws/zephyr/include/zephyr/posix/posix_limits.h:32:9: warning: "_POSIX_MAX_INPUT" redefined
   32 | #define _POSIX_MAX_INPUT                    (255)
      |         ^~~~~~~~~~~~~~~~
/scratch2/dima/zephyr-chipyard-sw-fresh/tools-manual/zephyr-sdk-1.0.0-beta1/gnu/riscv64-zephyr-elf/riscv64-zephyr-elf/sys-include/sys/syslimits.h:72:9: note: this is the location of the previous definition
   72 | #define _POSIX_MAX_INPUT        255
      |         ^~~~~~~~~~~~~~~~
/scratch2/agustin/zephyr-chipyard-sw/zephyr_ws/zephyr/include/zephyr/posix/posix_limits.h:33:9: warning: "_POSIX_MQ_OPEN_MAX" redefined
   33 | #define _POSIX_MQ_OPEN_MAX                  (8)
      |         ^~~~~~~~~~~~~~~~~~
/scratch2/dima/zephyr-chipyard-sw-fresh/tools-manual/zephyr-sdk-1.0.0-beta1/gnu/riscv64-zephyr-elf/riscv64-zephyr-elf/sys-include/sys/syslimits.h:73:9: note: this is the location of the previous definition
   73 | #define _POSIX_MQ_OPEN_MAX      8
      |         ^~~~~~~~~~~~~~~~~~
/scratch2/agustin/zephyr-chipyard-sw/zephyr_ws/zephyr/include/zephyr/posix/posix_limits.h:34:9: warning: "_POSIX_MQ_PRIO_MAX" redefined
   34 | #define _POSIX_MQ_PRIO_MAX                  (32)
      |         ^~~~~~~~~~~~~~~~~~
/scratch2/dima/zephyr-chipyard-sw-fresh/tools-manual/zephyr-sdk-1.0.0-beta1/gnu/riscv64-zephyr-elf/riscv64-zephyr-elf/sys-include/sys/syslimits.h:74:9: note: this is the location of the previous definition
   74 | #define _POSIX_MQ_PRIO_MAX      32
      |         ^~~~~~~~~~~~~~~~~~
/scratch2/agustin/zephyr-chipyard-sw/zephyr_ws/zephyr/include/zephyr/posix/posix_limits.h:35:9: warning: "_POSIX_NAME_MAX" redefined
   35 | #define _POSIX_NAME_MAX                     (14)
      |         ^~~~~~~~~~~~~~~
/scratch2/dima/zephyr-chipyard-sw-fresh/tools-manual/zephyr-sdk-1.0.0-beta1/gnu/riscv64-zephyr-elf/riscv64-zephyr-elf/sys-include/sys/syslimits.h:75:9: note: this is the location of the previous definition
   75 | #define _POSIX_NAME_MAX         14
      |         ^~~~~~~~~~~~~~~
/scratch2/agustin/zephyr-chipyard-sw/zephyr_ws/zephyr/include/zephyr/posix/posix_limits.h:36:9: warning: "_POSIX_NGROUPS_MAX" redefined
   36 | #define _POSIX_NGROUPS_MAX                  (8)
      |         ^~~~~~~~~~~~~~~~~~
/scratch2/dima/zephyr-chipyard-sw-fresh/tools-manual/zephyr-sdk-1.0.0-beta1/gnu/riscv64-zephyr-elf/riscv64-zephyr-elf/sys-include/sys/syslimits.h:76:9: note: this is the location of the previous definition
   76 | #define _POSIX_NGROUPS_MAX      0
      |         ^~~~~~~~~~~~~~~~~~
/scratch2/agustin/zephyr-chipyard-sw/zephyr_ws/zephyr/include/zephyr/posix/posix_limits.h:37:9: warning: "_POSIX_OPEN_MAX" redefined
   37 | #define _POSIX_OPEN_MAX                     (20)
      |         ^~~~~~~~~~~~~~~
/scratch2/dima/zephyr-chipyard-sw-fresh/tools-manual/zephyr-sdk-1.0.0-beta1/gnu/riscv64-zephyr-elf/riscv64-zephyr-elf/sys-include/sys/syslimits.h:77:9: note: this is the location of the previous definition
   77 | #define _POSIX_OPEN_MAX         16
      |         ^~~~~~~~~~~~~~~
/scratch2/agustin/zephyr-chipyard-sw/zephyr_ws/zephyr/include/zephyr/posix/posix_limits.h:38:9: warning: "_POSIX_PATH_MAX" redefined
   38 | #define _POSIX_PATH_MAX                     (256)
      |         ^~~~~~~~~~~~~~~
/scratch2/dima/zephyr-chipyard-sw-fresh/tools-manual/zephyr-sdk-1.0.0-beta1/gnu/riscv64-zephyr-elf/riscv64-zephyr-elf/sys-include/sys/syslimits.h:78:9: note: this is the location of the previous definition
   78 | #define _POSIX_PATH_MAX         255
      |         ^~~~~~~~~~~~~~~
/scratch2/agustin/zephyr-chipyard-sw/zephyr_ws/zephyr/include/zephyr/posix/posix_limits.h:39:9: warning: "_POSIX_PIPE_BUF" redefined
   39 | #define _POSIX_PIPE_BUF                     (512)
      |         ^~~~~~~~~~~~~~~
/scratch2/dima/zephyr-chipyard-sw-fresh/tools-manual/zephyr-sdk-1.0.0-beta1/gnu/riscv64-zephyr-elf/riscv64-zephyr-elf/sys-include/sys/syslimits.h:79:9: note: this is the location of the previous definition
   79 | #define _POSIX_PIPE_BUF         512
      |         ^~~~~~~~~~~~~~~
/scratch2/agustin/zephyr-chipyard-sw/zephyr_ws/zephyr/include/zephyr/posix/posix_limits.h:40:9: warning: "_POSIX_RE_DUP_MAX" redefined
   40 | #define _POSIX_RE_DUP_MAX                   (255)
      |         ^~~~~~~~~~~~~~~~~
/scratch2/dima/zephyr-chipyard-sw-fresh/tools-manual/zephyr-sdk-1.0.0-beta1/gnu/riscv64-zephyr-elf/riscv64-zephyr-elf/sys-include/sys/syslimits.h:80:9: note: this is the location of the previous definition
   80 | #define _POSIX_RE_DUP_MAX       255
      |         ^~~~~~~~~~~~~~~~~
/scratch2/agustin/zephyr-chipyard-sw/zephyr_ws/zephyr/include/zephyr/posix/posix_limits.h:41:9: warning: "_POSIX_RTSIG_MAX" redefined
   41 | #define _POSIX_RTSIG_MAX                    (8)
      |         ^~~~~~~~~~~~~~~~
/scratch2/dima/zephyr-chipyard-sw-fresh/tools-manual/zephyr-sdk-1.0.0-beta1/gnu/riscv64-zephyr-elf/riscv64-zephyr-elf/sys-include/sys/syslimits.h:81:9: note: this is the location of the previous definition
   81 | #define _POSIX_RTSIG_MAX        8
      |         ^~~~~~~~~~~~~~~~
/scratch2/agustin/zephyr-chipyard-sw/zephyr_ws/zephyr/include/zephyr/posix/posix_limits.h:42:9: warning: "_POSIX_SEM_NSEMS_MAX" redefined
   42 | #define _POSIX_SEM_NSEMS_MAX                (256)
      |         ^~~~~~~~~~~~~~~~~~~~
/scratch2/dima/zephyr-chipyard-sw-fresh/tools-manual/zephyr-sdk-1.0.0-beta1/gnu/riscv64-zephyr-elf/riscv64-zephyr-elf/sys-include/sys/syslimits.h:82:9: note: this is the location of the previous definition
   82 | #define _POSIX_SEM_NSEMS_MAX    256
      |         ^~~~~~~~~~~~~~~~~~~~
/scratch2/agustin/zephyr-chipyard-sw/zephyr_ws/zephyr/include/zephyr/posix/posix_limits.h:43:9: warning: "_POSIX_SEM_VALUE_MAX" redefined
   43 | #define _POSIX_SEM_VALUE_MAX                (32767)
      |         ^~~~~~~~~~~~~~~~~~~~
/scratch2/dima/zephyr-chipyard-sw-fresh/tools-manual/zephyr-sdk-1.0.0-beta1/gnu/riscv64-zephyr-elf/riscv64-zephyr-elf/sys-include/sys/syslimits.h:83:9: note: this is the location of the previous definition
   83 | #define _POSIX_SEM_VALUE_MAX    32767
      |         ^~~~~~~~~~~~~~~~~~~~
/scratch2/agustin/zephyr-chipyard-sw/zephyr_ws/zephyr/include/zephyr/posix/posix_limits.h:44:9: warning: "_POSIX_SIGQUEUE_MAX" redefined
   44 | #define _POSIX_SIGQUEUE_MAX                 (32)
      |         ^~~~~~~~~~~~~~~~~~~
/scratch2/dima/zephyr-chipyard-sw-fresh/tools-manual/zephyr-sdk-1.0.0-beta1/gnu/riscv64-zephyr-elf/riscv64-zephyr-elf/sys-include/sys/syslimits.h:84:9: note: this is the location of the previous definition
   84 | #define _POSIX_SIGQUEUE_MAX     32
      |         ^~~~~~~~~~~~~~~~~~~
/scratch2/agustin/zephyr-chipyard-sw/zephyr_ws/zephyr/include/zephyr/posix/posix_limits.h:45:9: warning: "_POSIX_SSIZE_MAX" redefined
   45 | #define _POSIX_SSIZE_MAX                    (32767)
      |         ^~~~~~~~~~~~~~~~
/scratch2/dima/zephyr-chipyard-sw-fresh/tools-manual/zephyr-sdk-1.0.0-beta1/gnu/riscv64-zephyr-elf/riscv64-zephyr-elf/sys-include/sys/syslimits.h:85:9: note: this is the location of the previous definition
   85 | #define _POSIX_SSIZE_MAX        32767
      |         ^~~~~~~~~~~~~~~~
/scratch2/agustin/zephyr-chipyard-sw/zephyr_ws/zephyr/include/zephyr/posix/posix_limits.h:46:9: warning: "_POSIX_SS_REPL_MAX" redefined
   46 | #define _POSIX_SS_REPL_MAX                  (4)
      |         ^~~~~~~~~~~~~~~~~~
/scratch2/dima/zephyr-chipyard-sw-fresh/tools-manual/zephyr-sdk-1.0.0-beta1/gnu/riscv64-zephyr-elf/riscv64-zephyr-elf/sys-include/sys/syslimits.h:86:9: note: this is the location of the previous definition
   86 | #define _POSIX_SS_REPL_MAX      4
      |         ^~~~~~~~~~~~~~~~~~
/scratch2/agustin/zephyr-chipyard-sw/zephyr_ws/zephyr/include/zephyr/posix/posix_limits.h:47:9: warning: "_POSIX_STREAM_MAX" redefined
   47 | #define _POSIX_STREAM_MAX                   (8)
      |         ^~~~~~~~~~~~~~~~~
/scratch2/dima/zephyr-chipyard-sw-fresh/tools-manual/zephyr-sdk-1.0.0-beta1/gnu/riscv64-zephyr-elf/riscv64-zephyr-elf/sys-include/sys/syslimits.h:87:9: note: this is the location of the previous definition
   87 | #define _POSIX_STREAM_MAX       8
      |         ^~~~~~~~~~~~~~~~~
/scratch2/agustin/zephyr-chipyard-sw/zephyr_ws/zephyr/include/zephyr/posix/posix_limits.h:48:9: warning: "_POSIX_SYMLINK_MAX" redefined
   48 | #define _POSIX_SYMLINK_MAX                  (255)
      |         ^~~~~~~~~~~~~~~~~~
/scratch2/dima/zephyr-chipyard-sw-fresh/tools-manual/zephyr-sdk-1.0.0-beta1/gnu/riscv64-zephyr-elf/riscv64-zephyr-elf/sys-include/sys/syslimits.h:88:9: note: this is the location of the previous definition
   88 | #define _POSIX_SYMLINK_MAX      255
      |         ^~~~~~~~~~~~~~~~~~
/scratch2/agustin/zephyr-chipyard-sw/zephyr_ws/zephyr/include/zephyr/posix/posix_limits.h:49:9: warning: "_POSIX_SYMLOOP_MAX" redefined
   49 | #define _POSIX_SYMLOOP_MAX                  (8)
      |         ^~~~~~~~~~~~~~~~~~
/scratch2/dima/zephyr-chipyard-sw-fresh/tools-manual/zephyr-sdk-1.0.0-beta1/gnu/riscv64-zephyr-elf/riscv64-zephyr-elf/sys-include/sys/syslimits.h:89:9: note: this is the location of the previous definition
   89 | #define _POSIX_SYMLOOP_MAX      8
      |         ^~~~~~~~~~~~~~~~~~
/scratch2/agustin/zephyr-chipyard-sw/zephyr_ws/zephyr/include/zephyr/posix/posix_limits.h:50:9: warning: "_POSIX_THREAD_DESTRUCTOR_ITERATIONS" redefined
   50 | #define _POSIX_THREAD_DESTRUCTOR_ITERATIONS (4)
      |         ^~~~~~~~~~~~~~~~~~~~~~~~~~~~~~~~~~~
/scratch2/dima/zephyr-chipyard-sw-fresh/tools-manual/zephyr-sdk-1.0.0-beta1/gnu/riscv64-zephyr-elf/riscv64-zephyr-elf/sys-include/sys/syslimits.h:90:9: note: this is the location of the previous definition
   90 | #define _POSIX_THREAD_DESTRUCTOR_ITERATIONS     4
      |         ^~~~~~~~~~~~~~~~~~~~~~~~~~~~~~~~~~~
/scratch2/agustin/zephyr-chipyard-sw/zephyr_ws/zephyr/include/zephyr/posix/posix_limits.h:51:9: warning: "_POSIX_THREAD_KEYS_MAX" redefined
   51 | #define _POSIX_THREAD_KEYS_MAX              (128)
      |         ^~~~~~~~~~~~~~~~~~~~~~
/scratch2/dima/zephyr-chipyard-sw-fresh/tools-manual/zephyr-sdk-1.0.0-beta1/gnu/riscv64-zephyr-elf/riscv64-zephyr-elf/sys-include/sys/syslimits.h:91:9: note: this is the location of the previous definition
   91 | #define _POSIX_THREAD_KEYS_MAX  128
      |         ^~~~~~~~~~~~~~~~~~~~~~
/scratch2/agustin/zephyr-chipyard-sw/zephyr_ws/zephyr/include/zephyr/posix/posix_limits.h:52:9: warning: "_POSIX_THREAD_THREADS_MAX" redefined
   52 | #define _POSIX_THREAD_THREADS_MAX           (64)
      |         ^~~~~~~~~~~~~~~~~~~~~~~~~
/scratch2/dima/zephyr-chipyard-sw-fresh/tools-manual/zephyr-sdk-1.0.0-beta1/gnu/riscv64-zephyr-elf/riscv64-zephyr-elf/sys-include/sys/syslimits.h:92:9: note: this is the location of the previous definition
   92 | #define _POSIX_THREAD_THREADS_MAX       64
      |         ^~~~~~~~~~~~~~~~~~~~~~~~~
/scratch2/agustin/zephyr-chipyard-sw/zephyr_ws/zephyr/include/zephyr/posix/posix_limits.h:53:9: warning: "_POSIX_TIMER_MAX" redefined
   53 | #define _POSIX_TIMER_MAX                    (32)
      |         ^~~~~~~~~~~~~~~~
/scratch2/dima/zephyr-chipyard-sw-fresh/tools-manual/zephyr-sdk-1.0.0-beta1/gnu/riscv64-zephyr-elf/riscv64-zephyr-elf/sys-include/sys/syslimits.h:93:9: note: this is the location of the previous definition
   93 | #define _POSIX_TIMER_MAX        32
      |         ^~~~~~~~~~~~~~~~
/scratch2/agustin/zephyr-chipyard-sw/zephyr_ws/zephyr/include/zephyr/posix/posix_limits.h:54:9: warning: "_POSIX_TRACE_EVENT_NAME_MAX" redefined
   54 | #define _POSIX_TRACE_EVENT_NAME_MAX         (30)
      |         ^~~~~~~~~~~~~~~~~~~~~~~~~~~
/scratch2/dima/zephyr-chipyard-sw-fresh/tools-manual/zephyr-sdk-1.0.0-beta1/gnu/riscv64-zephyr-elf/riscv64-zephyr-elf/sys-include/sys/syslimits.h:94:9: note: this is the location of the previous definition
   94 | #define _POSIX_TRACE_EVENT_NAME_MAX     30
      |         ^~~~~~~~~~~~~~~~~~~~~~~~~~~
/scratch2/agustin/zephyr-chipyard-sw/zephyr_ws/zephyr/include/zephyr/posix/posix_limits.h:55:9: warning: "_POSIX_TRACE_NAME_MAX" redefined
   55 | #define _POSIX_TRACE_NAME_MAX               (8)
      |         ^~~~~~~~~~~~~~~~~~~~~
/scratch2/dima/zephyr-chipyard-sw-fresh/tools-manual/zephyr-sdk-1.0.0-beta1/gnu/riscv64-zephyr-elf/riscv64-zephyr-elf/sys-include/sys/syslimits.h:95:9: note: this is the location of the previous definition
   95 | #define _POSIX_TRACE_NAME_MAX   8
      |         ^~~~~~~~~~~~~~~~~~~~~
/scratch2/agustin/zephyr-chipyard-sw/zephyr_ws/zephyr/include/zephyr/posix/posix_limits.h:56:9: warning: "_POSIX_TRACE_SYS_MAX" redefined
   56 | #define _POSIX_TRACE_SYS_MAX                (8)
      |         ^~~~~~~~~~~~~~~~~~~~
/scratch2/dima/zephyr-chipyard-sw-fresh/tools-manual/zephyr-sdk-1.0.0-beta1/gnu/riscv64-zephyr-elf/riscv64-zephyr-elf/sys-include/sys/syslimits.h:96:9: note: this is the location of the previous definition
   96 | #define _POSIX_TRACE_SYS_MAX    8
      |         ^~~~~~~~~~~~~~~~~~~~
/scratch2/agustin/zephyr-chipyard-sw/zephyr_ws/zephyr/include/zephyr/posix/posix_limits.h:57:9: warning: "_POSIX_TRACE_USER_EVENT_MAX" redefined
   57 | #define _POSIX_TRACE_USER_EVENT_MAX         (32)
      |         ^~~~~~~~~~~~~~~~~~~~~~~~~~~
/scratch2/dima/zephyr-chipyard-sw-fresh/tools-manual/zephyr-sdk-1.0.0-beta1/gnu/riscv64-zephyr-elf/riscv64-zephyr-elf/sys-include/sys/syslimits.h:97:9: note: this is the location of the previous definition
   97 | #define _POSIX_TRACE_USER_EVENT_MAX     32
      |         ^~~~~~~~~~~~~~~~~~~~~~~~~~~
/scratch2/agustin/zephyr-chipyard-sw/zephyr_ws/zephyr/include/zephyr/posix/posix_limits.h:58:9: warning: "_POSIX_TTY_NAME_MAX" redefined
   58 | #define _POSIX_TTY_NAME_MAX                 (9)
      |         ^~~~~~~~~~~~~~~~~~~
/scratch2/dima/zephyr-chipyard-sw-fresh/tools-manual/zephyr-sdk-1.0.0-beta1/gnu/riscv64-zephyr-elf/riscv64-zephyr-elf/sys-include/sys/syslimits.h:98:9: note: this is the location of the previous definition
   98 | #define _POSIX_TTY_NAME_MAX     9
      |         ^~~~~~~~~~~~~~~~~~~
/scratch2/agustin/zephyr-chipyard-sw/zephyr_ws/zephyr/include/zephyr/posix/posix_limits.h:59:9: warning: "_POSIX_TZNAME_MAX" redefined
   59 | #define _POSIX_TZNAME_MAX                   (6)
      |         ^~~~~~~~~~~~~~~~~
/scratch2/dima/zephyr-chipyard-sw-fresh/tools-manual/zephyr-sdk-1.0.0-beta1/gnu/riscv64-zephyr-elf/riscv64-zephyr-elf/sys-include/sys/syslimits.h:99:9: note: this is the location of the previous definition
   99 | #define _POSIX_TZNAME_MAX       3
      |         ^~~~~~~~~~~~~~~~~
/scratch2/agustin/zephyr-chipyard-sw/zephyr_ws/zephyr/include/zephyr/posix/posix_limits.h:60:9: warning: "_POSIX2_BC_BASE_MAX" redefined
   60 | #define _POSIX2_BC_BASE_MAX                 (99)
      |         ^~~~~~~~~~~~~~~~~~~
/scratch2/dima/zephyr-chipyard-sw-fresh/tools-manual/zephyr-sdk-1.0.0-beta1/gnu/riscv64-zephyr-elf/riscv64-zephyr-elf/sys-include/sys/syslimits.h:100:9: note: this is the location of the previous definition
  100 | #define _POSIX2_BC_BASE_MAX     99
      |         ^~~~~~~~~~~~~~~~~~~
/scratch2/agustin/zephyr-chipyard-sw/zephyr_ws/zephyr/include/zephyr/posix/posix_limits.h:61:9: warning: "_POSIX2_BC_DIM_MAX" redefined
   61 | #define _POSIX2_BC_DIM_MAX                  (2048)
      |         ^~~~~~~~~~~~~~~~~~
/scratch2/dima/zephyr-chipyard-sw-fresh/tools-manual/zephyr-sdk-1.0.0-beta1/gnu/riscv64-zephyr-elf/riscv64-zephyr-elf/sys-include/sys/syslimits.h:101:9: note: this is the location of the previous definition
  101 | #define _POSIX2_BC_DIM_MAX      2048
      |         ^~~~~~~~~~~~~~~~~~
/scratch2/agustin/zephyr-chipyard-sw/zephyr_ws/zephyr/include/zephyr/posix/posix_limits.h:62:9: warning: "_POSIX2_BC_SCALE_MAX" redefined
   62 | #define _POSIX2_BC_SCALE_MAX                (99)
      |         ^~~~~~~~~~~~~~~~~~~~
/scratch2/dima/zephyr-chipyard-sw-fresh/tools-manual/zephyr-sdk-1.0.0-beta1/gnu/riscv64-zephyr-elf/riscv64-zephyr-elf/sys-include/sys/syslimits.h:102:9: note: this is the location of the previous definition
  102 | #define _POSIX2_BC_SCALE_MAX    99
      |         ^~~~~~~~~~~~~~~~~~~~
/scratch2/agustin/zephyr-chipyard-sw/zephyr_ws/zephyr/include/zephyr/posix/posix_limits.h:63:9: warning: "_POSIX2_BC_STRING_MAX" redefined
   63 | #define _POSIX2_BC_STRING_MAX               (1000)
      |         ^~~~~~~~~~~~~~~~~~~~~
/scratch2/dima/zephyr-chipyard-sw-fresh/tools-manual/zephyr-sdk-1.0.0-beta1/gnu/riscv64-zephyr-elf/riscv64-zephyr-elf/sys-include/sys/syslimits.h:103:9: note: this is the location of the previous definition
  103 | #define _POSIX2_BC_STRING_MAX   1000
      |         ^~~~~~~~~~~~~~~~~~~~~
/scratch2/agustin/zephyr-chipyard-sw/zephyr_ws/zephyr/include/zephyr/posix/posix_limits.h:64:9: warning: "_POSIX2_CHARCLASS_NAME_MAX" redefined
   64 | #define _POSIX2_CHARCLASS_NAME_MAX          (14)
      |         ^~~~~~~~~~~~~~~~~~~~~~~~~~
/scratch2/dima/zephyr-chipyard-sw-fresh/tools-manual/zephyr-sdk-1.0.0-beta1/gnu/riscv64-zephyr-elf/riscv64-zephyr-elf/sys-include/sys/syslimits.h:104:9: note: this is the location of the previous definition
  104 | #define _POSIX2_CHARCLASS_NAME_MAX      14
      |         ^~~~~~~~~~~~~~~~~~~~~~~~~~
/scratch2/agustin/zephyr-chipyard-sw/zephyr_ws/zephyr/include/zephyr/posix/posix_limits.h:65:9: warning: "_POSIX2_COLL_WEIGHTS_MAX" redefined
   65 | #define _POSIX2_COLL_WEIGHTS_MAX            (2)
      |         ^~~~~~~~~~~~~~~~~~~~~~~~
/scratch2/dima/zephyr-chipyard-sw-fresh/tools-manual/zephyr-sdk-1.0.0-beta1/gnu/riscv64-zephyr-elf/riscv64-zephyr-elf/sys-include/sys/syslimits.h:105:9: note: this is the location of the previous definition
  105 | #define _POSIX2_COLL_WEIGHTS_MAX        2
      |         ^~~~~~~~~~~~~~~~~~~~~~~~
/scratch2/agustin/zephyr-chipyard-sw/zephyr_ws/zephyr/include/zephyr/posix/posix_limits.h:66:9: warning: "_POSIX2_EXPR_NEST_MAX" redefined
   66 | #define _POSIX2_EXPR_NEST_MAX               (32)
      |         ^~~~~~~~~~~~~~~~~~~~~
/scratch2/dima/zephyr-chipyard-sw-fresh/tools-manual/zephyr-sdk-1.0.0-beta1/gnu/riscv64-zephyr-elf/riscv64-zephyr-elf/sys-include/sys/syslimits.h:106:9: note: this is the location of the previous definition
  106 | #define _POSIX2_EXPR_NEST_MAX   32
      |         ^~~~~~~~~~~~~~~~~~~~~
/scratch2/agustin/zephyr-chipyard-sw/zephyr_ws/zephyr/include/zephyr/posix/posix_limits.h:67:9: warning: "_POSIX2_LINE_MAX" redefined
   67 | #define _POSIX2_LINE_MAX                    (2048)
      |         ^~~~~~~~~~~~~~~~
/scratch2/dima/zephyr-chipyard-sw-fresh/tools-manual/zephyr-sdk-1.0.0-beta1/gnu/riscv64-zephyr-elf/riscv64-zephyr-elf/sys-include/sys/syslimits.h:107:9: note: this is the location of the previous definition
  107 | #define _POSIX2_LINE_MAX        2048
      |         ^~~~~~~~~~~~~~~~
/scratch2/agustin/zephyr-chipyard-sw/zephyr_ws/zephyr/include/zephyr/posix/posix_limits.h:83:9: warning: "ARG_MAX" redefined
   83 | #define ARG_MAX                       _POSIX_ARG_MAX
      |         ^~~~~~~
/scratch2/dima/zephyr-chipyard-sw-fresh/tools-manual/zephyr-sdk-1.0.0-beta1/gnu/riscv64-zephyr-elf/riscv64-zephyr-elf/sys-include/sys/syslimits.h:41:9: note: this is the location of the previous definition
   41 | #define ARG_MAX                 65536   /* max bytes for an exec function */
      |         ^~~~~~~
/scratch2/agustin/zephyr-chipyard-sw/zephyr_ws/zephyr/include/zephyr/posix/posix_limits.h:84:9: warning: "ATEXIT_MAX" redefined
   84 | #define ATEXIT_MAX                    (32)
      |         ^~~~~~~~~~
/scratch2/dima/zephyr-chipyard-sw-fresh/tools-manual/zephyr-sdk-1.0.0-beta1/gnu/riscv64-zephyr-elf/riscv64-zephyr-elf/sys-include/sys/syslimits.h:42:9: note: this is the location of the previous definition
   42 | #define ATEXIT_MAX                 32   /* max atexit functions */
      |         ^~~~~~~~~~
/scratch2/agustin/zephyr-chipyard-sw/zephyr_ws/zephyr/include/zephyr/posix/posix_limits.h:93:9: warning: "OPEN_MAX" redefined
   93 | #define OPEN_MAX                      CONFIG_POSIX_OPEN_MAX
      |         ^~~~~~~~
/scratch2/dima/zephyr-chipyard-sw-fresh/tools-manual/zephyr-sdk-1.0.0-beta1/gnu/riscv64-zephyr-elf/riscv64-zephyr-elf/sys-include/sys/syslimits.h:45:9: note: this is the location of the previous definition
   45 | #define OPEN_MAX                   64   /* max open files per process */
      |         ^~~~~~~~
/scratch2/agustin/zephyr-chipyard-sw/zephyr_ws/zephyr/include/zephyr/posix/posix_limits.h:96:9: warning: "PATH_MAX" redefined
   96 | #define PATH_MAX                      _POSIX_PATH_MAX
      |         ^~~~~~~~
/scratch2/dima/zephyr-chipyard-sw-fresh/tools-manual/zephyr-sdk-1.0.0-beta1/gnu/riscv64-zephyr-elf/riscv64-zephyr-elf/sys-include/sys/syslimits.h:53:9: note: this is the location of the previous definition
   53 | #define PATH_MAX                 1024   /* max bytes in pathname */
      |         ^~~~~~~~
/scratch2/agustin/zephyr-chipyard-sw/zephyr_ws/zephyr/include/zephyr/posix/posix_limits.h:114:9: warning: "TZNAME_MAX" redefined
  114 | #define TZNAME_MAX                    _POSIX_TZNAME_MAX
      |         ^~~~~~~~~~
/scratch2/dima/zephyr-chipyard-sw-fresh/tools-manual/zephyr-sdk-1.0.0-beta1/gnu/riscv64-zephyr-elf/riscv64-zephyr-elf/sys-include/sys/syslimits.h:46:9: note: this is the location of the previous definition
   46 | #define TZNAME_MAX                 10   /* max time zone name length */
      |         ^~~~~~~~~~
[83/202] Building C object zephyr/lib/libc/common/CMakeFiles/lib__libc__common.dir/source/thrd/tss.c.obj
In file included from /scratch2/agustin/zephyr-chipyard-sw/zephyr_ws/zephyr/include/zephyr/posix/sys/sysconf.h:11,
                 from /scratch2/agustin/zephyr-chipyard-sw/zephyr_ws/zephyr/include/zephyr/posix/unistd.h:18,
                 from /scratch2/agustin/zephyr-chipyard-sw/zephyr_ws/zephyr/include/zephyr/posix/pthread.h:15,
                 from /scratch2/agustin/zephyr-chipyard-sw/zephyr_ws/zephyr/lib/libc/common/source/thrd/tss.c:11:
/scratch2/agustin/zephyr-chipyard-sw/zephyr_ws/zephyr/include/zephyr/posix/posix_limits.h:23:9: warning: "_POSIX_AIO_LISTIO_MAX" redefined
   23 | #define _POSIX_AIO_LISTIO_MAX               (2)
      |         ^~~~~~~~~~~~~~~~~~~~~
In file included from /scratch2/dima/zephyr-chipyard-sw-fresh/tools-manual/zephyr-sdk-1.0.0-beta1/gnu/riscv64-zephyr-elf/riscv64-zephyr-elf/sys-include/limits.h:6,
                 from /scratch2/dima/zephyr-chipyard-sw-fresh/tools-manual/zephyr-sdk-1.0.0-beta1/gnu/riscv64-zephyr-elf/lib/gcc/riscv64-zephyr-elf/14.3.0/include/limits.h:210,
                 from /scratch2/dima/zephyr-chipyard-sw-fresh/tools-manual/zephyr-sdk-1.0.0-beta1/gnu/riscv64-zephyr-elf/lib/gcc/riscv64-zephyr-elf/14.3.0/include/syslimits.h:7,
                 from /scratch2/dima/zephyr-chipyard-sw-fresh/tools-manual/zephyr-sdk-1.0.0-beta1/gnu/riscv64-zephyr-elf/lib/gcc/riscv64-zephyr-elf/14.3.0/include/limits.h:34,
                 from /scratch2/agustin/zephyr-chipyard-sw/zephyr_ws/zephyr/include/zephyr/kernel_includes.h:22,
                 from /scratch2/agustin/zephyr-chipyard-sw/zephyr_ws/zephyr/include/zephyr/kernel.h:17,
                 from /scratch2/agustin/zephyr-chipyard-sw/zephyr_ws/zephyr/lib/libc/common/source/thrd/tss.c:10:
/scratch2/dima/zephyr-chipyard-sw-fresh/tools-manual/zephyr-sdk-1.0.0-beta1/gnu/riscv64-zephyr-elf/riscv64-zephyr-elf/sys-include/sys/syslimits.h:63:9: note: this is the location of the previous definition
   63 | #define _POSIX_AIO_LISTIO_MAX   2
      |         ^~~~~~~~~~~~~~~~~~~~~
/scratch2/agustin/zephyr-chipyard-sw/zephyr_ws/zephyr/include/zephyr/posix/posix_limits.h:24:9: warning: "_POSIX_AIO_MAX" redefined
   24 | #define _POSIX_AIO_MAX                      (1)
      |         ^~~~~~~~~~~~~~
/scratch2/dima/zephyr-chipyard-sw-fresh/tools-manual/zephyr-sdk-1.0.0-beta1/gnu/riscv64-zephyr-elf/riscv64-zephyr-elf/sys-include/sys/syslimits.h:64:9: note: this is the location of the previous definition
   64 | #define _POSIX_AIO_MAX          1
      |         ^~~~~~~~~~~~~~
/scratch2/agustin/zephyr-chipyard-sw/zephyr_ws/zephyr/include/zephyr/posix/posix_limits.h:25:9: warning: "_POSIX_ARG_MAX" redefined
   25 | #define _POSIX_ARG_MAX                      (4096)
      |         ^~~~~~~~~~~~~~
/scratch2/dima/zephyr-chipyard-sw-fresh/tools-manual/zephyr-sdk-1.0.0-beta1/gnu/riscv64-zephyr-elf/riscv64-zephyr-elf/sys-include/sys/syslimits.h:65:9: note: this is the location of the previous definition
   65 | #define _POSIX_ARG_MAX          4096
      |         ^~~~~~~~~~~~~~
/scratch2/agustin/zephyr-chipyard-sw/zephyr_ws/zephyr/include/zephyr/posix/posix_limits.h:26:9: warning: "_POSIX_CHILD_MAX" redefined
   26 | #define _POSIX_CHILD_MAX                    (25)
      |         ^~~~~~~~~~~~~~~~
/scratch2/dima/zephyr-chipyard-sw-fresh/tools-manual/zephyr-sdk-1.0.0-beta1/gnu/riscv64-zephyr-elf/riscv64-zephyr-elf/sys-include/sys/syslimits.h:66:9: note: this is the location of the previous definition
   66 | #define _POSIX_CHILD_MAX        6
      |         ^~~~~~~~~~~~~~~~
/scratch2/agustin/zephyr-chipyard-sw/zephyr_ws/zephyr/include/zephyr/posix/posix_limits.h:27:9: warning: "_POSIX_DELAYTIMER_MAX" redefined
   27 | #define _POSIX_DELAYTIMER_MAX               (32)
      |         ^~~~~~~~~~~~~~~~~~~~~
/scratch2/dima/zephyr-chipyard-sw-fresh/tools-manual/zephyr-sdk-1.0.0-beta1/gnu/riscv64-zephyr-elf/riscv64-zephyr-elf/sys-include/sys/syslimits.h:67:9: note: this is the location of the previous definition
   67 | #define _POSIX_DELAYTIMER_MAX   32
      |         ^~~~~~~~~~~~~~~~~~~~~
/scratch2/agustin/zephyr-chipyard-sw/zephyr_ws/zephyr/include/zephyr/posix/posix_limits.h:28:9: warning: "_POSIX_HOST_NAME_MAX" redefined
   28 | #define _POSIX_HOST_NAME_MAX                (255)
      |         ^~~~~~~~~~~~~~~~~~~~
/scratch2/dima/zephyr-chipyard-sw-fresh/tools-manual/zephyr-sdk-1.0.0-beta1/gnu/riscv64-zephyr-elf/riscv64-zephyr-elf/sys-include/sys/syslimits.h:68:9: note: this is the location of the previous definition
   68 | #define _POSIX_HOST_NAME_MAX    255
      |         ^~~~~~~~~~~~~~~~~~~~
/scratch2/agustin/zephyr-chipyard-sw/zephyr_ws/zephyr/include/zephyr/posix/posix_limits.h:29:9: warning: "_POSIX_LINK_MAX" redefined
   29 | #define _POSIX_LINK_MAX                     (8)
      |         ^~~~~~~~~~~~~~~
/scratch2/dima/zephyr-chipyard-sw-fresh/tools-manual/zephyr-sdk-1.0.0-beta1/gnu/riscv64-zephyr-elf/riscv64-zephyr-elf/sys-include/sys/syslimits.h:69:9: note: this is the location of the previous definition
   69 | #define _POSIX_LINK_MAX         8
      |         ^~~~~~~~~~~~~~~
/scratch2/agustin/zephyr-chipyard-sw/zephyr_ws/zephyr/include/zephyr/posix/posix_limits.h:30:9: warning: "_POSIX_LOGIN_NAME_MAX" redefined
   30 | #define _POSIX_LOGIN_NAME_MAX               (9)
      |         ^~~~~~~~~~~~~~~~~~~~~
/scratch2/dima/zephyr-chipyard-sw-fresh/tools-manual/zephyr-sdk-1.0.0-beta1/gnu/riscv64-zephyr-elf/riscv64-zephyr-elf/sys-include/sys/syslimits.h:70:9: note: this is the location of the previous definition
   70 | #define _POSIX_LOGIN_NAME_MAX   9
      |         ^~~~~~~~~~~~~~~~~~~~~
/scratch2/agustin/zephyr-chipyard-sw/zephyr_ws/zephyr/include/zephyr/posix/posix_limits.h:31:9: warning: "_POSIX_MAX_CANON" redefined
   31 | #define _POSIX_MAX_CANON                    (255)
      |         ^~~~~~~~~~~~~~~~
/scratch2/dima/zephyr-chipyard-sw-fresh/tools-manual/zephyr-sdk-1.0.0-beta1/gnu/riscv64-zephyr-elf/riscv64-zephyr-elf/sys-include/sys/syslimits.h:71:9: note: this is the location of the previous definition
   71 | #define _POSIX_MAX_CANON        255
      |         ^~~~~~~~~~~~~~~~
/scratch2/agustin/zephyr-chipyard-sw/zephyr_ws/zephyr/include/zephyr/posix/posix_limits.h:32:9: warning: "_POSIX_MAX_INPUT" redefined
   32 | #define _POSIX_MAX_INPUT                    (255)
      |         ^~~~~~~~~~~~~~~~
/scratch2/dima/zephyr-chipyard-sw-fresh/tools-manual/zephyr-sdk-1.0.0-beta1/gnu/riscv64-zephyr-elf/riscv64-zephyr-elf/sys-include/sys/syslimits.h:72:9: note: this is the location of the previous definition
   72 | #define _POSIX_MAX_INPUT        255
      |         ^~~~~~~~~~~~~~~~
/scratch2/agustin/zephyr-chipyard-sw/zephyr_ws/zephyr/include/zephyr/posix/posix_limits.h:33:9: warning: "_POSIX_MQ_OPEN_MAX" redefined
   33 | #define _POSIX_MQ_OPEN_MAX                  (8)
      |         ^~~~~~~~~~~~~~~~~~
/scratch2/dima/zephyr-chipyard-sw-fresh/tools-manual/zephyr-sdk-1.0.0-beta1/gnu/riscv64-zephyr-elf/riscv64-zephyr-elf/sys-include/sys/syslimits.h:73:9: note: this is the location of the previous definition
   73 | #define _POSIX_MQ_OPEN_MAX      8
      |         ^~~~~~~~~~~~~~~~~~
/scratch2/agustin/zephyr-chipyard-sw/zephyr_ws/zephyr/include/zephyr/posix/posix_limits.h:34:9: warning: "_POSIX_MQ_PRIO_MAX" redefined
   34 | #define _POSIX_MQ_PRIO_MAX                  (32)
      |         ^~~~~~~~~~~~~~~~~~
/scratch2/dima/zephyr-chipyard-sw-fresh/tools-manual/zephyr-sdk-1.0.0-beta1/gnu/riscv64-zephyr-elf/riscv64-zephyr-elf/sys-include/sys/syslimits.h:74:9: note: this is the location of the previous definition
   74 | #define _POSIX_MQ_PRIO_MAX      32
      |         ^~~~~~~~~~~~~~~~~~
/scratch2/agustin/zephyr-chipyard-sw/zephyr_ws/zephyr/include/zephyr/posix/posix_limits.h:35:9: warning: "_POSIX_NAME_MAX" redefined
   35 | #define _POSIX_NAME_MAX                     (14)
      |         ^~~~~~~~~~~~~~~
/scratch2/dima/zephyr-chipyard-sw-fresh/tools-manual/zephyr-sdk-1.0.0-beta1/gnu/riscv64-zephyr-elf/riscv64-zephyr-elf/sys-include/sys/syslimits.h:75:9: note: this is the location of the previous definition
   75 | #define _POSIX_NAME_MAX         14
      |         ^~~~~~~~~~~~~~~
/scratch2/agustin/zephyr-chipyard-sw/zephyr_ws/zephyr/include/zephyr/posix/posix_limits.h:36:9: warning: "_POSIX_NGROUPS_MAX" redefined
   36 | #define _POSIX_NGROUPS_MAX                  (8)
      |         ^~~~~~~~~~~~~~~~~~
/scratch2/dima/zephyr-chipyard-sw-fresh/tools-manual/zephyr-sdk-1.0.0-beta1/gnu/riscv64-zephyr-elf/riscv64-zephyr-elf/sys-include/sys/syslimits.h:76:9: note: this is the location of the previous definition
   76 | #define _POSIX_NGROUPS_MAX      0
      |         ^~~~~~~~~~~~~~~~~~
/scratch2/agustin/zephyr-chipyard-sw/zephyr_ws/zephyr/include/zephyr/posix/posix_limits.h:37:9: warning: "_POSIX_OPEN_MAX" redefined
   37 | #define _POSIX_OPEN_MAX                     (20)
      |         ^~~~~~~~~~~~~~~
/scratch2/dima/zephyr-chipyard-sw-fresh/tools-manual/zephyr-sdk-1.0.0-beta1/gnu/riscv64-zephyr-elf/riscv64-zephyr-elf/sys-include/sys/syslimits.h:77:9: note: this is the location of the previous definition
   77 | #define _POSIX_OPEN_MAX         16
      |         ^~~~~~~~~~~~~~~
/scratch2/agustin/zephyr-chipyard-sw/zephyr_ws/zephyr/include/zephyr/posix/posix_limits.h:38:9: warning: "_POSIX_PATH_MAX" redefined
   38 | #define _POSIX_PATH_MAX                     (256)
      |         ^~~~~~~~~~~~~~~
/scratch2/dima/zephyr-chipyard-sw-fresh/tools-manual/zephyr-sdk-1.0.0-beta1/gnu/riscv64-zephyr-elf/riscv64-zephyr-elf/sys-include/sys/syslimits.h:78:9: note: this is the location of the previous definition
   78 | #define _POSIX_PATH_MAX         255
      |         ^~~~~~~~~~~~~~~
/scratch2/agustin/zephyr-chipyard-sw/zephyr_ws/zephyr/include/zephyr/posix/posix_limits.h:39:9: warning: "_POSIX_PIPE_BUF" redefined
   39 | #define _POSIX_PIPE_BUF                     (512)
      |         ^~~~~~~~~~~~~~~
/scratch2/dima/zephyr-chipyard-sw-fresh/tools-manual/zephyr-sdk-1.0.0-beta1/gnu/riscv64-zephyr-elf/riscv64-zephyr-elf/sys-include/sys/syslimits.h:79:9: note: this is the location of the previous definition
   79 | #define _POSIX_PIPE_BUF         512
      |         ^~~~~~~~~~~~~~~
/scratch2/agustin/zephyr-chipyard-sw/zephyr_ws/zephyr/include/zephyr/posix/posix_limits.h:40:9: warning: "_POSIX_RE_DUP_MAX" redefined
   40 | #define _POSIX_RE_DUP_MAX                   (255)
      |         ^~~~~~~~~~~~~~~~~
/scratch2/dima/zephyr-chipyard-sw-fresh/tools-manual/zephyr-sdk-1.0.0-beta1/gnu/riscv64-zephyr-elf/riscv64-zephyr-elf/sys-include/sys/syslimits.h:80:9: note: this is the location of the previous definition
   80 | #define _POSIX_RE_DUP_MAX       255
      |         ^~~~~~~~~~~~~~~~~
/scratch2/agustin/zephyr-chipyard-sw/zephyr_ws/zephyr/include/zephyr/posix/posix_limits.h:41:9: warning: "_POSIX_RTSIG_MAX" redefined
   41 | #define _POSIX_RTSIG_MAX                    (8)
      |         ^~~~~~~~~~~~~~~~
/scratch2/dima/zephyr-chipyard-sw-fresh/tools-manual/zephyr-sdk-1.0.0-beta1/gnu/riscv64-zephyr-elf/riscv64-zephyr-elf/sys-include/sys/syslimits.h:81:9: note: this is the location of the previous definition
   81 | #define _POSIX_RTSIG_MAX        8
      |         ^~~~~~~~~~~~~~~~
/scratch2/agustin/zephyr-chipyard-sw/zephyr_ws/zephyr/include/zephyr/posix/posix_limits.h:42:9: warning: "_POSIX_SEM_NSEMS_MAX" redefined
   42 | #define _POSIX_SEM_NSEMS_MAX                (256)
      |         ^~~~~~~~~~~~~~~~~~~~
/scratch2/dima/zephyr-chipyard-sw-fresh/tools-manual/zephyr-sdk-1.0.0-beta1/gnu/riscv64-zephyr-elf/riscv64-zephyr-elf/sys-include/sys/syslimits.h:82:9: note: this is the location of the previous definition
   82 | #define _POSIX_SEM_NSEMS_MAX    256
      |         ^~~~~~~~~~~~~~~~~~~~
/scratch2/agustin/zephyr-chipyard-sw/zephyr_ws/zephyr/include/zephyr/posix/posix_limits.h:43:9: warning: "_POSIX_SEM_VALUE_MAX" redefined
   43 | #define _POSIX_SEM_VALUE_MAX                (32767)
      |         ^~~~~~~~~~~~~~~~~~~~
/scratch2/dima/zephyr-chipyard-sw-fresh/tools-manual/zephyr-sdk-1.0.0-beta1/gnu/riscv64-zephyr-elf/riscv64-zephyr-elf/sys-include/sys/syslimits.h:83:9: note: this is the location of the previous definition
   83 | #define _POSIX_SEM_VALUE_MAX    32767
      |         ^~~~~~~~~~~~~~~~~~~~
/scratch2/agustin/zephyr-chipyard-sw/zephyr_ws/zephyr/include/zephyr/posix/posix_limits.h:44:9: warning: "_POSIX_SIGQUEUE_MAX" redefined
   44 | #define _POSIX_SIGQUEUE_MAX                 (32)
      |         ^~~~~~~~~~~~~~~~~~~
/scratch2/dima/zephyr-chipyard-sw-fresh/tools-manual/zephyr-sdk-1.0.0-beta1/gnu/riscv64-zephyr-elf/riscv64-zephyr-elf/sys-include/sys/syslimits.h:84:9: note: this is the location of the previous definition
   84 | #define _POSIX_SIGQUEUE_MAX     32
      |         ^~~~~~~~~~~~~~~~~~~
/scratch2/agustin/zephyr-chipyard-sw/zephyr_ws/zephyr/include/zephyr/posix/posix_limits.h:45:9: warning: "_POSIX_SSIZE_MAX" redefined
   45 | #define _POSIX_SSIZE_MAX                    (32767)
      |         ^~~~~~~~~~~~~~~~
/scratch2/dima/zephyr-chipyard-sw-fresh/tools-manual/zephyr-sdk-1.0.0-beta1/gnu/riscv64-zephyr-elf/riscv64-zephyr-elf/sys-include/sys/syslimits.h:85:9: note: this is the location of the previous definition
   85 | #define _POSIX_SSIZE_MAX        32767
      |         ^~~~~~~~~~~~~~~~
/scratch2/agustin/zephyr-chipyard-sw/zephyr_ws/zephyr/include/zephyr/posix/posix_limits.h:46:9: warning: "_POSIX_SS_REPL_MAX" redefined
   46 | #define _POSIX_SS_REPL_MAX                  (4)
      |         ^~~~~~~~~~~~~~~~~~
/scratch2/dima/zephyr-chipyard-sw-fresh/tools-manual/zephyr-sdk-1.0.0-beta1/gnu/riscv64-zephyr-elf/riscv64-zephyr-elf/sys-include/sys/syslimits.h:86:9: note: this is the location of the previous definition
   86 | #define _POSIX_SS_REPL_MAX      4
      |         ^~~~~~~~~~~~~~~~~~
/scratch2/agustin/zephyr-chipyard-sw/zephyr_ws/zephyr/include/zephyr/posix/posix_limits.h:47:9: warning: "_POSIX_STREAM_MAX" redefined
   47 | #define _POSIX_STREAM_MAX                   (8)
      |         ^~~~~~~~~~~~~~~~~
/scratch2/dima/zephyr-chipyard-sw-fresh/tools-manual/zephyr-sdk-1.0.0-beta1/gnu/riscv64-zephyr-elf/riscv64-zephyr-elf/sys-include/sys/syslimits.h:87:9: note: this is the location of the previous definition
   87 | #define _POSIX_STREAM_MAX       8
      |         ^~~~~~~~~~~~~~~~~
/scratch2/agustin/zephyr-chipyard-sw/zephyr_ws/zephyr/include/zephyr/posix/posix_limits.h:48:9: warning: "_POSIX_SYMLINK_MAX" redefined
   48 | #define _POSIX_SYMLINK_MAX                  (255)
      |         ^~~~~~~~~~~~~~~~~~
/scratch2/dima/zephyr-chipyard-sw-fresh/tools-manual/zephyr-sdk-1.0.0-beta1/gnu/riscv64-zephyr-elf/riscv64-zephyr-elf/sys-include/sys/syslimits.h:88:9: note: this is the location of the previous definition
   88 | #define _POSIX_SYMLINK_MAX      255
      |         ^~~~~~~~~~~~~~~~~~
/scratch2/agustin/zephyr-chipyard-sw/zephyr_ws/zephyr/include/zephyr/posix/posix_limits.h:49:9: warning: "_POSIX_SYMLOOP_MAX" redefined
   49 | #define _POSIX_SYMLOOP_MAX                  (8)
      |         ^~~~~~~~~~~~~~~~~~
/scratch2/dima/zephyr-chipyard-sw-fresh/tools-manual/zephyr-sdk-1.0.0-beta1/gnu/riscv64-zephyr-elf/riscv64-zephyr-elf/sys-include/sys/syslimits.h:89:9: note: this is the location of the previous definition
   89 | #define _POSIX_SYMLOOP_MAX      8
      |         ^~~~~~~~~~~~~~~~~~
/scratch2/agustin/zephyr-chipyard-sw/zephyr_ws/zephyr/include/zephyr/posix/posix_limits.h:50:9: warning: "_POSIX_THREAD_DESTRUCTOR_ITERATIONS" redefined
   50 | #define _POSIX_THREAD_DESTRUCTOR_ITERATIONS (4)
      |         ^~~~~~~~~~~~~~~~~~~~~~~~~~~~~~~~~~~
/scratch2/dima/zephyr-chipyard-sw-fresh/tools-manual/zephyr-sdk-1.0.0-beta1/gnu/riscv64-zephyr-elf/riscv64-zephyr-elf/sys-include/sys/syslimits.h:90:9: note: this is the location of the previous definition
   90 | #define _POSIX_THREAD_DESTRUCTOR_ITERATIONS     4
      |         ^~~~~~~~~~~~~~~~~~~~~~~~~~~~~~~~~~~
/scratch2/agustin/zephyr-chipyard-sw/zephyr_ws/zephyr/include/zephyr/posix/posix_limits.h:51:9: warning: "_POSIX_THREAD_KEYS_MAX" redefined
   51 | #define _POSIX_THREAD_KEYS_MAX              (128)
      |         ^~~~~~~~~~~~~~~~~~~~~~
/scratch2/dima/zephyr-chipyard-sw-fresh/tools-manual/zephyr-sdk-1.0.0-beta1/gnu/riscv64-zephyr-elf/riscv64-zephyr-elf/sys-include/sys/syslimits.h:91:9: note: this is the location of the previous definition
   91 | #define _POSIX_THREAD_KEYS_MAX  128
      |         ^~~~~~~~~~~~~~~~~~~~~~
/scratch2/agustin/zephyr-chipyard-sw/zephyr_ws/zephyr/include/zephyr/posix/posix_limits.h:52:9: warning: "_POSIX_THREAD_THREADS_MAX" redefined
   52 | #define _POSIX_THREAD_THREADS_MAX           (64)
      |         ^~~~~~~~~~~~~~~~~~~~~~~~~
/scratch2/dima/zephyr-chipyard-sw-fresh/tools-manual/zephyr-sdk-1.0.0-beta1/gnu/riscv64-zephyr-elf/riscv64-zephyr-elf/sys-include/sys/syslimits.h:92:9: note: this is the location of the previous definition
   92 | #define _POSIX_THREAD_THREADS_MAX       64
      |         ^~~~~~~~~~~~~~~~~~~~~~~~~
/scratch2/agustin/zephyr-chipyard-sw/zephyr_ws/zephyr/include/zephyr/posix/posix_limits.h:53:9: warning: "_POSIX_TIMER_MAX" redefined
   53 | #define _POSIX_TIMER_MAX                    (32)
      |         ^~~~~~~~~~~~~~~~
/scratch2/dima/zephyr-chipyard-sw-fresh/tools-manual/zephyr-sdk-1.0.0-beta1/gnu/riscv64-zephyr-elf/riscv64-zephyr-elf/sys-include/sys/syslimits.h:93:9: note: this is the location of the previous definition
   93 | #define _POSIX_TIMER_MAX        32
      |         ^~~~~~~~~~~~~~~~
/scratch2/agustin/zephyr-chipyard-sw/zephyr_ws/zephyr/include/zephyr/posix/posix_limits.h:54:9: warning: "_POSIX_TRACE_EVENT_NAME_MAX" redefined
   54 | #define _POSIX_TRACE_EVENT_NAME_MAX         (30)
      |         ^~~~~~~~~~~~~~~~~~~~~~~~~~~
/scratch2/dima/zephyr-chipyard-sw-fresh/tools-manual/zephyr-sdk-1.0.0-beta1/gnu/riscv64-zephyr-elf/riscv64-zephyr-elf/sys-include/sys/syslimits.h:94:9: note: this is the location of the previous definition
   94 | #define _POSIX_TRACE_EVENT_NAME_MAX     30
      |         ^~~~~~~~~~~~~~~~~~~~~~~~~~~
/scratch2/agustin/zephyr-chipyard-sw/zephyr_ws/zephyr/include/zephyr/posix/posix_limits.h:55:9: warning: "_POSIX_TRACE_NAME_MAX" redefined
   55 | #define _POSIX_TRACE_NAME_MAX               (8)
      |         ^~~~~~~~~~~~~~~~~~~~~
/scratch2/dima/zephyr-chipyard-sw-fresh/tools-manual/zephyr-sdk-1.0.0-beta1/gnu/riscv64-zephyr-elf/riscv64-zephyr-elf/sys-include/sys/syslimits.h:95:9: note: this is the location of the previous definition
   95 | #define _POSIX_TRACE_NAME_MAX   8
      |         ^~~~~~~~~~~~~~~~~~~~~
/scratch2/agustin/zephyr-chipyard-sw/zephyr_ws/zephyr/include/zephyr/posix/posix_limits.h:56:9: warning: "_POSIX_TRACE_SYS_MAX" redefined
   56 | #define _POSIX_TRACE_SYS_MAX                (8)
      |         ^~~~~~~~~~~~~~~~~~~~
/scratch2/dima/zephyr-chipyard-sw-fresh/tools-manual/zephyr-sdk-1.0.0-beta1/gnu/riscv64-zephyr-elf/riscv64-zephyr-elf/sys-include/sys/syslimits.h:96:9: note: this is the location of the previous definition
   96 | #define _POSIX_TRACE_SYS_MAX    8
      |         ^~~~~~~~~~~~~~~~~~~~
/scratch2/agustin/zephyr-chipyard-sw/zephyr_ws/zephyr/include/zephyr/posix/posix_limits.h:57:9: warning: "_POSIX_TRACE_USER_EVENT_MAX" redefined
   57 | #define _POSIX_TRACE_USER_EVENT_MAX         (32)
      |         ^~~~~~~~~~~~~~~~~~~~~~~~~~~
/scratch2/dima/zephyr-chipyard-sw-fresh/tools-manual/zephyr-sdk-1.0.0-beta1/gnu/riscv64-zephyr-elf/riscv64-zephyr-elf/sys-include/sys/syslimits.h:97:9: note: this is the location of the previous definition
   97 | #define _POSIX_TRACE_USER_EVENT_MAX     32
      |         ^~~~~~~~~~~~~~~~~~~~~~~~~~~
/scratch2/agustin/zephyr-chipyard-sw/zephyr_ws/zephyr/include/zephyr/posix/posix_limits.h:58:9: warning: "_POSIX_TTY_NAME_MAX" redefined
   58 | #define _POSIX_TTY_NAME_MAX                 (9)
      |         ^~~~~~~~~~~~~~~~~~~
/scratch2/dima/zephyr-chipyard-sw-fresh/tools-manual/zephyr-sdk-1.0.0-beta1/gnu/riscv64-zephyr-elf/riscv64-zephyr-elf/sys-include/sys/syslimits.h:98:9: note: this is the location of the previous definition
   98 | #define _POSIX_TTY_NAME_MAX     9
      |         ^~~~~~~~~~~~~~~~~~~
/scratch2/agustin/zephyr-chipyard-sw/zephyr_ws/zephyr/include/zephyr/posix/posix_limits.h:59:9: warning: "_POSIX_TZNAME_MAX" redefined
   59 | #define _POSIX_TZNAME_MAX                   (6)
      |         ^~~~~~~~~~~~~~~~~
/scratch2/dima/zephyr-chipyard-sw-fresh/tools-manual/zephyr-sdk-1.0.0-beta1/gnu/riscv64-zephyr-elf/riscv64-zephyr-elf/sys-include/sys/syslimits.h:99:9: note: this is the location of the previous definition
   99 | #define _POSIX_TZNAME_MAX       3
      |         ^~~~~~~~~~~~~~~~~
/scratch2/agustin/zephyr-chipyard-sw/zephyr_ws/zephyr/include/zephyr/posix/posix_limits.h:60:9: warning: "_POSIX2_BC_BASE_MAX" redefined
   60 | #define _POSIX2_BC_BASE_MAX                 (99)
      |         ^~~~~~~~~~~~~~~~~~~
/scratch2/dima/zephyr-chipyard-sw-fresh/tools-manual/zephyr-sdk-1.0.0-beta1/gnu/riscv64-zephyr-elf/riscv64-zephyr-elf/sys-include/sys/syslimits.h:100:9: note: this is the location of the previous definition
  100 | #define _POSIX2_BC_BASE_MAX     99
      |         ^~~~~~~~~~~~~~~~~~~
/scratch2/agustin/zephyr-chipyard-sw/zephyr_ws/zephyr/include/zephyr/posix/posix_limits.h:61:9: warning: "_POSIX2_BC_DIM_MAX" redefined
   61 | #define _POSIX2_BC_DIM_MAX                  (2048)
      |         ^~~~~~~~~~~~~~~~~~
/scratch2/dima/zephyr-chipyard-sw-fresh/tools-manual/zephyr-sdk-1.0.0-beta1/gnu/riscv64-zephyr-elf/riscv64-zephyr-elf/sys-include/sys/syslimits.h:101:9: note: this is the location of the previous definition
  101 | #define _POSIX2_BC_DIM_MAX      2048
      |         ^~~~~~~~~~~~~~~~~~
/scratch2/agustin/zephyr-chipyard-sw/zephyr_ws/zephyr/include/zephyr/posix/posix_limits.h:62:9: warning: "_POSIX2_BC_SCALE_MAX" redefined
   62 | #define _POSIX2_BC_SCALE_MAX                (99)
      |         ^~~~~~~~~~~~~~~~~~~~
/scratch2/dima/zephyr-chipyard-sw-fresh/tools-manual/zephyr-sdk-1.0.0-beta1/gnu/riscv64-zephyr-elf/riscv64-zephyr-elf/sys-include/sys/syslimits.h:102:9: note: this is the location of the previous definition
  102 | #define _POSIX2_BC_SCALE_MAX    99
      |         ^~~~~~~~~~~~~~~~~~~~
/scratch2/agustin/zephyr-chipyard-sw/zephyr_ws/zephyr/include/zephyr/posix/posix_limits.h:63:9: warning: "_POSIX2_BC_STRING_MAX" redefined
   63 | #define _POSIX2_BC_STRING_MAX               (1000)
      |         ^~~~~~~~~~~~~~~~~~~~~
/scratch2/dima/zephyr-chipyard-sw-fresh/tools-manual/zephyr-sdk-1.0.0-beta1/gnu/riscv64-zephyr-elf/riscv64-zephyr-elf/sys-include/sys/syslimits.h:103:9: note: this is the location of the previous definition
  103 | #define _POSIX2_BC_STRING_MAX   1000
      |         ^~~~~~~~~~~~~~~~~~~~~
/scratch2/agustin/zephyr-chipyard-sw/zephyr_ws/zephyr/include/zephyr/posix/posix_limits.h:64:9: warning: "_POSIX2_CHARCLASS_NAME_MAX" redefined
   64 | #define _POSIX2_CHARCLASS_NAME_MAX          (14)
      |         ^~~~~~~~~~~~~~~~~~~~~~~~~~
/scratch2/dima/zephyr-chipyard-sw-fresh/tools-manual/zephyr-sdk-1.0.0-beta1/gnu/riscv64-zephyr-elf/riscv64-zephyr-elf/sys-include/sys/syslimits.h:104:9: note: this is the location of the previous definition
  104 | #define _POSIX2_CHARCLASS_NAME_MAX      14
      |         ^~~~~~~~~~~~~~~~~~~~~~~~~~
/scratch2/agustin/zephyr-chipyard-sw/zephyr_ws/zephyr/include/zephyr/posix/posix_limits.h:65:9: warning: "_POSIX2_COLL_WEIGHTS_MAX" redefined
   65 | #define _POSIX2_COLL_WEIGHTS_MAX            (2)
      |         ^~~~~~~~~~~~~~~~~~~~~~~~
/scratch2/dima/zephyr-chipyard-sw-fresh/tools-manual/zephyr-sdk-1.0.0-beta1/gnu/riscv64-zephyr-elf/riscv64-zephyr-elf/sys-include/sys/syslimits.h:105:9: note: this is the location of the previous definition
  105 | #define _POSIX2_COLL_WEIGHTS_MAX        2
      |         ^~~~~~~~~~~~~~~~~~~~~~~~
/scratch2/agustin/zephyr-chipyard-sw/zephyr_ws/zephyr/include/zephyr/posix/posix_limits.h:66:9: warning: "_POSIX2_EXPR_NEST_MAX" redefined
   66 | #define _POSIX2_EXPR_NEST_MAX               (32)
      |         ^~~~~~~~~~~~~~~~~~~~~
/scratch2/dima/zephyr-chipyard-sw-fresh/tools-manual/zephyr-sdk-1.0.0-beta1/gnu/riscv64-zephyr-elf/riscv64-zephyr-elf/sys-include/sys/syslimits.h:106:9: note: this is the location of the previous definition
  106 | #define _POSIX2_EXPR_NEST_MAX   32
      |         ^~~~~~~~~~~~~~~~~~~~~
/scratch2/agustin/zephyr-chipyard-sw/zephyr_ws/zephyr/include/zephyr/posix/posix_limits.h:67:9: warning: "_POSIX2_LINE_MAX" redefined
   67 | #define _POSIX2_LINE_MAX                    (2048)
      |         ^~~~~~~~~~~~~~~~
/scratch2/dima/zephyr-chipyard-sw-fresh/tools-manual/zephyr-sdk-1.0.0-beta1/gnu/riscv64-zephyr-elf/riscv64-zephyr-elf/sys-include/sys/syslimits.h:107:9: note: this is the location of the previous definition
  107 | #define _POSIX2_LINE_MAX        2048
      |         ^~~~~~~~~~~~~~~~
/scratch2/agustin/zephyr-chipyard-sw/zephyr_ws/zephyr/include/zephyr/posix/posix_limits.h:83:9: warning: "ARG_MAX" redefined
   83 | #define ARG_MAX                       _POSIX_ARG_MAX
      |         ^~~~~~~
/scratch2/dima/zephyr-chipyard-sw-fresh/tools-manual/zephyr-sdk-1.0.0-beta1/gnu/riscv64-zephyr-elf/riscv64-zephyr-elf/sys-include/sys/syslimits.h:41:9: note: this is the location of the previous definition
   41 | #define ARG_MAX                 65536   /* max bytes for an exec function */
      |         ^~~~~~~
/scratch2/agustin/zephyr-chipyard-sw/zephyr_ws/zephyr/include/zephyr/posix/posix_limits.h:84:9: warning: "ATEXIT_MAX" redefined
   84 | #define ATEXIT_MAX                    (32)
      |         ^~~~~~~~~~
/scratch2/dima/zephyr-chipyard-sw-fresh/tools-manual/zephyr-sdk-1.0.0-beta1/gnu/riscv64-zephyr-elf/riscv64-zephyr-elf/sys-include/sys/syslimits.h:42:9: note: this is the location of the previous definition
   42 | #define ATEXIT_MAX                 32   /* max atexit functions */
      |         ^~~~~~~~~~
/scratch2/agustin/zephyr-chipyard-sw/zephyr_ws/zephyr/include/zephyr/posix/posix_limits.h:93:9: warning: "OPEN_MAX" redefined
   93 | #define OPEN_MAX                      CONFIG_POSIX_OPEN_MAX
      |         ^~~~~~~~
/scratch2/dima/zephyr-chipyard-sw-fresh/tools-manual/zephyr-sdk-1.0.0-beta1/gnu/riscv64-zephyr-elf/riscv64-zephyr-elf/sys-include/sys/syslimits.h:45:9: note: this is the location of the previous definition
   45 | #define OPEN_MAX                   64   /* max open files per process */
      |         ^~~~~~~~
/scratch2/agustin/zephyr-chipyard-sw/zephyr_ws/zephyr/include/zephyr/posix/posix_limits.h:96:9: warning: "PATH_MAX" redefined
   96 | #define PATH_MAX                      _POSIX_PATH_MAX
      |         ^~~~~~~~
/scratch2/dima/zephyr-chipyard-sw-fresh/tools-manual/zephyr-sdk-1.0.0-beta1/gnu/riscv64-zephyr-elf/riscv64-zephyr-elf/sys-include/sys/syslimits.h:53:9: note: this is the location of the previous definition
   53 | #define PATH_MAX                 1024   /* max bytes in pathname */
      |         ^~~~~~~~
/scratch2/agustin/zephyr-chipyard-sw/zephyr_ws/zephyr/include/zephyr/posix/posix_limits.h:114:9: warning: "TZNAME_MAX" redefined
  114 | #define TZNAME_MAX                    _POSIX_TZNAME_MAX
      |         ^~~~~~~~~~
/scratch2/dima/zephyr-chipyard-sw-fresh/tools-manual/zephyr-sdk-1.0.0-beta1/gnu/riscv64-zephyr-elf/riscv64-zephyr-elf/sys-include/sys/syslimits.h:46:9: note: this is the location of the previous definition
   46 | #define TZNAME_MAX                 10   /* max time zone name length */
      |         ^~~~~~~~~~
[84/202] Building C object zephyr/lib/posix/c_lib_ext/CMakeFiles/lib__posix__c_lib_ext.dir/getopt/getopt.c.obj
In file included from /scratch2/agustin/zephyr-chipyard-sw/zephyr_ws/zephyr/include/zephyr/posix/sys/sysconf.h:11,
                 from /scratch2/agustin/zephyr-chipyard-sw/zephyr_ws/zephyr/include/zephyr/posix/unistd.h:18,
                 from /scratch2/agustin/zephyr-chipyard-sw/zephyr_ws/zephyr/lib/posix/c_lib_ext/getopt/getopt.c:36:
/scratch2/agustin/zephyr-chipyard-sw/zephyr_ws/zephyr/include/zephyr/posix/posix_limits.h:23:9: warning: "_POSIX_AIO_LISTIO_MAX" redefined
   23 | #define _POSIX_AIO_LISTIO_MAX               (2)
      |         ^~~~~~~~~~~~~~~~~~~~~
In file included from /scratch2/dima/zephyr-chipyard-sw-fresh/tools-manual/zephyr-sdk-1.0.0-beta1/gnu/riscv64-zephyr-elf/riscv64-zephyr-elf/sys-include/limits.h:6,
                 from /scratch2/dima/zephyr-chipyard-sw-fresh/tools-manual/zephyr-sdk-1.0.0-beta1/gnu/riscv64-zephyr-elf/lib/gcc/riscv64-zephyr-elf/14.3.0/include/limits.h:210,
                 from /scratch2/dima/zephyr-chipyard-sw-fresh/tools-manual/zephyr-sdk-1.0.0-beta1/gnu/riscv64-zephyr-elf/lib/gcc/riscv64-zephyr-elf/14.3.0/include/syslimits.h:7,
                 from /scratch2/dima/zephyr-chipyard-sw-fresh/tools-manual/zephyr-sdk-1.0.0-beta1/gnu/riscv64-zephyr-elf/lib/gcc/riscv64-zephyr-elf/14.3.0/include/limits.h:34,
                 from /scratch2/agustin/zephyr-chipyard-sw/zephyr_ws/zephyr/include/zephyr/kernel_includes.h:22,
                 from /scratch2/agustin/zephyr-chipyard-sw/zephyr_ws/zephyr/include/zephyr/kernel.h:17,
                 from /scratch2/agustin/zephyr-chipyard-sw/zephyr_ws/zephyr/include/zephyr/posix/posix_types.h:30,
                 from /scratch2/agustin/zephyr-chipyard-sw/zephyr_ws/zephyr/include/zephyr/posix/unistd.h:11:
/scratch2/dima/zephyr-chipyard-sw-fresh/tools-manual/zephyr-sdk-1.0.0-beta1/gnu/riscv64-zephyr-elf/riscv64-zephyr-elf/sys-include/sys/syslimits.h:63:9: note: this is the location of the previous definition
   63 | #define _POSIX_AIO_LISTIO_MAX   2
      |         ^~~~~~~~~~~~~~~~~~~~~
/scratch2/agustin/zephyr-chipyard-sw/zephyr_ws/zephyr/include/zephyr/posix/posix_limits.h:24:9: warning: "_POSIX_AIO_MAX" redefined
   24 | #define _POSIX_AIO_MAX                      (1)
      |         ^~~~~~~~~~~~~~
/scratch2/dima/zephyr-chipyard-sw-fresh/tools-manual/zephyr-sdk-1.0.0-beta1/gnu/riscv64-zephyr-elf/riscv64-zephyr-elf/sys-include/sys/syslimits.h:64:9: note: this is the location of the previous definition
   64 | #define _POSIX_AIO_MAX          1
      |         ^~~~~~~~~~~~~~
/scratch2/agustin/zephyr-chipyard-sw/zephyr_ws/zephyr/include/zephyr/posix/posix_limits.h:25:9: warning: "_POSIX_ARG_MAX" redefined
   25 | #define _POSIX_ARG_MAX                      (4096)
      |         ^~~~~~~~~~~~~~
/scratch2/dima/zephyr-chipyard-sw-fresh/tools-manual/zephyr-sdk-1.0.0-beta1/gnu/riscv64-zephyr-elf/riscv64-zephyr-elf/sys-include/sys/syslimits.h:65:9: note: this is the location of the previous definition
   65 | #define _POSIX_ARG_MAX          4096
      |         ^~~~~~~~~~~~~~
/scratch2/agustin/zephyr-chipyard-sw/zephyr_ws/zephyr/include/zephyr/posix/posix_limits.h:26:9: warning: "_POSIX_CHILD_MAX" redefined
   26 | #define _POSIX_CHILD_MAX                    (25)
      |         ^~~~~~~~~~~~~~~~
/scratch2/dima/zephyr-chipyard-sw-fresh/tools-manual/zephyr-sdk-1.0.0-beta1/gnu/riscv64-zephyr-elf/riscv64-zephyr-elf/sys-include/sys/syslimits.h:66:9: note: this is the location of the previous definition
   66 | #define _POSIX_CHILD_MAX        6
      |         ^~~~~~~~~~~~~~~~
/scratch2/agustin/zephyr-chipyard-sw/zephyr_ws/zephyr/include/zephyr/posix/posix_limits.h:27:9: warning: "_POSIX_DELAYTIMER_MAX" redefined
   27 | #define _POSIX_DELAYTIMER_MAX               (32)
      |         ^~~~~~~~~~~~~~~~~~~~~
/scratch2/dima/zephyr-chipyard-sw-fresh/tools-manual/zephyr-sdk-1.0.0-beta1/gnu/riscv64-zephyr-elf/riscv64-zephyr-elf/sys-include/sys/syslimits.h:67:9: note: this is the location of the previous definition
   67 | #define _POSIX_DELAYTIMER_MAX   32
      |         ^~~~~~~~~~~~~~~~~~~~~
/scratch2/agustin/zephyr-chipyard-sw/zephyr_ws/zephyr/include/zephyr/posix/posix_limits.h:28:9: warning: "_POSIX_HOST_NAME_MAX" redefined
   28 | #define _POSIX_HOST_NAME_MAX                (255)
      |         ^~~~~~~~~~~~~~~~~~~~
/scratch2/dima/zephyr-chipyard-sw-fresh/tools-manual/zephyr-sdk-1.0.0-beta1/gnu/riscv64-zephyr-elf/riscv64-zephyr-elf/sys-include/sys/syslimits.h:68:9: note: this is the location of the previous definition
   68 | #define _POSIX_HOST_NAME_MAX    255
      |         ^~~~~~~~~~~~~~~~~~~~
/scratch2/agustin/zephyr-chipyard-sw/zephyr_ws/zephyr/include/zephyr/posix/posix_limits.h:29:9: warning: "_POSIX_LINK_MAX" redefined
   29 | #define _POSIX_LINK_MAX                     (8)
      |         ^~~~~~~~~~~~~~~
/scratch2/dima/zephyr-chipyard-sw-fresh/tools-manual/zephyr-sdk-1.0.0-beta1/gnu/riscv64-zephyr-elf/riscv64-zephyr-elf/sys-include/sys/syslimits.h:69:9: note: this is the location of the previous definition
   69 | #define _POSIX_LINK_MAX         8
      |         ^~~~~~~~~~~~~~~
/scratch2/agustin/zephyr-chipyard-sw/zephyr_ws/zephyr/include/zephyr/posix/posix_limits.h:30:9: warning: "_POSIX_LOGIN_NAME_MAX" redefined
   30 | #define _POSIX_LOGIN_NAME_MAX               (9)
      |         ^~~~~~~~~~~~~~~~~~~~~
/scratch2/dima/zephyr-chipyard-sw-fresh/tools-manual/zephyr-sdk-1.0.0-beta1/gnu/riscv64-zephyr-elf/riscv64-zephyr-elf/sys-include/sys/syslimits.h:70:9: note: this is the location of the previous definition
   70 | #define _POSIX_LOGIN_NAME_MAX   9
      |         ^~~~~~~~~~~~~~~~~~~~~
/scratch2/agustin/zephyr-chipyard-sw/zephyr_ws/zephyr/include/zephyr/posix/posix_limits.h:31:9: warning: "_POSIX_MAX_CANON" redefined
   31 | #define _POSIX_MAX_CANON                    (255)
      |         ^~~~~~~~~~~~~~~~
/scratch2/dima/zephyr-chipyard-sw-fresh/tools-manual/zephyr-sdk-1.0.0-beta1/gnu/riscv64-zephyr-elf/riscv64-zephyr-elf/sys-include/sys/syslimits.h:71:9: note: this is the location of the previous definition
   71 | #define _POSIX_MAX_CANON        255
      |         ^~~~~~~~~~~~~~~~
/scratch2/agustin/zephyr-chipyard-sw/zephyr_ws/zephyr/include/zephyr/posix/posix_limits.h:32:9: warning: "_POSIX_MAX_INPUT" redefined
   32 | #define _POSIX_MAX_INPUT                    (255)
      |         ^~~~~~~~~~~~~~~~
/scratch2/dima/zephyr-chipyard-sw-fresh/tools-manual/zephyr-sdk-1.0.0-beta1/gnu/riscv64-zephyr-elf/riscv64-zephyr-elf/sys-include/sys/syslimits.h:72:9: note: this is the location of the previous definition
   72 | #define _POSIX_MAX_INPUT        255
      |         ^~~~~~~~~~~~~~~~
/scratch2/agustin/zephyr-chipyard-sw/zephyr_ws/zephyr/include/zephyr/posix/posix_limits.h:33:9: warning: "_POSIX_MQ_OPEN_MAX" redefined
   33 | #define _POSIX_MQ_OPEN_MAX                  (8)
      |         ^~~~~~~~~~~~~~~~~~
/scratch2/dima/zephyr-chipyard-sw-fresh/tools-manual/zephyr-sdk-1.0.0-beta1/gnu/riscv64-zephyr-elf/riscv64-zephyr-elf/sys-include/sys/syslimits.h:73:9: note: this is the location of the previous definition
   73 | #define _POSIX_MQ_OPEN_MAX      8
      |         ^~~~~~~~~~~~~~~~~~
/scratch2/agustin/zephyr-chipyard-sw/zephyr_ws/zephyr/include/zephyr/posix/posix_limits.h:34:9: warning: "_POSIX_MQ_PRIO_MAX" redefined
   34 | #define _POSIX_MQ_PRIO_MAX                  (32)
      |         ^~~~~~~~~~~~~~~~~~
/scratch2/dima/zephyr-chipyard-sw-fresh/tools-manual/zephyr-sdk-1.0.0-beta1/gnu/riscv64-zephyr-elf/riscv64-zephyr-elf/sys-include/sys/syslimits.h:74:9: note: this is the location of the previous definition
   74 | #define _POSIX_MQ_PRIO_MAX      32
      |         ^~~~~~~~~~~~~~~~~~
/scratch2/agustin/zephyr-chipyard-sw/zephyr_ws/zephyr/include/zephyr/posix/posix_limits.h:35:9: warning: "_POSIX_NAME_MAX" redefined
   35 | #define _POSIX_NAME_MAX                     (14)
      |         ^~~~~~~~~~~~~~~
/scratch2/dima/zephyr-chipyard-sw-fresh/tools-manual/zephyr-sdk-1.0.0-beta1/gnu/riscv64-zephyr-elf/riscv64-zephyr-elf/sys-include/sys/syslimits.h:75:9: note: this is the location of the previous definition
   75 | #define _POSIX_NAME_MAX         14
      |         ^~~~~~~~~~~~~~~
/scratch2/agustin/zephyr-chipyard-sw/zephyr_ws/zephyr/include/zephyr/posix/posix_limits.h:36:9: warning: "_POSIX_NGROUPS_MAX" redefined
   36 | #define _POSIX_NGROUPS_MAX                  (8)
      |         ^~~~~~~~~~~~~~~~~~
/scratch2/dima/zephyr-chipyard-sw-fresh/tools-manual/zephyr-sdk-1.0.0-beta1/gnu/riscv64-zephyr-elf/riscv64-zephyr-elf/sys-include/sys/syslimits.h:76:9: note: this is the location of the previous definition
   76 | #define _POSIX_NGROUPS_MAX      0
      |         ^~~~~~~~~~~~~~~~~~
/scratch2/agustin/zephyr-chipyard-sw/zephyr_ws/zephyr/include/zephyr/posix/posix_limits.h:37:9: warning: "_POSIX_OPEN_MAX" redefined
   37 | #define _POSIX_OPEN_MAX                     (20)
      |         ^~~~~~~~~~~~~~~
/scratch2/dima/zephyr-chipyard-sw-fresh/tools-manual/zephyr-sdk-1.0.0-beta1/gnu/riscv64-zephyr-elf/riscv64-zephyr-elf/sys-include/sys/syslimits.h:77:9: note: this is the location of the previous definition
   77 | #define _POSIX_OPEN_MAX         16
      |         ^~~~~~~~~~~~~~~
/scratch2/agustin/zephyr-chipyard-sw/zephyr_ws/zephyr/include/zephyr/posix/posix_limits.h:38:9: warning: "_POSIX_PATH_MAX" redefined
   38 | #define _POSIX_PATH_MAX                     (256)
      |         ^~~~~~~~~~~~~~~
/scratch2/dima/zephyr-chipyard-sw-fresh/tools-manual/zephyr-sdk-1.0.0-beta1/gnu/riscv64-zephyr-elf/riscv64-zephyr-elf/sys-include/sys/syslimits.h:78:9: note: this is the location of the previous definition
   78 | #define _POSIX_PATH_MAX         255
      |         ^~~~~~~~~~~~~~~
/scratch2/agustin/zephyr-chipyard-sw/zephyr_ws/zephyr/include/zephyr/posix/posix_limits.h:39:9: warning: "_POSIX_PIPE_BUF" redefined
   39 | #define _POSIX_PIPE_BUF                     (512)
      |         ^~~~~~~~~~~~~~~
/scratch2/dima/zephyr-chipyard-sw-fresh/tools-manual/zephyr-sdk-1.0.0-beta1/gnu/riscv64-zephyr-elf/riscv64-zephyr-elf/sys-include/sys/syslimits.h:79:9: note: this is the location of the previous definition
   79 | #define _POSIX_PIPE_BUF         512
      |         ^~~~~~~~~~~~~~~
/scratch2/agustin/zephyr-chipyard-sw/zephyr_ws/zephyr/include/zephyr/posix/posix_limits.h:40:9: warning: "_POSIX_RE_DUP_MAX" redefined
   40 | #define _POSIX_RE_DUP_MAX                   (255)
      |         ^~~~~~~~~~~~~~~~~
/scratch2/dima/zephyr-chipyard-sw-fresh/tools-manual/zephyr-sdk-1.0.0-beta1/gnu/riscv64-zephyr-elf/riscv64-zephyr-elf/sys-include/sys/syslimits.h:80:9: note: this is the location of the previous definition
   80 | #define _POSIX_RE_DUP_MAX       255
      |         ^~~~~~~~~~~~~~~~~
/scratch2/agustin/zephyr-chipyard-sw/zephyr_ws/zephyr/include/zephyr/posix/posix_limits.h:41:9: warning: "_POSIX_RTSIG_MAX" redefined
   41 | #define _POSIX_RTSIG_MAX                    (8)
      |         ^~~~~~~~~~~~~~~~
/scratch2/dima/zephyr-chipyard-sw-fresh/tools-manual/zephyr-sdk-1.0.0-beta1/gnu/riscv64-zephyr-elf/riscv64-zephyr-elf/sys-include/sys/syslimits.h:81:9: note: this is the location of the previous definition
   81 | #define _POSIX_RTSIG_MAX        8
      |         ^~~~~~~~~~~~~~~~
/scratch2/agustin/zephyr-chipyard-sw/zephyr_ws/zephyr/include/zephyr/posix/posix_limits.h:42:9: warning: "_POSIX_SEM_NSEMS_MAX" redefined
   42 | #define _POSIX_SEM_NSEMS_MAX                (256)
      |         ^~~~~~~~~~~~~~~~~~~~
/scratch2/dima/zephyr-chipyard-sw-fresh/tools-manual/zephyr-sdk-1.0.0-beta1/gnu/riscv64-zephyr-elf/riscv64-zephyr-elf/sys-include/sys/syslimits.h:82:9: note: this is the location of the previous definition
   82 | #define _POSIX_SEM_NSEMS_MAX    256
      |         ^~~~~~~~~~~~~~~~~~~~
/scratch2/agustin/zephyr-chipyard-sw/zephyr_ws/zephyr/include/zephyr/posix/posix_limits.h:43:9: warning: "_POSIX_SEM_VALUE_MAX" redefined
   43 | #define _POSIX_SEM_VALUE_MAX                (32767)
      |         ^~~~~~~~~~~~~~~~~~~~
/scratch2/dima/zephyr-chipyard-sw-fresh/tools-manual/zephyr-sdk-1.0.0-beta1/gnu/riscv64-zephyr-elf/riscv64-zephyr-elf/sys-include/sys/syslimits.h:83:9: note: this is the location of the previous definition
   83 | #define _POSIX_SEM_VALUE_MAX    32767
      |         ^~~~~~~~~~~~~~~~~~~~
/scratch2/agustin/zephyr-chipyard-sw/zephyr_ws/zephyr/include/zephyr/posix/posix_limits.h:44:9: warning: "_POSIX_SIGQUEUE_MAX" redefined
   44 | #define _POSIX_SIGQUEUE_MAX                 (32)
      |         ^~~~~~~~~~~~~~~~~~~
/scratch2/dima/zephyr-chipyard-sw-fresh/tools-manual/zephyr-sdk-1.0.0-beta1/gnu/riscv64-zephyr-elf/riscv64-zephyr-elf/sys-include/sys/syslimits.h:84:9: note: this is the location of the previous definition
   84 | #define _POSIX_SIGQUEUE_MAX     32
      |         ^~~~~~~~~~~~~~~~~~~
/scratch2/agustin/zephyr-chipyard-sw/zephyr_ws/zephyr/include/zephyr/posix/posix_limits.h:45:9: warning: "_POSIX_SSIZE_MAX" redefined
   45 | #define _POSIX_SSIZE_MAX                    (32767)
      |         ^~~~~~~~~~~~~~~~
/scratch2/dima/zephyr-chipyard-sw-fresh/tools-manual/zephyr-sdk-1.0.0-beta1/gnu/riscv64-zephyr-elf/riscv64-zephyr-elf/sys-include/sys/syslimits.h:85:9: note: this is the location of the previous definition
   85 | #define _POSIX_SSIZE_MAX        32767
      |         ^~~~~~~~~~~~~~~~
/scratch2/agustin/zephyr-chipyard-sw/zephyr_ws/zephyr/include/zephyr/posix/posix_limits.h:46:9: warning: "_POSIX_SS_REPL_MAX" redefined
   46 | #define _POSIX_SS_REPL_MAX                  (4)
      |         ^~~~~~~~~~~~~~~~~~
/scratch2/dima/zephyr-chipyard-sw-fresh/tools-manual/zephyr-sdk-1.0.0-beta1/gnu/riscv64-zephyr-elf/riscv64-zephyr-elf/sys-include/sys/syslimits.h:86:9: note: this is the location of the previous definition
   86 | #define _POSIX_SS_REPL_MAX      4
      |         ^~~~~~~~~~~~~~~~~~
/scratch2/agustin/zephyr-chipyard-sw/zephyr_ws/zephyr/include/zephyr/posix/posix_limits.h:47:9: warning: "_POSIX_STREAM_MAX" redefined
   47 | #define _POSIX_STREAM_MAX                   (8)
      |         ^~~~~~~~~~~~~~~~~
/scratch2/dima/zephyr-chipyard-sw-fresh/tools-manual/zephyr-sdk-1.0.0-beta1/gnu/riscv64-zephyr-elf/riscv64-zephyr-elf/sys-include/sys/syslimits.h:87:9: note: this is the location of the previous definition
   87 | #define _POSIX_STREAM_MAX       8
      |         ^~~~~~~~~~~~~~~~~
/scratch2/agustin/zephyr-chipyard-sw/zephyr_ws/zephyr/include/zephyr/posix/posix_limits.h:48:9: warning: "_POSIX_SYMLINK_MAX" redefined
   48 | #define _POSIX_SYMLINK_MAX                  (255)
      |         ^~~~~~~~~~~~~~~~~~
/scratch2/dima/zephyr-chipyard-sw-fresh/tools-manual/zephyr-sdk-1.0.0-beta1/gnu/riscv64-zephyr-elf/riscv64-zephyr-elf/sys-include/sys/syslimits.h:88:9: note: this is the location of the previous definition
   88 | #define _POSIX_SYMLINK_MAX      255
      |         ^~~~~~~~~~~~~~~~~~
/scratch2/agustin/zephyr-chipyard-sw/zephyr_ws/zephyr/include/zephyr/posix/posix_limits.h:49:9: warning: "_POSIX_SYMLOOP_MAX" redefined
   49 | #define _POSIX_SYMLOOP_MAX                  (8)
      |         ^~~~~~~~~~~~~~~~~~
/scratch2/dima/zephyr-chipyard-sw-fresh/tools-manual/zephyr-sdk-1.0.0-beta1/gnu/riscv64-zephyr-elf/riscv64-zephyr-elf/sys-include/sys/syslimits.h:89:9: note: this is the location of the previous definition
   89 | #define _POSIX_SYMLOOP_MAX      8
      |         ^~~~~~~~~~~~~~~~~~
/scratch2/agustin/zephyr-chipyard-sw/zephyr_ws/zephyr/include/zephyr/posix/posix_limits.h:50:9: warning: "_POSIX_THREAD_DESTRUCTOR_ITERATIONS" redefined
   50 | #define _POSIX_THREAD_DESTRUCTOR_ITERATIONS (4)
      |         ^~~~~~~~~~~~~~~~~~~~~~~~~~~~~~~~~~~
/scratch2/dima/zephyr-chipyard-sw-fresh/tools-manual/zephyr-sdk-1.0.0-beta1/gnu/riscv64-zephyr-elf/riscv64-zephyr-elf/sys-include/sys/syslimits.h:90:9: note: this is the location of the previous definition
   90 | #define _POSIX_THREAD_DESTRUCTOR_ITERATIONS     4
      |         ^~~~~~~~~~~~~~~~~~~~~~~~~~~~~~~~~~~
/scratch2/agustin/zephyr-chipyard-sw/zephyr_ws/zephyr/include/zephyr/posix/posix_limits.h:51:9: warning: "_POSIX_THREAD_KEYS_MAX" redefined
   51 | #define _POSIX_THREAD_KEYS_MAX              (128)
      |         ^~~~~~~~~~~~~~~~~~~~~~
/scratch2/dima/zephyr-chipyard-sw-fresh/tools-manual/zephyr-sdk-1.0.0-beta1/gnu/riscv64-zephyr-elf/riscv64-zephyr-elf/sys-include/sys/syslimits.h:91:9: note: this is the location of the previous definition
   91 | #define _POSIX_THREAD_KEYS_MAX  128
      |         ^~~~~~~~~~~~~~~~~~~~~~
/scratch2/agustin/zephyr-chipyard-sw/zephyr_ws/zephyr/include/zephyr/posix/posix_limits.h:52:9: warning: "_POSIX_THREAD_THREADS_MAX" redefined
   52 | #define _POSIX_THREAD_THREADS_MAX           (64)
      |         ^~~~~~~~~~~~~~~~~~~~~~~~~
/scratch2/dima/zephyr-chipyard-sw-fresh/tools-manual/zephyr-sdk-1.0.0-beta1/gnu/riscv64-zephyr-elf/riscv64-zephyr-elf/sys-include/sys/syslimits.h:92:9: note: this is the location of the previous definition
   92 | #define _POSIX_THREAD_THREADS_MAX       64
      |         ^~~~~~~~~~~~~~~~~~~~~~~~~
/scratch2/agustin/zephyr-chipyard-sw/zephyr_ws/zephyr/include/zephyr/posix/posix_limits.h:53:9: warning: "_POSIX_TIMER_MAX" redefined
   53 | #define _POSIX_TIMER_MAX                    (32)
      |         ^~~~~~~~~~~~~~~~
/scratch2/dima/zephyr-chipyard-sw-fresh/tools-manual/zephyr-sdk-1.0.0-beta1/gnu/riscv64-zephyr-elf/riscv64-zephyr-elf/sys-include/sys/syslimits.h:93:9: note: this is the location of the previous definition
   93 | #define _POSIX_TIMER_MAX        32
      |         ^~~~~~~~~~~~~~~~
/scratch2/agustin/zephyr-chipyard-sw/zephyr_ws/zephyr/include/zephyr/posix/posix_limits.h:54:9: warning: "_POSIX_TRACE_EVENT_NAME_MAX" redefined
   54 | #define _POSIX_TRACE_EVENT_NAME_MAX         (30)
      |         ^~~~~~~~~~~~~~~~~~~~~~~~~~~
/scratch2/dima/zephyr-chipyard-sw-fresh/tools-manual/zephyr-sdk-1.0.0-beta1/gnu/riscv64-zephyr-elf/riscv64-zephyr-elf/sys-include/sys/syslimits.h:94:9: note: this is the location of the previous definition
   94 | #define _POSIX_TRACE_EVENT_NAME_MAX     30
      |         ^~~~~~~~~~~~~~~~~~~~~~~~~~~
/scratch2/agustin/zephyr-chipyard-sw/zephyr_ws/zephyr/include/zephyr/posix/posix_limits.h:55:9: warning: "_POSIX_TRACE_NAME_MAX" redefined
   55 | #define _POSIX_TRACE_NAME_MAX               (8)
      |         ^~~~~~~~~~~~~~~~~~~~~
/scratch2/dima/zephyr-chipyard-sw-fresh/tools-manual/zephyr-sdk-1.0.0-beta1/gnu/riscv64-zephyr-elf/riscv64-zephyr-elf/sys-include/sys/syslimits.h:95:9: note: this is the location of the previous definition
   95 | #define _POSIX_TRACE_NAME_MAX   8
      |         ^~~~~~~~~~~~~~~~~~~~~
/scratch2/agustin/zephyr-chipyard-sw/zephyr_ws/zephyr/include/zephyr/posix/posix_limits.h:56:9: warning: "_POSIX_TRACE_SYS_MAX" redefined
   56 | #define _POSIX_TRACE_SYS_MAX                (8)
      |         ^~~~~~~~~~~~~~~~~~~~
/scratch2/dima/zephyr-chipyard-sw-fresh/tools-manual/zephyr-sdk-1.0.0-beta1/gnu/riscv64-zephyr-elf/riscv64-zephyr-elf/sys-include/sys/syslimits.h:96:9: note: this is the location of the previous definition
   96 | #define _POSIX_TRACE_SYS_MAX    8
      |         ^~~~~~~~~~~~~~~~~~~~
/scratch2/agustin/zephyr-chipyard-sw/zephyr_ws/zephyr/include/zephyr/posix/posix_limits.h:57:9: warning: "_POSIX_TRACE_USER_EVENT_MAX" redefined
   57 | #define _POSIX_TRACE_USER_EVENT_MAX         (32)
      |         ^~~~~~~~~~~~~~~~~~~~~~~~~~~
/scratch2/dima/zephyr-chipyard-sw-fresh/tools-manual/zephyr-sdk-1.0.0-beta1/gnu/riscv64-zephyr-elf/riscv64-zephyr-elf/sys-include/sys/syslimits.h:97:9: note: this is the location of the previous definition
   97 | #define _POSIX_TRACE_USER_EVENT_MAX     32
      |         ^~~~~~~~~~~~~~~~~~~~~~~~~~~
/scratch2/agustin/zephyr-chipyard-sw/zephyr_ws/zephyr/include/zephyr/posix/posix_limits.h:58:9: warning: "_POSIX_TTY_NAME_MAX" redefined
   58 | #define _POSIX_TTY_NAME_MAX                 (9)
      |         ^~~~~~~~~~~~~~~~~~~
/scratch2/dima/zephyr-chipyard-sw-fresh/tools-manual/zephyr-sdk-1.0.0-beta1/gnu/riscv64-zephyr-elf/riscv64-zephyr-elf/sys-include/sys/syslimits.h:98:9: note: this is the location of the previous definition
   98 | #define _POSIX_TTY_NAME_MAX     9
      |         ^~~~~~~~~~~~~~~~~~~
/scratch2/agustin/zephyr-chipyard-sw/zephyr_ws/zephyr/include/zephyr/posix/posix_limits.h:59:9: warning: "_POSIX_TZNAME_MAX" redefined
   59 | #define _POSIX_TZNAME_MAX                   (6)
      |         ^~~~~~~~~~~~~~~~~
/scratch2/dima/zephyr-chipyard-sw-fresh/tools-manual/zephyr-sdk-1.0.0-beta1/gnu/riscv64-zephyr-elf/riscv64-zephyr-elf/sys-include/sys/syslimits.h:99:9: note: this is the location of the previous definition
   99 | #define _POSIX_TZNAME_MAX       3
      |         ^~~~~~~~~~~~~~~~~
/scratch2/agustin/zephyr-chipyard-sw/zephyr_ws/zephyr/include/zephyr/posix/posix_limits.h:60:9: warning: "_POSIX2_BC_BASE_MAX" redefined
   60 | #define _POSIX2_BC_BASE_MAX                 (99)
      |         ^~~~~~~~~~~~~~~~~~~
/scratch2/dima/zephyr-chipyard-sw-fresh/tools-manual/zephyr-sdk-1.0.0-beta1/gnu/riscv64-zephyr-elf/riscv64-zephyr-elf/sys-include/sys/syslimits.h:100:9: note: this is the location of the previous definition
  100 | #define _POSIX2_BC_BASE_MAX     99
      |         ^~~~~~~~~~~~~~~~~~~
/scratch2/agustin/zephyr-chipyard-sw/zephyr_ws/zephyr/include/zephyr/posix/posix_limits.h:61:9: warning: "_POSIX2_BC_DIM_MAX" redefined
   61 | #define _POSIX2_BC_DIM_MAX                  (2048)
      |         ^~~~~~~~~~~~~~~~~~
/scratch2/dima/zephyr-chipyard-sw-fresh/tools-manual/zephyr-sdk-1.0.0-beta1/gnu/riscv64-zephyr-elf/riscv64-zephyr-elf/sys-include/sys/syslimits.h:101:9: note: this is the location of the previous definition
  101 | #define _POSIX2_BC_DIM_MAX      2048
      |         ^~~~~~~~~~~~~~~~~~
/scratch2/agustin/zephyr-chipyard-sw/zephyr_ws/zephyr/include/zephyr/posix/posix_limits.h:62:9: warning: "_POSIX2_BC_SCALE_MAX" redefined
   62 | #define _POSIX2_BC_SCALE_MAX                (99)
      |         ^~~~~~~~~~~~~~~~~~~~
/scratch2/dima/zephyr-chipyard-sw-fresh/tools-manual/zephyr-sdk-1.0.0-beta1/gnu/riscv64-zephyr-elf/riscv64-zephyr-elf/sys-include/sys/syslimits.h:102:9: note: this is the location of the previous definition
  102 | #define _POSIX2_BC_SCALE_MAX    99
      |         ^~~~~~~~~~~~~~~~~~~~
/scratch2/agustin/zephyr-chipyard-sw/zephyr_ws/zephyr/include/zephyr/posix/posix_limits.h:63:9: warning: "_POSIX2_BC_STRING_MAX" redefined
   63 | #define _POSIX2_BC_STRING_MAX               (1000)
      |         ^~~~~~~~~~~~~~~~~~~~~
/scratch2/dima/zephyr-chipyard-sw-fresh/tools-manual/zephyr-sdk-1.0.0-beta1/gnu/riscv64-zephyr-elf/riscv64-zephyr-elf/sys-include/sys/syslimits.h:103:9: note: this is the location of the previous definition
  103 | #define _POSIX2_BC_STRING_MAX   1000
      |         ^~~~~~~~~~~~~~~~~~~~~
/scratch2/agustin/zephyr-chipyard-sw/zephyr_ws/zephyr/include/zephyr/posix/posix_limits.h:64:9: warning: "_POSIX2_CHARCLASS_NAME_MAX" redefined
   64 | #define _POSIX2_CHARCLASS_NAME_MAX          (14)
      |         ^~~~~~~~~~~~~~~~~~~~~~~~~~
/scratch2/dima/zephyr-chipyard-sw-fresh/tools-manual/zephyr-sdk-1.0.0-beta1/gnu/riscv64-zephyr-elf/riscv64-zephyr-elf/sys-include/sys/syslimits.h:104:9: note: this is the location of the previous definition
  104 | #define _POSIX2_CHARCLASS_NAME_MAX      14
      |         ^~~~~~~~~~~~~~~~~~~~~~~~~~
/scratch2/agustin/zephyr-chipyard-sw/zephyr_ws/zephyr/include/zephyr/posix/posix_limits.h:65:9: warning: "_POSIX2_COLL_WEIGHTS_MAX" redefined
   65 | #define _POSIX2_COLL_WEIGHTS_MAX            (2)
      |         ^~~~~~~~~~~~~~~~~~~~~~~~
/scratch2/dima/zephyr-chipyard-sw-fresh/tools-manual/zephyr-sdk-1.0.0-beta1/gnu/riscv64-zephyr-elf/riscv64-zephyr-elf/sys-include/sys/syslimits.h:105:9: note: this is the location of the previous definition
  105 | #define _POSIX2_COLL_WEIGHTS_MAX        2
      |         ^~~~~~~~~~~~~~~~~~~~~~~~
/scratch2/agustin/zephyr-chipyard-sw/zephyr_ws/zephyr/include/zephyr/posix/posix_limits.h:66:9: warning: "_POSIX2_EXPR_NEST_MAX" redefined
   66 | #define _POSIX2_EXPR_NEST_MAX               (32)
      |         ^~~~~~~~~~~~~~~~~~~~~
/scratch2/dima/zephyr-chipyard-sw-fresh/tools-manual/zephyr-sdk-1.0.0-beta1/gnu/riscv64-zephyr-elf/riscv64-zephyr-elf/sys-include/sys/syslimits.h:106:9: note: this is the location of the previous definition
  106 | #define _POSIX2_EXPR_NEST_MAX   32
      |         ^~~~~~~~~~~~~~~~~~~~~
/scratch2/agustin/zephyr-chipyard-sw/zephyr_ws/zephyr/include/zephyr/posix/posix_limits.h:67:9: warning: "_POSIX2_LINE_MAX" redefined
   67 | #define _POSIX2_LINE_MAX                    (2048)
      |         ^~~~~~~~~~~~~~~~
/scratch2/dima/zephyr-chipyard-sw-fresh/tools-manual/zephyr-sdk-1.0.0-beta1/gnu/riscv64-zephyr-elf/riscv64-zephyr-elf/sys-include/sys/syslimits.h:107:9: note: this is the location of the previous definition
  107 | #define _POSIX2_LINE_MAX        2048
      |         ^~~~~~~~~~~~~~~~
/scratch2/agustin/zephyr-chipyard-sw/zephyr_ws/zephyr/include/zephyr/posix/posix_limits.h:83:9: warning: "ARG_MAX" redefined
   83 | #define ARG_MAX                       _POSIX_ARG_MAX
      |         ^~~~~~~
/scratch2/dima/zephyr-chipyard-sw-fresh/tools-manual/zephyr-sdk-1.0.0-beta1/gnu/riscv64-zephyr-elf/riscv64-zephyr-elf/sys-include/sys/syslimits.h:41:9: note: this is the location of the previous definition
   41 | #define ARG_MAX                 65536   /* max bytes for an exec function */
      |         ^~~~~~~
/scratch2/agustin/zephyr-chipyard-sw/zephyr_ws/zephyr/include/zephyr/posix/posix_limits.h:84:9: warning: "ATEXIT_MAX" redefined
   84 | #define ATEXIT_MAX                    (32)
      |         ^~~~~~~~~~
/scratch2/dima/zephyr-chipyard-sw-fresh/tools-manual/zephyr-sdk-1.0.0-beta1/gnu/riscv64-zephyr-elf/riscv64-zephyr-elf/sys-include/sys/syslimits.h:42:9: note: this is the location of the previous definition
   42 | #define ATEXIT_MAX                 32   /* max atexit functions */
      |         ^~~~~~~~~~
/scratch2/agustin/zephyr-chipyard-sw/zephyr_ws/zephyr/include/zephyr/posix/posix_limits.h:93:9: warning: "OPEN_MAX" redefined
   93 | #define OPEN_MAX                      CONFIG_POSIX_OPEN_MAX
      |         ^~~~~~~~
/scratch2/dima/zephyr-chipyard-sw-fresh/tools-manual/zephyr-sdk-1.0.0-beta1/gnu/riscv64-zephyr-elf/riscv64-zephyr-elf/sys-include/sys/syslimits.h:45:9: note: this is the location of the previous definition
   45 | #define OPEN_MAX                   64   /* max open files per process */
      |         ^~~~~~~~
/scratch2/agustin/zephyr-chipyard-sw/zephyr_ws/zephyr/include/zephyr/posix/posix_limits.h:96:9: warning: "PATH_MAX" redefined
   96 | #define PATH_MAX                      _POSIX_PATH_MAX
      |         ^~~~~~~~
/scratch2/dima/zephyr-chipyard-sw-fresh/tools-manual/zephyr-sdk-1.0.0-beta1/gnu/riscv64-zephyr-elf/riscv64-zephyr-elf/sys-include/sys/syslimits.h:53:9: note: this is the location of the previous definition
   53 | #define PATH_MAX                 1024   /* max bytes in pathname */
      |         ^~~~~~~~
/scratch2/agustin/zephyr-chipyard-sw/zephyr_ws/zephyr/include/zephyr/posix/posix_limits.h:114:9: warning: "TZNAME_MAX" redefined
  114 | #define TZNAME_MAX                    _POSIX_TZNAME_MAX
      |         ^~~~~~~~~~
/scratch2/dima/zephyr-chipyard-sw-fresh/tools-manual/zephyr-sdk-1.0.0-beta1/gnu/riscv64-zephyr-elf/riscv64-zephyr-elf/sys-include/sys/syslimits.h:46:9: note: this is the location of the previous definition
   46 | #define TZNAME_MAX                 10   /* max time zone name length */
      |         ^~~~~~~~~~
[85/202] Building C object zephyr/CMakeFiles/zephyr.dir/lib/os/cbprintf_packaged.c.obj
[86/202] Building C object zephyr/lib/libc/common/CMakeFiles/lib__libc__common.dir/source/stdlib/abort.c.obj
[87/202] Building C object zephyr/lib/libc/common/CMakeFiles/lib__libc__common.dir/source/thrd/cnd.c.obj
In file included from /scratch2/agustin/zephyr-chipyard-sw/zephyr_ws/zephyr/include/zephyr/posix/sys/sysconf.h:11,
                 from /scratch2/agustin/zephyr-chipyard-sw/zephyr_ws/zephyr/include/zephyr/posix/unistd.h:18,
                 from /scratch2/agustin/zephyr-chipyard-sw/zephyr_ws/zephyr/include/zephyr/posix/pthread.h:15,
                 from /scratch2/agustin/zephyr-chipyard-sw/zephyr_ws/zephyr/lib/libc/common/source/thrd/cnd.c:10:
/scratch2/agustin/zephyr-chipyard-sw/zephyr_ws/zephyr/include/zephyr/posix/posix_limits.h:23:9: warning: "_POSIX_AIO_LISTIO_MAX" redefined
   23 | #define _POSIX_AIO_LISTIO_MAX               (2)
      |         ^~~~~~~~~~~~~~~~~~~~~
In file included from /scratch2/dima/zephyr-chipyard-sw-fresh/tools-manual/zephyr-sdk-1.0.0-beta1/gnu/riscv64-zephyr-elf/riscv64-zephyr-elf/sys-include/limits.h:6,
                 from /scratch2/dima/zephyr-chipyard-sw-fresh/tools-manual/zephyr-sdk-1.0.0-beta1/gnu/riscv64-zephyr-elf/lib/gcc/riscv64-zephyr-elf/14.3.0/include/limits.h:210,
                 from /scratch2/dima/zephyr-chipyard-sw-fresh/tools-manual/zephyr-sdk-1.0.0-beta1/gnu/riscv64-zephyr-elf/lib/gcc/riscv64-zephyr-elf/14.3.0/include/syslimits.h:7,
                 from /scratch2/dima/zephyr-chipyard-sw-fresh/tools-manual/zephyr-sdk-1.0.0-beta1/gnu/riscv64-zephyr-elf/lib/gcc/riscv64-zephyr-elf/14.3.0/include/limits.h:34,
                 from /scratch2/agustin/zephyr-chipyard-sw/zephyr_ws/zephyr/include/zephyr/kernel_includes.h:22,
                 from /scratch2/agustin/zephyr-chipyard-sw/zephyr_ws/zephyr/include/zephyr/kernel.h:17,
                 from /scratch2/agustin/zephyr-chipyard-sw/zephyr_ws/zephyr/include/zephyr/posix/pthread.h:14:
/scratch2/dima/zephyr-chipyard-sw-fresh/tools-manual/zephyr-sdk-1.0.0-beta1/gnu/riscv64-zephyr-elf/riscv64-zephyr-elf/sys-include/sys/syslimits.h:63:9: note: this is the location of the previous definition
   63 | #define _POSIX_AIO_LISTIO_MAX   2
      |         ^~~~~~~~~~~~~~~~~~~~~
/scratch2/agustin/zephyr-chipyard-sw/zephyr_ws/zephyr/include/zephyr/posix/posix_limits.h:24:9: warning: "_POSIX_AIO_MAX" redefined
   24 | #define _POSIX_AIO_MAX                      (1)
      |         ^~~~~~~~~~~~~~
/scratch2/dima/zephyr-chipyard-sw-fresh/tools-manual/zephyr-sdk-1.0.0-beta1/gnu/riscv64-zephyr-elf/riscv64-zephyr-elf/sys-include/sys/syslimits.h:64:9: note: this is the location of the previous definition
   64 | #define _POSIX_AIO_MAX          1
      |         ^~~~~~~~~~~~~~
/scratch2/agustin/zephyr-chipyard-sw/zephyr_ws/zephyr/include/zephyr/posix/posix_limits.h:25:9: warning: "_POSIX_ARG_MAX" redefined
   25 | #define _POSIX_ARG_MAX                      (4096)
      |         ^~~~~~~~~~~~~~
/scratch2/dima/zephyr-chipyard-sw-fresh/tools-manual/zephyr-sdk-1.0.0-beta1/gnu/riscv64-zephyr-elf/riscv64-zephyr-elf/sys-include/sys/syslimits.h:65:9: note: this is the location of the previous definition
   65 | #define _POSIX_ARG_MAX          4096
      |         ^~~~~~~~~~~~~~
/scratch2/agustin/zephyr-chipyard-sw/zephyr_ws/zephyr/include/zephyr/posix/posix_limits.h:26:9: warning: "_POSIX_CHILD_MAX" redefined
   26 | #define _POSIX_CHILD_MAX                    (25)
      |         ^~~~~~~~~~~~~~~~
/scratch2/dima/zephyr-chipyard-sw-fresh/tools-manual/zephyr-sdk-1.0.0-beta1/gnu/riscv64-zephyr-elf/riscv64-zephyr-elf/sys-include/sys/syslimits.h:66:9: note: this is the location of the previous definition
   66 | #define _POSIX_CHILD_MAX        6
      |         ^~~~~~~~~~~~~~~~
/scratch2/agustin/zephyr-chipyard-sw/zephyr_ws/zephyr/include/zephyr/posix/posix_limits.h:27:9: warning: "_POSIX_DELAYTIMER_MAX" redefined
   27 | #define _POSIX_DELAYTIMER_MAX               (32)
      |         ^~~~~~~~~~~~~~~~~~~~~
/scratch2/dima/zephyr-chipyard-sw-fresh/tools-manual/zephyr-sdk-1.0.0-beta1/gnu/riscv64-zephyr-elf/riscv64-zephyr-elf/sys-include/sys/syslimits.h:67:9: note: this is the location of the previous definition
   67 | #define _POSIX_DELAYTIMER_MAX   32
      |         ^~~~~~~~~~~~~~~~~~~~~
/scratch2/agustin/zephyr-chipyard-sw/zephyr_ws/zephyr/include/zephyr/posix/posix_limits.h:28:9: warning: "_POSIX_HOST_NAME_MAX" redefined
   28 | #define _POSIX_HOST_NAME_MAX                (255)
      |         ^~~~~~~~~~~~~~~~~~~~
/scratch2/dima/zephyr-chipyard-sw-fresh/tools-manual/zephyr-sdk-1.0.0-beta1/gnu/riscv64-zephyr-elf/riscv64-zephyr-elf/sys-include/sys/syslimits.h:68:9: note: this is the location of the previous definition
   68 | #define _POSIX_HOST_NAME_MAX    255
      |         ^~~~~~~~~~~~~~~~~~~~
/scratch2/agustin/zephyr-chipyard-sw/zephyr_ws/zephyr/include/zephyr/posix/posix_limits.h:29:9: warning: "_POSIX_LINK_MAX" redefined
   29 | #define _POSIX_LINK_MAX                     (8)
      |         ^~~~~~~~~~~~~~~
/scratch2/dima/zephyr-chipyard-sw-fresh/tools-manual/zephyr-sdk-1.0.0-beta1/gnu/riscv64-zephyr-elf/riscv64-zephyr-elf/sys-include/sys/syslimits.h:69:9: note: this is the location of the previous definition
   69 | #define _POSIX_LINK_MAX         8
      |         ^~~~~~~~~~~~~~~
/scratch2/agustin/zephyr-chipyard-sw/zephyr_ws/zephyr/include/zephyr/posix/posix_limits.h:30:9: warning: "_POSIX_LOGIN_NAME_MAX" redefined
   30 | #define _POSIX_LOGIN_NAME_MAX               (9)
      |         ^~~~~~~~~~~~~~~~~~~~~
/scratch2/dima/zephyr-chipyard-sw-fresh/tools-manual/zephyr-sdk-1.0.0-beta1/gnu/riscv64-zephyr-elf/riscv64-zephyr-elf/sys-include/sys/syslimits.h:70:9: note: this is the location of the previous definition
   70 | #define _POSIX_LOGIN_NAME_MAX   9
      |         ^~~~~~~~~~~~~~~~~~~~~
/scratch2/agustin/zephyr-chipyard-sw/zephyr_ws/zephyr/include/zephyr/posix/posix_limits.h:31:9: warning: "_POSIX_MAX_CANON" redefined
   31 | #define _POSIX_MAX_CANON                    (255)
      |         ^~~~~~~~~~~~~~~~
/scratch2/dima/zephyr-chipyard-sw-fresh/tools-manual/zephyr-sdk-1.0.0-beta1/gnu/riscv64-zephyr-elf/riscv64-zephyr-elf/sys-include/sys/syslimits.h:71:9: note: this is the location of the previous definition
   71 | #define _POSIX_MAX_CANON        255
      |         ^~~~~~~~~~~~~~~~
/scratch2/agustin/zephyr-chipyard-sw/zephyr_ws/zephyr/include/zephyr/posix/posix_limits.h:32:9: warning: "_POSIX_MAX_INPUT" redefined
   32 | #define _POSIX_MAX_INPUT                    (255)
      |         ^~~~~~~~~~~~~~~~
/scratch2/dima/zephyr-chipyard-sw-fresh/tools-manual/zephyr-sdk-1.0.0-beta1/gnu/riscv64-zephyr-elf/riscv64-zephyr-elf/sys-include/sys/syslimits.h:72:9: note: this is the location of the previous definition
   72 | #define _POSIX_MAX_INPUT        255
      |         ^~~~~~~~~~~~~~~~
/scratch2/agustin/zephyr-chipyard-sw/zephyr_ws/zephyr/include/zephyr/posix/posix_limits.h:33:9: warning: "_POSIX_MQ_OPEN_MAX" redefined
   33 | #define _POSIX_MQ_OPEN_MAX                  (8)
      |         ^~~~~~~~~~~~~~~~~~
/scratch2/dima/zephyr-chipyard-sw-fresh/tools-manual/zephyr-sdk-1.0.0-beta1/gnu/riscv64-zephyr-elf/riscv64-zephyr-elf/sys-include/sys/syslimits.h:73:9: note: this is the location of the previous definition
   73 | #define _POSIX_MQ_OPEN_MAX      8
      |         ^~~~~~~~~~~~~~~~~~
/scratch2/agustin/zephyr-chipyard-sw/zephyr_ws/zephyr/include/zephyr/posix/posix_limits.h:34:9: warning: "_POSIX_MQ_PRIO_MAX" redefined
   34 | #define _POSIX_MQ_PRIO_MAX                  (32)
      |         ^~~~~~~~~~~~~~~~~~
/scratch2/dima/zephyr-chipyard-sw-fresh/tools-manual/zephyr-sdk-1.0.0-beta1/gnu/riscv64-zephyr-elf/riscv64-zephyr-elf/sys-include/sys/syslimits.h:74:9: note: this is the location of the previous definition
   74 | #define _POSIX_MQ_PRIO_MAX      32
      |         ^~~~~~~~~~~~~~~~~~
/scratch2/agustin/zephyr-chipyard-sw/zephyr_ws/zephyr/include/zephyr/posix/posix_limits.h:35:9: warning: "_POSIX_NAME_MAX" redefined
   35 | #define _POSIX_NAME_MAX                     (14)
      |         ^~~~~~~~~~~~~~~
/scratch2/dima/zephyr-chipyard-sw-fresh/tools-manual/zephyr-sdk-1.0.0-beta1/gnu/riscv64-zephyr-elf/riscv64-zephyr-elf/sys-include/sys/syslimits.h:75:9: note: this is the location of the previous definition
   75 | #define _POSIX_NAME_MAX         14
      |         ^~~~~~~~~~~~~~~
/scratch2/agustin/zephyr-chipyard-sw/zephyr_ws/zephyr/include/zephyr/posix/posix_limits.h:36:9: warning: "_POSIX_NGROUPS_MAX" redefined
   36 | #define _POSIX_NGROUPS_MAX                  (8)
      |         ^~~~~~~~~~~~~~~~~~
/scratch2/dima/zephyr-chipyard-sw-fresh/tools-manual/zephyr-sdk-1.0.0-beta1/gnu/riscv64-zephyr-elf/riscv64-zephyr-elf/sys-include/sys/syslimits.h:76:9: note: this is the location of the previous definition
   76 | #define _POSIX_NGROUPS_MAX      0
      |         ^~~~~~~~~~~~~~~~~~
/scratch2/agustin/zephyr-chipyard-sw/zephyr_ws/zephyr/include/zephyr/posix/posix_limits.h:37:9: warning: "_POSIX_OPEN_MAX" redefined
   37 | #define _POSIX_OPEN_MAX                     (20)
      |         ^~~~~~~~~~~~~~~
/scratch2/dima/zephyr-chipyard-sw-fresh/tools-manual/zephyr-sdk-1.0.0-beta1/gnu/riscv64-zephyr-elf/riscv64-zephyr-elf/sys-include/sys/syslimits.h:77:9: note: this is the location of the previous definition
   77 | #define _POSIX_OPEN_MAX         16
      |         ^~~~~~~~~~~~~~~
/scratch2/agustin/zephyr-chipyard-sw/zephyr_ws/zephyr/include/zephyr/posix/posix_limits.h:38:9: warning: "_POSIX_PATH_MAX" redefined
   38 | #define _POSIX_PATH_MAX                     (256)
      |         ^~~~~~~~~~~~~~~
/scratch2/dima/zephyr-chipyard-sw-fresh/tools-manual/zephyr-sdk-1.0.0-beta1/gnu/riscv64-zephyr-elf/riscv64-zephyr-elf/sys-include/sys/syslimits.h:78:9: note: this is the location of the previous definition
   78 | #define _POSIX_PATH_MAX         255
      |         ^~~~~~~~~~~~~~~
/scratch2/agustin/zephyr-chipyard-sw/zephyr_ws/zephyr/include/zephyr/posix/posix_limits.h:39:9: warning: "_POSIX_PIPE_BUF" redefined
   39 | #define _POSIX_PIPE_BUF                     (512)
      |         ^~~~~~~~~~~~~~~
/scratch2/dima/zephyr-chipyard-sw-fresh/tools-manual/zephyr-sdk-1.0.0-beta1/gnu/riscv64-zephyr-elf/riscv64-zephyr-elf/sys-include/sys/syslimits.h:79:9: note: this is the location of the previous definition
   79 | #define _POSIX_PIPE_BUF         512
      |         ^~~~~~~~~~~~~~~
/scratch2/agustin/zephyr-chipyard-sw/zephyr_ws/zephyr/include/zephyr/posix/posix_limits.h:40:9: warning: "_POSIX_RE_DUP_MAX" redefined
   40 | #define _POSIX_RE_DUP_MAX                   (255)
      |         ^~~~~~~~~~~~~~~~~
/scratch2/dima/zephyr-chipyard-sw-fresh/tools-manual/zephyr-sdk-1.0.0-beta1/gnu/riscv64-zephyr-elf/riscv64-zephyr-elf/sys-include/sys/syslimits.h:80:9: note: this is the location of the previous definition
   80 | #define _POSIX_RE_DUP_MAX       255
      |         ^~~~~~~~~~~~~~~~~
/scratch2/agustin/zephyr-chipyard-sw/zephyr_ws/zephyr/include/zephyr/posix/posix_limits.h:41:9: warning: "_POSIX_RTSIG_MAX" redefined
   41 | #define _POSIX_RTSIG_MAX                    (8)
      |         ^~~~~~~~~~~~~~~~
/scratch2/dima/zephyr-chipyard-sw-fresh/tools-manual/zephyr-sdk-1.0.0-beta1/gnu/riscv64-zephyr-elf/riscv64-zephyr-elf/sys-include/sys/syslimits.h:81:9: note: this is the location of the previous definition
   81 | #define _POSIX_RTSIG_MAX        8
      |         ^~~~~~~~~~~~~~~~
/scratch2/agustin/zephyr-chipyard-sw/zephyr_ws/zephyr/include/zephyr/posix/posix_limits.h:42:9: warning: "_POSIX_SEM_NSEMS_MAX" redefined
   42 | #define _POSIX_SEM_NSEMS_MAX                (256)
      |         ^~~~~~~~~~~~~~~~~~~~
/scratch2/dima/zephyr-chipyard-sw-fresh/tools-manual/zephyr-sdk-1.0.0-beta1/gnu/riscv64-zephyr-elf/riscv64-zephyr-elf/sys-include/sys/syslimits.h:82:9: note: this is the location of the previous definition
   82 | #define _POSIX_SEM_NSEMS_MAX    256
      |         ^~~~~~~~~~~~~~~~~~~~
/scratch2/agustin/zephyr-chipyard-sw/zephyr_ws/zephyr/include/zephyr/posix/posix_limits.h:43:9: warning: "_POSIX_SEM_VALUE_MAX" redefined
   43 | #define _POSIX_SEM_VALUE_MAX                (32767)
      |         ^~~~~~~~~~~~~~~~~~~~
/scratch2/dima/zephyr-chipyard-sw-fresh/tools-manual/zephyr-sdk-1.0.0-beta1/gnu/riscv64-zephyr-elf/riscv64-zephyr-elf/sys-include/sys/syslimits.h:83:9: note: this is the location of the previous definition
   83 | #define _POSIX_SEM_VALUE_MAX    32767
      |         ^~~~~~~~~~~~~~~~~~~~
/scratch2/agustin/zephyr-chipyard-sw/zephyr_ws/zephyr/include/zephyr/posix/posix_limits.h:44:9: warning: "_POSIX_SIGQUEUE_MAX" redefined
   44 | #define _POSIX_SIGQUEUE_MAX                 (32)
      |         ^~~~~~~~~~~~~~~~~~~
/scratch2/dima/zephyr-chipyard-sw-fresh/tools-manual/zephyr-sdk-1.0.0-beta1/gnu/riscv64-zephyr-elf/riscv64-zephyr-elf/sys-include/sys/syslimits.h:84:9: note: this is the location of the previous definition
   84 | #define _POSIX_SIGQUEUE_MAX     32
      |         ^~~~~~~~~~~~~~~~~~~
/scratch2/agustin/zephyr-chipyard-sw/zephyr_ws/zephyr/include/zephyr/posix/posix_limits.h:45:9: warning: "_POSIX_SSIZE_MAX" redefined
   45 | #define _POSIX_SSIZE_MAX                    (32767)
      |         ^~~~~~~~~~~~~~~~
/scratch2/dima/zephyr-chipyard-sw-fresh/tools-manual/zephyr-sdk-1.0.0-beta1/gnu/riscv64-zephyr-elf/riscv64-zephyr-elf/sys-include/sys/syslimits.h:85:9: note: this is the location of the previous definition
   85 | #define _POSIX_SSIZE_MAX        32767
      |         ^~~~~~~~~~~~~~~~
/scratch2/agustin/zephyr-chipyard-sw/zephyr_ws/zephyr/include/zephyr/posix/posix_limits.h:46:9: warning: "_POSIX_SS_REPL_MAX" redefined
   46 | #define _POSIX_SS_REPL_MAX                  (4)
      |         ^~~~~~~~~~~~~~~~~~
/scratch2/dima/zephyr-chipyard-sw-fresh/tools-manual/zephyr-sdk-1.0.0-beta1/gnu/riscv64-zephyr-elf/riscv64-zephyr-elf/sys-include/sys/syslimits.h:86:9: note: this is the location of the previous definition
   86 | #define _POSIX_SS_REPL_MAX      4
      |         ^~~~~~~~~~~~~~~~~~
/scratch2/agustin/zephyr-chipyard-sw/zephyr_ws/zephyr/include/zephyr/posix/posix_limits.h:47:9: warning: "_POSIX_STREAM_MAX" redefined
   47 | #define _POSIX_STREAM_MAX                   (8)
      |         ^~~~~~~~~~~~~~~~~
/scratch2/dima/zephyr-chipyard-sw-fresh/tools-manual/zephyr-sdk-1.0.0-beta1/gnu/riscv64-zephyr-elf/riscv64-zephyr-elf/sys-include/sys/syslimits.h:87:9: note: this is the location of the previous definition
   87 | #define _POSIX_STREAM_MAX       8
      |         ^~~~~~~~~~~~~~~~~
/scratch2/agustin/zephyr-chipyard-sw/zephyr_ws/zephyr/include/zephyr/posix/posix_limits.h:48:9: warning: "_POSIX_SYMLINK_MAX" redefined
   48 | #define _POSIX_SYMLINK_MAX                  (255)
      |         ^~~~~~~~~~~~~~~~~~
/scratch2/dima/zephyr-chipyard-sw-fresh/tools-manual/zephyr-sdk-1.0.0-beta1/gnu/riscv64-zephyr-elf/riscv64-zephyr-elf/sys-include/sys/syslimits.h:88:9: note: this is the location of the previous definition
   88 | #define _POSIX_SYMLINK_MAX      255
      |         ^~~~~~~~~~~~~~~~~~
/scratch2/agustin/zephyr-chipyard-sw/zephyr_ws/zephyr/include/zephyr/posix/posix_limits.h:49:9: warning: "_POSIX_SYMLOOP_MAX" redefined
   49 | #define _POSIX_SYMLOOP_MAX                  (8)
      |         ^~~~~~~~~~~~~~~~~~
/scratch2/dima/zephyr-chipyard-sw-fresh/tools-manual/zephyr-sdk-1.0.0-beta1/gnu/riscv64-zephyr-elf/riscv64-zephyr-elf/sys-include/sys/syslimits.h:89:9: note: this is the location of the previous definition
   89 | #define _POSIX_SYMLOOP_MAX      8
      |         ^~~~~~~~~~~~~~~~~~
/scratch2/agustin/zephyr-chipyard-sw/zephyr_ws/zephyr/include/zephyr/posix/posix_limits.h:50:9: warning: "_POSIX_THREAD_DESTRUCTOR_ITERATIONS" redefined
   50 | #define _POSIX_THREAD_DESTRUCTOR_ITERATIONS (4)
      |         ^~~~~~~~~~~~~~~~~~~~~~~~~~~~~~~~~~~
/scratch2/dima/zephyr-chipyard-sw-fresh/tools-manual/zephyr-sdk-1.0.0-beta1/gnu/riscv64-zephyr-elf/riscv64-zephyr-elf/sys-include/sys/syslimits.h:90:9: note: this is the location of the previous definition
   90 | #define _POSIX_THREAD_DESTRUCTOR_ITERATIONS     4
      |         ^~~~~~~~~~~~~~~~~~~~~~~~~~~~~~~~~~~
/scratch2/agustin/zephyr-chipyard-sw/zephyr_ws/zephyr/include/zephyr/posix/posix_limits.h:51:9: warning: "_POSIX_THREAD_KEYS_MAX" redefined
   51 | #define _POSIX_THREAD_KEYS_MAX              (128)
      |         ^~~~~~~~~~~~~~~~~~~~~~
/scratch2/dima/zephyr-chipyard-sw-fresh/tools-manual/zephyr-sdk-1.0.0-beta1/gnu/riscv64-zephyr-elf/riscv64-zephyr-elf/sys-include/sys/syslimits.h:91:9: note: this is the location of the previous definition
   91 | #define _POSIX_THREAD_KEYS_MAX  128
      |         ^~~~~~~~~~~~~~~~~~~~~~
/scratch2/agustin/zephyr-chipyard-sw/zephyr_ws/zephyr/include/zephyr/posix/posix_limits.h:52:9: warning: "_POSIX_THREAD_THREADS_MAX" redefined
   52 | #define _POSIX_THREAD_THREADS_MAX           (64)
      |         ^~~~~~~~~~~~~~~~~~~~~~~~~
/scratch2/dima/zephyr-chipyard-sw-fresh/tools-manual/zephyr-sdk-1.0.0-beta1/gnu/riscv64-zephyr-elf/riscv64-zephyr-elf/sys-include/sys/syslimits.h:92:9: note: this is the location of the previous definition
   92 | #define _POSIX_THREAD_THREADS_MAX       64
      |         ^~~~~~~~~~~~~~~~~~~~~~~~~
/scratch2/agustin/zephyr-chipyard-sw/zephyr_ws/zephyr/include/zephyr/posix/posix_limits.h:53:9: warning: "_POSIX_TIMER_MAX" redefined
   53 | #define _POSIX_TIMER_MAX                    (32)
      |         ^~~~~~~~~~~~~~~~
/scratch2/dima/zephyr-chipyard-sw-fresh/tools-manual/zephyr-sdk-1.0.0-beta1/gnu/riscv64-zephyr-elf/riscv64-zephyr-elf/sys-include/sys/syslimits.h:93:9: note: this is the location of the previous definition
   93 | #define _POSIX_TIMER_MAX        32
      |         ^~~~~~~~~~~~~~~~
/scratch2/agustin/zephyr-chipyard-sw/zephyr_ws/zephyr/include/zephyr/posix/posix_limits.h:54:9: warning: "_POSIX_TRACE_EVENT_NAME_MAX" redefined
   54 | #define _POSIX_TRACE_EVENT_NAME_MAX         (30)
      |         ^~~~~~~~~~~~~~~~~~~~~~~~~~~
/scratch2/dima/zephyr-chipyard-sw-fresh/tools-manual/zephyr-sdk-1.0.0-beta1/gnu/riscv64-zephyr-elf/riscv64-zephyr-elf/sys-include/sys/syslimits.h:94:9: note: this is the location of the previous definition
   94 | #define _POSIX_TRACE_EVENT_NAME_MAX     30
      |         ^~~~~~~~~~~~~~~~~~~~~~~~~~~
/scratch2/agustin/zephyr-chipyard-sw/zephyr_ws/zephyr/include/zephyr/posix/posix_limits.h:55:9: warning: "_POSIX_TRACE_NAME_MAX" redefined
   55 | #define _POSIX_TRACE_NAME_MAX               (8)
      |         ^~~~~~~~~~~~~~~~~~~~~
/scratch2/dima/zephyr-chipyard-sw-fresh/tools-manual/zephyr-sdk-1.0.0-beta1/gnu/riscv64-zephyr-elf/riscv64-zephyr-elf/sys-include/sys/syslimits.h:95:9: note: this is the location of the previous definition
   95 | #define _POSIX_TRACE_NAME_MAX   8
      |         ^~~~~~~~~~~~~~~~~~~~~
/scratch2/agustin/zephyr-chipyard-sw/zephyr_ws/zephyr/include/zephyr/posix/posix_limits.h:56:9: warning: "_POSIX_TRACE_SYS_MAX" redefined
   56 | #define _POSIX_TRACE_SYS_MAX                (8)
      |         ^~~~~~~~~~~~~~~~~~~~
/scratch2/dima/zephyr-chipyard-sw-fresh/tools-manual/zephyr-sdk-1.0.0-beta1/gnu/riscv64-zephyr-elf/riscv64-zephyr-elf/sys-include/sys/syslimits.h:96:9: note: this is the location of the previous definition
   96 | #define _POSIX_TRACE_SYS_MAX    8
      |         ^~~~~~~~~~~~~~~~~~~~
/scratch2/agustin/zephyr-chipyard-sw/zephyr_ws/zephyr/include/zephyr/posix/posix_limits.h:57:9: warning: "_POSIX_TRACE_USER_EVENT_MAX" redefined
   57 | #define _POSIX_TRACE_USER_EVENT_MAX         (32)
      |         ^~~~~~~~~~~~~~~~~~~~~~~~~~~
/scratch2/dima/zephyr-chipyard-sw-fresh/tools-manual/zephyr-sdk-1.0.0-beta1/gnu/riscv64-zephyr-elf/riscv64-zephyr-elf/sys-include/sys/syslimits.h:97:9: note: this is the location of the previous definition
   97 | #define _POSIX_TRACE_USER_EVENT_MAX     32
      |         ^~~~~~~~~~~~~~~~~~~~~~~~~~~
/scratch2/agustin/zephyr-chipyard-sw/zephyr_ws/zephyr/include/zephyr/posix/posix_limits.h:58:9: warning: "_POSIX_TTY_NAME_MAX" redefined
   58 | #define _POSIX_TTY_NAME_MAX                 (9)
      |         ^~~~~~~~~~~~~~~~~~~
/scratch2/dima/zephyr-chipyard-sw-fresh/tools-manual/zephyr-sdk-1.0.0-beta1/gnu/riscv64-zephyr-elf/riscv64-zephyr-elf/sys-include/sys/syslimits.h:98:9: note: this is the location of the previous definition
   98 | #define _POSIX_TTY_NAME_MAX     9
      |         ^~~~~~~~~~~~~~~~~~~
/scratch2/agustin/zephyr-chipyard-sw/zephyr_ws/zephyr/include/zephyr/posix/posix_limits.h:59:9: warning: "_POSIX_TZNAME_MAX" redefined
   59 | #define _POSIX_TZNAME_MAX                   (6)
      |         ^~~~~~~~~~~~~~~~~
/scratch2/dima/zephyr-chipyard-sw-fresh/tools-manual/zephyr-sdk-1.0.0-beta1/gnu/riscv64-zephyr-elf/riscv64-zephyr-elf/sys-include/sys/syslimits.h:99:9: note: this is the location of the previous definition
   99 | #define _POSIX_TZNAME_MAX       3
      |         ^~~~~~~~~~~~~~~~~
/scratch2/agustin/zephyr-chipyard-sw/zephyr_ws/zephyr/include/zephyr/posix/posix_limits.h:60:9: warning: "_POSIX2_BC_BASE_MAX" redefined
   60 | #define _POSIX2_BC_BASE_MAX                 (99)
      |         ^~~~~~~~~~~~~~~~~~~
/scratch2/dima/zephyr-chipyard-sw-fresh/tools-manual/zephyr-sdk-1.0.0-beta1/gnu/riscv64-zephyr-elf/riscv64-zephyr-elf/sys-include/sys/syslimits.h:100:9: note: this is the location of the previous definition
  100 | #define _POSIX2_BC_BASE_MAX     99
      |         ^~~~~~~~~~~~~~~~~~~
/scratch2/agustin/zephyr-chipyard-sw/zephyr_ws/zephyr/include/zephyr/posix/posix_limits.h:61:9: warning: "_POSIX2_BC_DIM_MAX" redefined
   61 | #define _POSIX2_BC_DIM_MAX                  (2048)
      |         ^~~~~~~~~~~~~~~~~~
/scratch2/dima/zephyr-chipyard-sw-fresh/tools-manual/zephyr-sdk-1.0.0-beta1/gnu/riscv64-zephyr-elf/riscv64-zephyr-elf/sys-include/sys/syslimits.h:101:9: note: this is the location of the previous definition
  101 | #define _POSIX2_BC_DIM_MAX      2048
      |         ^~~~~~~~~~~~~~~~~~
/scratch2/agustin/zephyr-chipyard-sw/zephyr_ws/zephyr/include/zephyr/posix/posix_limits.h:62:9: warning: "_POSIX2_BC_SCALE_MAX" redefined
   62 | #define _POSIX2_BC_SCALE_MAX                (99)
      |         ^~~~~~~~~~~~~~~~~~~~
/scratch2/dima/zephyr-chipyard-sw-fresh/tools-manual/zephyr-sdk-1.0.0-beta1/gnu/riscv64-zephyr-elf/riscv64-zephyr-elf/sys-include/sys/syslimits.h:102:9: note: this is the location of the previous definition
  102 | #define _POSIX2_BC_SCALE_MAX    99
      |         ^~~~~~~~~~~~~~~~~~~~
/scratch2/agustin/zephyr-chipyard-sw/zephyr_ws/zephyr/include/zephyr/posix/posix_limits.h:63:9: warning: "_POSIX2_BC_STRING_MAX" redefined
   63 | #define _POSIX2_BC_STRING_MAX               (1000)
      |         ^~~~~~~~~~~~~~~~~~~~~
/scratch2/dima/zephyr-chipyard-sw-fresh/tools-manual/zephyr-sdk-1.0.0-beta1/gnu/riscv64-zephyr-elf/riscv64-zephyr-elf/sys-include/sys/syslimits.h:103:9: note: this is the location of the previous definition
  103 | #define _POSIX2_BC_STRING_MAX   1000
      |         ^~~~~~~~~~~~~~~~~~~~~
/scratch2/agustin/zephyr-chipyard-sw/zephyr_ws/zephyr/include/zephyr/posix/posix_limits.h:64:9: warning: "_POSIX2_CHARCLASS_NAME_MAX" redefined
   64 | #define _POSIX2_CHARCLASS_NAME_MAX          (14)
      |         ^~~~~~~~~~~~~~~~~~~~~~~~~~
/scratch2/dima/zephyr-chipyard-sw-fresh/tools-manual/zephyr-sdk-1.0.0-beta1/gnu/riscv64-zephyr-elf/riscv64-zephyr-elf/sys-include/sys/syslimits.h:104:9: note: this is the location of the previous definition
  104 | #define _POSIX2_CHARCLASS_NAME_MAX      14
      |         ^~~~~~~~~~~~~~~~~~~~~~~~~~
/scratch2/agustin/zephyr-chipyard-sw/zephyr_ws/zephyr/include/zephyr/posix/posix_limits.h:65:9: warning: "_POSIX2_COLL_WEIGHTS_MAX" redefined
   65 | #define _POSIX2_COLL_WEIGHTS_MAX            (2)
      |         ^~~~~~~~~~~~~~~~~~~~~~~~
/scratch2/dima/zephyr-chipyard-sw-fresh/tools-manual/zephyr-sdk-1.0.0-beta1/gnu/riscv64-zephyr-elf/riscv64-zephyr-elf/sys-include/sys/syslimits.h:105:9: note: this is the location of the previous definition
  105 | #define _POSIX2_COLL_WEIGHTS_MAX        2
      |         ^~~~~~~~~~~~~~~~~~~~~~~~
/scratch2/agustin/zephyr-chipyard-sw/zephyr_ws/zephyr/include/zephyr/posix/posix_limits.h:66:9: warning: "_POSIX2_EXPR_NEST_MAX" redefined
   66 | #define _POSIX2_EXPR_NEST_MAX               (32)
      |         ^~~~~~~~~~~~~~~~~~~~~
/scratch2/dima/zephyr-chipyard-sw-fresh/tools-manual/zephyr-sdk-1.0.0-beta1/gnu/riscv64-zephyr-elf/riscv64-zephyr-elf/sys-include/sys/syslimits.h:106:9: note: this is the location of the previous definition
  106 | #define _POSIX2_EXPR_NEST_MAX   32
      |         ^~~~~~~~~~~~~~~~~~~~~
/scratch2/agustin/zephyr-chipyard-sw/zephyr_ws/zephyr/include/zephyr/posix/posix_limits.h:67:9: warning: "_POSIX2_LINE_MAX" redefined
   67 | #define _POSIX2_LINE_MAX                    (2048)
      |         ^~~~~~~~~~~~~~~~
/scratch2/dima/zephyr-chipyard-sw-fresh/tools-manual/zephyr-sdk-1.0.0-beta1/gnu/riscv64-zephyr-elf/riscv64-zephyr-elf/sys-include/sys/syslimits.h:107:9: note: this is the location of the previous definition
  107 | #define _POSIX2_LINE_MAX        2048
      |         ^~~~~~~~~~~~~~~~
/scratch2/agustin/zephyr-chipyard-sw/zephyr_ws/zephyr/include/zephyr/posix/posix_limits.h:83:9: warning: "ARG_MAX" redefined
   83 | #define ARG_MAX                       _POSIX_ARG_MAX
      |         ^~~~~~~
/scratch2/dima/zephyr-chipyard-sw-fresh/tools-manual/zephyr-sdk-1.0.0-beta1/gnu/riscv64-zephyr-elf/riscv64-zephyr-elf/sys-include/sys/syslimits.h:41:9: note: this is the location of the previous definition
   41 | #define ARG_MAX                 65536   /* max bytes for an exec function */
      |         ^~~~~~~
/scratch2/agustin/zephyr-chipyard-sw/zephyr_ws/zephyr/include/zephyr/posix/posix_limits.h:84:9: warning: "ATEXIT_MAX" redefined
   84 | #define ATEXIT_MAX                    (32)
      |         ^~~~~~~~~~
/scratch2/dima/zephyr-chipyard-sw-fresh/tools-manual/zephyr-sdk-1.0.0-beta1/gnu/riscv64-zephyr-elf/riscv64-zephyr-elf/sys-include/sys/syslimits.h:42:9: note: this is the location of the previous definition
   42 | #define ATEXIT_MAX                 32   /* max atexit functions */
      |         ^~~~~~~~~~
/scratch2/agustin/zephyr-chipyard-sw/zephyr_ws/zephyr/include/zephyr/posix/posix_limits.h:93:9: warning: "OPEN_MAX" redefined
   93 | #define OPEN_MAX                      CONFIG_POSIX_OPEN_MAX
      |         ^~~~~~~~
/scratch2/dima/zephyr-chipyard-sw-fresh/tools-manual/zephyr-sdk-1.0.0-beta1/gnu/riscv64-zephyr-elf/riscv64-zephyr-elf/sys-include/sys/syslimits.h:45:9: note: this is the location of the previous definition
   45 | #define OPEN_MAX                   64   /* max open files per process */
      |         ^~~~~~~~
/scratch2/agustin/zephyr-chipyard-sw/zephyr_ws/zephyr/include/zephyr/posix/posix_limits.h:96:9: warning: "PATH_MAX" redefined
   96 | #define PATH_MAX                      _POSIX_PATH_MAX
      |         ^~~~~~~~
/scratch2/dima/zephyr-chipyard-sw-fresh/tools-manual/zephyr-sdk-1.0.0-beta1/gnu/riscv64-zephyr-elf/riscv64-zephyr-elf/sys-include/sys/syslimits.h:53:9: note: this is the location of the previous definition
   53 | #define PATH_MAX                 1024   /* max bytes in pathname */
      |         ^~~~~~~~
/scratch2/agustin/zephyr-chipyard-sw/zephyr_ws/zephyr/include/zephyr/posix/posix_limits.h:114:9: warning: "TZNAME_MAX" redefined
  114 | #define TZNAME_MAX                    _POSIX_TZNAME_MAX
      |         ^~~~~~~~~~
/scratch2/dima/zephyr-chipyard-sw-fresh/tools-manual/zephyr-sdk-1.0.0-beta1/gnu/riscv64-zephyr-elf/riscv64-zephyr-elf/sys-include/sys/syslimits.h:46:9: note: this is the location of the previous definition
   46 | #define TZNAME_MAX                 10   /* max time zone name length */
      |         ^~~~~~~~~~
[88/202] Building C object zephyr/lib/libc/common/CMakeFiles/lib__libc__common.dir/source/thrd/thrd.c.obj
In file included from /scratch2/agustin/zephyr-chipyard-sw/zephyr_ws/zephyr/include/zephyr/posix/sys/sysconf.h:11,
                 from /scratch2/agustin/zephyr-chipyard-sw/zephyr_ws/zephyr/include/zephyr/posix/unistd.h:18,
                 from /scratch2/agustin/zephyr-chipyard-sw/zephyr_ws/zephyr/include/zephyr/posix/pthread.h:15,
                 from /scratch2/agustin/zephyr-chipyard-sw/zephyr_ws/zephyr/lib/libc/common/source/thrd/thrd.c:11:
/scratch2/agustin/zephyr-chipyard-sw/zephyr_ws/zephyr/include/zephyr/posix/posix_limits.h:23:9: warning: "_POSIX_AIO_LISTIO_MAX" redefined
   23 | #define _POSIX_AIO_LISTIO_MAX               (2)
      |         ^~~~~~~~~~~~~~~~~~~~~
In file included from /scratch2/dima/zephyr-chipyard-sw-fresh/tools-manual/zephyr-sdk-1.0.0-beta1/gnu/riscv64-zephyr-elf/riscv64-zephyr-elf/sys-include/limits.h:6,
                 from /scratch2/dima/zephyr-chipyard-sw-fresh/tools-manual/zephyr-sdk-1.0.0-beta1/gnu/riscv64-zephyr-elf/lib/gcc/riscv64-zephyr-elf/14.3.0/include/limits.h:210,
                 from /scratch2/dima/zephyr-chipyard-sw-fresh/tools-manual/zephyr-sdk-1.0.0-beta1/gnu/riscv64-zephyr-elf/lib/gcc/riscv64-zephyr-elf/14.3.0/include/syslimits.h:7,
                 from /scratch2/dima/zephyr-chipyard-sw-fresh/tools-manual/zephyr-sdk-1.0.0-beta1/gnu/riscv64-zephyr-elf/lib/gcc/riscv64-zephyr-elf/14.3.0/include/limits.h:34,
                 from /scratch2/agustin/zephyr-chipyard-sw/zephyr_ws/zephyr/include/zephyr/kernel_includes.h:22,
                 from /scratch2/agustin/zephyr-chipyard-sw/zephyr_ws/zephyr/include/zephyr/kernel.h:17,
                 from /scratch2/agustin/zephyr-chipyard-sw/zephyr_ws/zephyr/lib/libc/common/source/thrd/thrd.c:10:
/scratch2/dima/zephyr-chipyard-sw-fresh/tools-manual/zephyr-sdk-1.0.0-beta1/gnu/riscv64-zephyr-elf/riscv64-zephyr-elf/sys-include/sys/syslimits.h:63:9: note: this is the location of the previous definition
   63 | #define _POSIX_AIO_LISTIO_MAX   2
      |         ^~~~~~~~~~~~~~~~~~~~~
/scratch2/agustin/zephyr-chipyard-sw/zephyr_ws/zephyr/include/zephyr/posix/posix_limits.h:24:9: warning: "_POSIX_AIO_MAX" redefined
   24 | #define _POSIX_AIO_MAX                      (1)
      |         ^~~~~~~~~~~~~~
/scratch2/dima/zephyr-chipyard-sw-fresh/tools-manual/zephyr-sdk-1.0.0-beta1/gnu/riscv64-zephyr-elf/riscv64-zephyr-elf/sys-include/sys/syslimits.h:64:9: note: this is the location of the previous definition
   64 | #define _POSIX_AIO_MAX          1
      |         ^~~~~~~~~~~~~~
/scratch2/agustin/zephyr-chipyard-sw/zephyr_ws/zephyr/include/zephyr/posix/posix_limits.h:25:9: warning: "_POSIX_ARG_MAX" redefined
   25 | #define _POSIX_ARG_MAX                      (4096)
      |         ^~~~~~~~~~~~~~
/scratch2/dima/zephyr-chipyard-sw-fresh/tools-manual/zephyr-sdk-1.0.0-beta1/gnu/riscv64-zephyr-elf/riscv64-zephyr-elf/sys-include/sys/syslimits.h:65:9: note: this is the location of the previous definition
   65 | #define _POSIX_ARG_MAX          4096
      |         ^~~~~~~~~~~~~~
/scratch2/agustin/zephyr-chipyard-sw/zephyr_ws/zephyr/include/zephyr/posix/posix_limits.h:26:9: warning: "_POSIX_CHILD_MAX" redefined
   26 | #define _POSIX_CHILD_MAX                    (25)
      |         ^~~~~~~~~~~~~~~~
/scratch2/dima/zephyr-chipyard-sw-fresh/tools-manual/zephyr-sdk-1.0.0-beta1/gnu/riscv64-zephyr-elf/riscv64-zephyr-elf/sys-include/sys/syslimits.h:66:9: note: this is the location of the previous definition
   66 | #define _POSIX_CHILD_MAX        6
      |         ^~~~~~~~~~~~~~~~
/scratch2/agustin/zephyr-chipyard-sw/zephyr_ws/zephyr/include/zephyr/posix/posix_limits.h:27:9: warning: "_POSIX_DELAYTIMER_MAX" redefined
   27 | #define _POSIX_DELAYTIMER_MAX               (32)
      |         ^~~~~~~~~~~~~~~~~~~~~
/scratch2/dima/zephyr-chipyard-sw-fresh/tools-manual/zephyr-sdk-1.0.0-beta1/gnu/riscv64-zephyr-elf/riscv64-zephyr-elf/sys-include/sys/syslimits.h:67:9: note: this is the location of the previous definition
   67 | #define _POSIX_DELAYTIMER_MAX   32
      |         ^~~~~~~~~~~~~~~~~~~~~
/scratch2/agustin/zephyr-chipyard-sw/zephyr_ws/zephyr/include/zephyr/posix/posix_limits.h:28:9: warning: "_POSIX_HOST_NAME_MAX" redefined
   28 | #define _POSIX_HOST_NAME_MAX                (255)
      |         ^~~~~~~~~~~~~~~~~~~~
/scratch2/dima/zephyr-chipyard-sw-fresh/tools-manual/zephyr-sdk-1.0.0-beta1/gnu/riscv64-zephyr-elf/riscv64-zephyr-elf/sys-include/sys/syslimits.h:68:9: note: this is the location of the previous definition
   68 | #define _POSIX_HOST_NAME_MAX    255
      |         ^~~~~~~~~~~~~~~~~~~~
/scratch2/agustin/zephyr-chipyard-sw/zephyr_ws/zephyr/include/zephyr/posix/posix_limits.h:29:9: warning: "_POSIX_LINK_MAX" redefined
   29 | #define _POSIX_LINK_MAX                     (8)
      |         ^~~~~~~~~~~~~~~
/scratch2/dima/zephyr-chipyard-sw-fresh/tools-manual/zephyr-sdk-1.0.0-beta1/gnu/riscv64-zephyr-elf/riscv64-zephyr-elf/sys-include/sys/syslimits.h:69:9: note: this is the location of the previous definition
   69 | #define _POSIX_LINK_MAX         8
      |         ^~~~~~~~~~~~~~~
/scratch2/agustin/zephyr-chipyard-sw/zephyr_ws/zephyr/include/zephyr/posix/posix_limits.h:30:9: warning: "_POSIX_LOGIN_NAME_MAX" redefined
   30 | #define _POSIX_LOGIN_NAME_MAX               (9)
      |         ^~~~~~~~~~~~~~~~~~~~~
/scratch2/dima/zephyr-chipyard-sw-fresh/tools-manual/zephyr-sdk-1.0.0-beta1/gnu/riscv64-zephyr-elf/riscv64-zephyr-elf/sys-include/sys/syslimits.h:70:9: note: this is the location of the previous definition
   70 | #define _POSIX_LOGIN_NAME_MAX   9
      |         ^~~~~~~~~~~~~~~~~~~~~
/scratch2/agustin/zephyr-chipyard-sw/zephyr_ws/zephyr/include/zephyr/posix/posix_limits.h:31:9: warning: "_POSIX_MAX_CANON" redefined
   31 | #define _POSIX_MAX_CANON                    (255)
      |         ^~~~~~~~~~~~~~~~
/scratch2/dima/zephyr-chipyard-sw-fresh/tools-manual/zephyr-sdk-1.0.0-beta1/gnu/riscv64-zephyr-elf/riscv64-zephyr-elf/sys-include/sys/syslimits.h:71:9: note: this is the location of the previous definition
   71 | #define _POSIX_MAX_CANON        255
      |         ^~~~~~~~~~~~~~~~
/scratch2/agustin/zephyr-chipyard-sw/zephyr_ws/zephyr/include/zephyr/posix/posix_limits.h:32:9: warning: "_POSIX_MAX_INPUT" redefined
   32 | #define _POSIX_MAX_INPUT                    (255)
      |         ^~~~~~~~~~~~~~~~
/scratch2/dima/zephyr-chipyard-sw-fresh/tools-manual/zephyr-sdk-1.0.0-beta1/gnu/riscv64-zephyr-elf/riscv64-zephyr-elf/sys-include/sys/syslimits.h:72:9: note: this is the location of the previous definition
   72 | #define _POSIX_MAX_INPUT        255
      |         ^~~~~~~~~~~~~~~~
/scratch2/agustin/zephyr-chipyard-sw/zephyr_ws/zephyr/include/zephyr/posix/posix_limits.h:33:9: warning: "_POSIX_MQ_OPEN_MAX" redefined
   33 | #define _POSIX_MQ_OPEN_MAX                  (8)
      |         ^~~~~~~~~~~~~~~~~~
/scratch2/dima/zephyr-chipyard-sw-fresh/tools-manual/zephyr-sdk-1.0.0-beta1/gnu/riscv64-zephyr-elf/riscv64-zephyr-elf/sys-include/sys/syslimits.h:73:9: note: this is the location of the previous definition
   73 | #define _POSIX_MQ_OPEN_MAX      8
      |         ^~~~~~~~~~~~~~~~~~
/scratch2/agustin/zephyr-chipyard-sw/zephyr_ws/zephyr/include/zephyr/posix/posix_limits.h:34:9: warning: "_POSIX_MQ_PRIO_MAX" redefined
   34 | #define _POSIX_MQ_PRIO_MAX                  (32)
      |         ^~~~~~~~~~~~~~~~~~
/scratch2/dima/zephyr-chipyard-sw-fresh/tools-manual/zephyr-sdk-1.0.0-beta1/gnu/riscv64-zephyr-elf/riscv64-zephyr-elf/sys-include/sys/syslimits.h:74:9: note: this is the location of the previous definition
   74 | #define _POSIX_MQ_PRIO_MAX      32
      |         ^~~~~~~~~~~~~~~~~~
/scratch2/agustin/zephyr-chipyard-sw/zephyr_ws/zephyr/include/zephyr/posix/posix_limits.h:35:9: warning: "_POSIX_NAME_MAX" redefined
   35 | #define _POSIX_NAME_MAX                     (14)
      |         ^~~~~~~~~~~~~~~
/scratch2/dima/zephyr-chipyard-sw-fresh/tools-manual/zephyr-sdk-1.0.0-beta1/gnu/riscv64-zephyr-elf/riscv64-zephyr-elf/sys-include/sys/syslimits.h:75:9: note: this is the location of the previous definition
   75 | #define _POSIX_NAME_MAX         14
      |         ^~~~~~~~~~~~~~~
/scratch2/agustin/zephyr-chipyard-sw/zephyr_ws/zephyr/include/zephyr/posix/posix_limits.h:36:9: warning: "_POSIX_NGROUPS_MAX" redefined
   36 | #define _POSIX_NGROUPS_MAX                  (8)
      |         ^~~~~~~~~~~~~~~~~~
/scratch2/dima/zephyr-chipyard-sw-fresh/tools-manual/zephyr-sdk-1.0.0-beta1/gnu/riscv64-zephyr-elf/riscv64-zephyr-elf/sys-include/sys/syslimits.h:76:9: note: this is the location of the previous definition
   76 | #define _POSIX_NGROUPS_MAX      0
      |         ^~~~~~~~~~~~~~~~~~
/scratch2/agustin/zephyr-chipyard-sw/zephyr_ws/zephyr/include/zephyr/posix/posix_limits.h:37:9: warning: "_POSIX_OPEN_MAX" redefined
   37 | #define _POSIX_OPEN_MAX                     (20)
      |         ^~~~~~~~~~~~~~~
/scratch2/dima/zephyr-chipyard-sw-fresh/tools-manual/zephyr-sdk-1.0.0-beta1/gnu/riscv64-zephyr-elf/riscv64-zephyr-elf/sys-include/sys/syslimits.h:77:9: note: this is the location of the previous definition
   77 | #define _POSIX_OPEN_MAX         16
      |         ^~~~~~~~~~~~~~~
/scratch2/agustin/zephyr-chipyard-sw/zephyr_ws/zephyr/include/zephyr/posix/posix_limits.h:38:9: warning: "_POSIX_PATH_MAX" redefined
   38 | #define _POSIX_PATH_MAX                     (256)
      |         ^~~~~~~~~~~~~~~
/scratch2/dima/zephyr-chipyard-sw-fresh/tools-manual/zephyr-sdk-1.0.0-beta1/gnu/riscv64-zephyr-elf/riscv64-zephyr-elf/sys-include/sys/syslimits.h:78:9: note: this is the location of the previous definition
   78 | #define _POSIX_PATH_MAX         255
      |         ^~~~~~~~~~~~~~~
/scratch2/agustin/zephyr-chipyard-sw/zephyr_ws/zephyr/include/zephyr/posix/posix_limits.h:39:9: warning: "_POSIX_PIPE_BUF" redefined
   39 | #define _POSIX_PIPE_BUF                     (512)
      |         ^~~~~~~~~~~~~~~
/scratch2/dima/zephyr-chipyard-sw-fresh/tools-manual/zephyr-sdk-1.0.0-beta1/gnu/riscv64-zephyr-elf/riscv64-zephyr-elf/sys-include/sys/syslimits.h:79:9: note: this is the location of the previous definition
   79 | #define _POSIX_PIPE_BUF         512
      |         ^~~~~~~~~~~~~~~
/scratch2/agustin/zephyr-chipyard-sw/zephyr_ws/zephyr/include/zephyr/posix/posix_limits.h:40:9: warning: "_POSIX_RE_DUP_MAX" redefined
   40 | #define _POSIX_RE_DUP_MAX                   (255)
      |         ^~~~~~~~~~~~~~~~~
/scratch2/dima/zephyr-chipyard-sw-fresh/tools-manual/zephyr-sdk-1.0.0-beta1/gnu/riscv64-zephyr-elf/riscv64-zephyr-elf/sys-include/sys/syslimits.h:80:9: note: this is the location of the previous definition
   80 | #define _POSIX_RE_DUP_MAX       255
      |         ^~~~~~~~~~~~~~~~~
/scratch2/agustin/zephyr-chipyard-sw/zephyr_ws/zephyr/include/zephyr/posix/posix_limits.h:41:9: warning: "_POSIX_RTSIG_MAX" redefined
   41 | #define _POSIX_RTSIG_MAX                    (8)
      |         ^~~~~~~~~~~~~~~~
/scratch2/dima/zephyr-chipyard-sw-fresh/tools-manual/zephyr-sdk-1.0.0-beta1/gnu/riscv64-zephyr-elf/riscv64-zephyr-elf/sys-include/sys/syslimits.h:81:9: note: this is the location of the previous definition
   81 | #define _POSIX_RTSIG_MAX        8
      |         ^~~~~~~~~~~~~~~~
/scratch2/agustin/zephyr-chipyard-sw/zephyr_ws/zephyr/include/zephyr/posix/posix_limits.h:42:9: warning: "_POSIX_SEM_NSEMS_MAX" redefined
   42 | #define _POSIX_SEM_NSEMS_MAX                (256)
      |         ^~~~~~~~~~~~~~~~~~~~
/scratch2/dima/zephyr-chipyard-sw-fresh/tools-manual/zephyr-sdk-1.0.0-beta1/gnu/riscv64-zephyr-elf/riscv64-zephyr-elf/sys-include/sys/syslimits.h:82:9: note: this is the location of the previous definition
   82 | #define _POSIX_SEM_NSEMS_MAX    256
      |         ^~~~~~~~~~~~~~~~~~~~
/scratch2/agustin/zephyr-chipyard-sw/zephyr_ws/zephyr/include/zephyr/posix/posix_limits.h:43:9: warning: "_POSIX_SEM_VALUE_MAX" redefined
   43 | #define _POSIX_SEM_VALUE_MAX                (32767)
      |         ^~~~~~~~~~~~~~~~~~~~
/scratch2/dima/zephyr-chipyard-sw-fresh/tools-manual/zephyr-sdk-1.0.0-beta1/gnu/riscv64-zephyr-elf/riscv64-zephyr-elf/sys-include/sys/syslimits.h:83:9: note: this is the location of the previous definition
   83 | #define _POSIX_SEM_VALUE_MAX    32767
      |         ^~~~~~~~~~~~~~~~~~~~
/scratch2/agustin/zephyr-chipyard-sw/zephyr_ws/zephyr/include/zephyr/posix/posix_limits.h:44:9: warning: "_POSIX_SIGQUEUE_MAX" redefined
   44 | #define _POSIX_SIGQUEUE_MAX                 (32)
      |         ^~~~~~~~~~~~~~~~~~~
/scratch2/dima/zephyr-chipyard-sw-fresh/tools-manual/zephyr-sdk-1.0.0-beta1/gnu/riscv64-zephyr-elf/riscv64-zephyr-elf/sys-include/sys/syslimits.h:84:9: note: this is the location of the previous definition
   84 | #define _POSIX_SIGQUEUE_MAX     32
      |         ^~~~~~~~~~~~~~~~~~~
/scratch2/agustin/zephyr-chipyard-sw/zephyr_ws/zephyr/include/zephyr/posix/posix_limits.h:45:9: warning: "_POSIX_SSIZE_MAX" redefined
   45 | #define _POSIX_SSIZE_MAX                    (32767)
      |         ^~~~~~~~~~~~~~~~
/scratch2/dima/zephyr-chipyard-sw-fresh/tools-manual/zephyr-sdk-1.0.0-beta1/gnu/riscv64-zephyr-elf/riscv64-zephyr-elf/sys-include/sys/syslimits.h:85:9: note: this is the location of the previous definition
   85 | #define _POSIX_SSIZE_MAX        32767
      |         ^~~~~~~~~~~~~~~~
/scratch2/agustin/zephyr-chipyard-sw/zephyr_ws/zephyr/include/zephyr/posix/posix_limits.h:46:9: warning: "_POSIX_SS_REPL_MAX" redefined
   46 | #define _POSIX_SS_REPL_MAX                  (4)
      |         ^~~~~~~~~~~~~~~~~~
/scratch2/dima/zephyr-chipyard-sw-fresh/tools-manual/zephyr-sdk-1.0.0-beta1/gnu/riscv64-zephyr-elf/riscv64-zephyr-elf/sys-include/sys/syslimits.h:86:9: note: this is the location of the previous definition
   86 | #define _POSIX_SS_REPL_MAX      4
      |         ^~~~~~~~~~~~~~~~~~
/scratch2/agustin/zephyr-chipyard-sw/zephyr_ws/zephyr/include/zephyr/posix/posix_limits.h:47:9: warning: "_POSIX_STREAM_MAX" redefined
   47 | #define _POSIX_STREAM_MAX                   (8)
      |         ^~~~~~~~~~~~~~~~~
/scratch2/dima/zephyr-chipyard-sw-fresh/tools-manual/zephyr-sdk-1.0.0-beta1/gnu/riscv64-zephyr-elf/riscv64-zephyr-elf/sys-include/sys/syslimits.h:87:9: note: this is the location of the previous definition
   87 | #define _POSIX_STREAM_MAX       8
      |         ^~~~~~~~~~~~~~~~~
/scratch2/agustin/zephyr-chipyard-sw/zephyr_ws/zephyr/include/zephyr/posix/posix_limits.h:48:9: warning: "_POSIX_SYMLINK_MAX" redefined
   48 | #define _POSIX_SYMLINK_MAX                  (255)
      |         ^~~~~~~~~~~~~~~~~~
/scratch2/dima/zephyr-chipyard-sw-fresh/tools-manual/zephyr-sdk-1.0.0-beta1/gnu/riscv64-zephyr-elf/riscv64-zephyr-elf/sys-include/sys/syslimits.h:88:9: note: this is the location of the previous definition
   88 | #define _POSIX_SYMLINK_MAX      255
      |         ^~~~~~~~~~~~~~~~~~
/scratch2/agustin/zephyr-chipyard-sw/zephyr_ws/zephyr/include/zephyr/posix/posix_limits.h:49:9: warning: "_POSIX_SYMLOOP_MAX" redefined
   49 | #define _POSIX_SYMLOOP_MAX                  (8)
      |         ^~~~~~~~~~~~~~~~~~
/scratch2/dima/zephyr-chipyard-sw-fresh/tools-manual/zephyr-sdk-1.0.0-beta1/gnu/riscv64-zephyr-elf/riscv64-zephyr-elf/sys-include/sys/syslimits.h:89:9: note: this is the location of the previous definition
   89 | #define _POSIX_SYMLOOP_MAX      8
      |         ^~~~~~~~~~~~~~~~~~
/scratch2/agustin/zephyr-chipyard-sw/zephyr_ws/zephyr/include/zephyr/posix/posix_limits.h:50:9: warning: "_POSIX_THREAD_DESTRUCTOR_ITERATIONS" redefined
   50 | #define _POSIX_THREAD_DESTRUCTOR_ITERATIONS (4)
      |         ^~~~~~~~~~~~~~~~~~~~~~~~~~~~~~~~~~~
/scratch2/dima/zephyr-chipyard-sw-fresh/tools-manual/zephyr-sdk-1.0.0-beta1/gnu/riscv64-zephyr-elf/riscv64-zephyr-elf/sys-include/sys/syslimits.h:90:9: note: this is the location of the previous definition
   90 | #define _POSIX_THREAD_DESTRUCTOR_ITERATIONS     4
      |         ^~~~~~~~~~~~~~~~~~~~~~~~~~~~~~~~~~~
/scratch2/agustin/zephyr-chipyard-sw/zephyr_ws/zephyr/include/zephyr/posix/posix_limits.h:51:9: warning: "_POSIX_THREAD_KEYS_MAX" redefined
   51 | #define _POSIX_THREAD_KEYS_MAX              (128)
      |         ^~~~~~~~~~~~~~~~~~~~~~
/scratch2/dima/zephyr-chipyard-sw-fresh/tools-manual/zephyr-sdk-1.0.0-beta1/gnu/riscv64-zephyr-elf/riscv64-zephyr-elf/sys-include/sys/syslimits.h:91:9: note: this is the location of the previous definition
   91 | #define _POSIX_THREAD_KEYS_MAX  128
      |         ^~~~~~~~~~~~~~~~~~~~~~
/scratch2/agustin/zephyr-chipyard-sw/zephyr_ws/zephyr/include/zephyr/posix/posix_limits.h:52:9: warning: "_POSIX_THREAD_THREADS_MAX" redefined
   52 | #define _POSIX_THREAD_THREADS_MAX           (64)
      |         ^~~~~~~~~~~~~~~~~~~~~~~~~
/scratch2/dima/zephyr-chipyard-sw-fresh/tools-manual/zephyr-sdk-1.0.0-beta1/gnu/riscv64-zephyr-elf/riscv64-zephyr-elf/sys-include/sys/syslimits.h:92:9: note: this is the location of the previous definition
   92 | #define _POSIX_THREAD_THREADS_MAX       64
      |         ^~~~~~~~~~~~~~~~~~~~~~~~~
/scratch2/agustin/zephyr-chipyard-sw/zephyr_ws/zephyr/include/zephyr/posix/posix_limits.h:53:9: warning: "_POSIX_TIMER_MAX" redefined
   53 | #define _POSIX_TIMER_MAX                    (32)
      |         ^~~~~~~~~~~~~~~~
/scratch2/dima/zephyr-chipyard-sw-fresh/tools-manual/zephyr-sdk-1.0.0-beta1/gnu/riscv64-zephyr-elf/riscv64-zephyr-elf/sys-include/sys/syslimits.h:93:9: note: this is the location of the previous definition
   93 | #define _POSIX_TIMER_MAX        32
      |         ^~~~~~~~~~~~~~~~
/scratch2/agustin/zephyr-chipyard-sw/zephyr_ws/zephyr/include/zephyr/posix/posix_limits.h:54:9: warning: "_POSIX_TRACE_EVENT_NAME_MAX" redefined
   54 | #define _POSIX_TRACE_EVENT_NAME_MAX         (30)
      |         ^~~~~~~~~~~~~~~~~~~~~~~~~~~
/scratch2/dima/zephyr-chipyard-sw-fresh/tools-manual/zephyr-sdk-1.0.0-beta1/gnu/riscv64-zephyr-elf/riscv64-zephyr-elf/sys-include/sys/syslimits.h:94:9: note: this is the location of the previous definition
   94 | #define _POSIX_TRACE_EVENT_NAME_MAX     30
      |         ^~~~~~~~~~~~~~~~~~~~~~~~~~~
/scratch2/agustin/zephyr-chipyard-sw/zephyr_ws/zephyr/include/zephyr/posix/posix_limits.h:55:9: warning: "_POSIX_TRACE_NAME_MAX" redefined
   55 | #define _POSIX_TRACE_NAME_MAX               (8)
      |         ^~~~~~~~~~~~~~~~~~~~~
/scratch2/dima/zephyr-chipyard-sw-fresh/tools-manual/zephyr-sdk-1.0.0-beta1/gnu/riscv64-zephyr-elf/riscv64-zephyr-elf/sys-include/sys/syslimits.h:95:9: note: this is the location of the previous definition
   95 | #define _POSIX_TRACE_NAME_MAX   8
      |         ^~~~~~~~~~~~~~~~~~~~~
/scratch2/agustin/zephyr-chipyard-sw/zephyr_ws/zephyr/include/zephyr/posix/posix_limits.h:56:9: warning: "_POSIX_TRACE_SYS_MAX" redefined
   56 | #define _POSIX_TRACE_SYS_MAX                (8)
      |         ^~~~~~~~~~~~~~~~~~~~
/scratch2/dima/zephyr-chipyard-sw-fresh/tools-manual/zephyr-sdk-1.0.0-beta1/gnu/riscv64-zephyr-elf/riscv64-zephyr-elf/sys-include/sys/syslimits.h:96:9: note: this is the location of the previous definition
   96 | #define _POSIX_TRACE_SYS_MAX    8
      |         ^~~~~~~~~~~~~~~~~~~~
/scratch2/agustin/zephyr-chipyard-sw/zephyr_ws/zephyr/include/zephyr/posix/posix_limits.h:57:9: warning: "_POSIX_TRACE_USER_EVENT_MAX" redefined
   57 | #define _POSIX_TRACE_USER_EVENT_MAX         (32)
      |         ^~~~~~~~~~~~~~~~~~~~~~~~~~~
/scratch2/dima/zephyr-chipyard-sw-fresh/tools-manual/zephyr-sdk-1.0.0-beta1/gnu/riscv64-zephyr-elf/riscv64-zephyr-elf/sys-include/sys/syslimits.h:97:9: note: this is the location of the previous definition
   97 | #define _POSIX_TRACE_USER_EVENT_MAX     32
      |         ^~~~~~~~~~~~~~~~~~~~~~~~~~~
/scratch2/agustin/zephyr-chipyard-sw/zephyr_ws/zephyr/include/zephyr/posix/posix_limits.h:58:9: warning: "_POSIX_TTY_NAME_MAX" redefined
   58 | #define _POSIX_TTY_NAME_MAX                 (9)
      |         ^~~~~~~~~~~~~~~~~~~
/scratch2/dima/zephyr-chipyard-sw-fresh/tools-manual/zephyr-sdk-1.0.0-beta1/gnu/riscv64-zephyr-elf/riscv64-zephyr-elf/sys-include/sys/syslimits.h:98:9: note: this is the location of the previous definition
   98 | #define _POSIX_TTY_NAME_MAX     9
      |         ^~~~~~~~~~~~~~~~~~~
/scratch2/agustin/zephyr-chipyard-sw/zephyr_ws/zephyr/include/zephyr/posix/posix_limits.h:59:9: warning: "_POSIX_TZNAME_MAX" redefined
   59 | #define _POSIX_TZNAME_MAX                   (6)
      |         ^~~~~~~~~~~~~~~~~
/scratch2/dima/zephyr-chipyard-sw-fresh/tools-manual/zephyr-sdk-1.0.0-beta1/gnu/riscv64-zephyr-elf/riscv64-zephyr-elf/sys-include/sys/syslimits.h:99:9: note: this is the location of the previous definition
   99 | #define _POSIX_TZNAME_MAX       3
      |         ^~~~~~~~~~~~~~~~~
/scratch2/agustin/zephyr-chipyard-sw/zephyr_ws/zephyr/include/zephyr/posix/posix_limits.h:60:9: warning: "_POSIX2_BC_BASE_MAX" redefined
   60 | #define _POSIX2_BC_BASE_MAX                 (99)
      |         ^~~~~~~~~~~~~~~~~~~
/scratch2/dima/zephyr-chipyard-sw-fresh/tools-manual/zephyr-sdk-1.0.0-beta1/gnu/riscv64-zephyr-elf/riscv64-zephyr-elf/sys-include/sys/syslimits.h:100:9: note: this is the location of the previous definition
  100 | #define _POSIX2_BC_BASE_MAX     99
      |         ^~~~~~~~~~~~~~~~~~~
/scratch2/agustin/zephyr-chipyard-sw/zephyr_ws/zephyr/include/zephyr/posix/posix_limits.h:61:9: warning: "_POSIX2_BC_DIM_MAX" redefined
   61 | #define _POSIX2_BC_DIM_MAX                  (2048)
      |         ^~~~~~~~~~~~~~~~~~
/scratch2/dima/zephyr-chipyard-sw-fresh/tools-manual/zephyr-sdk-1.0.0-beta1/gnu/riscv64-zephyr-elf/riscv64-zephyr-elf/sys-include/sys/syslimits.h:101:9: note: this is the location of the previous definition
  101 | #define _POSIX2_BC_DIM_MAX      2048
      |         ^~~~~~~~~~~~~~~~~~
/scratch2/agustin/zephyr-chipyard-sw/zephyr_ws/zephyr/include/zephyr/posix/posix_limits.h:62:9: warning: "_POSIX2_BC_SCALE_MAX" redefined
   62 | #define _POSIX2_BC_SCALE_MAX                (99)
      |         ^~~~~~~~~~~~~~~~~~~~
/scratch2/dima/zephyr-chipyard-sw-fresh/tools-manual/zephyr-sdk-1.0.0-beta1/gnu/riscv64-zephyr-elf/riscv64-zephyr-elf/sys-include/sys/syslimits.h:102:9: note: this is the location of the previous definition
  102 | #define _POSIX2_BC_SCALE_MAX    99
      |         ^~~~~~~~~~~~~~~~~~~~
/scratch2/agustin/zephyr-chipyard-sw/zephyr_ws/zephyr/include/zephyr/posix/posix_limits.h:63:9: warning: "_POSIX2_BC_STRING_MAX" redefined
   63 | #define _POSIX2_BC_STRING_MAX               (1000)
      |         ^~~~~~~~~~~~~~~~~~~~~
/scratch2/dima/zephyr-chipyard-sw-fresh/tools-manual/zephyr-sdk-1.0.0-beta1/gnu/riscv64-zephyr-elf/riscv64-zephyr-elf/sys-include/sys/syslimits.h:103:9: note: this is the location of the previous definition
  103 | #define _POSIX2_BC_STRING_MAX   1000
      |         ^~~~~~~~~~~~~~~~~~~~~
/scratch2/agustin/zephyr-chipyard-sw/zephyr_ws/zephyr/include/zephyr/posix/posix_limits.h:64:9: warning: "_POSIX2_CHARCLASS_NAME_MAX" redefined
   64 | #define _POSIX2_CHARCLASS_NAME_MAX          (14)
      |         ^~~~~~~~~~~~~~~~~~~~~~~~~~
/scratch2/dima/zephyr-chipyard-sw-fresh/tools-manual/zephyr-sdk-1.0.0-beta1/gnu/riscv64-zephyr-elf/riscv64-zephyr-elf/sys-include/sys/syslimits.h:104:9: note: this is the location of the previous definition
  104 | #define _POSIX2_CHARCLASS_NAME_MAX      14
      |         ^~~~~~~~~~~~~~~~~~~~~~~~~~
/scratch2/agustin/zephyr-chipyard-sw/zephyr_ws/zephyr/include/zephyr/posix/posix_limits.h:65:9: warning: "_POSIX2_COLL_WEIGHTS_MAX" redefined
   65 | #define _POSIX2_COLL_WEIGHTS_MAX            (2)
      |         ^~~~~~~~~~~~~~~~~~~~~~~~
/scratch2/dima/zephyr-chipyard-sw-fresh/tools-manual/zephyr-sdk-1.0.0-beta1/gnu/riscv64-zephyr-elf/riscv64-zephyr-elf/sys-include/sys/syslimits.h:105:9: note: this is the location of the previous definition
  105 | #define _POSIX2_COLL_WEIGHTS_MAX        2
      |         ^~~~~~~~~~~~~~~~~~~~~~~~
/scratch2/agustin/zephyr-chipyard-sw/zephyr_ws/zephyr/include/zephyr/posix/posix_limits.h:66:9: warning: "_POSIX2_EXPR_NEST_MAX" redefined
   66 | #define _POSIX2_EXPR_NEST_MAX               (32)
      |         ^~~~~~~~~~~~~~~~~~~~~
/scratch2/dima/zephyr-chipyard-sw-fresh/tools-manual/zephyr-sdk-1.0.0-beta1/gnu/riscv64-zephyr-elf/riscv64-zephyr-elf/sys-include/sys/syslimits.h:106:9: note: this is the location of the previous definition
  106 | #define _POSIX2_EXPR_NEST_MAX   32
      |         ^~~~~~~~~~~~~~~~~~~~~
/scratch2/agustin/zephyr-chipyard-sw/zephyr_ws/zephyr/include/zephyr/posix/posix_limits.h:67:9: warning: "_POSIX2_LINE_MAX" redefined
   67 | #define _POSIX2_LINE_MAX                    (2048)
      |         ^~~~~~~~~~~~~~~~
/scratch2/dima/zephyr-chipyard-sw-fresh/tools-manual/zephyr-sdk-1.0.0-beta1/gnu/riscv64-zephyr-elf/riscv64-zephyr-elf/sys-include/sys/syslimits.h:107:9: note: this is the location of the previous definition
  107 | #define _POSIX2_LINE_MAX        2048
      |         ^~~~~~~~~~~~~~~~
/scratch2/agustin/zephyr-chipyard-sw/zephyr_ws/zephyr/include/zephyr/posix/posix_limits.h:83:9: warning: "ARG_MAX" redefined
   83 | #define ARG_MAX                       _POSIX_ARG_MAX
      |         ^~~~~~~
/scratch2/dima/zephyr-chipyard-sw-fresh/tools-manual/zephyr-sdk-1.0.0-beta1/gnu/riscv64-zephyr-elf/riscv64-zephyr-elf/sys-include/sys/syslimits.h:41:9: note: this is the location of the previous definition
   41 | #define ARG_MAX                 65536   /* max bytes for an exec function */
      |         ^~~~~~~
/scratch2/agustin/zephyr-chipyard-sw/zephyr_ws/zephyr/include/zephyr/posix/posix_limits.h:84:9: warning: "ATEXIT_MAX" redefined
   84 | #define ATEXIT_MAX                    (32)
      |         ^~~~~~~~~~
/scratch2/dima/zephyr-chipyard-sw-fresh/tools-manual/zephyr-sdk-1.0.0-beta1/gnu/riscv64-zephyr-elf/riscv64-zephyr-elf/sys-include/sys/syslimits.h:42:9: note: this is the location of the previous definition
   42 | #define ATEXIT_MAX                 32   /* max atexit functions */
      |         ^~~~~~~~~~
/scratch2/agustin/zephyr-chipyard-sw/zephyr_ws/zephyr/include/zephyr/posix/posix_limits.h:93:9: warning: "OPEN_MAX" redefined
   93 | #define OPEN_MAX                      CONFIG_POSIX_OPEN_MAX
      |         ^~~~~~~~
/scratch2/dima/zephyr-chipyard-sw-fresh/tools-manual/zephyr-sdk-1.0.0-beta1/gnu/riscv64-zephyr-elf/riscv64-zephyr-elf/sys-include/sys/syslimits.h:45:9: note: this is the location of the previous definition
   45 | #define OPEN_MAX                   64   /* max open files per process */
      |         ^~~~~~~~
/scratch2/agustin/zephyr-chipyard-sw/zephyr_ws/zephyr/include/zephyr/posix/posix_limits.h:96:9: warning: "PATH_MAX" redefined
   96 | #define PATH_MAX                      _POSIX_PATH_MAX
      |         ^~~~~~~~
/scratch2/dima/zephyr-chipyard-sw-fresh/tools-manual/zephyr-sdk-1.0.0-beta1/gnu/riscv64-zephyr-elf/riscv64-zephyr-elf/sys-include/sys/syslimits.h:53:9: note: this is the location of the previous definition
   53 | #define PATH_MAX                 1024   /* max bytes in pathname */
      |         ^~~~~~~~
/scratch2/agustin/zephyr-chipyard-sw/zephyr_ws/zephyr/include/zephyr/posix/posix_limits.h:114:9: warning: "TZNAME_MAX" redefined
  114 | #define TZNAME_MAX                    _POSIX_TZNAME_MAX
      |         ^~~~~~~~~~
/scratch2/dima/zephyr-chipyard-sw-fresh/tools-manual/zephyr-sdk-1.0.0-beta1/gnu/riscv64-zephyr-elf/riscv64-zephyr-elf/sys-include/sys/syslimits.h:46:9: note: this is the location of the previous definition
   46 | #define TZNAME_MAX                 10   /* max time zone name length */
      |         ^~~~~~~~~~
[89/202] Building C object zephyr/lib/posix/c_lib_ext/CMakeFiles/lib__posix__c_lib_ext.dir/getentropy.c.obj
In file included from /scratch2/agustin/zephyr-chipyard-sw/zephyr_ws/zephyr/include/zephyr/posix/sys/sysconf.h:11,
                 from /scratch2/agustin/zephyr-chipyard-sw/zephyr_ws/zephyr/include/zephyr/posix/unistd.h:18,
                 from /scratch2/agustin/zephyr-chipyard-sw/zephyr_ws/zephyr/lib/posix/c_lib_ext/getentropy.c:11:
/scratch2/agustin/zephyr-chipyard-sw/zephyr_ws/zephyr/include/zephyr/posix/posix_limits.h:23:9: warning: "_POSIX_AIO_LISTIO_MAX" redefined
   23 | #define _POSIX_AIO_LISTIO_MAX               (2)
      |         ^~~~~~~~~~~~~~~~~~~~~
In file included from /scratch2/dima/zephyr-chipyard-sw-fresh/tools-manual/zephyr-sdk-1.0.0-beta1/gnu/riscv64-zephyr-elf/riscv64-zephyr-elf/sys-include/limits.h:6,
                 from /scratch2/dima/zephyr-chipyard-sw-fresh/tools-manual/zephyr-sdk-1.0.0-beta1/gnu/riscv64-zephyr-elf/lib/gcc/riscv64-zephyr-elf/14.3.0/include/limits.h:210,
                 from /scratch2/dima/zephyr-chipyard-sw-fresh/tools-manual/zephyr-sdk-1.0.0-beta1/gnu/riscv64-zephyr-elf/lib/gcc/riscv64-zephyr-elf/14.3.0/include/syslimits.h:7,
                 from /scratch2/dima/zephyr-chipyard-sw-fresh/tools-manual/zephyr-sdk-1.0.0-beta1/gnu/riscv64-zephyr-elf/lib/gcc/riscv64-zephyr-elf/14.3.0/include/limits.h:34,
                 from /scratch2/agustin/zephyr-chipyard-sw/zephyr_ws/zephyr/include/zephyr/kernel_includes.h:22,
                 from /scratch2/agustin/zephyr-chipyard-sw/zephyr_ws/zephyr/include/zephyr/kernel.h:17,
                 from /scratch2/agustin/zephyr-chipyard-sw/zephyr_ws/zephyr/lib/posix/c_lib_ext/getentropy.c:10:
/scratch2/dima/zephyr-chipyard-sw-fresh/tools-manual/zephyr-sdk-1.0.0-beta1/gnu/riscv64-zephyr-elf/riscv64-zephyr-elf/sys-include/sys/syslimits.h:63:9: note: this is the location of the previous definition
   63 | #define _POSIX_AIO_LISTIO_MAX   2
      |         ^~~~~~~~~~~~~~~~~~~~~
/scratch2/agustin/zephyr-chipyard-sw/zephyr_ws/zephyr/include/zephyr/posix/posix_limits.h:24:9: warning: "_POSIX_AIO_MAX" redefined
   24 | #define _POSIX_AIO_MAX                      (1)
      |         ^~~~~~~~~~~~~~
/scratch2/dima/zephyr-chipyard-sw-fresh/tools-manual/zephyr-sdk-1.0.0-beta1/gnu/riscv64-zephyr-elf/riscv64-zephyr-elf/sys-include/sys/syslimits.h:64:9: note: this is the location of the previous definition
   64 | #define _POSIX_AIO_MAX          1
      |         ^~~~~~~~~~~~~~
/scratch2/agustin/zephyr-chipyard-sw/zephyr_ws/zephyr/include/zephyr/posix/posix_limits.h:25:9: warning: "_POSIX_ARG_MAX" redefined
   25 | #define _POSIX_ARG_MAX                      (4096)
      |         ^~~~~~~~~~~~~~
/scratch2/dima/zephyr-chipyard-sw-fresh/tools-manual/zephyr-sdk-1.0.0-beta1/gnu/riscv64-zephyr-elf/riscv64-zephyr-elf/sys-include/sys/syslimits.h:65:9: note: this is the location of the previous definition
   65 | #define _POSIX_ARG_MAX          4096
      |         ^~~~~~~~~~~~~~
/scratch2/agustin/zephyr-chipyard-sw/zephyr_ws/zephyr/include/zephyr/posix/posix_limits.h:26:9: warning: "_POSIX_CHILD_MAX" redefined
   26 | #define _POSIX_CHILD_MAX                    (25)
      |         ^~~~~~~~~~~~~~~~
/scratch2/dima/zephyr-chipyard-sw-fresh/tools-manual/zephyr-sdk-1.0.0-beta1/gnu/riscv64-zephyr-elf/riscv64-zephyr-elf/sys-include/sys/syslimits.h:66:9: note: this is the location of the previous definition
   66 | #define _POSIX_CHILD_MAX        6
      |         ^~~~~~~~~~~~~~~~
/scratch2/agustin/zephyr-chipyard-sw/zephyr_ws/zephyr/include/zephyr/posix/posix_limits.h:27:9: warning: "_POSIX_DELAYTIMER_MAX" redefined
   27 | #define _POSIX_DELAYTIMER_MAX               (32)
      |         ^~~~~~~~~~~~~~~~~~~~~
/scratch2/dima/zephyr-chipyard-sw-fresh/tools-manual/zephyr-sdk-1.0.0-beta1/gnu/riscv64-zephyr-elf/riscv64-zephyr-elf/sys-include/sys/syslimits.h:67:9: note: this is the location of the previous definition
   67 | #define _POSIX_DELAYTIMER_MAX   32
      |         ^~~~~~~~~~~~~~~~~~~~~
/scratch2/agustin/zephyr-chipyard-sw/zephyr_ws/zephyr/include/zephyr/posix/posix_limits.h:28:9: warning: "_POSIX_HOST_NAME_MAX" redefined
   28 | #define _POSIX_HOST_NAME_MAX                (255)
      |         ^~~~~~~~~~~~~~~~~~~~
/scratch2/dima/zephyr-chipyard-sw-fresh/tools-manual/zephyr-sdk-1.0.0-beta1/gnu/riscv64-zephyr-elf/riscv64-zephyr-elf/sys-include/sys/syslimits.h:68:9: note: this is the location of the previous definition
   68 | #define _POSIX_HOST_NAME_MAX    255
      |         ^~~~~~~~~~~~~~~~~~~~
/scratch2/agustin/zephyr-chipyard-sw/zephyr_ws/zephyr/include/zephyr/posix/posix_limits.h:29:9: warning: "_POSIX_LINK_MAX" redefined
   29 | #define _POSIX_LINK_MAX                     (8)
      |         ^~~~~~~~~~~~~~~
/scratch2/dima/zephyr-chipyard-sw-fresh/tools-manual/zephyr-sdk-1.0.0-beta1/gnu/riscv64-zephyr-elf/riscv64-zephyr-elf/sys-include/sys/syslimits.h:69:9: note: this is the location of the previous definition
   69 | #define _POSIX_LINK_MAX         8
      |         ^~~~~~~~~~~~~~~
/scratch2/agustin/zephyr-chipyard-sw/zephyr_ws/zephyr/include/zephyr/posix/posix_limits.h:30:9: warning: "_POSIX_LOGIN_NAME_MAX" redefined
   30 | #define _POSIX_LOGIN_NAME_MAX               (9)
      |         ^~~~~~~~~~~~~~~~~~~~~
/scratch2/dima/zephyr-chipyard-sw-fresh/tools-manual/zephyr-sdk-1.0.0-beta1/gnu/riscv64-zephyr-elf/riscv64-zephyr-elf/sys-include/sys/syslimits.h:70:9: note: this is the location of the previous definition
   70 | #define _POSIX_LOGIN_NAME_MAX   9
      |         ^~~~~~~~~~~~~~~~~~~~~
/scratch2/agustin/zephyr-chipyard-sw/zephyr_ws/zephyr/include/zephyr/posix/posix_limits.h:31:9: warning: "_POSIX_MAX_CANON" redefined
   31 | #define _POSIX_MAX_CANON                    (255)
      |         ^~~~~~~~~~~~~~~~
/scratch2/dima/zephyr-chipyard-sw-fresh/tools-manual/zephyr-sdk-1.0.0-beta1/gnu/riscv64-zephyr-elf/riscv64-zephyr-elf/sys-include/sys/syslimits.h:71:9: note: this is the location of the previous definition
   71 | #define _POSIX_MAX_CANON        255
      |         ^~~~~~~~~~~~~~~~
/scratch2/agustin/zephyr-chipyard-sw/zephyr_ws/zephyr/include/zephyr/posix/posix_limits.h:32:9: warning: "_POSIX_MAX_INPUT" redefined
   32 | #define _POSIX_MAX_INPUT                    (255)
      |         ^~~~~~~~~~~~~~~~
/scratch2/dima/zephyr-chipyard-sw-fresh/tools-manual/zephyr-sdk-1.0.0-beta1/gnu/riscv64-zephyr-elf/riscv64-zephyr-elf/sys-include/sys/syslimits.h:72:9: note: this is the location of the previous definition
   72 | #define _POSIX_MAX_INPUT        255
      |         ^~~~~~~~~~~~~~~~
/scratch2/agustin/zephyr-chipyard-sw/zephyr_ws/zephyr/include/zephyr/posix/posix_limits.h:33:9: warning: "_POSIX_MQ_OPEN_MAX" redefined
   33 | #define _POSIX_MQ_OPEN_MAX                  (8)
      |         ^~~~~~~~~~~~~~~~~~
/scratch2/dima/zephyr-chipyard-sw-fresh/tools-manual/zephyr-sdk-1.0.0-beta1/gnu/riscv64-zephyr-elf/riscv64-zephyr-elf/sys-include/sys/syslimits.h:73:9: note: this is the location of the previous definition
   73 | #define _POSIX_MQ_OPEN_MAX      8
      |         ^~~~~~~~~~~~~~~~~~
/scratch2/agustin/zephyr-chipyard-sw/zephyr_ws/zephyr/include/zephyr/posix/posix_limits.h:34:9: warning: "_POSIX_MQ_PRIO_MAX" redefined
   34 | #define _POSIX_MQ_PRIO_MAX                  (32)
      |         ^~~~~~~~~~~~~~~~~~
/scratch2/dima/zephyr-chipyard-sw-fresh/tools-manual/zephyr-sdk-1.0.0-beta1/gnu/riscv64-zephyr-elf/riscv64-zephyr-elf/sys-include/sys/syslimits.h:74:9: note: this is the location of the previous definition
   74 | #define _POSIX_MQ_PRIO_MAX      32
      |         ^~~~~~~~~~~~~~~~~~
/scratch2/agustin/zephyr-chipyard-sw/zephyr_ws/zephyr/include/zephyr/posix/posix_limits.h:35:9: warning: "_POSIX_NAME_MAX" redefined
   35 | #define _POSIX_NAME_MAX                     (14)
      |         ^~~~~~~~~~~~~~~
/scratch2/dima/zephyr-chipyard-sw-fresh/tools-manual/zephyr-sdk-1.0.0-beta1/gnu/riscv64-zephyr-elf/riscv64-zephyr-elf/sys-include/sys/syslimits.h:75:9: note: this is the location of the previous definition
   75 | #define _POSIX_NAME_MAX         14
      |         ^~~~~~~~~~~~~~~
/scratch2/agustin/zephyr-chipyard-sw/zephyr_ws/zephyr/include/zephyr/posix/posix_limits.h:36:9: warning: "_POSIX_NGROUPS_MAX" redefined
   36 | #define _POSIX_NGROUPS_MAX                  (8)
      |         ^~~~~~~~~~~~~~~~~~
/scratch2/dima/zephyr-chipyard-sw-fresh/tools-manual/zephyr-sdk-1.0.0-beta1/gnu/riscv64-zephyr-elf/riscv64-zephyr-elf/sys-include/sys/syslimits.h:76:9: note: this is the location of the previous definition
   76 | #define _POSIX_NGROUPS_MAX      0
      |         ^~~~~~~~~~~~~~~~~~
/scratch2/agustin/zephyr-chipyard-sw/zephyr_ws/zephyr/include/zephyr/posix/posix_limits.h:37:9: warning: "_POSIX_OPEN_MAX" redefined
   37 | #define _POSIX_OPEN_MAX                     (20)
      |         ^~~~~~~~~~~~~~~
/scratch2/dima/zephyr-chipyard-sw-fresh/tools-manual/zephyr-sdk-1.0.0-beta1/gnu/riscv64-zephyr-elf/riscv64-zephyr-elf/sys-include/sys/syslimits.h:77:9: note: this is the location of the previous definition
   77 | #define _POSIX_OPEN_MAX         16
      |         ^~~~~~~~~~~~~~~
/scratch2/agustin/zephyr-chipyard-sw/zephyr_ws/zephyr/include/zephyr/posix/posix_limits.h:38:9: warning: "_POSIX_PATH_MAX" redefined
   38 | #define _POSIX_PATH_MAX                     (256)
      |         ^~~~~~~~~~~~~~~
/scratch2/dima/zephyr-chipyard-sw-fresh/tools-manual/zephyr-sdk-1.0.0-beta1/gnu/riscv64-zephyr-elf/riscv64-zephyr-elf/sys-include/sys/syslimits.h:78:9: note: this is the location of the previous definition
   78 | #define _POSIX_PATH_MAX         255
      |         ^~~~~~~~~~~~~~~
/scratch2/agustin/zephyr-chipyard-sw/zephyr_ws/zephyr/include/zephyr/posix/posix_limits.h:39:9: warning: "_POSIX_PIPE_BUF" redefined
   39 | #define _POSIX_PIPE_BUF                     (512)
      |         ^~~~~~~~~~~~~~~
/scratch2/dima/zephyr-chipyard-sw-fresh/tools-manual/zephyr-sdk-1.0.0-beta1/gnu/riscv64-zephyr-elf/riscv64-zephyr-elf/sys-include/sys/syslimits.h:79:9: note: this is the location of the previous definition
   79 | #define _POSIX_PIPE_BUF         512
      |         ^~~~~~~~~~~~~~~
/scratch2/agustin/zephyr-chipyard-sw/zephyr_ws/zephyr/include/zephyr/posix/posix_limits.h:40:9: warning: "_POSIX_RE_DUP_MAX" redefined
   40 | #define _POSIX_RE_DUP_MAX                   (255)
      |         ^~~~~~~~~~~~~~~~~
/scratch2/dima/zephyr-chipyard-sw-fresh/tools-manual/zephyr-sdk-1.0.0-beta1/gnu/riscv64-zephyr-elf/riscv64-zephyr-elf/sys-include/sys/syslimits.h:80:9: note: this is the location of the previous definition
   80 | #define _POSIX_RE_DUP_MAX       255
      |         ^~~~~~~~~~~~~~~~~
/scratch2/agustin/zephyr-chipyard-sw/zephyr_ws/zephyr/include/zephyr/posix/posix_limits.h:41:9: warning: "_POSIX_RTSIG_MAX" redefined
   41 | #define _POSIX_RTSIG_MAX                    (8)
      |         ^~~~~~~~~~~~~~~~
/scratch2/dima/zephyr-chipyard-sw-fresh/tools-manual/zephyr-sdk-1.0.0-beta1/gnu/riscv64-zephyr-elf/riscv64-zephyr-elf/sys-include/sys/syslimits.h:81:9: note: this is the location of the previous definition
   81 | #define _POSIX_RTSIG_MAX        8
      |         ^~~~~~~~~~~~~~~~
/scratch2/agustin/zephyr-chipyard-sw/zephyr_ws/zephyr/include/zephyr/posix/posix_limits.h:42:9: warning: "_POSIX_SEM_NSEMS_MAX" redefined
   42 | #define _POSIX_SEM_NSEMS_MAX                (256)
      |         ^~~~~~~~~~~~~~~~~~~~
/scratch2/dima/zephyr-chipyard-sw-fresh/tools-manual/zephyr-sdk-1.0.0-beta1/gnu/riscv64-zephyr-elf/riscv64-zephyr-elf/sys-include/sys/syslimits.h:82:9: note: this is the location of the previous definition
   82 | #define _POSIX_SEM_NSEMS_MAX    256
      |         ^~~~~~~~~~~~~~~~~~~~
/scratch2/agustin/zephyr-chipyard-sw/zephyr_ws/zephyr/include/zephyr/posix/posix_limits.h:43:9: warning: "_POSIX_SEM_VALUE_MAX" redefined
   43 | #define _POSIX_SEM_VALUE_MAX                (32767)
      |         ^~~~~~~~~~~~~~~~~~~~
/scratch2/dima/zephyr-chipyard-sw-fresh/tools-manual/zephyr-sdk-1.0.0-beta1/gnu/riscv64-zephyr-elf/riscv64-zephyr-elf/sys-include/sys/syslimits.h:83:9: note: this is the location of the previous definition
   83 | #define _POSIX_SEM_VALUE_MAX    32767
      |         ^~~~~~~~~~~~~~~~~~~~
/scratch2/agustin/zephyr-chipyard-sw/zephyr_ws/zephyr/include/zephyr/posix/posix_limits.h:44:9: warning: "_POSIX_SIGQUEUE_MAX" redefined
   44 | #define _POSIX_SIGQUEUE_MAX                 (32)
      |         ^~~~~~~~~~~~~~~~~~~
/scratch2/dima/zephyr-chipyard-sw-fresh/tools-manual/zephyr-sdk-1.0.0-beta1/gnu/riscv64-zephyr-elf/riscv64-zephyr-elf/sys-include/sys/syslimits.h:84:9: note: this is the location of the previous definition
   84 | #define _POSIX_SIGQUEUE_MAX     32
      |         ^~~~~~~~~~~~~~~~~~~
/scratch2/agustin/zephyr-chipyard-sw/zephyr_ws/zephyr/include/zephyr/posix/posix_limits.h:45:9: warning: "_POSIX_SSIZE_MAX" redefined
   45 | #define _POSIX_SSIZE_MAX                    (32767)
      |         ^~~~~~~~~~~~~~~~
/scratch2/dima/zephyr-chipyard-sw-fresh/tools-manual/zephyr-sdk-1.0.0-beta1/gnu/riscv64-zephyr-elf/riscv64-zephyr-elf/sys-include/sys/syslimits.h:85:9: note: this is the location of the previous definition
   85 | #define _POSIX_SSIZE_MAX        32767
      |         ^~~~~~~~~~~~~~~~
/scratch2/agustin/zephyr-chipyard-sw/zephyr_ws/zephyr/include/zephyr/posix/posix_limits.h:46:9: warning: "_POSIX_SS_REPL_MAX" redefined
   46 | #define _POSIX_SS_REPL_MAX                  (4)
      |         ^~~~~~~~~~~~~~~~~~
/scratch2/dima/zephyr-chipyard-sw-fresh/tools-manual/zephyr-sdk-1.0.0-beta1/gnu/riscv64-zephyr-elf/riscv64-zephyr-elf/sys-include/sys/syslimits.h:86:9: note: this is the location of the previous definition
   86 | #define _POSIX_SS_REPL_MAX      4
      |         ^~~~~~~~~~~~~~~~~~
/scratch2/agustin/zephyr-chipyard-sw/zephyr_ws/zephyr/include/zephyr/posix/posix_limits.h:47:9: warning: "_POSIX_STREAM_MAX" redefined
   47 | #define _POSIX_STREAM_MAX                   (8)
      |         ^~~~~~~~~~~~~~~~~
/scratch2/dima/zephyr-chipyard-sw-fresh/tools-manual/zephyr-sdk-1.0.0-beta1/gnu/riscv64-zephyr-elf/riscv64-zephyr-elf/sys-include/sys/syslimits.h:87:9: note: this is the location of the previous definition
   87 | #define _POSIX_STREAM_MAX       8
      |         ^~~~~~~~~~~~~~~~~
/scratch2/agustin/zephyr-chipyard-sw/zephyr_ws/zephyr/include/zephyr/posix/posix_limits.h:48:9: warning: "_POSIX_SYMLINK_MAX" redefined
   48 | #define _POSIX_SYMLINK_MAX                  (255)
      |         ^~~~~~~~~~~~~~~~~~
/scratch2/dima/zephyr-chipyard-sw-fresh/tools-manual/zephyr-sdk-1.0.0-beta1/gnu/riscv64-zephyr-elf/riscv64-zephyr-elf/sys-include/sys/syslimits.h:88:9: note: this is the location of the previous definition
   88 | #define _POSIX_SYMLINK_MAX      255
      |         ^~~~~~~~~~~~~~~~~~
/scratch2/agustin/zephyr-chipyard-sw/zephyr_ws/zephyr/include/zephyr/posix/posix_limits.h:49:9: warning: "_POSIX_SYMLOOP_MAX" redefined
   49 | #define _POSIX_SYMLOOP_MAX                  (8)
      |         ^~~~~~~~~~~~~~~~~~
/scratch2/dima/zephyr-chipyard-sw-fresh/tools-manual/zephyr-sdk-1.0.0-beta1/gnu/riscv64-zephyr-elf/riscv64-zephyr-elf/sys-include/sys/syslimits.h:89:9: note: this is the location of the previous definition
   89 | #define _POSIX_SYMLOOP_MAX      8
      |         ^~~~~~~~~~~~~~~~~~
/scratch2/agustin/zephyr-chipyard-sw/zephyr_ws/zephyr/include/zephyr/posix/posix_limits.h:50:9: warning: "_POSIX_THREAD_DESTRUCTOR_ITERATIONS" redefined
   50 | #define _POSIX_THREAD_DESTRUCTOR_ITERATIONS (4)
      |         ^~~~~~~~~~~~~~~~~~~~~~~~~~~~~~~~~~~
/scratch2/dima/zephyr-chipyard-sw-fresh/tools-manual/zephyr-sdk-1.0.0-beta1/gnu/riscv64-zephyr-elf/riscv64-zephyr-elf/sys-include/sys/syslimits.h:90:9: note: this is the location of the previous definition
   90 | #define _POSIX_THREAD_DESTRUCTOR_ITERATIONS     4
      |         ^~~~~~~~~~~~~~~~~~~~~~~~~~~~~~~~~~~
/scratch2/agustin/zephyr-chipyard-sw/zephyr_ws/zephyr/include/zephyr/posix/posix_limits.h:51:9: warning: "_POSIX_THREAD_KEYS_MAX" redefined
   51 | #define _POSIX_THREAD_KEYS_MAX              (128)
      |         ^~~~~~~~~~~~~~~~~~~~~~
/scratch2/dima/zephyr-chipyard-sw-fresh/tools-manual/zephyr-sdk-1.0.0-beta1/gnu/riscv64-zephyr-elf/riscv64-zephyr-elf/sys-include/sys/syslimits.h:91:9: note: this is the location of the previous definition
   91 | #define _POSIX_THREAD_KEYS_MAX  128
      |         ^~~~~~~~~~~~~~~~~~~~~~
/scratch2/agustin/zephyr-chipyard-sw/zephyr_ws/zephyr/include/zephyr/posix/posix_limits.h:52:9: warning: "_POSIX_THREAD_THREADS_MAX" redefined
   52 | #define _POSIX_THREAD_THREADS_MAX           (64)
      |         ^~~~~~~~~~~~~~~~~~~~~~~~~
/scratch2/dima/zephyr-chipyard-sw-fresh/tools-manual/zephyr-sdk-1.0.0-beta1/gnu/riscv64-zephyr-elf/riscv64-zephyr-elf/sys-include/sys/syslimits.h:92:9: note: this is the location of the previous definition
   92 | #define _POSIX_THREAD_THREADS_MAX       64
      |         ^~~~~~~~~~~~~~~~~~~~~~~~~
/scratch2/agustin/zephyr-chipyard-sw/zephyr_ws/zephyr/include/zephyr/posix/posix_limits.h:53:9: warning: "_POSIX_TIMER_MAX" redefined
   53 | #define _POSIX_TIMER_MAX                    (32)
      |         ^~~~~~~~~~~~~~~~
/scratch2/dima/zephyr-chipyard-sw-fresh/tools-manual/zephyr-sdk-1.0.0-beta1/gnu/riscv64-zephyr-elf/riscv64-zephyr-elf/sys-include/sys/syslimits.h:93:9: note: this is the location of the previous definition
   93 | #define _POSIX_TIMER_MAX        32
      |         ^~~~~~~~~~~~~~~~
/scratch2/agustin/zephyr-chipyard-sw/zephyr_ws/zephyr/include/zephyr/posix/posix_limits.h:54:9: warning: "_POSIX_TRACE_EVENT_NAME_MAX" redefined
   54 | #define _POSIX_TRACE_EVENT_NAME_MAX         (30)
      |         ^~~~~~~~~~~~~~~~~~~~~~~~~~~
/scratch2/dima/zephyr-chipyard-sw-fresh/tools-manual/zephyr-sdk-1.0.0-beta1/gnu/riscv64-zephyr-elf/riscv64-zephyr-elf/sys-include/sys/syslimits.h:94:9: note: this is the location of the previous definition
   94 | #define _POSIX_TRACE_EVENT_NAME_MAX     30
      |         ^~~~~~~~~~~~~~~~~~~~~~~~~~~
/scratch2/agustin/zephyr-chipyard-sw/zephyr_ws/zephyr/include/zephyr/posix/posix_limits.h:55:9: warning: "_POSIX_TRACE_NAME_MAX" redefined
   55 | #define _POSIX_TRACE_NAME_MAX               (8)
      |         ^~~~~~~~~~~~~~~~~~~~~
/scratch2/dima/zephyr-chipyard-sw-fresh/tools-manual/zephyr-sdk-1.0.0-beta1/gnu/riscv64-zephyr-elf/riscv64-zephyr-elf/sys-include/sys/syslimits.h:95:9: note: this is the location of the previous definition
   95 | #define _POSIX_TRACE_NAME_MAX   8
      |         ^~~~~~~~~~~~~~~~~~~~~
/scratch2/agustin/zephyr-chipyard-sw/zephyr_ws/zephyr/include/zephyr/posix/posix_limits.h:56:9: warning: "_POSIX_TRACE_SYS_MAX" redefined
   56 | #define _POSIX_TRACE_SYS_MAX                (8)
      |         ^~~~~~~~~~~~~~~~~~~~
/scratch2/dima/zephyr-chipyard-sw-fresh/tools-manual/zephyr-sdk-1.0.0-beta1/gnu/riscv64-zephyr-elf/riscv64-zephyr-elf/sys-include/sys/syslimits.h:96:9: note: this is the location of the previous definition
   96 | #define _POSIX_TRACE_SYS_MAX    8
      |         ^~~~~~~~~~~~~~~~~~~~
/scratch2/agustin/zephyr-chipyard-sw/zephyr_ws/zephyr/include/zephyr/posix/posix_limits.h:57:9: warning: "_POSIX_TRACE_USER_EVENT_MAX" redefined
   57 | #define _POSIX_TRACE_USER_EVENT_MAX         (32)
      |         ^~~~~~~~~~~~~~~~~~~~~~~~~~~
/scratch2/dima/zephyr-chipyard-sw-fresh/tools-manual/zephyr-sdk-1.0.0-beta1/gnu/riscv64-zephyr-elf/riscv64-zephyr-elf/sys-include/sys/syslimits.h:97:9: note: this is the location of the previous definition
   97 | #define _POSIX_TRACE_USER_EVENT_MAX     32
      |         ^~~~~~~~~~~~~~~~~~~~~~~~~~~
/scratch2/agustin/zephyr-chipyard-sw/zephyr_ws/zephyr/include/zephyr/posix/posix_limits.h:58:9: warning: "_POSIX_TTY_NAME_MAX" redefined
   58 | #define _POSIX_TTY_NAME_MAX                 (9)
      |         ^~~~~~~~~~~~~~~~~~~
/scratch2/dima/zephyr-chipyard-sw-fresh/tools-manual/zephyr-sdk-1.0.0-beta1/gnu/riscv64-zephyr-elf/riscv64-zephyr-elf/sys-include/sys/syslimits.h:98:9: note: this is the location of the previous definition
   98 | #define _POSIX_TTY_NAME_MAX     9
      |         ^~~~~~~~~~~~~~~~~~~
/scratch2/agustin/zephyr-chipyard-sw/zephyr_ws/zephyr/include/zephyr/posix/posix_limits.h:59:9: warning: "_POSIX_TZNAME_MAX" redefined
   59 | #define _POSIX_TZNAME_MAX                   (6)
      |         ^~~~~~~~~~~~~~~~~
/scratch2/dima/zephyr-chipyard-sw-fresh/tools-manual/zephyr-sdk-1.0.0-beta1/gnu/riscv64-zephyr-elf/riscv64-zephyr-elf/sys-include/sys/syslimits.h:99:9: note: this is the location of the previous definition
   99 | #define _POSIX_TZNAME_MAX       3
      |         ^~~~~~~~~~~~~~~~~
/scratch2/agustin/zephyr-chipyard-sw/zephyr_ws/zephyr/include/zephyr/posix/posix_limits.h:60:9: warning: "_POSIX2_BC_BASE_MAX" redefined
   60 | #define _POSIX2_BC_BASE_MAX                 (99)
      |         ^~~~~~~~~~~~~~~~~~~
/scratch2/dima/zephyr-chipyard-sw-fresh/tools-manual/zephyr-sdk-1.0.0-beta1/gnu/riscv64-zephyr-elf/riscv64-zephyr-elf/sys-include/sys/syslimits.h:100:9: note: this is the location of the previous definition
  100 | #define _POSIX2_BC_BASE_MAX     99
      |         ^~~~~~~~~~~~~~~~~~~
/scratch2/agustin/zephyr-chipyard-sw/zephyr_ws/zephyr/include/zephyr/posix/posix_limits.h:61:9: warning: "_POSIX2_BC_DIM_MAX" redefined
   61 | #define _POSIX2_BC_DIM_MAX                  (2048)
      |         ^~~~~~~~~~~~~~~~~~
/scratch2/dima/zephyr-chipyard-sw-fresh/tools-manual/zephyr-sdk-1.0.0-beta1/gnu/riscv64-zephyr-elf/riscv64-zephyr-elf/sys-include/sys/syslimits.h:101:9: note: this is the location of the previous definition
  101 | #define _POSIX2_BC_DIM_MAX      2048
      |         ^~~~~~~~~~~~~~~~~~
/scratch2/agustin/zephyr-chipyard-sw/zephyr_ws/zephyr/include/zephyr/posix/posix_limits.h:62:9: warning: "_POSIX2_BC_SCALE_MAX" redefined
   62 | #define _POSIX2_BC_SCALE_MAX                (99)
      |         ^~~~~~~~~~~~~~~~~~~~
/scratch2/dima/zephyr-chipyard-sw-fresh/tools-manual/zephyr-sdk-1.0.0-beta1/gnu/riscv64-zephyr-elf/riscv64-zephyr-elf/sys-include/sys/syslimits.h:102:9: note: this is the location of the previous definition
  102 | #define _POSIX2_BC_SCALE_MAX    99
      |         ^~~~~~~~~~~~~~~~~~~~
/scratch2/agustin/zephyr-chipyard-sw/zephyr_ws/zephyr/include/zephyr/posix/posix_limits.h:63:9: warning: "_POSIX2_BC_STRING_MAX" redefined
   63 | #define _POSIX2_BC_STRING_MAX               (1000)
      |         ^~~~~~~~~~~~~~~~~~~~~
/scratch2/dima/zephyr-chipyard-sw-fresh/tools-manual/zephyr-sdk-1.0.0-beta1/gnu/riscv64-zephyr-elf/riscv64-zephyr-elf/sys-include/sys/syslimits.h:103:9: note: this is the location of the previous definition
  103 | #define _POSIX2_BC_STRING_MAX   1000
      |         ^~~~~~~~~~~~~~~~~~~~~
/scratch2/agustin/zephyr-chipyard-sw/zephyr_ws/zephyr/include/zephyr/posix/posix_limits.h:64:9: warning: "_POSIX2_CHARCLASS_NAME_MAX" redefined
   64 | #define _POSIX2_CHARCLASS_NAME_MAX          (14)
      |         ^~~~~~~~~~~~~~~~~~~~~~~~~~
/scratch2/dima/zephyr-chipyard-sw-fresh/tools-manual/zephyr-sdk-1.0.0-beta1/gnu/riscv64-zephyr-elf/riscv64-zephyr-elf/sys-include/sys/syslimits.h:104:9: note: this is the location of the previous definition
  104 | #define _POSIX2_CHARCLASS_NAME_MAX      14
      |         ^~~~~~~~~~~~~~~~~~~~~~~~~~
/scratch2/agustin/zephyr-chipyard-sw/zephyr_ws/zephyr/include/zephyr/posix/posix_limits.h:65:9: warning: "_POSIX2_COLL_WEIGHTS_MAX" redefined
   65 | #define _POSIX2_COLL_WEIGHTS_MAX            (2)
      |         ^~~~~~~~~~~~~~~~~~~~~~~~
/scratch2/dima/zephyr-chipyard-sw-fresh/tools-manual/zephyr-sdk-1.0.0-beta1/gnu/riscv64-zephyr-elf/riscv64-zephyr-elf/sys-include/sys/syslimits.h:105:9: note: this is the location of the previous definition
  105 | #define _POSIX2_COLL_WEIGHTS_MAX        2
      |         ^~~~~~~~~~~~~~~~~~~~~~~~
/scratch2/agustin/zephyr-chipyard-sw/zephyr_ws/zephyr/include/zephyr/posix/posix_limits.h:66:9: warning: "_POSIX2_EXPR_NEST_MAX" redefined
   66 | #define _POSIX2_EXPR_NEST_MAX               (32)
      |         ^~~~~~~~~~~~~~~~~~~~~
/scratch2/dima/zephyr-chipyard-sw-fresh/tools-manual/zephyr-sdk-1.0.0-beta1/gnu/riscv64-zephyr-elf/riscv64-zephyr-elf/sys-include/sys/syslimits.h:106:9: note: this is the location of the previous definition
  106 | #define _POSIX2_EXPR_NEST_MAX   32
      |         ^~~~~~~~~~~~~~~~~~~~~
/scratch2/agustin/zephyr-chipyard-sw/zephyr_ws/zephyr/include/zephyr/posix/posix_limits.h:67:9: warning: "_POSIX2_LINE_MAX" redefined
   67 | #define _POSIX2_LINE_MAX                    (2048)
      |         ^~~~~~~~~~~~~~~~
/scratch2/dima/zephyr-chipyard-sw-fresh/tools-manual/zephyr-sdk-1.0.0-beta1/gnu/riscv64-zephyr-elf/riscv64-zephyr-elf/sys-include/sys/syslimits.h:107:9: note: this is the location of the previous definition
  107 | #define _POSIX2_LINE_MAX        2048
      |         ^~~~~~~~~~~~~~~~
/scratch2/agustin/zephyr-chipyard-sw/zephyr_ws/zephyr/include/zephyr/posix/posix_limits.h:83:9: warning: "ARG_MAX" redefined
   83 | #define ARG_MAX                       _POSIX_ARG_MAX
      |         ^~~~~~~
/scratch2/dima/zephyr-chipyard-sw-fresh/tools-manual/zephyr-sdk-1.0.0-beta1/gnu/riscv64-zephyr-elf/riscv64-zephyr-elf/sys-include/sys/syslimits.h:41:9: note: this is the location of the previous definition
   41 | #define ARG_MAX                 65536   /* max bytes for an exec function */
      |         ^~~~~~~
/scratch2/agustin/zephyr-chipyard-sw/zephyr_ws/zephyr/include/zephyr/posix/posix_limits.h:84:9: warning: "ATEXIT_MAX" redefined
   84 | #define ATEXIT_MAX                    (32)
      |         ^~~~~~~~~~
/scratch2/dima/zephyr-chipyard-sw-fresh/tools-manual/zephyr-sdk-1.0.0-beta1/gnu/riscv64-zephyr-elf/riscv64-zephyr-elf/sys-include/sys/syslimits.h:42:9: note: this is the location of the previous definition
   42 | #define ATEXIT_MAX                 32   /* max atexit functions */
      |         ^~~~~~~~~~
/scratch2/agustin/zephyr-chipyard-sw/zephyr_ws/zephyr/include/zephyr/posix/posix_limits.h:93:9: warning: "OPEN_MAX" redefined
   93 | #define OPEN_MAX                      CONFIG_POSIX_OPEN_MAX
      |         ^~~~~~~~
/scratch2/dima/zephyr-chipyard-sw-fresh/tools-manual/zephyr-sdk-1.0.0-beta1/gnu/riscv64-zephyr-elf/riscv64-zephyr-elf/sys-include/sys/syslimits.h:45:9: note: this is the location of the previous definition
   45 | #define OPEN_MAX                   64   /* max open files per process */
      |         ^~~~~~~~
/scratch2/agustin/zephyr-chipyard-sw/zephyr_ws/zephyr/include/zephyr/posix/posix_limits.h:96:9: warning: "PATH_MAX" redefined
   96 | #define PATH_MAX                      _POSIX_PATH_MAX
      |         ^~~~~~~~
/scratch2/dima/zephyr-chipyard-sw-fresh/tools-manual/zephyr-sdk-1.0.0-beta1/gnu/riscv64-zephyr-elf/riscv64-zephyr-elf/sys-include/sys/syslimits.h:53:9: note: this is the location of the previous definition
   53 | #define PATH_MAX                 1024   /* max bytes in pathname */
      |         ^~~~~~~~
/scratch2/agustin/zephyr-chipyard-sw/zephyr_ws/zephyr/include/zephyr/posix/posix_limits.h:114:9: warning: "TZNAME_MAX" redefined
  114 | #define TZNAME_MAX                    _POSIX_TZNAME_MAX
      |         ^~~~~~~~~~
/scratch2/dima/zephyr-chipyard-sw-fresh/tools-manual/zephyr-sdk-1.0.0-beta1/gnu/riscv64-zephyr-elf/riscv64-zephyr-elf/sys-include/sys/syslimits.h:46:9: note: this is the location of the previous definition
   46 | #define TZNAME_MAX                 10   /* max time zone name length */
      |         ^~~~~~~~~~
[90/202] Building C object zephyr/CMakeFiles/zephyr.dir/lib/os/fdtable.c.obj
[91/202] Building C object zephyr/lib/libc/common/CMakeFiles/lib__libc__common.dir/source/stdlib/malloc.c.obj
[92/202] Building C object zephyr/drivers/console/CMakeFiles/drivers__console.dir/uart_console.c.obj
[93/202] Building C object zephyr/lib/posix/options/CMakeFiles/lib__posix__options.dir/mprotect.c.obj
[94/202] Linking C static library zephyr/lib/posix/eventfd/liblib__posix__eventfd.a
[95/202] Building C object zephyr/CMakeFiles/zephyr.dir/lib/utils/bitarray.c.obj
[96/202] Building C object zephyr/drivers/hwinfo/CMakeFiles/drivers__hwinfo.dir/hwinfo_weak_impl.c.obj
[97/202] Building C object zephyr/lib/posix/options/CMakeFiles/lib__posix__options.dir/env.c.obj
[98/202] Linking C static library zephyr/lib/libc/picolibc/liblib__libc__picolibc.a
[99/202] Building C object zephyr/lib/posix/options/CMakeFiles/lib__posix__options.dir/file_system_r.c.obj
[100/202] Building C object zephyr/CMakeFiles/zephyr.dir/lib/utils/rb.c.obj
[101/202] Building C object zephyr/lib/posix/c_lib_ext/CMakeFiles/lib__posix__c_lib_ext.dir/fnmatch.c.obj
[102/202] Building C object zephyr/lib/os/zvfs/CMakeFiles/lib__os__zvfs.dir/zvfs_poll.c.obj
[103/202] Building C object zephyr/lib/posix/options/CMakeFiles/lib__posix__options.dir/clock_selection.c.obj
In file included from /scratch2/agustin/zephyr-chipyard-sw/zephyr_ws/zephyr/include/zephyr/posix/sys/sysconf.h:11,
                 from /scratch2/agustin/zephyr-chipyard-sw/zephyr_ws/zephyr/include/zephyr/posix/unistd.h:18,
                 from /scratch2/agustin/zephyr-chipyard-sw/zephyr_ws/zephyr/include/zephyr/posix/pthread.h:15,
                 from /scratch2/agustin/zephyr-chipyard-sw/zephyr_ws/zephyr/lib/posix/options/posix_internal.h:15,
                 from /scratch2/agustin/zephyr-chipyard-sw/zephyr_ws/zephyr/lib/posix/options/clock_selection.c:9:
/scratch2/agustin/zephyr-chipyard-sw/zephyr_ws/zephyr/include/zephyr/posix/posix_limits.h:23:9: warning: "_POSIX_AIO_LISTIO_MAX" redefined
   23 | #define _POSIX_AIO_LISTIO_MAX               (2)
      |         ^~~~~~~~~~~~~~~~~~~~~
In file included from /scratch2/dima/zephyr-chipyard-sw-fresh/tools-manual/zephyr-sdk-1.0.0-beta1/gnu/riscv64-zephyr-elf/riscv64-zephyr-elf/sys-include/limits.h:6,
                 from /scratch2/dima/zephyr-chipyard-sw-fresh/tools-manual/zephyr-sdk-1.0.0-beta1/gnu/riscv64-zephyr-elf/lib/gcc/riscv64-zephyr-elf/14.3.0/include/limits.h:210,
                 from /scratch2/dima/zephyr-chipyard-sw-fresh/tools-manual/zephyr-sdk-1.0.0-beta1/gnu/riscv64-zephyr-elf/lib/gcc/riscv64-zephyr-elf/14.3.0/include/syslimits.h:7,
                 from /scratch2/dima/zephyr-chipyard-sw-fresh/tools-manual/zephyr-sdk-1.0.0-beta1/gnu/riscv64-zephyr-elf/lib/gcc/riscv64-zephyr-elf/14.3.0/include/limits.h:34,
                 from /scratch2/agustin/zephyr-chipyard-sw/zephyr_ws/zephyr/include/zephyr/sys/timeutil.h:25,
                 from /scratch2/agustin/zephyr-chipyard-sw/zephyr_ws/zephyr/lib/posix/options/posix_clock.h:17,
                 from /scratch2/agustin/zephyr-chipyard-sw/zephyr_ws/zephyr/lib/posix/options/clock_selection.c:8:
/scratch2/dima/zephyr-chipyard-sw-fresh/tools-manual/zephyr-sdk-1.0.0-beta1/gnu/riscv64-zephyr-elf/riscv64-zephyr-elf/sys-include/sys/syslimits.h:63:9: note: this is the location of the previous definition
   63 | #define _POSIX_AIO_LISTIO_MAX   2
      |         ^~~~~~~~~~~~~~~~~~~~~
/scratch2/agustin/zephyr-chipyard-sw/zephyr_ws/zephyr/include/zephyr/posix/posix_limits.h:24:9: warning: "_POSIX_AIO_MAX" redefined
   24 | #define _POSIX_AIO_MAX                      (1)
      |         ^~~~~~~~~~~~~~
/scratch2/dima/zephyr-chipyard-sw-fresh/tools-manual/zephyr-sdk-1.0.0-beta1/gnu/riscv64-zephyr-elf/riscv64-zephyr-elf/sys-include/sys/syslimits.h:64:9: note: this is the location of the previous definition
   64 | #define _POSIX_AIO_MAX          1
      |         ^~~~~~~~~~~~~~
/scratch2/agustin/zephyr-chipyard-sw/zephyr_ws/zephyr/include/zephyr/posix/posix_limits.h:25:9: warning: "_POSIX_ARG_MAX" redefined
   25 | #define _POSIX_ARG_MAX                      (4096)
      |         ^~~~~~~~~~~~~~
/scratch2/dima/zephyr-chipyard-sw-fresh/tools-manual/zephyr-sdk-1.0.0-beta1/gnu/riscv64-zephyr-elf/riscv64-zephyr-elf/sys-include/sys/syslimits.h:65:9: note: this is the location of the previous definition
   65 | #define _POSIX_ARG_MAX          4096
      |         ^~~~~~~~~~~~~~
/scratch2/agustin/zephyr-chipyard-sw/zephyr_ws/zephyr/include/zephyr/posix/posix_limits.h:26:9: warning: "_POSIX_CHILD_MAX" redefined
   26 | #define _POSIX_CHILD_MAX                    (25)
      |         ^~~~~~~~~~~~~~~~
/scratch2/dima/zephyr-chipyard-sw-fresh/tools-manual/zephyr-sdk-1.0.0-beta1/gnu/riscv64-zephyr-elf/riscv64-zephyr-elf/sys-include/sys/syslimits.h:66:9: note: this is the location of the previous definition
   66 | #define _POSIX_CHILD_MAX        6
      |         ^~~~~~~~~~~~~~~~
/scratch2/agustin/zephyr-chipyard-sw/zephyr_ws/zephyr/include/zephyr/posix/posix_limits.h:27:9: warning: "_POSIX_DELAYTIMER_MAX" redefined
   27 | #define _POSIX_DELAYTIMER_MAX               (32)
      |         ^~~~~~~~~~~~~~~~~~~~~
/scratch2/dima/zephyr-chipyard-sw-fresh/tools-manual/zephyr-sdk-1.0.0-beta1/gnu/riscv64-zephyr-elf/riscv64-zephyr-elf/sys-include/sys/syslimits.h:67:9: note: this is the location of the previous definition
   67 | #define _POSIX_DELAYTIMER_MAX   32
      |         ^~~~~~~~~~~~~~~~~~~~~
/scratch2/agustin/zephyr-chipyard-sw/zephyr_ws/zephyr/include/zephyr/posix/posix_limits.h:28:9: warning: "_POSIX_HOST_NAME_MAX" redefined
   28 | #define _POSIX_HOST_NAME_MAX                (255)
      |         ^~~~~~~~~~~~~~~~~~~~
/scratch2/dima/zephyr-chipyard-sw-fresh/tools-manual/zephyr-sdk-1.0.0-beta1/gnu/riscv64-zephyr-elf/riscv64-zephyr-elf/sys-include/sys/syslimits.h:68:9: note: this is the location of the previous definition
   68 | #define _POSIX_HOST_NAME_MAX    255
      |         ^~~~~~~~~~~~~~~~~~~~
/scratch2/agustin/zephyr-chipyard-sw/zephyr_ws/zephyr/include/zephyr/posix/posix_limits.h:29:9: warning: "_POSIX_LINK_MAX" redefined
   29 | #define _POSIX_LINK_MAX                     (8)
      |         ^~~~~~~~~~~~~~~
/scratch2/dima/zephyr-chipyard-sw-fresh/tools-manual/zephyr-sdk-1.0.0-beta1/gnu/riscv64-zephyr-elf/riscv64-zephyr-elf/sys-include/sys/syslimits.h:69:9: note: this is the location of the previous definition
   69 | #define _POSIX_LINK_MAX         8
      |         ^~~~~~~~~~~~~~~
/scratch2/agustin/zephyr-chipyard-sw/zephyr_ws/zephyr/include/zephyr/posix/posix_limits.h:30:9: warning: "_POSIX_LOGIN_NAME_MAX" redefined
   30 | #define _POSIX_LOGIN_NAME_MAX               (9)
      |         ^~~~~~~~~~~~~~~~~~~~~
/scratch2/dima/zephyr-chipyard-sw-fresh/tools-manual/zephyr-sdk-1.0.0-beta1/gnu/riscv64-zephyr-elf/riscv64-zephyr-elf/sys-include/sys/syslimits.h:70:9: note: this is the location of the previous definition
   70 | #define _POSIX_LOGIN_NAME_MAX   9
      |         ^~~~~~~~~~~~~~~~~~~~~
/scratch2/agustin/zephyr-chipyard-sw/zephyr_ws/zephyr/include/zephyr/posix/posix_limits.h:31:9: warning: "_POSIX_MAX_CANON" redefined
   31 | #define _POSIX_MAX_CANON                    (255)
      |         ^~~~~~~~~~~~~~~~
/scratch2/dima/zephyr-chipyard-sw-fresh/tools-manual/zephyr-sdk-1.0.0-beta1/gnu/riscv64-zephyr-elf/riscv64-zephyr-elf/sys-include/sys/syslimits.h:71:9: note: this is the location of the previous definition
   71 | #define _POSIX_MAX_CANON        255
      |         ^~~~~~~~~~~~~~~~
/scratch2/agustin/zephyr-chipyard-sw/zephyr_ws/zephyr/include/zephyr/posix/posix_limits.h:32:9: warning: "_POSIX_MAX_INPUT" redefined
   32 | #define _POSIX_MAX_INPUT                    (255)
      |         ^~~~~~~~~~~~~~~~
/scratch2/dima/zephyr-chipyard-sw-fresh/tools-manual/zephyr-sdk-1.0.0-beta1/gnu/riscv64-zephyr-elf/riscv64-zephyr-elf/sys-include/sys/syslimits.h:72:9: note: this is the location of the previous definition
   72 | #define _POSIX_MAX_INPUT        255
      |         ^~~~~~~~~~~~~~~~
/scratch2/agustin/zephyr-chipyard-sw/zephyr_ws/zephyr/include/zephyr/posix/posix_limits.h:33:9: warning: "_POSIX_MQ_OPEN_MAX" redefined
   33 | #define _POSIX_MQ_OPEN_MAX                  (8)
      |         ^~~~~~~~~~~~~~~~~~
/scratch2/dima/zephyr-chipyard-sw-fresh/tools-manual/zephyr-sdk-1.0.0-beta1/gnu/riscv64-zephyr-elf/riscv64-zephyr-elf/sys-include/sys/syslimits.h:73:9: note: this is the location of the previous definition
   73 | #define _POSIX_MQ_OPEN_MAX      8
      |         ^~~~~~~~~~~~~~~~~~
/scratch2/agustin/zephyr-chipyard-sw/zephyr_ws/zephyr/include/zephyr/posix/posix_limits.h:34:9: warning: "_POSIX_MQ_PRIO_MAX" redefined
   34 | #define _POSIX_MQ_PRIO_MAX                  (32)
      |         ^~~~~~~~~~~~~~~~~~
/scratch2/dima/zephyr-chipyard-sw-fresh/tools-manual/zephyr-sdk-1.0.0-beta1/gnu/riscv64-zephyr-elf/riscv64-zephyr-elf/sys-include/sys/syslimits.h:74:9: note: this is the location of the previous definition
   74 | #define _POSIX_MQ_PRIO_MAX      32
      |         ^~~~~~~~~~~~~~~~~~
/scratch2/agustin/zephyr-chipyard-sw/zephyr_ws/zephyr/include/zephyr/posix/posix_limits.h:35:9: warning: "_POSIX_NAME_MAX" redefined
   35 | #define _POSIX_NAME_MAX                     (14)
      |         ^~~~~~~~~~~~~~~
/scratch2/dima/zephyr-chipyard-sw-fresh/tools-manual/zephyr-sdk-1.0.0-beta1/gnu/riscv64-zephyr-elf/riscv64-zephyr-elf/sys-include/sys/syslimits.h:75:9: note: this is the location of the previous definition
   75 | #define _POSIX_NAME_MAX         14
      |         ^~~~~~~~~~~~~~~
/scratch2/agustin/zephyr-chipyard-sw/zephyr_ws/zephyr/include/zephyr/posix/posix_limits.h:36:9: warning: "_POSIX_NGROUPS_MAX" redefined
   36 | #define _POSIX_NGROUPS_MAX                  (8)
      |         ^~~~~~~~~~~~~~~~~~
/scratch2/dima/zephyr-chipyard-sw-fresh/tools-manual/zephyr-sdk-1.0.0-beta1/gnu/riscv64-zephyr-elf/riscv64-zephyr-elf/sys-include/sys/syslimits.h:76:9: note: this is the location of the previous definition
   76 | #define _POSIX_NGROUPS_MAX      0
      |         ^~~~~~~~~~~~~~~~~~
/scratch2/agustin/zephyr-chipyard-sw/zephyr_ws/zephyr/include/zephyr/posix/posix_limits.h:37:9: warning: "_POSIX_OPEN_MAX" redefined
   37 | #define _POSIX_OPEN_MAX                     (20)
      |         ^~~~~~~~~~~~~~~
/scratch2/dima/zephyr-chipyard-sw-fresh/tools-manual/zephyr-sdk-1.0.0-beta1/gnu/riscv64-zephyr-elf/riscv64-zephyr-elf/sys-include/sys/syslimits.h:77:9: note: this is the location of the previous definition
   77 | #define _POSIX_OPEN_MAX         16
      |         ^~~~~~~~~~~~~~~
/scratch2/agustin/zephyr-chipyard-sw/zephyr_ws/zephyr/include/zephyr/posix/posix_limits.h:38:9: warning: "_POSIX_PATH_MAX" redefined
   38 | #define _POSIX_PATH_MAX                     (256)
      |         ^~~~~~~~~~~~~~~
/scratch2/dima/zephyr-chipyard-sw-fresh/tools-manual/zephyr-sdk-1.0.0-beta1/gnu/riscv64-zephyr-elf/riscv64-zephyr-elf/sys-include/sys/syslimits.h:78:9: note: this is the location of the previous definition
   78 | #define _POSIX_PATH_MAX         255
      |         ^~~~~~~~~~~~~~~
/scratch2/agustin/zephyr-chipyard-sw/zephyr_ws/zephyr/include/zephyr/posix/posix_limits.h:39:9: warning: "_POSIX_PIPE_BUF" redefined
   39 | #define _POSIX_PIPE_BUF                     (512)
      |         ^~~~~~~~~~~~~~~
/scratch2/dima/zephyr-chipyard-sw-fresh/tools-manual/zephyr-sdk-1.0.0-beta1/gnu/riscv64-zephyr-elf/riscv64-zephyr-elf/sys-include/sys/syslimits.h:79:9: note: this is the location of the previous definition
   79 | #define _POSIX_PIPE_BUF         512
      |         ^~~~~~~~~~~~~~~
/scratch2/agustin/zephyr-chipyard-sw/zephyr_ws/zephyr/include/zephyr/posix/posix_limits.h:40:9: warning: "_POSIX_RE_DUP_MAX" redefined
   40 | #define _POSIX_RE_DUP_MAX                   (255)
      |         ^~~~~~~~~~~~~~~~~
/scratch2/dima/zephyr-chipyard-sw-fresh/tools-manual/zephyr-sdk-1.0.0-beta1/gnu/riscv64-zephyr-elf/riscv64-zephyr-elf/sys-include/sys/syslimits.h:80:9: note: this is the location of the previous definition
   80 | #define _POSIX_RE_DUP_MAX       255
      |         ^~~~~~~~~~~~~~~~~
/scratch2/agustin/zephyr-chipyard-sw/zephyr_ws/zephyr/include/zephyr/posix/posix_limits.h:41:9: warning: "_POSIX_RTSIG_MAX" redefined
   41 | #define _POSIX_RTSIG_MAX                    (8)
      |         ^~~~~~~~~~~~~~~~
/scratch2/dima/zephyr-chipyard-sw-fresh/tools-manual/zephyr-sdk-1.0.0-beta1/gnu/riscv64-zephyr-elf/riscv64-zephyr-elf/sys-include/sys/syslimits.h:81:9: note: this is the location of the previous definition
   81 | #define _POSIX_RTSIG_MAX        8
      |         ^~~~~~~~~~~~~~~~
/scratch2/agustin/zephyr-chipyard-sw/zephyr_ws/zephyr/include/zephyr/posix/posix_limits.h:42:9: warning: "_POSIX_SEM_NSEMS_MAX" redefined
   42 | #define _POSIX_SEM_NSEMS_MAX                (256)
      |         ^~~~~~~~~~~~~~~~~~~~
/scratch2/dima/zephyr-chipyard-sw-fresh/tools-manual/zephyr-sdk-1.0.0-beta1/gnu/riscv64-zephyr-elf/riscv64-zephyr-elf/sys-include/sys/syslimits.h:82:9: note: this is the location of the previous definition
   82 | #define _POSIX_SEM_NSEMS_MAX    256
      |         ^~~~~~~~~~~~~~~~~~~~
/scratch2/agustin/zephyr-chipyard-sw/zephyr_ws/zephyr/include/zephyr/posix/posix_limits.h:43:9: warning: "_POSIX_SEM_VALUE_MAX" redefined
   43 | #define _POSIX_SEM_VALUE_MAX                (32767)
      |         ^~~~~~~~~~~~~~~~~~~~
/scratch2/dima/zephyr-chipyard-sw-fresh/tools-manual/zephyr-sdk-1.0.0-beta1/gnu/riscv64-zephyr-elf/riscv64-zephyr-elf/sys-include/sys/syslimits.h:83:9: note: this is the location of the previous definition
   83 | #define _POSIX_SEM_VALUE_MAX    32767
      |         ^~~~~~~~~~~~~~~~~~~~
/scratch2/agustin/zephyr-chipyard-sw/zephyr_ws/zephyr/include/zephyr/posix/posix_limits.h:44:9: warning: "_POSIX_SIGQUEUE_MAX" redefined
   44 | #define _POSIX_SIGQUEUE_MAX                 (32)
      |         ^~~~~~~~~~~~~~~~~~~
/scratch2/dima/zephyr-chipyard-sw-fresh/tools-manual/zephyr-sdk-1.0.0-beta1/gnu/riscv64-zephyr-elf/riscv64-zephyr-elf/sys-include/sys/syslimits.h:84:9: note: this is the location of the previous definition
   84 | #define _POSIX_SIGQUEUE_MAX     32
      |         ^~~~~~~~~~~~~~~~~~~
/scratch2/agustin/zephyr-chipyard-sw/zephyr_ws/zephyr/include/zephyr/posix/posix_limits.h:45:9: warning: "_POSIX_SSIZE_MAX" redefined
   45 | #define _POSIX_SSIZE_MAX                    (32767)
      |         ^~~~~~~~~~~~~~~~
/scratch2/dima/zephyr-chipyard-sw-fresh/tools-manual/zephyr-sdk-1.0.0-beta1/gnu/riscv64-zephyr-elf/riscv64-zephyr-elf/sys-include/sys/syslimits.h:85:9: note: this is the location of the previous definition
   85 | #define _POSIX_SSIZE_MAX        32767
      |         ^~~~~~~~~~~~~~~~
/scratch2/agustin/zephyr-chipyard-sw/zephyr_ws/zephyr/include/zephyr/posix/posix_limits.h:46:9: warning: "_POSIX_SS_REPL_MAX" redefined
   46 | #define _POSIX_SS_REPL_MAX                  (4)
      |         ^~~~~~~~~~~~~~~~~~
/scratch2/dima/zephyr-chipyard-sw-fresh/tools-manual/zephyr-sdk-1.0.0-beta1/gnu/riscv64-zephyr-elf/riscv64-zephyr-elf/sys-include/sys/syslimits.h:86:9: note: this is the location of the previous definition
   86 | #define _POSIX_SS_REPL_MAX      4
      |         ^~~~~~~~~~~~~~~~~~
/scratch2/agustin/zephyr-chipyard-sw/zephyr_ws/zephyr/include/zephyr/posix/posix_limits.h:47:9: warning: "_POSIX_STREAM_MAX" redefined
   47 | #define _POSIX_STREAM_MAX                   (8)
      |         ^~~~~~~~~~~~~~~~~
/scratch2/dima/zephyr-chipyard-sw-fresh/tools-manual/zephyr-sdk-1.0.0-beta1/gnu/riscv64-zephyr-elf/riscv64-zephyr-elf/sys-include/sys/syslimits.h:87:9: note: this is the location of the previous definition
   87 | #define _POSIX_STREAM_MAX       8
      |         ^~~~~~~~~~~~~~~~~
/scratch2/agustin/zephyr-chipyard-sw/zephyr_ws/zephyr/include/zephyr/posix/posix_limits.h:48:9: warning: "_POSIX_SYMLINK_MAX" redefined
   48 | #define _POSIX_SYMLINK_MAX                  (255)
      |         ^~~~~~~~~~~~~~~~~~
/scratch2/dima/zephyr-chipyard-sw-fresh/tools-manual/zephyr-sdk-1.0.0-beta1/gnu/riscv64-zephyr-elf/riscv64-zephyr-elf/sys-include/sys/syslimits.h:88:9: note: this is the location of the previous definition
   88 | #define _POSIX_SYMLINK_MAX      255
      |         ^~~~~~~~~~~~~~~~~~
/scratch2/agustin/zephyr-chipyard-sw/zephyr_ws/zephyr/include/zephyr/posix/posix_limits.h:49:9: warning: "_POSIX_SYMLOOP_MAX" redefined
   49 | #define _POSIX_SYMLOOP_MAX                  (8)
      |         ^~~~~~~~~~~~~~~~~~
/scratch2/dima/zephyr-chipyard-sw-fresh/tools-manual/zephyr-sdk-1.0.0-beta1/gnu/riscv64-zephyr-elf/riscv64-zephyr-elf/sys-include/sys/syslimits.h:89:9: note: this is the location of the previous definition
   89 | #define _POSIX_SYMLOOP_MAX      8
      |         ^~~~~~~~~~~~~~~~~~
/scratch2/agustin/zephyr-chipyard-sw/zephyr_ws/zephyr/include/zephyr/posix/posix_limits.h:50:9: warning: "_POSIX_THREAD_DESTRUCTOR_ITERATIONS" redefined
   50 | #define _POSIX_THREAD_DESTRUCTOR_ITERATIONS (4)
      |         ^~~~~~~~~~~~~~~~~~~~~~~~~~~~~~~~~~~
/scratch2/dima/zephyr-chipyard-sw-fresh/tools-manual/zephyr-sdk-1.0.0-beta1/gnu/riscv64-zephyr-elf/riscv64-zephyr-elf/sys-include/sys/syslimits.h:90:9: note: this is the location of the previous definition
   90 | #define _POSIX_THREAD_DESTRUCTOR_ITERATIONS     4
      |         ^~~~~~~~~~~~~~~~~~~~~~~~~~~~~~~~~~~
/scratch2/agustin/zephyr-chipyard-sw/zephyr_ws/zephyr/include/zephyr/posix/posix_limits.h:51:9: warning: "_POSIX_THREAD_KEYS_MAX" redefined
   51 | #define _POSIX_THREAD_KEYS_MAX              (128)
      |         ^~~~~~~~~~~~~~~~~~~~~~
/scratch2/dima/zephyr-chipyard-sw-fresh/tools-manual/zephyr-sdk-1.0.0-beta1/gnu/riscv64-zephyr-elf/riscv64-zephyr-elf/sys-include/sys/syslimits.h:91:9: note: this is the location of the previous definition
   91 | #define _POSIX_THREAD_KEYS_MAX  128
      |         ^~~~~~~~~~~~~~~~~~~~~~
/scratch2/agustin/zephyr-chipyard-sw/zephyr_ws/zephyr/include/zephyr/posix/posix_limits.h:52:9: warning: "_POSIX_THREAD_THREADS_MAX" redefined
   52 | #define _POSIX_THREAD_THREADS_MAX           (64)
      |         ^~~~~~~~~~~~~~~~~~~~~~~~~
/scratch2/dima/zephyr-chipyard-sw-fresh/tools-manual/zephyr-sdk-1.0.0-beta1/gnu/riscv64-zephyr-elf/riscv64-zephyr-elf/sys-include/sys/syslimits.h:92:9: note: this is the location of the previous definition
   92 | #define _POSIX_THREAD_THREADS_MAX       64
      |         ^~~~~~~~~~~~~~~~~~~~~~~~~
/scratch2/agustin/zephyr-chipyard-sw/zephyr_ws/zephyr/include/zephyr/posix/posix_limits.h:53:9: warning: "_POSIX_TIMER_MAX" redefined
   53 | #define _POSIX_TIMER_MAX                    (32)
      |         ^~~~~~~~~~~~~~~~
/scratch2/dima/zephyr-chipyard-sw-fresh/tools-manual/zephyr-sdk-1.0.0-beta1/gnu/riscv64-zephyr-elf/riscv64-zephyr-elf/sys-include/sys/syslimits.h:93:9: note: this is the location of the previous definition
   93 | #define _POSIX_TIMER_MAX        32
      |         ^~~~~~~~~~~~~~~~
/scratch2/agustin/zephyr-chipyard-sw/zephyr_ws/zephyr/include/zephyr/posix/posix_limits.h:54:9: warning: "_POSIX_TRACE_EVENT_NAME_MAX" redefined
   54 | #define _POSIX_TRACE_EVENT_NAME_MAX         (30)
      |         ^~~~~~~~~~~~~~~~~~~~~~~~~~~
/scratch2/dima/zephyr-chipyard-sw-fresh/tools-manual/zephyr-sdk-1.0.0-beta1/gnu/riscv64-zephyr-elf/riscv64-zephyr-elf/sys-include/sys/syslimits.h:94:9: note: this is the location of the previous definition
   94 | #define _POSIX_TRACE_EVENT_NAME_MAX     30
      |         ^~~~~~~~~~~~~~~~~~~~~~~~~~~
/scratch2/agustin/zephyr-chipyard-sw/zephyr_ws/zephyr/include/zephyr/posix/posix_limits.h:55:9: warning: "_POSIX_TRACE_NAME_MAX" redefined
   55 | #define _POSIX_TRACE_NAME_MAX               (8)
      |         ^~~~~~~~~~~~~~~~~~~~~
/scratch2/dima/zephyr-chipyard-sw-fresh/tools-manual/zephyr-sdk-1.0.0-beta1/gnu/riscv64-zephyr-elf/riscv64-zephyr-elf/sys-include/sys/syslimits.h:95:9: note: this is the location of the previous definition
   95 | #define _POSIX_TRACE_NAME_MAX   8
      |         ^~~~~~~~~~~~~~~~~~~~~
/scratch2/agustin/zephyr-chipyard-sw/zephyr_ws/zephyr/include/zephyr/posix/posix_limits.h:56:9: warning: "_POSIX_TRACE_SYS_MAX" redefined
   56 | #define _POSIX_TRACE_SYS_MAX                (8)
      |         ^~~~~~~~~~~~~~~~~~~~
/scratch2/dima/zephyr-chipyard-sw-fresh/tools-manual/zephyr-sdk-1.0.0-beta1/gnu/riscv64-zephyr-elf/riscv64-zephyr-elf/sys-include/sys/syslimits.h:96:9: note: this is the location of the previous definition
   96 | #define _POSIX_TRACE_SYS_MAX    8
      |         ^~~~~~~~~~~~~~~~~~~~
/scratch2/agustin/zephyr-chipyard-sw/zephyr_ws/zephyr/include/zephyr/posix/posix_limits.h:57:9: warning: "_POSIX_TRACE_USER_EVENT_MAX" redefined
   57 | #define _POSIX_TRACE_USER_EVENT_MAX         (32)
      |         ^~~~~~~~~~~~~~~~~~~~~~~~~~~
/scratch2/dima/zephyr-chipyard-sw-fresh/tools-manual/zephyr-sdk-1.0.0-beta1/gnu/riscv64-zephyr-elf/riscv64-zephyr-elf/sys-include/sys/syslimits.h:97:9: note: this is the location of the previous definition
   97 | #define _POSIX_TRACE_USER_EVENT_MAX     32
      |         ^~~~~~~~~~~~~~~~~~~~~~~~~~~
/scratch2/agustin/zephyr-chipyard-sw/zephyr_ws/zephyr/include/zephyr/posix/posix_limits.h:58:9: warning: "_POSIX_TTY_NAME_MAX" redefined
   58 | #define _POSIX_TTY_NAME_MAX                 (9)
      |         ^~~~~~~~~~~~~~~~~~~
/scratch2/dima/zephyr-chipyard-sw-fresh/tools-manual/zephyr-sdk-1.0.0-beta1/gnu/riscv64-zephyr-elf/riscv64-zephyr-elf/sys-include/sys/syslimits.h:98:9: note: this is the location of the previous definition
   98 | #define _POSIX_TTY_NAME_MAX     9
      |         ^~~~~~~~~~~~~~~~~~~
/scratch2/agustin/zephyr-chipyard-sw/zephyr_ws/zephyr/include/zephyr/posix/posix_limits.h:59:9: warning: "_POSIX_TZNAME_MAX" redefined
   59 | #define _POSIX_TZNAME_MAX                   (6)
      |         ^~~~~~~~~~~~~~~~~
/scratch2/dima/zephyr-chipyard-sw-fresh/tools-manual/zephyr-sdk-1.0.0-beta1/gnu/riscv64-zephyr-elf/riscv64-zephyr-elf/sys-include/sys/syslimits.h:99:9: note: this is the location of the previous definition
   99 | #define _POSIX_TZNAME_MAX       3
      |         ^~~~~~~~~~~~~~~~~
/scratch2/agustin/zephyr-chipyard-sw/zephyr_ws/zephyr/include/zephyr/posix/posix_limits.h:60:9: warning: "_POSIX2_BC_BASE_MAX" redefined
   60 | #define _POSIX2_BC_BASE_MAX                 (99)
      |         ^~~~~~~~~~~~~~~~~~~
/scratch2/dima/zephyr-chipyard-sw-fresh/tools-manual/zephyr-sdk-1.0.0-beta1/gnu/riscv64-zephyr-elf/riscv64-zephyr-elf/sys-include/sys/syslimits.h:100:9: note: this is the location of the previous definition
  100 | #define _POSIX2_BC_BASE_MAX     99
      |         ^~~~~~~~~~~~~~~~~~~
/scratch2/agustin/zephyr-chipyard-sw/zephyr_ws/zephyr/include/zephyr/posix/posix_limits.h:61:9: warning: "_POSIX2_BC_DIM_MAX" redefined
   61 | #define _POSIX2_BC_DIM_MAX                  (2048)
      |         ^~~~~~~~~~~~~~~~~~
/scratch2/dima/zephyr-chipyard-sw-fresh/tools-manual/zephyr-sdk-1.0.0-beta1/gnu/riscv64-zephyr-elf/riscv64-zephyr-elf/sys-include/sys/syslimits.h:101:9: note: this is the location of the previous definition
  101 | #define _POSIX2_BC_DIM_MAX      2048
      |         ^~~~~~~~~~~~~~~~~~
/scratch2/agustin/zephyr-chipyard-sw/zephyr_ws/zephyr/include/zephyr/posix/posix_limits.h:62:9: warning: "_POSIX2_BC_SCALE_MAX" redefined
   62 | #define _POSIX2_BC_SCALE_MAX                (99)
      |         ^~~~~~~~~~~~~~~~~~~~
/scratch2/dima/zephyr-chipyard-sw-fresh/tools-manual/zephyr-sdk-1.0.0-beta1/gnu/riscv64-zephyr-elf/riscv64-zephyr-elf/sys-include/sys/syslimits.h:102:9: note: this is the location of the previous definition
  102 | #define _POSIX2_BC_SCALE_MAX    99
      |         ^~~~~~~~~~~~~~~~~~~~
/scratch2/agustin/zephyr-chipyard-sw/zephyr_ws/zephyr/include/zephyr/posix/posix_limits.h:63:9: warning: "_POSIX2_BC_STRING_MAX" redefined
   63 | #define _POSIX2_BC_STRING_MAX               (1000)
      |         ^~~~~~~~~~~~~~~~~~~~~
/scratch2/dima/zephyr-chipyard-sw-fresh/tools-manual/zephyr-sdk-1.0.0-beta1/gnu/riscv64-zephyr-elf/riscv64-zephyr-elf/sys-include/sys/syslimits.h:103:9: note: this is the location of the previous definition
  103 | #define _POSIX2_BC_STRING_MAX   1000
      |         ^~~~~~~~~~~~~~~~~~~~~
/scratch2/agustin/zephyr-chipyard-sw/zephyr_ws/zephyr/include/zephyr/posix/posix_limits.h:64:9: warning: "_POSIX2_CHARCLASS_NAME_MAX" redefined
   64 | #define _POSIX2_CHARCLASS_NAME_MAX          (14)
      |         ^~~~~~~~~~~~~~~~~~~~~~~~~~
/scratch2/dima/zephyr-chipyard-sw-fresh/tools-manual/zephyr-sdk-1.0.0-beta1/gnu/riscv64-zephyr-elf/riscv64-zephyr-elf/sys-include/sys/syslimits.h:104:9: note: this is the location of the previous definition
  104 | #define _POSIX2_CHARCLASS_NAME_MAX      14
      |         ^~~~~~~~~~~~~~~~~~~~~~~~~~
/scratch2/agustin/zephyr-chipyard-sw/zephyr_ws/zephyr/include/zephyr/posix/posix_limits.h:65:9: warning: "_POSIX2_COLL_WEIGHTS_MAX" redefined
   65 | #define _POSIX2_COLL_WEIGHTS_MAX            (2)
      |         ^~~~~~~~~~~~~~~~~~~~~~~~
/scratch2/dima/zephyr-chipyard-sw-fresh/tools-manual/zephyr-sdk-1.0.0-beta1/gnu/riscv64-zephyr-elf/riscv64-zephyr-elf/sys-include/sys/syslimits.h:105:9: note: this is the location of the previous definition
  105 | #define _POSIX2_COLL_WEIGHTS_MAX        2
      |         ^~~~~~~~~~~~~~~~~~~~~~~~
/scratch2/agustin/zephyr-chipyard-sw/zephyr_ws/zephyr/include/zephyr/posix/posix_limits.h:66:9: warning: "_POSIX2_EXPR_NEST_MAX" redefined
   66 | #define _POSIX2_EXPR_NEST_MAX               (32)
      |         ^~~~~~~~~~~~~~~~~~~~~
/scratch2/dima/zephyr-chipyard-sw-fresh/tools-manual/zephyr-sdk-1.0.0-beta1/gnu/riscv64-zephyr-elf/riscv64-zephyr-elf/sys-include/sys/syslimits.h:106:9: note: this is the location of the previous definition
  106 | #define _POSIX2_EXPR_NEST_MAX   32
      |         ^~~~~~~~~~~~~~~~~~~~~
/scratch2/agustin/zephyr-chipyard-sw/zephyr_ws/zephyr/include/zephyr/posix/posix_limits.h:67:9: warning: "_POSIX2_LINE_MAX" redefined
   67 | #define _POSIX2_LINE_MAX                    (2048)
      |         ^~~~~~~~~~~~~~~~
/scratch2/dima/zephyr-chipyard-sw-fresh/tools-manual/zephyr-sdk-1.0.0-beta1/gnu/riscv64-zephyr-elf/riscv64-zephyr-elf/sys-include/sys/syslimits.h:107:9: note: this is the location of the previous definition
  107 | #define _POSIX2_LINE_MAX        2048
      |         ^~~~~~~~~~~~~~~~
/scratch2/agustin/zephyr-chipyard-sw/zephyr_ws/zephyr/include/zephyr/posix/posix_limits.h:83:9: warning: "ARG_MAX" redefined
   83 | #define ARG_MAX                       _POSIX_ARG_MAX
      |         ^~~~~~~
/scratch2/dima/zephyr-chipyard-sw-fresh/tools-manual/zephyr-sdk-1.0.0-beta1/gnu/riscv64-zephyr-elf/riscv64-zephyr-elf/sys-include/sys/syslimits.h:41:9: note: this is the location of the previous definition
   41 | #define ARG_MAX                 65536   /* max bytes for an exec function */
      |         ^~~~~~~
/scratch2/agustin/zephyr-chipyard-sw/zephyr_ws/zephyr/include/zephyr/posix/posix_limits.h:84:9: warning: "ATEXIT_MAX" redefined
   84 | #define ATEXIT_MAX                    (32)
      |         ^~~~~~~~~~
/scratch2/dima/zephyr-chipyard-sw-fresh/tools-manual/zephyr-sdk-1.0.0-beta1/gnu/riscv64-zephyr-elf/riscv64-zephyr-elf/sys-include/sys/syslimits.h:42:9: note: this is the location of the previous definition
   42 | #define ATEXIT_MAX                 32   /* max atexit functions */
      |         ^~~~~~~~~~
/scratch2/agustin/zephyr-chipyard-sw/zephyr_ws/zephyr/include/zephyr/posix/posix_limits.h:93:9: warning: "OPEN_MAX" redefined
   93 | #define OPEN_MAX                      CONFIG_POSIX_OPEN_MAX
      |         ^~~~~~~~
/scratch2/dima/zephyr-chipyard-sw-fresh/tools-manual/zephyr-sdk-1.0.0-beta1/gnu/riscv64-zephyr-elf/riscv64-zephyr-elf/sys-include/sys/syslimits.h:45:9: note: this is the location of the previous definition
   45 | #define OPEN_MAX                   64   /* max open files per process */
      |         ^~~~~~~~
/scratch2/agustin/zephyr-chipyard-sw/zephyr_ws/zephyr/include/zephyr/posix/posix_limits.h:96:9: warning: "PATH_MAX" redefined
   96 | #define PATH_MAX                      _POSIX_PATH_MAX
      |         ^~~~~~~~
/scratch2/dima/zephyr-chipyard-sw-fresh/tools-manual/zephyr-sdk-1.0.0-beta1/gnu/riscv64-zephyr-elf/riscv64-zephyr-elf/sys-include/sys/syslimits.h:53:9: note: this is the location of the previous definition
   53 | #define PATH_MAX                 1024   /* max bytes in pathname */
      |         ^~~~~~~~
/scratch2/agustin/zephyr-chipyard-sw/zephyr_ws/zephyr/include/zephyr/posix/posix_limits.h:114:9: warning: "TZNAME_MAX" redefined
  114 | #define TZNAME_MAX                    _POSIX_TZNAME_MAX
      |         ^~~~~~~~~~
/scratch2/dima/zephyr-chipyard-sw-fresh/tools-manual/zephyr-sdk-1.0.0-beta1/gnu/riscv64-zephyr-elf/riscv64-zephyr-elf/sys-include/sys/syslimits.h:46:9: note: this is the location of the previous definition
   46 | #define TZNAME_MAX                 10   /* max time zone name length */
      |         ^~~~~~~~~~
[104/202] Building C object zephyr/lib/posix/options/CMakeFiles/lib__posix__options.dir/mlockall.c.obj
[105/202] Building C object zephyr/lib/posix/options/CMakeFiles/lib__posix__options.dir/sleep.c.obj
In file included from /scratch2/agustin/zephyr-chipyard-sw/zephyr_ws/zephyr/include/zephyr/posix/sys/sysconf.h:11,
                 from /scratch2/agustin/zephyr-chipyard-sw/zephyr_ws/zephyr/include/zephyr/posix/unistd.h:18,
                 from /scratch2/agustin/zephyr-chipyard-sw/zephyr_ws/zephyr/lib/posix/options/sleep.c:10:
/scratch2/agustin/zephyr-chipyard-sw/zephyr_ws/zephyr/include/zephyr/posix/posix_limits.h:23:9: warning: "_POSIX_AIO_LISTIO_MAX" redefined
   23 | #define _POSIX_AIO_LISTIO_MAX               (2)
      |         ^~~~~~~~~~~~~~~~~~~~~
In file included from /scratch2/dima/zephyr-chipyard-sw-fresh/tools-manual/zephyr-sdk-1.0.0-beta1/gnu/riscv64-zephyr-elf/riscv64-zephyr-elf/sys-include/limits.h:6,
                 from /scratch2/dima/zephyr-chipyard-sw-fresh/tools-manual/zephyr-sdk-1.0.0-beta1/gnu/riscv64-zephyr-elf/lib/gcc/riscv64-zephyr-elf/14.3.0/include/limits.h:210,
                 from /scratch2/dima/zephyr-chipyard-sw-fresh/tools-manual/zephyr-sdk-1.0.0-beta1/gnu/riscv64-zephyr-elf/lib/gcc/riscv64-zephyr-elf/14.3.0/include/syslimits.h:7,
                 from /scratch2/dima/zephyr-chipyard-sw-fresh/tools-manual/zephyr-sdk-1.0.0-beta1/gnu/riscv64-zephyr-elf/lib/gcc/riscv64-zephyr-elf/14.3.0/include/limits.h:34,
                 from /scratch2/agustin/zephyr-chipyard-sw/zephyr_ws/zephyr/include/zephyr/kernel_includes.h:22,
                 from /scratch2/agustin/zephyr-chipyard-sw/zephyr_ws/zephyr/include/zephyr/kernel.h:17,
                 from /scratch2/agustin/zephyr-chipyard-sw/zephyr_ws/zephyr/lib/posix/options/sleep.c:9:
/scratch2/dima/zephyr-chipyard-sw-fresh/tools-manual/zephyr-sdk-1.0.0-beta1/gnu/riscv64-zephyr-elf/riscv64-zephyr-elf/sys-include/sys/syslimits.h:63:9: note: this is the location of the previous definition
   63 | #define _POSIX_AIO_LISTIO_MAX   2
      |         ^~~~~~~~~~~~~~~~~~~~~
/scratch2/agustin/zephyr-chipyard-sw/zephyr_ws/zephyr/include/zephyr/posix/posix_limits.h:24:9: warning: "_POSIX_AIO_MAX" redefined
   24 | #define _POSIX_AIO_MAX                      (1)
      |         ^~~~~~~~~~~~~~
/scratch2/dima/zephyr-chipyard-sw-fresh/tools-manual/zephyr-sdk-1.0.0-beta1/gnu/riscv64-zephyr-elf/riscv64-zephyr-elf/sys-include/sys/syslimits.h:64:9: note: this is the location of the previous definition
   64 | #define _POSIX_AIO_MAX          1
      |         ^~~~~~~~~~~~~~
/scratch2/agustin/zephyr-chipyard-sw/zephyr_ws/zephyr/include/zephyr/posix/posix_limits.h:25:9: warning: "_POSIX_ARG_MAX" redefined
   25 | #define _POSIX_ARG_MAX                      (4096)
      |         ^~~~~~~~~~~~~~
/scratch2/dima/zephyr-chipyard-sw-fresh/tools-manual/zephyr-sdk-1.0.0-beta1/gnu/riscv64-zephyr-elf/riscv64-zephyr-elf/sys-include/sys/syslimits.h:65:9: note: this is the location of the previous definition
   65 | #define _POSIX_ARG_MAX          4096
      |         ^~~~~~~~~~~~~~
/scratch2/agustin/zephyr-chipyard-sw/zephyr_ws/zephyr/include/zephyr/posix/posix_limits.h:26:9: warning: "_POSIX_CHILD_MAX" redefined
   26 | #define _POSIX_CHILD_MAX                    (25)
      |         ^~~~~~~~~~~~~~~~
/scratch2/dima/zephyr-chipyard-sw-fresh/tools-manual/zephyr-sdk-1.0.0-beta1/gnu/riscv64-zephyr-elf/riscv64-zephyr-elf/sys-include/sys/syslimits.h:66:9: note: this is the location of the previous definition
   66 | #define _POSIX_CHILD_MAX        6
      |         ^~~~~~~~~~~~~~~~
/scratch2/agustin/zephyr-chipyard-sw/zephyr_ws/zephyr/include/zephyr/posix/posix_limits.h:27:9: warning: "_POSIX_DELAYTIMER_MAX" redefined
   27 | #define _POSIX_DELAYTIMER_MAX               (32)
      |         ^~~~~~~~~~~~~~~~~~~~~
/scratch2/dima/zephyr-chipyard-sw-fresh/tools-manual/zephyr-sdk-1.0.0-beta1/gnu/riscv64-zephyr-elf/riscv64-zephyr-elf/sys-include/sys/syslimits.h:67:9: note: this is the location of the previous definition
   67 | #define _POSIX_DELAYTIMER_MAX   32
      |         ^~~~~~~~~~~~~~~~~~~~~
/scratch2/agustin/zephyr-chipyard-sw/zephyr_ws/zephyr/include/zephyr/posix/posix_limits.h:28:9: warning: "_POSIX_HOST_NAME_MAX" redefined
   28 | #define _POSIX_HOST_NAME_MAX                (255)
      |         ^~~~~~~~~~~~~~~~~~~~
/scratch2/dima/zephyr-chipyard-sw-fresh/tools-manual/zephyr-sdk-1.0.0-beta1/gnu/riscv64-zephyr-elf/riscv64-zephyr-elf/sys-include/sys/syslimits.h:68:9: note: this is the location of the previous definition
   68 | #define _POSIX_HOST_NAME_MAX    255
      |         ^~~~~~~~~~~~~~~~~~~~
/scratch2/agustin/zephyr-chipyard-sw/zephyr_ws/zephyr/include/zephyr/posix/posix_limits.h:29:9: warning: "_POSIX_LINK_MAX" redefined
   29 | #define _POSIX_LINK_MAX                     (8)
      |         ^~~~~~~~~~~~~~~
/scratch2/dima/zephyr-chipyard-sw-fresh/tools-manual/zephyr-sdk-1.0.0-beta1/gnu/riscv64-zephyr-elf/riscv64-zephyr-elf/sys-include/sys/syslimits.h:69:9: note: this is the location of the previous definition
   69 | #define _POSIX_LINK_MAX         8
      |         ^~~~~~~~~~~~~~~
/scratch2/agustin/zephyr-chipyard-sw/zephyr_ws/zephyr/include/zephyr/posix/posix_limits.h:30:9: warning: "_POSIX_LOGIN_NAME_MAX" redefined
   30 | #define _POSIX_LOGIN_NAME_MAX               (9)
      |         ^~~~~~~~~~~~~~~~~~~~~
/scratch2/dima/zephyr-chipyard-sw-fresh/tools-manual/zephyr-sdk-1.0.0-beta1/gnu/riscv64-zephyr-elf/riscv64-zephyr-elf/sys-include/sys/syslimits.h:70:9: note: this is the location of the previous definition
   70 | #define _POSIX_LOGIN_NAME_MAX   9
      |         ^~~~~~~~~~~~~~~~~~~~~
/scratch2/agustin/zephyr-chipyard-sw/zephyr_ws/zephyr/include/zephyr/posix/posix_limits.h:31:9: warning: "_POSIX_MAX_CANON" redefined
   31 | #define _POSIX_MAX_CANON                    (255)
      |         ^~~~~~~~~~~~~~~~
/scratch2/dima/zephyr-chipyard-sw-fresh/tools-manual/zephyr-sdk-1.0.0-beta1/gnu/riscv64-zephyr-elf/riscv64-zephyr-elf/sys-include/sys/syslimits.h:71:9: note: this is the location of the previous definition
   71 | #define _POSIX_MAX_CANON        255
      |         ^~~~~~~~~~~~~~~~
/scratch2/agustin/zephyr-chipyard-sw/zephyr_ws/zephyr/include/zephyr/posix/posix_limits.h:32:9: warning: "_POSIX_MAX_INPUT" redefined
   32 | #define _POSIX_MAX_INPUT                    (255)
      |         ^~~~~~~~~~~~~~~~
/scratch2/dima/zephyr-chipyard-sw-fresh/tools-manual/zephyr-sdk-1.0.0-beta1/gnu/riscv64-zephyr-elf/riscv64-zephyr-elf/sys-include/sys/syslimits.h:72:9: note: this is the location of the previous definition
   72 | #define _POSIX_MAX_INPUT        255
      |         ^~~~~~~~~~~~~~~~
/scratch2/agustin/zephyr-chipyard-sw/zephyr_ws/zephyr/include/zephyr/posix/posix_limits.h:33:9: warning: "_POSIX_MQ_OPEN_MAX" redefined
   33 | #define _POSIX_MQ_OPEN_MAX                  (8)
      |         ^~~~~~~~~~~~~~~~~~
/scratch2/dima/zephyr-chipyard-sw-fresh/tools-manual/zephyr-sdk-1.0.0-beta1/gnu/riscv64-zephyr-elf/riscv64-zephyr-elf/sys-include/sys/syslimits.h:73:9: note: this is the location of the previous definition
   73 | #define _POSIX_MQ_OPEN_MAX      8
      |         ^~~~~~~~~~~~~~~~~~
/scratch2/agustin/zephyr-chipyard-sw/zephyr_ws/zephyr/include/zephyr/posix/posix_limits.h:34:9: warning: "_POSIX_MQ_PRIO_MAX" redefined
   34 | #define _POSIX_MQ_PRIO_MAX                  (32)
      |         ^~~~~~~~~~~~~~~~~~
/scratch2/dima/zephyr-chipyard-sw-fresh/tools-manual/zephyr-sdk-1.0.0-beta1/gnu/riscv64-zephyr-elf/riscv64-zephyr-elf/sys-include/sys/syslimits.h:74:9: note: this is the location of the previous definition
   74 | #define _POSIX_MQ_PRIO_MAX      32
      |         ^~~~~~~~~~~~~~~~~~
/scratch2/agustin/zephyr-chipyard-sw/zephyr_ws/zephyr/include/zephyr/posix/posix_limits.h:35:9: warning: "_POSIX_NAME_MAX" redefined
   35 | #define _POSIX_NAME_MAX                     (14)
      |         ^~~~~~~~~~~~~~~
/scratch2/dima/zephyr-chipyard-sw-fresh/tools-manual/zephyr-sdk-1.0.0-beta1/gnu/riscv64-zephyr-elf/riscv64-zephyr-elf/sys-include/sys/syslimits.h:75:9: note: this is the location of the previous definition
   75 | #define _POSIX_NAME_MAX         14
      |         ^~~~~~~~~~~~~~~
/scratch2/agustin/zephyr-chipyard-sw/zephyr_ws/zephyr/include/zephyr/posix/posix_limits.h:36:9: warning: "_POSIX_NGROUPS_MAX" redefined
   36 | #define _POSIX_NGROUPS_MAX                  (8)
      |         ^~~~~~~~~~~~~~~~~~
/scratch2/dima/zephyr-chipyard-sw-fresh/tools-manual/zephyr-sdk-1.0.0-beta1/gnu/riscv64-zephyr-elf/riscv64-zephyr-elf/sys-include/sys/syslimits.h:76:9: note: this is the location of the previous definition
   76 | #define _POSIX_NGROUPS_MAX      0
      |         ^~~~~~~~~~~~~~~~~~
/scratch2/agustin/zephyr-chipyard-sw/zephyr_ws/zephyr/include/zephyr/posix/posix_limits.h:37:9: warning: "_POSIX_OPEN_MAX" redefined
   37 | #define _POSIX_OPEN_MAX                     (20)
      |         ^~~~~~~~~~~~~~~
/scratch2/dima/zephyr-chipyard-sw-fresh/tools-manual/zephyr-sdk-1.0.0-beta1/gnu/riscv64-zephyr-elf/riscv64-zephyr-elf/sys-include/sys/syslimits.h:77:9: note: this is the location of the previous definition
   77 | #define _POSIX_OPEN_MAX         16
      |         ^~~~~~~~~~~~~~~
/scratch2/agustin/zephyr-chipyard-sw/zephyr_ws/zephyr/include/zephyr/posix/posix_limits.h:38:9: warning: "_POSIX_PATH_MAX" redefined
   38 | #define _POSIX_PATH_MAX                     (256)
      |         ^~~~~~~~~~~~~~~
/scratch2/dima/zephyr-chipyard-sw-fresh/tools-manual/zephyr-sdk-1.0.0-beta1/gnu/riscv64-zephyr-elf/riscv64-zephyr-elf/sys-include/sys/syslimits.h:78:9: note: this is the location of the previous definition
   78 | #define _POSIX_PATH_MAX         255
      |         ^~~~~~~~~~~~~~~
/scratch2/agustin/zephyr-chipyard-sw/zephyr_ws/zephyr/include/zephyr/posix/posix_limits.h:39:9: warning: "_POSIX_PIPE_BUF" redefined
   39 | #define _POSIX_PIPE_BUF                     (512)
      |         ^~~~~~~~~~~~~~~
/scratch2/dima/zephyr-chipyard-sw-fresh/tools-manual/zephyr-sdk-1.0.0-beta1/gnu/riscv64-zephyr-elf/riscv64-zephyr-elf/sys-include/sys/syslimits.h:79:9: note: this is the location of the previous definition
   79 | #define _POSIX_PIPE_BUF         512
      |         ^~~~~~~~~~~~~~~
/scratch2/agustin/zephyr-chipyard-sw/zephyr_ws/zephyr/include/zephyr/posix/posix_limits.h:40:9: warning: "_POSIX_RE_DUP_MAX" redefined
   40 | #define _POSIX_RE_DUP_MAX                   (255)
      |         ^~~~~~~~~~~~~~~~~
/scratch2/dima/zephyr-chipyard-sw-fresh/tools-manual/zephyr-sdk-1.0.0-beta1/gnu/riscv64-zephyr-elf/riscv64-zephyr-elf/sys-include/sys/syslimits.h:80:9: note: this is the location of the previous definition
   80 | #define _POSIX_RE_DUP_MAX       255
      |         ^~~~~~~~~~~~~~~~~
/scratch2/agustin/zephyr-chipyard-sw/zephyr_ws/zephyr/include/zephyr/posix/posix_limits.h:41:9: warning: "_POSIX_RTSIG_MAX" redefined
   41 | #define _POSIX_RTSIG_MAX                    (8)
      |         ^~~~~~~~~~~~~~~~
/scratch2/dima/zephyr-chipyard-sw-fresh/tools-manual/zephyr-sdk-1.0.0-beta1/gnu/riscv64-zephyr-elf/riscv64-zephyr-elf/sys-include/sys/syslimits.h:81:9: note: this is the location of the previous definition
   81 | #define _POSIX_RTSIG_MAX        8
      |         ^~~~~~~~~~~~~~~~
/scratch2/agustin/zephyr-chipyard-sw/zephyr_ws/zephyr/include/zephyr/posix/posix_limits.h:42:9: warning: "_POSIX_SEM_NSEMS_MAX" redefined
   42 | #define _POSIX_SEM_NSEMS_MAX                (256)
      |         ^~~~~~~~~~~~~~~~~~~~
/scratch2/dima/zephyr-chipyard-sw-fresh/tools-manual/zephyr-sdk-1.0.0-beta1/gnu/riscv64-zephyr-elf/riscv64-zephyr-elf/sys-include/sys/syslimits.h:82:9: note: this is the location of the previous definition
   82 | #define _POSIX_SEM_NSEMS_MAX    256
      |         ^~~~~~~~~~~~~~~~~~~~
/scratch2/agustin/zephyr-chipyard-sw/zephyr_ws/zephyr/include/zephyr/posix/posix_limits.h:43:9: warning: "_POSIX_SEM_VALUE_MAX" redefined
   43 | #define _POSIX_SEM_VALUE_MAX                (32767)
      |         ^~~~~~~~~~~~~~~~~~~~
/scratch2/dima/zephyr-chipyard-sw-fresh/tools-manual/zephyr-sdk-1.0.0-beta1/gnu/riscv64-zephyr-elf/riscv64-zephyr-elf/sys-include/sys/syslimits.h:83:9: note: this is the location of the previous definition
   83 | #define _POSIX_SEM_VALUE_MAX    32767
      |         ^~~~~~~~~~~~~~~~~~~~
/scratch2/agustin/zephyr-chipyard-sw/zephyr_ws/zephyr/include/zephyr/posix/posix_limits.h:44:9: warning: "_POSIX_SIGQUEUE_MAX" redefined
   44 | #define _POSIX_SIGQUEUE_MAX                 (32)
      |         ^~~~~~~~~~~~~~~~~~~
/scratch2/dima/zephyr-chipyard-sw-fresh/tools-manual/zephyr-sdk-1.0.0-beta1/gnu/riscv64-zephyr-elf/riscv64-zephyr-elf/sys-include/sys/syslimits.h:84:9: note: this is the location of the previous definition
   84 | #define _POSIX_SIGQUEUE_MAX     32
      |         ^~~~~~~~~~~~~~~~~~~
/scratch2/agustin/zephyr-chipyard-sw/zephyr_ws/zephyr/include/zephyr/posix/posix_limits.h:45:9: warning: "_POSIX_SSIZE_MAX" redefined
   45 | #define _POSIX_SSIZE_MAX                    (32767)
      |         ^~~~~~~~~~~~~~~~
/scratch2/dima/zephyr-chipyard-sw-fresh/tools-manual/zephyr-sdk-1.0.0-beta1/gnu/riscv64-zephyr-elf/riscv64-zephyr-elf/sys-include/sys/syslimits.h:85:9: note: this is the location of the previous definition
   85 | #define _POSIX_SSIZE_MAX        32767
      |         ^~~~~~~~~~~~~~~~
/scratch2/agustin/zephyr-chipyard-sw/zephyr_ws/zephyr/include/zephyr/posix/posix_limits.h:46:9: warning: "_POSIX_SS_REPL_MAX" redefined
   46 | #define _POSIX_SS_REPL_MAX                  (4)
      |         ^~~~~~~~~~~~~~~~~~
/scratch2/dima/zephyr-chipyard-sw-fresh/tools-manual/zephyr-sdk-1.0.0-beta1/gnu/riscv64-zephyr-elf/riscv64-zephyr-elf/sys-include/sys/syslimits.h:86:9: note: this is the location of the previous definition
   86 | #define _POSIX_SS_REPL_MAX      4
      |         ^~~~~~~~~~~~~~~~~~
/scratch2/agustin/zephyr-chipyard-sw/zephyr_ws/zephyr/include/zephyr/posix/posix_limits.h:47:9: warning: "_POSIX_STREAM_MAX" redefined
   47 | #define _POSIX_STREAM_MAX                   (8)
      |         ^~~~~~~~~~~~~~~~~
/scratch2/dima/zephyr-chipyard-sw-fresh/tools-manual/zephyr-sdk-1.0.0-beta1/gnu/riscv64-zephyr-elf/riscv64-zephyr-elf/sys-include/sys/syslimits.h:87:9: note: this is the location of the previous definition
   87 | #define _POSIX_STREAM_MAX       8
      |         ^~~~~~~~~~~~~~~~~
/scratch2/agustin/zephyr-chipyard-sw/zephyr_ws/zephyr/include/zephyr/posix/posix_limits.h:48:9: warning: "_POSIX_SYMLINK_MAX" redefined
   48 | #define _POSIX_SYMLINK_MAX                  (255)
      |         ^~~~~~~~~~~~~~~~~~
/scratch2/dima/zephyr-chipyard-sw-fresh/tools-manual/zephyr-sdk-1.0.0-beta1/gnu/riscv64-zephyr-elf/riscv64-zephyr-elf/sys-include/sys/syslimits.h:88:9: note: this is the location of the previous definition
   88 | #define _POSIX_SYMLINK_MAX      255
      |         ^~~~~~~~~~~~~~~~~~
/scratch2/agustin/zephyr-chipyard-sw/zephyr_ws/zephyr/include/zephyr/posix/posix_limits.h:49:9: warning: "_POSIX_SYMLOOP_MAX" redefined
   49 | #define _POSIX_SYMLOOP_MAX                  (8)
      |         ^~~~~~~~~~~~~~~~~~
/scratch2/dima/zephyr-chipyard-sw-fresh/tools-manual/zephyr-sdk-1.0.0-beta1/gnu/riscv64-zephyr-elf/riscv64-zephyr-elf/sys-include/sys/syslimits.h:89:9: note: this is the location of the previous definition
   89 | #define _POSIX_SYMLOOP_MAX      8
      |         ^~~~~~~~~~~~~~~~~~
/scratch2/agustin/zephyr-chipyard-sw/zephyr_ws/zephyr/include/zephyr/posix/posix_limits.h:50:9: warning: "_POSIX_THREAD_DESTRUCTOR_ITERATIONS" redefined
   50 | #define _POSIX_THREAD_DESTRUCTOR_ITERATIONS (4)
      |         ^~~~~~~~~~~~~~~~~~~~~~~~~~~~~~~~~~~
/scratch2/dima/zephyr-chipyard-sw-fresh/tools-manual/zephyr-sdk-1.0.0-beta1/gnu/riscv64-zephyr-elf/riscv64-zephyr-elf/sys-include/sys/syslimits.h:90:9: note: this is the location of the previous definition
   90 | #define _POSIX_THREAD_DESTRUCTOR_ITERATIONS     4
      |         ^~~~~~~~~~~~~~~~~~~~~~~~~~~~~~~~~~~
/scratch2/agustin/zephyr-chipyard-sw/zephyr_ws/zephyr/include/zephyr/posix/posix_limits.h:51:9: warning: "_POSIX_THREAD_KEYS_MAX" redefined
   51 | #define _POSIX_THREAD_KEYS_MAX              (128)
      |         ^~~~~~~~~~~~~~~~~~~~~~
/scratch2/dima/zephyr-chipyard-sw-fresh/tools-manual/zephyr-sdk-1.0.0-beta1/gnu/riscv64-zephyr-elf/riscv64-zephyr-elf/sys-include/sys/syslimits.h:91:9: note: this is the location of the previous definition
   91 | #define _POSIX_THREAD_KEYS_MAX  128
      |         ^~~~~~~~~~~~~~~~~~~~~~
/scratch2/agustin/zephyr-chipyard-sw/zephyr_ws/zephyr/include/zephyr/posix/posix_limits.h:52:9: warning: "_POSIX_THREAD_THREADS_MAX" redefined
   52 | #define _POSIX_THREAD_THREADS_MAX           (64)
      |         ^~~~~~~~~~~~~~~~~~~~~~~~~
/scratch2/dima/zephyr-chipyard-sw-fresh/tools-manual/zephyr-sdk-1.0.0-beta1/gnu/riscv64-zephyr-elf/riscv64-zephyr-elf/sys-include/sys/syslimits.h:92:9: note: this is the location of the previous definition
   92 | #define _POSIX_THREAD_THREADS_MAX       64
      |         ^~~~~~~~~~~~~~~~~~~~~~~~~
/scratch2/agustin/zephyr-chipyard-sw/zephyr_ws/zephyr/include/zephyr/posix/posix_limits.h:53:9: warning: "_POSIX_TIMER_MAX" redefined
   53 | #define _POSIX_TIMER_MAX                    (32)
      |         ^~~~~~~~~~~~~~~~
/scratch2/dima/zephyr-chipyard-sw-fresh/tools-manual/zephyr-sdk-1.0.0-beta1/gnu/riscv64-zephyr-elf/riscv64-zephyr-elf/sys-include/sys/syslimits.h:93:9: note: this is the location of the previous definition
   93 | #define _POSIX_TIMER_MAX        32
      |         ^~~~~~~~~~~~~~~~
/scratch2/agustin/zephyr-chipyard-sw/zephyr_ws/zephyr/include/zephyr/posix/posix_limits.h:54:9: warning: "_POSIX_TRACE_EVENT_NAME_MAX" redefined
   54 | #define _POSIX_TRACE_EVENT_NAME_MAX         (30)
      |         ^~~~~~~~~~~~~~~~~~~~~~~~~~~
/scratch2/dima/zephyr-chipyard-sw-fresh/tools-manual/zephyr-sdk-1.0.0-beta1/gnu/riscv64-zephyr-elf/riscv64-zephyr-elf/sys-include/sys/syslimits.h:94:9: note: this is the location of the previous definition
   94 | #define _POSIX_TRACE_EVENT_NAME_MAX     30
      |         ^~~~~~~~~~~~~~~~~~~~~~~~~~~
/scratch2/agustin/zephyr-chipyard-sw/zephyr_ws/zephyr/include/zephyr/posix/posix_limits.h:55:9: warning: "_POSIX_TRACE_NAME_MAX" redefined
   55 | #define _POSIX_TRACE_NAME_MAX               (8)
      |         ^~~~~~~~~~~~~~~~~~~~~
/scratch2/dima/zephyr-chipyard-sw-fresh/tools-manual/zephyr-sdk-1.0.0-beta1/gnu/riscv64-zephyr-elf/riscv64-zephyr-elf/sys-include/sys/syslimits.h:95:9: note: this is the location of the previous definition
   95 | #define _POSIX_TRACE_NAME_MAX   8
      |         ^~~~~~~~~~~~~~~~~~~~~
/scratch2/agustin/zephyr-chipyard-sw/zephyr_ws/zephyr/include/zephyr/posix/posix_limits.h:56:9: warning: "_POSIX_TRACE_SYS_MAX" redefined
   56 | #define _POSIX_TRACE_SYS_MAX                (8)
      |         ^~~~~~~~~~~~~~~~~~~~
/scratch2/dima/zephyr-chipyard-sw-fresh/tools-manual/zephyr-sdk-1.0.0-beta1/gnu/riscv64-zephyr-elf/riscv64-zephyr-elf/sys-include/sys/syslimits.h:96:9: note: this is the location of the previous definition
   96 | #define _POSIX_TRACE_SYS_MAX    8
      |         ^~~~~~~~~~~~~~~~~~~~
/scratch2/agustin/zephyr-chipyard-sw/zephyr_ws/zephyr/include/zephyr/posix/posix_limits.h:57:9: warning: "_POSIX_TRACE_USER_EVENT_MAX" redefined
   57 | #define _POSIX_TRACE_USER_EVENT_MAX         (32)
      |         ^~~~~~~~~~~~~~~~~~~~~~~~~~~
/scratch2/dima/zephyr-chipyard-sw-fresh/tools-manual/zephyr-sdk-1.0.0-beta1/gnu/riscv64-zephyr-elf/riscv64-zephyr-elf/sys-include/sys/syslimits.h:97:9: note: this is the location of the previous definition
   97 | #define _POSIX_TRACE_USER_EVENT_MAX     32
      |         ^~~~~~~~~~~~~~~~~~~~~~~~~~~
/scratch2/agustin/zephyr-chipyard-sw/zephyr_ws/zephyr/include/zephyr/posix/posix_limits.h:58:9: warning: "_POSIX_TTY_NAME_MAX" redefined
   58 | #define _POSIX_TTY_NAME_MAX                 (9)
      |         ^~~~~~~~~~~~~~~~~~~
/scratch2/dima/zephyr-chipyard-sw-fresh/tools-manual/zephyr-sdk-1.0.0-beta1/gnu/riscv64-zephyr-elf/riscv64-zephyr-elf/sys-include/sys/syslimits.h:98:9: note: this is the location of the previous definition
   98 | #define _POSIX_TTY_NAME_MAX     9
      |         ^~~~~~~~~~~~~~~~~~~
/scratch2/agustin/zephyr-chipyard-sw/zephyr_ws/zephyr/include/zephyr/posix/posix_limits.h:59:9: warning: "_POSIX_TZNAME_MAX" redefined
   59 | #define _POSIX_TZNAME_MAX                   (6)
      |         ^~~~~~~~~~~~~~~~~
/scratch2/dima/zephyr-chipyard-sw-fresh/tools-manual/zephyr-sdk-1.0.0-beta1/gnu/riscv64-zephyr-elf/riscv64-zephyr-elf/sys-include/sys/syslimits.h:99:9: note: this is the location of the previous definition
   99 | #define _POSIX_TZNAME_MAX       3
      |         ^~~~~~~~~~~~~~~~~
/scratch2/agustin/zephyr-chipyard-sw/zephyr_ws/zephyr/include/zephyr/posix/posix_limits.h:60:9: warning: "_POSIX2_BC_BASE_MAX" redefined
   60 | #define _POSIX2_BC_BASE_MAX                 (99)
      |         ^~~~~~~~~~~~~~~~~~~
/scratch2/dima/zephyr-chipyard-sw-fresh/tools-manual/zephyr-sdk-1.0.0-beta1/gnu/riscv64-zephyr-elf/riscv64-zephyr-elf/sys-include/sys/syslimits.h:100:9: note: this is the location of the previous definition
  100 | #define _POSIX2_BC_BASE_MAX     99
      |         ^~~~~~~~~~~~~~~~~~~
/scratch2/agustin/zephyr-chipyard-sw/zephyr_ws/zephyr/include/zephyr/posix/posix_limits.h:61:9: warning: "_POSIX2_BC_DIM_MAX" redefined
   61 | #define _POSIX2_BC_DIM_MAX                  (2048)
      |         ^~~~~~~~~~~~~~~~~~
/scratch2/dima/zephyr-chipyard-sw-fresh/tools-manual/zephyr-sdk-1.0.0-beta1/gnu/riscv64-zephyr-elf/riscv64-zephyr-elf/sys-include/sys/syslimits.h:101:9: note: this is the location of the previous definition
  101 | #define _POSIX2_BC_DIM_MAX      2048
      |         ^~~~~~~~~~~~~~~~~~
/scratch2/agustin/zephyr-chipyard-sw/zephyr_ws/zephyr/include/zephyr/posix/posix_limits.h:62:9: warning: "_POSIX2_BC_SCALE_MAX" redefined
   62 | #define _POSIX2_BC_SCALE_MAX                (99)
      |         ^~~~~~~~~~~~~~~~~~~~
/scratch2/dima/zephyr-chipyard-sw-fresh/tools-manual/zephyr-sdk-1.0.0-beta1/gnu/riscv64-zephyr-elf/riscv64-zephyr-elf/sys-include/sys/syslimits.h:102:9: note: this is the location of the previous definition
  102 | #define _POSIX2_BC_SCALE_MAX    99
      |         ^~~~~~~~~~~~~~~~~~~~
/scratch2/agustin/zephyr-chipyard-sw/zephyr_ws/zephyr/include/zephyr/posix/posix_limits.h:63:9: warning: "_POSIX2_BC_STRING_MAX" redefined
   63 | #define _POSIX2_BC_STRING_MAX               (1000)
      |         ^~~~~~~~~~~~~~~~~~~~~
/scratch2/dima/zephyr-chipyard-sw-fresh/tools-manual/zephyr-sdk-1.0.0-beta1/gnu/riscv64-zephyr-elf/riscv64-zephyr-elf/sys-include/sys/syslimits.h:103:9: note: this is the location of the previous definition
  103 | #define _POSIX2_BC_STRING_MAX   1000
      |         ^~~~~~~~~~~~~~~~~~~~~
/scratch2/agustin/zephyr-chipyard-sw/zephyr_ws/zephyr/include/zephyr/posix/posix_limits.h:64:9: warning: "_POSIX2_CHARCLASS_NAME_MAX" redefined
   64 | #define _POSIX2_CHARCLASS_NAME_MAX          (14)
      |         ^~~~~~~~~~~~~~~~~~~~~~~~~~
/scratch2/dima/zephyr-chipyard-sw-fresh/tools-manual/zephyr-sdk-1.0.0-beta1/gnu/riscv64-zephyr-elf/riscv64-zephyr-elf/sys-include/sys/syslimits.h:104:9: note: this is the location of the previous definition
  104 | #define _POSIX2_CHARCLASS_NAME_MAX      14
      |         ^~~~~~~~~~~~~~~~~~~~~~~~~~
/scratch2/agustin/zephyr-chipyard-sw/zephyr_ws/zephyr/include/zephyr/posix/posix_limits.h:65:9: warning: "_POSIX2_COLL_WEIGHTS_MAX" redefined
   65 | #define _POSIX2_COLL_WEIGHTS_MAX            (2)
      |         ^~~~~~~~~~~~~~~~~~~~~~~~
/scratch2/dima/zephyr-chipyard-sw-fresh/tools-manual/zephyr-sdk-1.0.0-beta1/gnu/riscv64-zephyr-elf/riscv64-zephyr-elf/sys-include/sys/syslimits.h:105:9: note: this is the location of the previous definition
  105 | #define _POSIX2_COLL_WEIGHTS_MAX        2
      |         ^~~~~~~~~~~~~~~~~~~~~~~~
/scratch2/agustin/zephyr-chipyard-sw/zephyr_ws/zephyr/include/zephyr/posix/posix_limits.h:66:9: warning: "_POSIX2_EXPR_NEST_MAX" redefined
   66 | #define _POSIX2_EXPR_NEST_MAX               (32)
      |         ^~~~~~~~~~~~~~~~~~~~~
/scratch2/dima/zephyr-chipyard-sw-fresh/tools-manual/zephyr-sdk-1.0.0-beta1/gnu/riscv64-zephyr-elf/riscv64-zephyr-elf/sys-include/sys/syslimits.h:106:9: note: this is the location of the previous definition
  106 | #define _POSIX2_EXPR_NEST_MAX   32
      |         ^~~~~~~~~~~~~~~~~~~~~
/scratch2/agustin/zephyr-chipyard-sw/zephyr_ws/zephyr/include/zephyr/posix/posix_limits.h:67:9: warning: "_POSIX2_LINE_MAX" redefined
   67 | #define _POSIX2_LINE_MAX                    (2048)
      |         ^~~~~~~~~~~~~~~~
/scratch2/dima/zephyr-chipyard-sw-fresh/tools-manual/zephyr-sdk-1.0.0-beta1/gnu/riscv64-zephyr-elf/riscv64-zephyr-elf/sys-include/sys/syslimits.h:107:9: note: this is the location of the previous definition
  107 | #define _POSIX2_LINE_MAX        2048
      |         ^~~~~~~~~~~~~~~~
/scratch2/agustin/zephyr-chipyard-sw/zephyr_ws/zephyr/include/zephyr/posix/posix_limits.h:83:9: warning: "ARG_MAX" redefined
   83 | #define ARG_MAX                       _POSIX_ARG_MAX
      |         ^~~~~~~
/scratch2/dima/zephyr-chipyard-sw-fresh/tools-manual/zephyr-sdk-1.0.0-beta1/gnu/riscv64-zephyr-elf/riscv64-zephyr-elf/sys-include/sys/syslimits.h:41:9: note: this is the location of the previous definition
   41 | #define ARG_MAX                 65536   /* max bytes for an exec function */
      |         ^~~~~~~
/scratch2/agustin/zephyr-chipyard-sw/zephyr_ws/zephyr/include/zephyr/posix/posix_limits.h:84:9: warning: "ATEXIT_MAX" redefined
   84 | #define ATEXIT_MAX                    (32)
      |         ^~~~~~~~~~
/scratch2/dima/zephyr-chipyard-sw-fresh/tools-manual/zephyr-sdk-1.0.0-beta1/gnu/riscv64-zephyr-elf/riscv64-zephyr-elf/sys-include/sys/syslimits.h:42:9: note: this is the location of the previous definition
   42 | #define ATEXIT_MAX                 32   /* max atexit functions */
      |         ^~~~~~~~~~
/scratch2/agustin/zephyr-chipyard-sw/zephyr_ws/zephyr/include/zephyr/posix/posix_limits.h:93:9: warning: "OPEN_MAX" redefined
   93 | #define OPEN_MAX                      CONFIG_POSIX_OPEN_MAX
      |         ^~~~~~~~
/scratch2/dima/zephyr-chipyard-sw-fresh/tools-manual/zephyr-sdk-1.0.0-beta1/gnu/riscv64-zephyr-elf/riscv64-zephyr-elf/sys-include/sys/syslimits.h:45:9: note: this is the location of the previous definition
   45 | #define OPEN_MAX                   64   /* max open files per process */
      |         ^~~~~~~~
/scratch2/agustin/zephyr-chipyard-sw/zephyr_ws/zephyr/include/zephyr/posix/posix_limits.h:96:9: warning: "PATH_MAX" redefined
   96 | #define PATH_MAX                      _POSIX_PATH_MAX
      |         ^~~~~~~~
/scratch2/dima/zephyr-chipyard-sw-fresh/tools-manual/zephyr-sdk-1.0.0-beta1/gnu/riscv64-zephyr-elf/riscv64-zephyr-elf/sys-include/sys/syslimits.h:53:9: note: this is the location of the previous definition
   53 | #define PATH_MAX                 1024   /* max bytes in pathname */
      |         ^~~~~~~~
/scratch2/agustin/zephyr-chipyard-sw/zephyr_ws/zephyr/include/zephyr/posix/posix_limits.h:114:9: warning: "TZNAME_MAX" redefined
  114 | #define TZNAME_MAX                    _POSIX_TZNAME_MAX
      |         ^~~~~~~~~~
/scratch2/dima/zephyr-chipyard-sw-fresh/tools-manual/zephyr-sdk-1.0.0-beta1/gnu/riscv64-zephyr-elf/riscv64-zephyr-elf/sys-include/sys/syslimits.h:46:9: note: this is the location of the previous definition
   46 | #define TZNAME_MAX                 10   /* max time zone name length */
      |         ^~~~~~~~~~
[106/202] Building C object zephyr/drivers/interrupt_controller/CMakeFiles/drivers__interrupt_controller.dir/intc_plic.c.obj
[107/202] Linking C static library zephyr/subsys/timing/libsubsys__timing.a
[108/202] Building C object zephyr/lib/posix/options/CMakeFiles/lib__posix__options.dir/barrier.c.obj
In file included from /scratch2/agustin/zephyr-chipyard-sw/zephyr_ws/zephyr/include/zephyr/posix/sys/sysconf.h:11,
                 from /scratch2/agustin/zephyr-chipyard-sw/zephyr_ws/zephyr/include/zephyr/posix/unistd.h:18,
                 from /scratch2/agustin/zephyr-chipyard-sw/zephyr_ws/zephyr/include/zephyr/posix/pthread.h:15,
                 from /scratch2/agustin/zephyr-chipyard-sw/zephyr_ws/zephyr/lib/posix/options/posix_internal.h:15,
                 from /scratch2/agustin/zephyr-chipyard-sw/zephyr_ws/zephyr/lib/posix/options/barrier.c:8:
/scratch2/agustin/zephyr-chipyard-sw/zephyr_ws/zephyr/include/zephyr/posix/posix_limits.h:23:9: warning: "_POSIX_AIO_LISTIO_MAX" redefined
   23 | #define _POSIX_AIO_LISTIO_MAX               (2)
      |         ^~~~~~~~~~~~~~~~~~~~~
In file included from /scratch2/dima/zephyr-chipyard-sw-fresh/tools-manual/zephyr-sdk-1.0.0-beta1/gnu/riscv64-zephyr-elf/riscv64-zephyr-elf/sys-include/limits.h:6,
                 from /scratch2/dima/zephyr-chipyard-sw-fresh/tools-manual/zephyr-sdk-1.0.0-beta1/gnu/riscv64-zephyr-elf/lib/gcc/riscv64-zephyr-elf/14.3.0/include/limits.h:210,
                 from /scratch2/dima/zephyr-chipyard-sw-fresh/tools-manual/zephyr-sdk-1.0.0-beta1/gnu/riscv64-zephyr-elf/lib/gcc/riscv64-zephyr-elf/14.3.0/include/syslimits.h:7,
                 from /scratch2/dima/zephyr-chipyard-sw-fresh/tools-manual/zephyr-sdk-1.0.0-beta1/gnu/riscv64-zephyr-elf/lib/gcc/riscv64-zephyr-elf/14.3.0/include/limits.h:34,
                 from /scratch2/agustin/zephyr-chipyard-sw/zephyr_ws/zephyr/include/zephyr/kernel_includes.h:22,
                 from /scratch2/agustin/zephyr-chipyard-sw/zephyr_ws/zephyr/include/zephyr/kernel.h:17,
                 from /scratch2/agustin/zephyr-chipyard-sw/zephyr_ws/zephyr/lib/posix/options/posix_internal.h:14:
/scratch2/dima/zephyr-chipyard-sw-fresh/tools-manual/zephyr-sdk-1.0.0-beta1/gnu/riscv64-zephyr-elf/riscv64-zephyr-elf/sys-include/sys/syslimits.h:63:9: note: this is the location of the previous definition
   63 | #define _POSIX_AIO_LISTIO_MAX   2
      |         ^~~~~~~~~~~~~~~~~~~~~
/scratch2/agustin/zephyr-chipyard-sw/zephyr_ws/zephyr/include/zephyr/posix/posix_limits.h:24:9: warning: "_POSIX_AIO_MAX" redefined
   24 | #define _POSIX_AIO_MAX                      (1)
      |         ^~~~~~~~~~~~~~
/scratch2/dima/zephyr-chipyard-sw-fresh/tools-manual/zephyr-sdk-1.0.0-beta1/gnu/riscv64-zephyr-elf/riscv64-zephyr-elf/sys-include/sys/syslimits.h:64:9: note: this is the location of the previous definition
   64 | #define _POSIX_AIO_MAX          1
      |         ^~~~~~~~~~~~~~
/scratch2/agustin/zephyr-chipyard-sw/zephyr_ws/zephyr/include/zephyr/posix/posix_limits.h:25:9: warning: "_POSIX_ARG_MAX" redefined
   25 | #define _POSIX_ARG_MAX                      (4096)
      |         ^~~~~~~~~~~~~~
/scratch2/dima/zephyr-chipyard-sw-fresh/tools-manual/zephyr-sdk-1.0.0-beta1/gnu/riscv64-zephyr-elf/riscv64-zephyr-elf/sys-include/sys/syslimits.h:65:9: note: this is the location of the previous definition
   65 | #define _POSIX_ARG_MAX          4096
      |         ^~~~~~~~~~~~~~
/scratch2/agustin/zephyr-chipyard-sw/zephyr_ws/zephyr/include/zephyr/posix/posix_limits.h:26:9: warning: "_POSIX_CHILD_MAX" redefined
   26 | #define _POSIX_CHILD_MAX                    (25)
      |         ^~~~~~~~~~~~~~~~
/scratch2/dima/zephyr-chipyard-sw-fresh/tools-manual/zephyr-sdk-1.0.0-beta1/gnu/riscv64-zephyr-elf/riscv64-zephyr-elf/sys-include/sys/syslimits.h:66:9: note: this is the location of the previous definition
   66 | #define _POSIX_CHILD_MAX        6
      |         ^~~~~~~~~~~~~~~~
/scratch2/agustin/zephyr-chipyard-sw/zephyr_ws/zephyr/include/zephyr/posix/posix_limits.h:27:9: warning: "_POSIX_DELAYTIMER_MAX" redefined
   27 | #define _POSIX_DELAYTIMER_MAX               (32)
      |         ^~~~~~~~~~~~~~~~~~~~~
/scratch2/dima/zephyr-chipyard-sw-fresh/tools-manual/zephyr-sdk-1.0.0-beta1/gnu/riscv64-zephyr-elf/riscv64-zephyr-elf/sys-include/sys/syslimits.h:67:9: note: this is the location of the previous definition
   67 | #define _POSIX_DELAYTIMER_MAX   32
      |         ^~~~~~~~~~~~~~~~~~~~~
/scratch2/agustin/zephyr-chipyard-sw/zephyr_ws/zephyr/include/zephyr/posix/posix_limits.h:28:9: warning: "_POSIX_HOST_NAME_MAX" redefined
   28 | #define _POSIX_HOST_NAME_MAX                (255)
      |         ^~~~~~~~~~~~~~~~~~~~
/scratch2/dima/zephyr-chipyard-sw-fresh/tools-manual/zephyr-sdk-1.0.0-beta1/gnu/riscv64-zephyr-elf/riscv64-zephyr-elf/sys-include/sys/syslimits.h:68:9: note: this is the location of the previous definition
   68 | #define _POSIX_HOST_NAME_MAX    255
      |         ^~~~~~~~~~~~~~~~~~~~
/scratch2/agustin/zephyr-chipyard-sw/zephyr_ws/zephyr/include/zephyr/posix/posix_limits.h:29:9: warning: "_POSIX_LINK_MAX" redefined
   29 | #define _POSIX_LINK_MAX                     (8)
      |         ^~~~~~~~~~~~~~~
/scratch2/dima/zephyr-chipyard-sw-fresh/tools-manual/zephyr-sdk-1.0.0-beta1/gnu/riscv64-zephyr-elf/riscv64-zephyr-elf/sys-include/sys/syslimits.h:69:9: note: this is the location of the previous definition
   69 | #define _POSIX_LINK_MAX         8
      |         ^~~~~~~~~~~~~~~
/scratch2/agustin/zephyr-chipyard-sw/zephyr_ws/zephyr/include/zephyr/posix/posix_limits.h:30:9: warning: "_POSIX_LOGIN_NAME_MAX" redefined
   30 | #define _POSIX_LOGIN_NAME_MAX               (9)
      |         ^~~~~~~~~~~~~~~~~~~~~
/scratch2/dima/zephyr-chipyard-sw-fresh/tools-manual/zephyr-sdk-1.0.0-beta1/gnu/riscv64-zephyr-elf/riscv64-zephyr-elf/sys-include/sys/syslimits.h:70:9: note: this is the location of the previous definition
   70 | #define _POSIX_LOGIN_NAME_MAX   9
      |         ^~~~~~~~~~~~~~~~~~~~~
/scratch2/agustin/zephyr-chipyard-sw/zephyr_ws/zephyr/include/zephyr/posix/posix_limits.h:31:9: warning: "_POSIX_MAX_CANON" redefined
   31 | #define _POSIX_MAX_CANON                    (255)
      |         ^~~~~~~~~~~~~~~~
/scratch2/dima/zephyr-chipyard-sw-fresh/tools-manual/zephyr-sdk-1.0.0-beta1/gnu/riscv64-zephyr-elf/riscv64-zephyr-elf/sys-include/sys/syslimits.h:71:9: note: this is the location of the previous definition
   71 | #define _POSIX_MAX_CANON        255
      |         ^~~~~~~~~~~~~~~~
/scratch2/agustin/zephyr-chipyard-sw/zephyr_ws/zephyr/include/zephyr/posix/posix_limits.h:32:9: warning: "_POSIX_MAX_INPUT" redefined
   32 | #define _POSIX_MAX_INPUT                    (255)
      |         ^~~~~~~~~~~~~~~~
/scratch2/dima/zephyr-chipyard-sw-fresh/tools-manual/zephyr-sdk-1.0.0-beta1/gnu/riscv64-zephyr-elf/riscv64-zephyr-elf/sys-include/sys/syslimits.h:72:9: note: this is the location of the previous definition
   72 | #define _POSIX_MAX_INPUT        255
      |         ^~~~~~~~~~~~~~~~
/scratch2/agustin/zephyr-chipyard-sw/zephyr_ws/zephyr/include/zephyr/posix/posix_limits.h:33:9: warning: "_POSIX_MQ_OPEN_MAX" redefined
   33 | #define _POSIX_MQ_OPEN_MAX                  (8)
      |         ^~~~~~~~~~~~~~~~~~
/scratch2/dima/zephyr-chipyard-sw-fresh/tools-manual/zephyr-sdk-1.0.0-beta1/gnu/riscv64-zephyr-elf/riscv64-zephyr-elf/sys-include/sys/syslimits.h:73:9: note: this is the location of the previous definition
   73 | #define _POSIX_MQ_OPEN_MAX      8
      |         ^~~~~~~~~~~~~~~~~~
/scratch2/agustin/zephyr-chipyard-sw/zephyr_ws/zephyr/include/zephyr/posix/posix_limits.h:34:9: warning: "_POSIX_MQ_PRIO_MAX" redefined
   34 | #define _POSIX_MQ_PRIO_MAX                  (32)
      |         ^~~~~~~~~~~~~~~~~~
/scratch2/dima/zephyr-chipyard-sw-fresh/tools-manual/zephyr-sdk-1.0.0-beta1/gnu/riscv64-zephyr-elf/riscv64-zephyr-elf/sys-include/sys/syslimits.h:74:9: note: this is the location of the previous definition
   74 | #define _POSIX_MQ_PRIO_MAX      32
      |         ^~~~~~~~~~~~~~~~~~
/scratch2/agustin/zephyr-chipyard-sw/zephyr_ws/zephyr/include/zephyr/posix/posix_limits.h:35:9: warning: "_POSIX_NAME_MAX" redefined
   35 | #define _POSIX_NAME_MAX                     (14)
      |         ^~~~~~~~~~~~~~~
/scratch2/dima/zephyr-chipyard-sw-fresh/tools-manual/zephyr-sdk-1.0.0-beta1/gnu/riscv64-zephyr-elf/riscv64-zephyr-elf/sys-include/sys/syslimits.h:75:9: note: this is the location of the previous definition
   75 | #define _POSIX_NAME_MAX         14
      |         ^~~~~~~~~~~~~~~
/scratch2/agustin/zephyr-chipyard-sw/zephyr_ws/zephyr/include/zephyr/posix/posix_limits.h:36:9: warning: "_POSIX_NGROUPS_MAX" redefined
   36 | #define _POSIX_NGROUPS_MAX                  (8)
      |         ^~~~~~~~~~~~~~~~~~
/scratch2/dima/zephyr-chipyard-sw-fresh/tools-manual/zephyr-sdk-1.0.0-beta1/gnu/riscv64-zephyr-elf/riscv64-zephyr-elf/sys-include/sys/syslimits.h:76:9: note: this is the location of the previous definition
   76 | #define _POSIX_NGROUPS_MAX      0
      |         ^~~~~~~~~~~~~~~~~~
/scratch2/agustin/zephyr-chipyard-sw/zephyr_ws/zephyr/include/zephyr/posix/posix_limits.h:37:9: warning: "_POSIX_OPEN_MAX" redefined
   37 | #define _POSIX_OPEN_MAX                     (20)
      |         ^~~~~~~~~~~~~~~
/scratch2/dima/zephyr-chipyard-sw-fresh/tools-manual/zephyr-sdk-1.0.0-beta1/gnu/riscv64-zephyr-elf/riscv64-zephyr-elf/sys-include/sys/syslimits.h:77:9: note: this is the location of the previous definition
   77 | #define _POSIX_OPEN_MAX         16
      |         ^~~~~~~~~~~~~~~
/scratch2/agustin/zephyr-chipyard-sw/zephyr_ws/zephyr/include/zephyr/posix/posix_limits.h:38:9: warning: "_POSIX_PATH_MAX" redefined
   38 | #define _POSIX_PATH_MAX                     (256)
      |         ^~~~~~~~~~~~~~~
/scratch2/dima/zephyr-chipyard-sw-fresh/tools-manual/zephyr-sdk-1.0.0-beta1/gnu/riscv64-zephyr-elf/riscv64-zephyr-elf/sys-include/sys/syslimits.h:78:9: note: this is the location of the previous definition
   78 | #define _POSIX_PATH_MAX         255
      |         ^~~~~~~~~~~~~~~
/scratch2/agustin/zephyr-chipyard-sw/zephyr_ws/zephyr/include/zephyr/posix/posix_limits.h:39:9: warning: "_POSIX_PIPE_BUF" redefined
   39 | #define _POSIX_PIPE_BUF                     (512)
      |         ^~~~~~~~~~~~~~~
/scratch2/dima/zephyr-chipyard-sw-fresh/tools-manual/zephyr-sdk-1.0.0-beta1/gnu/riscv64-zephyr-elf/riscv64-zephyr-elf/sys-include/sys/syslimits.h:79:9: note: this is the location of the previous definition
   79 | #define _POSIX_PIPE_BUF         512
      |         ^~~~~~~~~~~~~~~
/scratch2/agustin/zephyr-chipyard-sw/zephyr_ws/zephyr/include/zephyr/posix/posix_limits.h:40:9: warning: "_POSIX_RE_DUP_MAX" redefined
   40 | #define _POSIX_RE_DUP_MAX                   (255)
      |         ^~~~~~~~~~~~~~~~~
/scratch2/dima/zephyr-chipyard-sw-fresh/tools-manual/zephyr-sdk-1.0.0-beta1/gnu/riscv64-zephyr-elf/riscv64-zephyr-elf/sys-include/sys/syslimits.h:80:9: note: this is the location of the previous definition
   80 | #define _POSIX_RE_DUP_MAX       255
      |         ^~~~~~~~~~~~~~~~~
/scratch2/agustin/zephyr-chipyard-sw/zephyr_ws/zephyr/include/zephyr/posix/posix_limits.h:41:9: warning: "_POSIX_RTSIG_MAX" redefined
   41 | #define _POSIX_RTSIG_MAX                    (8)
      |         ^~~~~~~~~~~~~~~~
/scratch2/dima/zephyr-chipyard-sw-fresh/tools-manual/zephyr-sdk-1.0.0-beta1/gnu/riscv64-zephyr-elf/riscv64-zephyr-elf/sys-include/sys/syslimits.h:81:9: note: this is the location of the previous definition
   81 | #define _POSIX_RTSIG_MAX        8
      |         ^~~~~~~~~~~~~~~~
/scratch2/agustin/zephyr-chipyard-sw/zephyr_ws/zephyr/include/zephyr/posix/posix_limits.h:42:9: warning: "_POSIX_SEM_NSEMS_MAX" redefined
   42 | #define _POSIX_SEM_NSEMS_MAX                (256)
      |         ^~~~~~~~~~~~~~~~~~~~
/scratch2/dima/zephyr-chipyard-sw-fresh/tools-manual/zephyr-sdk-1.0.0-beta1/gnu/riscv64-zephyr-elf/riscv64-zephyr-elf/sys-include/sys/syslimits.h:82:9: note: this is the location of the previous definition
   82 | #define _POSIX_SEM_NSEMS_MAX    256
      |         ^~~~~~~~~~~~~~~~~~~~
/scratch2/agustin/zephyr-chipyard-sw/zephyr_ws/zephyr/include/zephyr/posix/posix_limits.h:43:9: warning: "_POSIX_SEM_VALUE_MAX" redefined
   43 | #define _POSIX_SEM_VALUE_MAX                (32767)
      |         ^~~~~~~~~~~~~~~~~~~~
/scratch2/dima/zephyr-chipyard-sw-fresh/tools-manual/zephyr-sdk-1.0.0-beta1/gnu/riscv64-zephyr-elf/riscv64-zephyr-elf/sys-include/sys/syslimits.h:83:9: note: this is the location of the previous definition
   83 | #define _POSIX_SEM_VALUE_MAX    32767
      |         ^~~~~~~~~~~~~~~~~~~~
/scratch2/agustin/zephyr-chipyard-sw/zephyr_ws/zephyr/include/zephyr/posix/posix_limits.h:44:9: warning: "_POSIX_SIGQUEUE_MAX" redefined
   44 | #define _POSIX_SIGQUEUE_MAX                 (32)
      |         ^~~~~~~~~~~~~~~~~~~
/scratch2/dima/zephyr-chipyard-sw-fresh/tools-manual/zephyr-sdk-1.0.0-beta1/gnu/riscv64-zephyr-elf/riscv64-zephyr-elf/sys-include/sys/syslimits.h:84:9: note: this is the location of the previous definition
   84 | #define _POSIX_SIGQUEUE_MAX     32
      |         ^~~~~~~~~~~~~~~~~~~
/scratch2/agustin/zephyr-chipyard-sw/zephyr_ws/zephyr/include/zephyr/posix/posix_limits.h:45:9: warning: "_POSIX_SSIZE_MAX" redefined
   45 | #define _POSIX_SSIZE_MAX                    (32767)
      |         ^~~~~~~~~~~~~~~~
/scratch2/dima/zephyr-chipyard-sw-fresh/tools-manual/zephyr-sdk-1.0.0-beta1/gnu/riscv64-zephyr-elf/riscv64-zephyr-elf/sys-include/sys/syslimits.h:85:9: note: this is the location of the previous definition
   85 | #define _POSIX_SSIZE_MAX        32767
      |         ^~~~~~~~~~~~~~~~
/scratch2/agustin/zephyr-chipyard-sw/zephyr_ws/zephyr/include/zephyr/posix/posix_limits.h:46:9: warning: "_POSIX_SS_REPL_MAX" redefined
   46 | #define _POSIX_SS_REPL_MAX                  (4)
      |         ^~~~~~~~~~~~~~~~~~
/scratch2/dima/zephyr-chipyard-sw-fresh/tools-manual/zephyr-sdk-1.0.0-beta1/gnu/riscv64-zephyr-elf/riscv64-zephyr-elf/sys-include/sys/syslimits.h:86:9: note: this is the location of the previous definition
   86 | #define _POSIX_SS_REPL_MAX      4
      |         ^~~~~~~~~~~~~~~~~~
/scratch2/agustin/zephyr-chipyard-sw/zephyr_ws/zephyr/include/zephyr/posix/posix_limits.h:47:9: warning: "_POSIX_STREAM_MAX" redefined
   47 | #define _POSIX_STREAM_MAX                   (8)
      |         ^~~~~~~~~~~~~~~~~
/scratch2/dima/zephyr-chipyard-sw-fresh/tools-manual/zephyr-sdk-1.0.0-beta1/gnu/riscv64-zephyr-elf/riscv64-zephyr-elf/sys-include/sys/syslimits.h:87:9: note: this is the location of the previous definition
   87 | #define _POSIX_STREAM_MAX       8
      |         ^~~~~~~~~~~~~~~~~
/scratch2/agustin/zephyr-chipyard-sw/zephyr_ws/zephyr/include/zephyr/posix/posix_limits.h:48:9: warning: "_POSIX_SYMLINK_MAX" redefined
   48 | #define _POSIX_SYMLINK_MAX                  (255)
      |         ^~~~~~~~~~~~~~~~~~
/scratch2/dima/zephyr-chipyard-sw-fresh/tools-manual/zephyr-sdk-1.0.0-beta1/gnu/riscv64-zephyr-elf/riscv64-zephyr-elf/sys-include/sys/syslimits.h:88:9: note: this is the location of the previous definition
   88 | #define _POSIX_SYMLINK_MAX      255
      |         ^~~~~~~~~~~~~~~~~~
/scratch2/agustin/zephyr-chipyard-sw/zephyr_ws/zephyr/include/zephyr/posix/posix_limits.h:49:9: warning: "_POSIX_SYMLOOP_MAX" redefined
   49 | #define _POSIX_SYMLOOP_MAX                  (8)
      |         ^~~~~~~~~~~~~~~~~~
/scratch2/dima/zephyr-chipyard-sw-fresh/tools-manual/zephyr-sdk-1.0.0-beta1/gnu/riscv64-zephyr-elf/riscv64-zephyr-elf/sys-include/sys/syslimits.h:89:9: note: this is the location of the previous definition
   89 | #define _POSIX_SYMLOOP_MAX      8
      |         ^~~~~~~~~~~~~~~~~~
/scratch2/agustin/zephyr-chipyard-sw/zephyr_ws/zephyr/include/zephyr/posix/posix_limits.h:50:9: warning: "_POSIX_THREAD_DESTRUCTOR_ITERATIONS" redefined
   50 | #define _POSIX_THREAD_DESTRUCTOR_ITERATIONS (4)
      |         ^~~~~~~~~~~~~~~~~~~~~~~~~~~~~~~~~~~
/scratch2/dima/zephyr-chipyard-sw-fresh/tools-manual/zephyr-sdk-1.0.0-beta1/gnu/riscv64-zephyr-elf/riscv64-zephyr-elf/sys-include/sys/syslimits.h:90:9: note: this is the location of the previous definition
   90 | #define _POSIX_THREAD_DESTRUCTOR_ITERATIONS     4
      |         ^~~~~~~~~~~~~~~~~~~~~~~~~~~~~~~~~~~
/scratch2/agustin/zephyr-chipyard-sw/zephyr_ws/zephyr/include/zephyr/posix/posix_limits.h:51:9: warning: "_POSIX_THREAD_KEYS_MAX" redefined
   51 | #define _POSIX_THREAD_KEYS_MAX              (128)
      |         ^~~~~~~~~~~~~~~~~~~~~~
/scratch2/dima/zephyr-chipyard-sw-fresh/tools-manual/zephyr-sdk-1.0.0-beta1/gnu/riscv64-zephyr-elf/riscv64-zephyr-elf/sys-include/sys/syslimits.h:91:9: note: this is the location of the previous definition
   91 | #define _POSIX_THREAD_KEYS_MAX  128
      |         ^~~~~~~~~~~~~~~~~~~~~~
/scratch2/agustin/zephyr-chipyard-sw/zephyr_ws/zephyr/include/zephyr/posix/posix_limits.h:52:9: warning: "_POSIX_THREAD_THREADS_MAX" redefined
   52 | #define _POSIX_THREAD_THREADS_MAX           (64)
      |         ^~~~~~~~~~~~~~~~~~~~~~~~~
/scratch2/dima/zephyr-chipyard-sw-fresh/tools-manual/zephyr-sdk-1.0.0-beta1/gnu/riscv64-zephyr-elf/riscv64-zephyr-elf/sys-include/sys/syslimits.h:92:9: note: this is the location of the previous definition
   92 | #define _POSIX_THREAD_THREADS_MAX       64
      |         ^~~~~~~~~~~~~~~~~~~~~~~~~
/scratch2/agustin/zephyr-chipyard-sw/zephyr_ws/zephyr/include/zephyr/posix/posix_limits.h:53:9: warning: "_POSIX_TIMER_MAX" redefined
   53 | #define _POSIX_TIMER_MAX                    (32)
      |         ^~~~~~~~~~~~~~~~
/scratch2/dima/zephyr-chipyard-sw-fresh/tools-manual/zephyr-sdk-1.0.0-beta1/gnu/riscv64-zephyr-elf/riscv64-zephyr-elf/sys-include/sys/syslimits.h:93:9: note: this is the location of the previous definition
   93 | #define _POSIX_TIMER_MAX        32
      |         ^~~~~~~~~~~~~~~~
/scratch2/agustin/zephyr-chipyard-sw/zephyr_ws/zephyr/include/zephyr/posix/posix_limits.h:54:9: warning: "_POSIX_TRACE_EVENT_NAME_MAX" redefined
   54 | #define _POSIX_TRACE_EVENT_NAME_MAX         (30)
      |         ^~~~~~~~~~~~~~~~~~~~~~~~~~~
/scratch2/dima/zephyr-chipyard-sw-fresh/tools-manual/zephyr-sdk-1.0.0-beta1/gnu/riscv64-zephyr-elf/riscv64-zephyr-elf/sys-include/sys/syslimits.h:94:9: note: this is the location of the previous definition
   94 | #define _POSIX_TRACE_EVENT_NAME_MAX     30
      |         ^~~~~~~~~~~~~~~~~~~~~~~~~~~
/scratch2/agustin/zephyr-chipyard-sw/zephyr_ws/zephyr/include/zephyr/posix/posix_limits.h:55:9: warning: "_POSIX_TRACE_NAME_MAX" redefined
   55 | #define _POSIX_TRACE_NAME_MAX               (8)
      |         ^~~~~~~~~~~~~~~~~~~~~
/scratch2/dima/zephyr-chipyard-sw-fresh/tools-manual/zephyr-sdk-1.0.0-beta1/gnu/riscv64-zephyr-elf/riscv64-zephyr-elf/sys-include/sys/syslimits.h:95:9: note: this is the location of the previous definition
   95 | #define _POSIX_TRACE_NAME_MAX   8
      |         ^~~~~~~~~~~~~~~~~~~~~
/scratch2/agustin/zephyr-chipyard-sw/zephyr_ws/zephyr/include/zephyr/posix/posix_limits.h:56:9: warning: "_POSIX_TRACE_SYS_MAX" redefined
   56 | #define _POSIX_TRACE_SYS_MAX                (8)
      |         ^~~~~~~~~~~~~~~~~~~~
/scratch2/dima/zephyr-chipyard-sw-fresh/tools-manual/zephyr-sdk-1.0.0-beta1/gnu/riscv64-zephyr-elf/riscv64-zephyr-elf/sys-include/sys/syslimits.h:96:9: note: this is the location of the previous definition
   96 | #define _POSIX_TRACE_SYS_MAX    8
      |         ^~~~~~~~~~~~~~~~~~~~
/scratch2/agustin/zephyr-chipyard-sw/zephyr_ws/zephyr/include/zephyr/posix/posix_limits.h:57:9: warning: "_POSIX_TRACE_USER_EVENT_MAX" redefined
   57 | #define _POSIX_TRACE_USER_EVENT_MAX         (32)
      |         ^~~~~~~~~~~~~~~~~~~~~~~~~~~
/scratch2/dima/zephyr-chipyard-sw-fresh/tools-manual/zephyr-sdk-1.0.0-beta1/gnu/riscv64-zephyr-elf/riscv64-zephyr-elf/sys-include/sys/syslimits.h:97:9: note: this is the location of the previous definition
   97 | #define _POSIX_TRACE_USER_EVENT_MAX     32
      |         ^~~~~~~~~~~~~~~~~~~~~~~~~~~
/scratch2/agustin/zephyr-chipyard-sw/zephyr_ws/zephyr/include/zephyr/posix/posix_limits.h:58:9: warning: "_POSIX_TTY_NAME_MAX" redefined
   58 | #define _POSIX_TTY_NAME_MAX                 (9)
      |         ^~~~~~~~~~~~~~~~~~~
/scratch2/dima/zephyr-chipyard-sw-fresh/tools-manual/zephyr-sdk-1.0.0-beta1/gnu/riscv64-zephyr-elf/riscv64-zephyr-elf/sys-include/sys/syslimits.h:98:9: note: this is the location of the previous definition
   98 | #define _POSIX_TTY_NAME_MAX     9
      |         ^~~~~~~~~~~~~~~~~~~
/scratch2/agustin/zephyr-chipyard-sw/zephyr_ws/zephyr/include/zephyr/posix/posix_limits.h:59:9: warning: "_POSIX_TZNAME_MAX" redefined
   59 | #define _POSIX_TZNAME_MAX                   (6)
      |         ^~~~~~~~~~~~~~~~~
/scratch2/dima/zephyr-chipyard-sw-fresh/tools-manual/zephyr-sdk-1.0.0-beta1/gnu/riscv64-zephyr-elf/riscv64-zephyr-elf/sys-include/sys/syslimits.h:99:9: note: this is the location of the previous definition
   99 | #define _POSIX_TZNAME_MAX       3
      |         ^~~~~~~~~~~~~~~~~
/scratch2/agustin/zephyr-chipyard-sw/zephyr_ws/zephyr/include/zephyr/posix/posix_limits.h:60:9: warning: "_POSIX2_BC_BASE_MAX" redefined
   60 | #define _POSIX2_BC_BASE_MAX                 (99)
      |         ^~~~~~~~~~~~~~~~~~~
/scratch2/dima/zephyr-chipyard-sw-fresh/tools-manual/zephyr-sdk-1.0.0-beta1/gnu/riscv64-zephyr-elf/riscv64-zephyr-elf/sys-include/sys/syslimits.h:100:9: note: this is the location of the previous definition
  100 | #define _POSIX2_BC_BASE_MAX     99
      |         ^~~~~~~~~~~~~~~~~~~
/scratch2/agustin/zephyr-chipyard-sw/zephyr_ws/zephyr/include/zephyr/posix/posix_limits.h:61:9: warning: "_POSIX2_BC_DIM_MAX" redefined
   61 | #define _POSIX2_BC_DIM_MAX                  (2048)
      |         ^~~~~~~~~~~~~~~~~~
/scratch2/dima/zephyr-chipyard-sw-fresh/tools-manual/zephyr-sdk-1.0.0-beta1/gnu/riscv64-zephyr-elf/riscv64-zephyr-elf/sys-include/sys/syslimits.h:101:9: note: this is the location of the previous definition
  101 | #define _POSIX2_BC_DIM_MAX      2048
      |         ^~~~~~~~~~~~~~~~~~
/scratch2/agustin/zephyr-chipyard-sw/zephyr_ws/zephyr/include/zephyr/posix/posix_limits.h:62:9: warning: "_POSIX2_BC_SCALE_MAX" redefined
   62 | #define _POSIX2_BC_SCALE_MAX                (99)
      |         ^~~~~~~~~~~~~~~~~~~~
/scratch2/dima/zephyr-chipyard-sw-fresh/tools-manual/zephyr-sdk-1.0.0-beta1/gnu/riscv64-zephyr-elf/riscv64-zephyr-elf/sys-include/sys/syslimits.h:102:9: note: this is the location of the previous definition
  102 | #define _POSIX2_BC_SCALE_MAX    99
      |         ^~~~~~~~~~~~~~~~~~~~
/scratch2/agustin/zephyr-chipyard-sw/zephyr_ws/zephyr/include/zephyr/posix/posix_limits.h:63:9: warning: "_POSIX2_BC_STRING_MAX" redefined
   63 | #define _POSIX2_BC_STRING_MAX               (1000)
      |         ^~~~~~~~~~~~~~~~~~~~~
/scratch2/dima/zephyr-chipyard-sw-fresh/tools-manual/zephyr-sdk-1.0.0-beta1/gnu/riscv64-zephyr-elf/riscv64-zephyr-elf/sys-include/sys/syslimits.h:103:9: note: this is the location of the previous definition
  103 | #define _POSIX2_BC_STRING_MAX   1000
      |         ^~~~~~~~~~~~~~~~~~~~~
/scratch2/agustin/zephyr-chipyard-sw/zephyr_ws/zephyr/include/zephyr/posix/posix_limits.h:64:9: warning: "_POSIX2_CHARCLASS_NAME_MAX" redefined
   64 | #define _POSIX2_CHARCLASS_NAME_MAX          (14)
      |         ^~~~~~~~~~~~~~~~~~~~~~~~~~
/scratch2/dima/zephyr-chipyard-sw-fresh/tools-manual/zephyr-sdk-1.0.0-beta1/gnu/riscv64-zephyr-elf/riscv64-zephyr-elf/sys-include/sys/syslimits.h:104:9: note: this is the location of the previous definition
  104 | #define _POSIX2_CHARCLASS_NAME_MAX      14
      |         ^~~~~~~~~~~~~~~~~~~~~~~~~~
/scratch2/agustin/zephyr-chipyard-sw/zephyr_ws/zephyr/include/zephyr/posix/posix_limits.h:65:9: warning: "_POSIX2_COLL_WEIGHTS_MAX" redefined
   65 | #define _POSIX2_COLL_WEIGHTS_MAX            (2)
      |         ^~~~~~~~~~~~~~~~~~~~~~~~
/scratch2/dima/zephyr-chipyard-sw-fresh/tools-manual/zephyr-sdk-1.0.0-beta1/gnu/riscv64-zephyr-elf/riscv64-zephyr-elf/sys-include/sys/syslimits.h:105:9: note: this is the location of the previous definition
  105 | #define _POSIX2_COLL_WEIGHTS_MAX        2
      |         ^~~~~~~~~~~~~~~~~~~~~~~~
/scratch2/agustin/zephyr-chipyard-sw/zephyr_ws/zephyr/include/zephyr/posix/posix_limits.h:66:9: warning: "_POSIX2_EXPR_NEST_MAX" redefined
   66 | #define _POSIX2_EXPR_NEST_MAX               (32)
      |         ^~~~~~~~~~~~~~~~~~~~~
/scratch2/dima/zephyr-chipyard-sw-fresh/tools-manual/zephyr-sdk-1.0.0-beta1/gnu/riscv64-zephyr-elf/riscv64-zephyr-elf/sys-include/sys/syslimits.h:106:9: note: this is the location of the previous definition
  106 | #define _POSIX2_EXPR_NEST_MAX   32
      |         ^~~~~~~~~~~~~~~~~~~~~
/scratch2/agustin/zephyr-chipyard-sw/zephyr_ws/zephyr/include/zephyr/posix/posix_limits.h:67:9: warning: "_POSIX2_LINE_MAX" redefined
   67 | #define _POSIX2_LINE_MAX                    (2048)
      |         ^~~~~~~~~~~~~~~~
/scratch2/dima/zephyr-chipyard-sw-fresh/tools-manual/zephyr-sdk-1.0.0-beta1/gnu/riscv64-zephyr-elf/riscv64-zephyr-elf/sys-include/sys/syslimits.h:107:9: note: this is the location of the previous definition
  107 | #define _POSIX2_LINE_MAX        2048
      |         ^~~~~~~~~~~~~~~~
/scratch2/agustin/zephyr-chipyard-sw/zephyr_ws/zephyr/include/zephyr/posix/posix_limits.h:83:9: warning: "ARG_MAX" redefined
   83 | #define ARG_MAX                       _POSIX_ARG_MAX
      |         ^~~~~~~
/scratch2/dima/zephyr-chipyard-sw-fresh/tools-manual/zephyr-sdk-1.0.0-beta1/gnu/riscv64-zephyr-elf/riscv64-zephyr-elf/sys-include/sys/syslimits.h:41:9: note: this is the location of the previous definition
   41 | #define ARG_MAX                 65536   /* max bytes for an exec function */
      |         ^~~~~~~
/scratch2/agustin/zephyr-chipyard-sw/zephyr_ws/zephyr/include/zephyr/posix/posix_limits.h:84:9: warning: "ATEXIT_MAX" redefined
   84 | #define ATEXIT_MAX                    (32)
      |         ^~~~~~~~~~
/scratch2/dima/zephyr-chipyard-sw-fresh/tools-manual/zephyr-sdk-1.0.0-beta1/gnu/riscv64-zephyr-elf/riscv64-zephyr-elf/sys-include/sys/syslimits.h:42:9: note: this is the location of the previous definition
   42 | #define ATEXIT_MAX                 32   /* max atexit functions */
      |         ^~~~~~~~~~
/scratch2/agustin/zephyr-chipyard-sw/zephyr_ws/zephyr/include/zephyr/posix/posix_limits.h:93:9: warning: "OPEN_MAX" redefined
   93 | #define OPEN_MAX                      CONFIG_POSIX_OPEN_MAX
      |         ^~~~~~~~
/scratch2/dima/zephyr-chipyard-sw-fresh/tools-manual/zephyr-sdk-1.0.0-beta1/gnu/riscv64-zephyr-elf/riscv64-zephyr-elf/sys-include/sys/syslimits.h:45:9: note: this is the location of the previous definition
   45 | #define OPEN_MAX                   64   /* max open files per process */
      |         ^~~~~~~~
/scratch2/agustin/zephyr-chipyard-sw/zephyr_ws/zephyr/include/zephyr/posix/posix_limits.h:96:9: warning: "PATH_MAX" redefined
   96 | #define PATH_MAX                      _POSIX_PATH_MAX
      |         ^~~~~~~~
/scratch2/dima/zephyr-chipyard-sw-fresh/tools-manual/zephyr-sdk-1.0.0-beta1/gnu/riscv64-zephyr-elf/riscv64-zephyr-elf/sys-include/sys/syslimits.h:53:9: note: this is the location of the previous definition
   53 | #define PATH_MAX                 1024   /* max bytes in pathname */
      |         ^~~~~~~~
/scratch2/agustin/zephyr-chipyard-sw/zephyr_ws/zephyr/include/zephyr/posix/posix_limits.h:114:9: warning: "TZNAME_MAX" redefined
  114 | #define TZNAME_MAX                    _POSIX_TZNAME_MAX
      |         ^~~~~~~~~~
/scratch2/dima/zephyr-chipyard-sw-fresh/tools-manual/zephyr-sdk-1.0.0-beta1/gnu/riscv64-zephyr-elf/riscv64-zephyr-elf/sys-include/sys/syslimits.h:46:9: note: this is the location of the previous definition
   46 | #define TZNAME_MAX                 10   /* max time zone name length */
      |         ^~~~~~~~~~
[109/202] Building C object zephyr/lib/posix/options/CMakeFiles/lib__posix__options.dir/multi_process.c.obj
In file included from /scratch2/agustin/zephyr-chipyard-sw/zephyr_ws/zephyr/include/zephyr/posix/sys/sysconf.h:11,
                 from /scratch2/agustin/zephyr-chipyard-sw/zephyr_ws/zephyr/include/zephyr/posix/unistd.h:18,
                 from /scratch2/agustin/zephyr-chipyard-sw/zephyr_ws/zephyr/lib/posix/options/multi_process.c:12:
/scratch2/agustin/zephyr-chipyard-sw/zephyr_ws/zephyr/include/zephyr/posix/posix_limits.h:23:9: warning: "_POSIX_AIO_LISTIO_MAX" redefined
   23 | #define _POSIX_AIO_LISTIO_MAX               (2)
      |         ^~~~~~~~~~~~~~~~~~~~~
In file included from /scratch2/dima/zephyr-chipyard-sw-fresh/tools-manual/zephyr-sdk-1.0.0-beta1/gnu/riscv64-zephyr-elf/riscv64-zephyr-elf/sys-include/limits.h:6,
                 from /scratch2/dima/zephyr-chipyard-sw-fresh/tools-manual/zephyr-sdk-1.0.0-beta1/gnu/riscv64-zephyr-elf/lib/gcc/riscv64-zephyr-elf/14.3.0/include/limits.h:210,
                 from /scratch2/dima/zephyr-chipyard-sw-fresh/tools-manual/zephyr-sdk-1.0.0-beta1/gnu/riscv64-zephyr-elf/lib/gcc/riscv64-zephyr-elf/14.3.0/include/syslimits.h:7,
                 from /scratch2/dima/zephyr-chipyard-sw-fresh/tools-manual/zephyr-sdk-1.0.0-beta1/gnu/riscv64-zephyr-elf/lib/gcc/riscv64-zephyr-elf/14.3.0/include/limits.h:34,
                 from /scratch2/agustin/zephyr-chipyard-sw/zephyr_ws/zephyr/include/zephyr/kernel_includes.h:22,
                 from /scratch2/agustin/zephyr-chipyard-sw/zephyr_ws/zephyr/include/zephyr/kernel.h:17,
                 from /scratch2/agustin/zephyr-chipyard-sw/zephyr_ws/zephyr/lib/posix/options/multi_process.c:10:
/scratch2/dima/zephyr-chipyard-sw-fresh/tools-manual/zephyr-sdk-1.0.0-beta1/gnu/riscv64-zephyr-elf/riscv64-zephyr-elf/sys-include/sys/syslimits.h:63:9: note: this is the location of the previous definition
   63 | #define _POSIX_AIO_LISTIO_MAX   2
      |         ^~~~~~~~~~~~~~~~~~~~~
/scratch2/agustin/zephyr-chipyard-sw/zephyr_ws/zephyr/include/zephyr/posix/posix_limits.h:24:9: warning: "_POSIX_AIO_MAX" redefined
   24 | #define _POSIX_AIO_MAX                      (1)
      |         ^~~~~~~~~~~~~~
/scratch2/dima/zephyr-chipyard-sw-fresh/tools-manual/zephyr-sdk-1.0.0-beta1/gnu/riscv64-zephyr-elf/riscv64-zephyr-elf/sys-include/sys/syslimits.h:64:9: note: this is the location of the previous definition
   64 | #define _POSIX_AIO_MAX          1
      |         ^~~~~~~~~~~~~~
/scratch2/agustin/zephyr-chipyard-sw/zephyr_ws/zephyr/include/zephyr/posix/posix_limits.h:25:9: warning: "_POSIX_ARG_MAX" redefined
   25 | #define _POSIX_ARG_MAX                      (4096)
      |         ^~~~~~~~~~~~~~
/scratch2/dima/zephyr-chipyard-sw-fresh/tools-manual/zephyr-sdk-1.0.0-beta1/gnu/riscv64-zephyr-elf/riscv64-zephyr-elf/sys-include/sys/syslimits.h:65:9: note: this is the location of the previous definition
   65 | #define _POSIX_ARG_MAX          4096
      |         ^~~~~~~~~~~~~~
/scratch2/agustin/zephyr-chipyard-sw/zephyr_ws/zephyr/include/zephyr/posix/posix_limits.h:26:9: warning: "_POSIX_CHILD_MAX" redefined
   26 | #define _POSIX_CHILD_MAX                    (25)
      |         ^~~~~~~~~~~~~~~~
/scratch2/dima/zephyr-chipyard-sw-fresh/tools-manual/zephyr-sdk-1.0.0-beta1/gnu/riscv64-zephyr-elf/riscv64-zephyr-elf/sys-include/sys/syslimits.h:66:9: note: this is the location of the previous definition
   66 | #define _POSIX_CHILD_MAX        6
      |         ^~~~~~~~~~~~~~~~
/scratch2/agustin/zephyr-chipyard-sw/zephyr_ws/zephyr/include/zephyr/posix/posix_limits.h:27:9: warning: "_POSIX_DELAYTIMER_MAX" redefined
   27 | #define _POSIX_DELAYTIMER_MAX               (32)
      |         ^~~~~~~~~~~~~~~~~~~~~
/scratch2/dima/zephyr-chipyard-sw-fresh/tools-manual/zephyr-sdk-1.0.0-beta1/gnu/riscv64-zephyr-elf/riscv64-zephyr-elf/sys-include/sys/syslimits.h:67:9: note: this is the location of the previous definition
   67 | #define _POSIX_DELAYTIMER_MAX   32
      |         ^~~~~~~~~~~~~~~~~~~~~
/scratch2/agustin/zephyr-chipyard-sw/zephyr_ws/zephyr/include/zephyr/posix/posix_limits.h:28:9: warning: "_POSIX_HOST_NAME_MAX" redefined
   28 | #define _POSIX_HOST_NAME_MAX                (255)
      |         ^~~~~~~~~~~~~~~~~~~~
/scratch2/dima/zephyr-chipyard-sw-fresh/tools-manual/zephyr-sdk-1.0.0-beta1/gnu/riscv64-zephyr-elf/riscv64-zephyr-elf/sys-include/sys/syslimits.h:68:9: note: this is the location of the previous definition
   68 | #define _POSIX_HOST_NAME_MAX    255
      |         ^~~~~~~~~~~~~~~~~~~~
/scratch2/agustin/zephyr-chipyard-sw/zephyr_ws/zephyr/include/zephyr/posix/posix_limits.h:29:9: warning: "_POSIX_LINK_MAX" redefined
   29 | #define _POSIX_LINK_MAX                     (8)
      |         ^~~~~~~~~~~~~~~
/scratch2/dima/zephyr-chipyard-sw-fresh/tools-manual/zephyr-sdk-1.0.0-beta1/gnu/riscv64-zephyr-elf/riscv64-zephyr-elf/sys-include/sys/syslimits.h:69:9: note: this is the location of the previous definition
   69 | #define _POSIX_LINK_MAX         8
      |         ^~~~~~~~~~~~~~~
/scratch2/agustin/zephyr-chipyard-sw/zephyr_ws/zephyr/include/zephyr/posix/posix_limits.h:30:9: warning: "_POSIX_LOGIN_NAME_MAX" redefined
   30 | #define _POSIX_LOGIN_NAME_MAX               (9)
      |         ^~~~~~~~~~~~~~~~~~~~~
/scratch2/dima/zephyr-chipyard-sw-fresh/tools-manual/zephyr-sdk-1.0.0-beta1/gnu/riscv64-zephyr-elf/riscv64-zephyr-elf/sys-include/sys/syslimits.h:70:9: note: this is the location of the previous definition
   70 | #define _POSIX_LOGIN_NAME_MAX   9
      |         ^~~~~~~~~~~~~~~~~~~~~
/scratch2/agustin/zephyr-chipyard-sw/zephyr_ws/zephyr/include/zephyr/posix/posix_limits.h:31:9: warning: "_POSIX_MAX_CANON" redefined
   31 | #define _POSIX_MAX_CANON                    (255)
      |         ^~~~~~~~~~~~~~~~
/scratch2/dima/zephyr-chipyard-sw-fresh/tools-manual/zephyr-sdk-1.0.0-beta1/gnu/riscv64-zephyr-elf/riscv64-zephyr-elf/sys-include/sys/syslimits.h:71:9: note: this is the location of the previous definition
   71 | #define _POSIX_MAX_CANON        255
      |         ^~~~~~~~~~~~~~~~
/scratch2/agustin/zephyr-chipyard-sw/zephyr_ws/zephyr/include/zephyr/posix/posix_limits.h:32:9: warning: "_POSIX_MAX_INPUT" redefined
   32 | #define _POSIX_MAX_INPUT                    (255)
      |         ^~~~~~~~~~~~~~~~
/scratch2/dima/zephyr-chipyard-sw-fresh/tools-manual/zephyr-sdk-1.0.0-beta1/gnu/riscv64-zephyr-elf/riscv64-zephyr-elf/sys-include/sys/syslimits.h:72:9: note: this is the location of the previous definition
   72 | #define _POSIX_MAX_INPUT        255
      |         ^~~~~~~~~~~~~~~~
/scratch2/agustin/zephyr-chipyard-sw/zephyr_ws/zephyr/include/zephyr/posix/posix_limits.h:33:9: warning: "_POSIX_MQ_OPEN_MAX" redefined
   33 | #define _POSIX_MQ_OPEN_MAX                  (8)
      |         ^~~~~~~~~~~~~~~~~~
/scratch2/dima/zephyr-chipyard-sw-fresh/tools-manual/zephyr-sdk-1.0.0-beta1/gnu/riscv64-zephyr-elf/riscv64-zephyr-elf/sys-include/sys/syslimits.h:73:9: note: this is the location of the previous definition
   73 | #define _POSIX_MQ_OPEN_MAX      8
      |         ^~~~~~~~~~~~~~~~~~
/scratch2/agustin/zephyr-chipyard-sw/zephyr_ws/zephyr/include/zephyr/posix/posix_limits.h:34:9: warning: "_POSIX_MQ_PRIO_MAX" redefined
   34 | #define _POSIX_MQ_PRIO_MAX                  (32)
      |         ^~~~~~~~~~~~~~~~~~
/scratch2/dima/zephyr-chipyard-sw-fresh/tools-manual/zephyr-sdk-1.0.0-beta1/gnu/riscv64-zephyr-elf/riscv64-zephyr-elf/sys-include/sys/syslimits.h:74:9: note: this is the location of the previous definition
   74 | #define _POSIX_MQ_PRIO_MAX      32
      |         ^~~~~~~~~~~~~~~~~~
/scratch2/agustin/zephyr-chipyard-sw/zephyr_ws/zephyr/include/zephyr/posix/posix_limits.h:35:9: warning: "_POSIX_NAME_MAX" redefined
   35 | #define _POSIX_NAME_MAX                     (14)
      |         ^~~~~~~~~~~~~~~
/scratch2/dima/zephyr-chipyard-sw-fresh/tools-manual/zephyr-sdk-1.0.0-beta1/gnu/riscv64-zephyr-elf/riscv64-zephyr-elf/sys-include/sys/syslimits.h:75:9: note: this is the location of the previous definition
   75 | #define _POSIX_NAME_MAX         14
      |         ^~~~~~~~~~~~~~~
/scratch2/agustin/zephyr-chipyard-sw/zephyr_ws/zephyr/include/zephyr/posix/posix_limits.h:36:9: warning: "_POSIX_NGROUPS_MAX" redefined
   36 | #define _POSIX_NGROUPS_MAX                  (8)
      |         ^~~~~~~~~~~~~~~~~~
/scratch2/dima/zephyr-chipyard-sw-fresh/tools-manual/zephyr-sdk-1.0.0-beta1/gnu/riscv64-zephyr-elf/riscv64-zephyr-elf/sys-include/sys/syslimits.h:76:9: note: this is the location of the previous definition
   76 | #define _POSIX_NGROUPS_MAX      0
      |         ^~~~~~~~~~~~~~~~~~
/scratch2/agustin/zephyr-chipyard-sw/zephyr_ws/zephyr/include/zephyr/posix/posix_limits.h:37:9: warning: "_POSIX_OPEN_MAX" redefined
   37 | #define _POSIX_OPEN_MAX                     (20)
      |         ^~~~~~~~~~~~~~~
/scratch2/dima/zephyr-chipyard-sw-fresh/tools-manual/zephyr-sdk-1.0.0-beta1/gnu/riscv64-zephyr-elf/riscv64-zephyr-elf/sys-include/sys/syslimits.h:77:9: note: this is the location of the previous definition
   77 | #define _POSIX_OPEN_MAX         16
      |         ^~~~~~~~~~~~~~~
/scratch2/agustin/zephyr-chipyard-sw/zephyr_ws/zephyr/include/zephyr/posix/posix_limits.h:38:9: warning: "_POSIX_PATH_MAX" redefined
   38 | #define _POSIX_PATH_MAX                     (256)
      |         ^~~~~~~~~~~~~~~
/scratch2/dima/zephyr-chipyard-sw-fresh/tools-manual/zephyr-sdk-1.0.0-beta1/gnu/riscv64-zephyr-elf/riscv64-zephyr-elf/sys-include/sys/syslimits.h:78:9: note: this is the location of the previous definition
   78 | #define _POSIX_PATH_MAX         255
      |         ^~~~~~~~~~~~~~~
/scratch2/agustin/zephyr-chipyard-sw/zephyr_ws/zephyr/include/zephyr/posix/posix_limits.h:39:9: warning: "_POSIX_PIPE_BUF" redefined
   39 | #define _POSIX_PIPE_BUF                     (512)
      |         ^~~~~~~~~~~~~~~
/scratch2/dima/zephyr-chipyard-sw-fresh/tools-manual/zephyr-sdk-1.0.0-beta1/gnu/riscv64-zephyr-elf/riscv64-zephyr-elf/sys-include/sys/syslimits.h:79:9: note: this is the location of the previous definition
   79 | #define _POSIX_PIPE_BUF         512
      |         ^~~~~~~~~~~~~~~
/scratch2/agustin/zephyr-chipyard-sw/zephyr_ws/zephyr/include/zephyr/posix/posix_limits.h:40:9: warning: "_POSIX_RE_DUP_MAX" redefined
   40 | #define _POSIX_RE_DUP_MAX                   (255)
      |         ^~~~~~~~~~~~~~~~~
/scratch2/dima/zephyr-chipyard-sw-fresh/tools-manual/zephyr-sdk-1.0.0-beta1/gnu/riscv64-zephyr-elf/riscv64-zephyr-elf/sys-include/sys/syslimits.h:80:9: note: this is the location of the previous definition
   80 | #define _POSIX_RE_DUP_MAX       255
      |         ^~~~~~~~~~~~~~~~~
/scratch2/agustin/zephyr-chipyard-sw/zephyr_ws/zephyr/include/zephyr/posix/posix_limits.h:41:9: warning: "_POSIX_RTSIG_MAX" redefined
   41 | #define _POSIX_RTSIG_MAX                    (8)
      |         ^~~~~~~~~~~~~~~~
/scratch2/dima/zephyr-chipyard-sw-fresh/tools-manual/zephyr-sdk-1.0.0-beta1/gnu/riscv64-zephyr-elf/riscv64-zephyr-elf/sys-include/sys/syslimits.h:81:9: note: this is the location of the previous definition
   81 | #define _POSIX_RTSIG_MAX        8
      |         ^~~~~~~~~~~~~~~~
/scratch2/agustin/zephyr-chipyard-sw/zephyr_ws/zephyr/include/zephyr/posix/posix_limits.h:42:9: warning: "_POSIX_SEM_NSEMS_MAX" redefined
   42 | #define _POSIX_SEM_NSEMS_MAX                (256)
      |         ^~~~~~~~~~~~~~~~~~~~
/scratch2/dima/zephyr-chipyard-sw-fresh/tools-manual/zephyr-sdk-1.0.0-beta1/gnu/riscv64-zephyr-elf/riscv64-zephyr-elf/sys-include/sys/syslimits.h:82:9: note: this is the location of the previous definition
   82 | #define _POSIX_SEM_NSEMS_MAX    256
      |         ^~~~~~~~~~~~~~~~~~~~
/scratch2/agustin/zephyr-chipyard-sw/zephyr_ws/zephyr/include/zephyr/posix/posix_limits.h:43:9: warning: "_POSIX_SEM_VALUE_MAX" redefined
   43 | #define _POSIX_SEM_VALUE_MAX                (32767)
      |         ^~~~~~~~~~~~~~~~~~~~
/scratch2/dima/zephyr-chipyard-sw-fresh/tools-manual/zephyr-sdk-1.0.0-beta1/gnu/riscv64-zephyr-elf/riscv64-zephyr-elf/sys-include/sys/syslimits.h:83:9: note: this is the location of the previous definition
   83 | #define _POSIX_SEM_VALUE_MAX    32767
      |         ^~~~~~~~~~~~~~~~~~~~
/scratch2/agustin/zephyr-chipyard-sw/zephyr_ws/zephyr/include/zephyr/posix/posix_limits.h:44:9: warning: "_POSIX_SIGQUEUE_MAX" redefined
   44 | #define _POSIX_SIGQUEUE_MAX                 (32)
      |         ^~~~~~~~~~~~~~~~~~~
/scratch2/dima/zephyr-chipyard-sw-fresh/tools-manual/zephyr-sdk-1.0.0-beta1/gnu/riscv64-zephyr-elf/riscv64-zephyr-elf/sys-include/sys/syslimits.h:84:9: note: this is the location of the previous definition
   84 | #define _POSIX_SIGQUEUE_MAX     32
      |         ^~~~~~~~~~~~~~~~~~~
/scratch2/agustin/zephyr-chipyard-sw/zephyr_ws/zephyr/include/zephyr/posix/posix_limits.h:45:9: warning: "_POSIX_SSIZE_MAX" redefined
   45 | #define _POSIX_SSIZE_MAX                    (32767)
      |         ^~~~~~~~~~~~~~~~
/scratch2/dima/zephyr-chipyard-sw-fresh/tools-manual/zephyr-sdk-1.0.0-beta1/gnu/riscv64-zephyr-elf/riscv64-zephyr-elf/sys-include/sys/syslimits.h:85:9: note: this is the location of the previous definition
   85 | #define _POSIX_SSIZE_MAX        32767
      |         ^~~~~~~~~~~~~~~~
/scratch2/agustin/zephyr-chipyard-sw/zephyr_ws/zephyr/include/zephyr/posix/posix_limits.h:46:9: warning: "_POSIX_SS_REPL_MAX" redefined
   46 | #define _POSIX_SS_REPL_MAX                  (4)
      |         ^~~~~~~~~~~~~~~~~~
/scratch2/dima/zephyr-chipyard-sw-fresh/tools-manual/zephyr-sdk-1.0.0-beta1/gnu/riscv64-zephyr-elf/riscv64-zephyr-elf/sys-include/sys/syslimits.h:86:9: note: this is the location of the previous definition
   86 | #define _POSIX_SS_REPL_MAX      4
      |         ^~~~~~~~~~~~~~~~~~
/scratch2/agustin/zephyr-chipyard-sw/zephyr_ws/zephyr/include/zephyr/posix/posix_limits.h:47:9: warning: "_POSIX_STREAM_MAX" redefined
   47 | #define _POSIX_STREAM_MAX                   (8)
      |         ^~~~~~~~~~~~~~~~~
/scratch2/dima/zephyr-chipyard-sw-fresh/tools-manual/zephyr-sdk-1.0.0-beta1/gnu/riscv64-zephyr-elf/riscv64-zephyr-elf/sys-include/sys/syslimits.h:87:9: note: this is the location of the previous definition
   87 | #define _POSIX_STREAM_MAX       8
      |         ^~~~~~~~~~~~~~~~~
/scratch2/agustin/zephyr-chipyard-sw/zephyr_ws/zephyr/include/zephyr/posix/posix_limits.h:48:9: warning: "_POSIX_SYMLINK_MAX" redefined
   48 | #define _POSIX_SYMLINK_MAX                  (255)
      |         ^~~~~~~~~~~~~~~~~~
/scratch2/dima/zephyr-chipyard-sw-fresh/tools-manual/zephyr-sdk-1.0.0-beta1/gnu/riscv64-zephyr-elf/riscv64-zephyr-elf/sys-include/sys/syslimits.h:88:9: note: this is the location of the previous definition
   88 | #define _POSIX_SYMLINK_MAX      255
      |         ^~~~~~~~~~~~~~~~~~
/scratch2/agustin/zephyr-chipyard-sw/zephyr_ws/zephyr/include/zephyr/posix/posix_limits.h:49:9: warning: "_POSIX_SYMLOOP_MAX" redefined
   49 | #define _POSIX_SYMLOOP_MAX                  (8)
      |         ^~~~~~~~~~~~~~~~~~
/scratch2/dima/zephyr-chipyard-sw-fresh/tools-manual/zephyr-sdk-1.0.0-beta1/gnu/riscv64-zephyr-elf/riscv64-zephyr-elf/sys-include/sys/syslimits.h:89:9: note: this is the location of the previous definition
   89 | #define _POSIX_SYMLOOP_MAX      8
      |         ^~~~~~~~~~~~~~~~~~
/scratch2/agustin/zephyr-chipyard-sw/zephyr_ws/zephyr/include/zephyr/posix/posix_limits.h:50:9: warning: "_POSIX_THREAD_DESTRUCTOR_ITERATIONS" redefined
   50 | #define _POSIX_THREAD_DESTRUCTOR_ITERATIONS (4)
      |         ^~~~~~~~~~~~~~~~~~~~~~~~~~~~~~~~~~~
/scratch2/dima/zephyr-chipyard-sw-fresh/tools-manual/zephyr-sdk-1.0.0-beta1/gnu/riscv64-zephyr-elf/riscv64-zephyr-elf/sys-include/sys/syslimits.h:90:9: note: this is the location of the previous definition
   90 | #define _POSIX_THREAD_DESTRUCTOR_ITERATIONS     4
      |         ^~~~~~~~~~~~~~~~~~~~~~~~~~~~~~~~~~~
/scratch2/agustin/zephyr-chipyard-sw/zephyr_ws/zephyr/include/zephyr/posix/posix_limits.h:51:9: warning: "_POSIX_THREAD_KEYS_MAX" redefined
   51 | #define _POSIX_THREAD_KEYS_MAX              (128)
      |         ^~~~~~~~~~~~~~~~~~~~~~
/scratch2/dima/zephyr-chipyard-sw-fresh/tools-manual/zephyr-sdk-1.0.0-beta1/gnu/riscv64-zephyr-elf/riscv64-zephyr-elf/sys-include/sys/syslimits.h:91:9: note: this is the location of the previous definition
   91 | #define _POSIX_THREAD_KEYS_MAX  128
      |         ^~~~~~~~~~~~~~~~~~~~~~
/scratch2/agustin/zephyr-chipyard-sw/zephyr_ws/zephyr/include/zephyr/posix/posix_limits.h:52:9: warning: "_POSIX_THREAD_THREADS_MAX" redefined
   52 | #define _POSIX_THREAD_THREADS_MAX           (64)
      |         ^~~~~~~~~~~~~~~~~~~~~~~~~
/scratch2/dima/zephyr-chipyard-sw-fresh/tools-manual/zephyr-sdk-1.0.0-beta1/gnu/riscv64-zephyr-elf/riscv64-zephyr-elf/sys-include/sys/syslimits.h:92:9: note: this is the location of the previous definition
   92 | #define _POSIX_THREAD_THREADS_MAX       64
      |         ^~~~~~~~~~~~~~~~~~~~~~~~~
/scratch2/agustin/zephyr-chipyard-sw/zephyr_ws/zephyr/include/zephyr/posix/posix_limits.h:53:9: warning: "_POSIX_TIMER_MAX" redefined
   53 | #define _POSIX_TIMER_MAX                    (32)
      |         ^~~~~~~~~~~~~~~~
/scratch2/dima/zephyr-chipyard-sw-fresh/tools-manual/zephyr-sdk-1.0.0-beta1/gnu/riscv64-zephyr-elf/riscv64-zephyr-elf/sys-include/sys/syslimits.h:93:9: note: this is the location of the previous definition
   93 | #define _POSIX_TIMER_MAX        32
      |         ^~~~~~~~~~~~~~~~
/scratch2/agustin/zephyr-chipyard-sw/zephyr_ws/zephyr/include/zephyr/posix/posix_limits.h:54:9: warning: "_POSIX_TRACE_EVENT_NAME_MAX" redefined
   54 | #define _POSIX_TRACE_EVENT_NAME_MAX         (30)
      |         ^~~~~~~~~~~~~~~~~~~~~~~~~~~
/scratch2/dima/zephyr-chipyard-sw-fresh/tools-manual/zephyr-sdk-1.0.0-beta1/gnu/riscv64-zephyr-elf/riscv64-zephyr-elf/sys-include/sys/syslimits.h:94:9: note: this is the location of the previous definition
   94 | #define _POSIX_TRACE_EVENT_NAME_MAX     30
      |         ^~~~~~~~~~~~~~~~~~~~~~~~~~~
/scratch2/agustin/zephyr-chipyard-sw/zephyr_ws/zephyr/include/zephyr/posix/posix_limits.h:55:9: warning: "_POSIX_TRACE_NAME_MAX" redefined
   55 | #define _POSIX_TRACE_NAME_MAX               (8)
      |         ^~~~~~~~~~~~~~~~~~~~~
/scratch2/dima/zephyr-chipyard-sw-fresh/tools-manual/zephyr-sdk-1.0.0-beta1/gnu/riscv64-zephyr-elf/riscv64-zephyr-elf/sys-include/sys/syslimits.h:95:9: note: this is the location of the previous definition
   95 | #define _POSIX_TRACE_NAME_MAX   8
      |         ^~~~~~~~~~~~~~~~~~~~~
/scratch2/agustin/zephyr-chipyard-sw/zephyr_ws/zephyr/include/zephyr/posix/posix_limits.h:56:9: warning: "_POSIX_TRACE_SYS_MAX" redefined
   56 | #define _POSIX_TRACE_SYS_MAX                (8)
      |         ^~~~~~~~~~~~~~~~~~~~
/scratch2/dima/zephyr-chipyard-sw-fresh/tools-manual/zephyr-sdk-1.0.0-beta1/gnu/riscv64-zephyr-elf/riscv64-zephyr-elf/sys-include/sys/syslimits.h:96:9: note: this is the location of the previous definition
   96 | #define _POSIX_TRACE_SYS_MAX    8
      |         ^~~~~~~~~~~~~~~~~~~~
/scratch2/agustin/zephyr-chipyard-sw/zephyr_ws/zephyr/include/zephyr/posix/posix_limits.h:57:9: warning: "_POSIX_TRACE_USER_EVENT_MAX" redefined
   57 | #define _POSIX_TRACE_USER_EVENT_MAX         (32)
      |         ^~~~~~~~~~~~~~~~~~~~~~~~~~~
/scratch2/dima/zephyr-chipyard-sw-fresh/tools-manual/zephyr-sdk-1.0.0-beta1/gnu/riscv64-zephyr-elf/riscv64-zephyr-elf/sys-include/sys/syslimits.h:97:9: note: this is the location of the previous definition
   97 | #define _POSIX_TRACE_USER_EVENT_MAX     32
      |         ^~~~~~~~~~~~~~~~~~~~~~~~~~~
/scratch2/agustin/zephyr-chipyard-sw/zephyr_ws/zephyr/include/zephyr/posix/posix_limits.h:58:9: warning: "_POSIX_TTY_NAME_MAX" redefined
   58 | #define _POSIX_TTY_NAME_MAX                 (9)
      |         ^~~~~~~~~~~~~~~~~~~
/scratch2/dima/zephyr-chipyard-sw-fresh/tools-manual/zephyr-sdk-1.0.0-beta1/gnu/riscv64-zephyr-elf/riscv64-zephyr-elf/sys-include/sys/syslimits.h:98:9: note: this is the location of the previous definition
   98 | #define _POSIX_TTY_NAME_MAX     9
      |         ^~~~~~~~~~~~~~~~~~~
/scratch2/agustin/zephyr-chipyard-sw/zephyr_ws/zephyr/include/zephyr/posix/posix_limits.h:59:9: warning: "_POSIX_TZNAME_MAX" redefined
   59 | #define _POSIX_TZNAME_MAX                   (6)
      |         ^~~~~~~~~~~~~~~~~
/scratch2/dima/zephyr-chipyard-sw-fresh/tools-manual/zephyr-sdk-1.0.0-beta1/gnu/riscv64-zephyr-elf/riscv64-zephyr-elf/sys-include/sys/syslimits.h:99:9: note: this is the location of the previous definition
   99 | #define _POSIX_TZNAME_MAX       3
      |         ^~~~~~~~~~~~~~~~~
/scratch2/agustin/zephyr-chipyard-sw/zephyr_ws/zephyr/include/zephyr/posix/posix_limits.h:60:9: warning: "_POSIX2_BC_BASE_MAX" redefined
   60 | #define _POSIX2_BC_BASE_MAX                 (99)
      |         ^~~~~~~~~~~~~~~~~~~
/scratch2/dima/zephyr-chipyard-sw-fresh/tools-manual/zephyr-sdk-1.0.0-beta1/gnu/riscv64-zephyr-elf/riscv64-zephyr-elf/sys-include/sys/syslimits.h:100:9: note: this is the location of the previous definition
  100 | #define _POSIX2_BC_BASE_MAX     99
      |         ^~~~~~~~~~~~~~~~~~~
/scratch2/agustin/zephyr-chipyard-sw/zephyr_ws/zephyr/include/zephyr/posix/posix_limits.h:61:9: warning: "_POSIX2_BC_DIM_MAX" redefined
   61 | #define _POSIX2_BC_DIM_MAX                  (2048)
      |         ^~~~~~~~~~~~~~~~~~
/scratch2/dima/zephyr-chipyard-sw-fresh/tools-manual/zephyr-sdk-1.0.0-beta1/gnu/riscv64-zephyr-elf/riscv64-zephyr-elf/sys-include/sys/syslimits.h:101:9: note: this is the location of the previous definition
  101 | #define _POSIX2_BC_DIM_MAX      2048
      |         ^~~~~~~~~~~~~~~~~~
/scratch2/agustin/zephyr-chipyard-sw/zephyr_ws/zephyr/include/zephyr/posix/posix_limits.h:62:9: warning: "_POSIX2_BC_SCALE_MAX" redefined
   62 | #define _POSIX2_BC_SCALE_MAX                (99)
      |         ^~~~~~~~~~~~~~~~~~~~
/scratch2/dima/zephyr-chipyard-sw-fresh/tools-manual/zephyr-sdk-1.0.0-beta1/gnu/riscv64-zephyr-elf/riscv64-zephyr-elf/sys-include/sys/syslimits.h:102:9: note: this is the location of the previous definition
  102 | #define _POSIX2_BC_SCALE_MAX    99
      |         ^~~~~~~~~~~~~~~~~~~~
/scratch2/agustin/zephyr-chipyard-sw/zephyr_ws/zephyr/include/zephyr/posix/posix_limits.h:63:9: warning: "_POSIX2_BC_STRING_MAX" redefined
   63 | #define _POSIX2_BC_STRING_MAX               (1000)
      |         ^~~~~~~~~~~~~~~~~~~~~
/scratch2/dima/zephyr-chipyard-sw-fresh/tools-manual/zephyr-sdk-1.0.0-beta1/gnu/riscv64-zephyr-elf/riscv64-zephyr-elf/sys-include/sys/syslimits.h:103:9: note: this is the location of the previous definition
  103 | #define _POSIX2_BC_STRING_MAX   1000
      |         ^~~~~~~~~~~~~~~~~~~~~
/scratch2/agustin/zephyr-chipyard-sw/zephyr_ws/zephyr/include/zephyr/posix/posix_limits.h:64:9: warning: "_POSIX2_CHARCLASS_NAME_MAX" redefined
   64 | #define _POSIX2_CHARCLASS_NAME_MAX          (14)
      |         ^~~~~~~~~~~~~~~~~~~~~~~~~~
/scratch2/dima/zephyr-chipyard-sw-fresh/tools-manual/zephyr-sdk-1.0.0-beta1/gnu/riscv64-zephyr-elf/riscv64-zephyr-elf/sys-include/sys/syslimits.h:104:9: note: this is the location of the previous definition
  104 | #define _POSIX2_CHARCLASS_NAME_MAX      14
      |         ^~~~~~~~~~~~~~~~~~~~~~~~~~
/scratch2/agustin/zephyr-chipyard-sw/zephyr_ws/zephyr/include/zephyr/posix/posix_limits.h:65:9: warning: "_POSIX2_COLL_WEIGHTS_MAX" redefined
   65 | #define _POSIX2_COLL_WEIGHTS_MAX            (2)
      |         ^~~~~~~~~~~~~~~~~~~~~~~~
/scratch2/dima/zephyr-chipyard-sw-fresh/tools-manual/zephyr-sdk-1.0.0-beta1/gnu/riscv64-zephyr-elf/riscv64-zephyr-elf/sys-include/sys/syslimits.h:105:9: note: this is the location of the previous definition
  105 | #define _POSIX2_COLL_WEIGHTS_MAX        2
      |         ^~~~~~~~~~~~~~~~~~~~~~~~
/scratch2/agustin/zephyr-chipyard-sw/zephyr_ws/zephyr/include/zephyr/posix/posix_limits.h:66:9: warning: "_POSIX2_EXPR_NEST_MAX" redefined
   66 | #define _POSIX2_EXPR_NEST_MAX               (32)
      |         ^~~~~~~~~~~~~~~~~~~~~
/scratch2/dima/zephyr-chipyard-sw-fresh/tools-manual/zephyr-sdk-1.0.0-beta1/gnu/riscv64-zephyr-elf/riscv64-zephyr-elf/sys-include/sys/syslimits.h:106:9: note: this is the location of the previous definition
  106 | #define _POSIX2_EXPR_NEST_MAX   32
      |         ^~~~~~~~~~~~~~~~~~~~~
/scratch2/agustin/zephyr-chipyard-sw/zephyr_ws/zephyr/include/zephyr/posix/posix_limits.h:67:9: warning: "_POSIX2_LINE_MAX" redefined
   67 | #define _POSIX2_LINE_MAX                    (2048)
      |         ^~~~~~~~~~~~~~~~
/scratch2/dima/zephyr-chipyard-sw-fresh/tools-manual/zephyr-sdk-1.0.0-beta1/gnu/riscv64-zephyr-elf/riscv64-zephyr-elf/sys-include/sys/syslimits.h:107:9: note: this is the location of the previous definition
  107 | #define _POSIX2_LINE_MAX        2048
      |         ^~~~~~~~~~~~~~~~
/scratch2/agustin/zephyr-chipyard-sw/zephyr_ws/zephyr/include/zephyr/posix/posix_limits.h:83:9: warning: "ARG_MAX" redefined
   83 | #define ARG_MAX                       _POSIX_ARG_MAX
      |         ^~~~~~~
/scratch2/dima/zephyr-chipyard-sw-fresh/tools-manual/zephyr-sdk-1.0.0-beta1/gnu/riscv64-zephyr-elf/riscv64-zephyr-elf/sys-include/sys/syslimits.h:41:9: note: this is the location of the previous definition
   41 | #define ARG_MAX                 65536   /* max bytes for an exec function */
      |         ^~~~~~~
/scratch2/agustin/zephyr-chipyard-sw/zephyr_ws/zephyr/include/zephyr/posix/posix_limits.h:84:9: warning: "ATEXIT_MAX" redefined
   84 | #define ATEXIT_MAX                    (32)
      |         ^~~~~~~~~~
/scratch2/dima/zephyr-chipyard-sw-fresh/tools-manual/zephyr-sdk-1.0.0-beta1/gnu/riscv64-zephyr-elf/riscv64-zephyr-elf/sys-include/sys/syslimits.h:42:9: note: this is the location of the previous definition
   42 | #define ATEXIT_MAX                 32   /* max atexit functions */
      |         ^~~~~~~~~~
/scratch2/agustin/zephyr-chipyard-sw/zephyr_ws/zephyr/include/zephyr/posix/posix_limits.h:93:9: warning: "OPEN_MAX" redefined
   93 | #define OPEN_MAX                      CONFIG_POSIX_OPEN_MAX
      |         ^~~~~~~~
/scratch2/dima/zephyr-chipyard-sw-fresh/tools-manual/zephyr-sdk-1.0.0-beta1/gnu/riscv64-zephyr-elf/riscv64-zephyr-elf/sys-include/sys/syslimits.h:45:9: note: this is the location of the previous definition
   45 | #define OPEN_MAX                   64   /* max open files per process */
      |         ^~~~~~~~
/scratch2/agustin/zephyr-chipyard-sw/zephyr_ws/zephyr/include/zephyr/posix/posix_limits.h:96:9: warning: "PATH_MAX" redefined
   96 | #define PATH_MAX                      _POSIX_PATH_MAX
      |         ^~~~~~~~
/scratch2/dima/zephyr-chipyard-sw-fresh/tools-manual/zephyr-sdk-1.0.0-beta1/gnu/riscv64-zephyr-elf/riscv64-zephyr-elf/sys-include/sys/syslimits.h:53:9: note: this is the location of the previous definition
   53 | #define PATH_MAX                 1024   /* max bytes in pathname */
      |         ^~~~~~~~
/scratch2/agustin/zephyr-chipyard-sw/zephyr_ws/zephyr/include/zephyr/posix/posix_limits.h:114:9: warning: "TZNAME_MAX" redefined
  114 | #define TZNAME_MAX                    _POSIX_TZNAME_MAX
      |         ^~~~~~~~~~
/scratch2/dima/zephyr-chipyard-sw-fresh/tools-manual/zephyr-sdk-1.0.0-beta1/gnu/riscv64-zephyr-elf/riscv64-zephyr-elf/sys-include/sys/syslimits.h:46:9: note: this is the location of the previous definition
   46 | #define TZNAME_MAX                 10   /* max time zone name length */
      |         ^~~~~~~~~~
[110/202] Linking C static library zephyr/drivers/console/libdrivers__console.a
[111/202] Linking C static library zephyr/drivers/hwinfo/libdrivers__hwinfo.a
[112/202] Building C object zephyr/lib/os/zvfs/CMakeFiles/lib__os__zvfs.dir/zvfs_select.c.obj
In file included from /scratch2/agustin/zephyr-chipyard-sw/zephyr_ws/zephyr/include/zephyr/posix/sys/sysconf.h:11,
                 from /scratch2/agustin/zephyr-chipyard-sw/zephyr_ws/zephyr/include/zephyr/posix/unistd.h:18,
                 from /scratch2/agustin/zephyr-chipyard-sw/zephyr_ws/zephyr/include/zephyr/net/socket.h:1289,
                 from /scratch2/agustin/zephyr-chipyard-sw/zephyr_ws/zephyr/lib/os/zvfs/zvfs_select.c:13:
/scratch2/agustin/zephyr-chipyard-sw/zephyr_ws/zephyr/include/zephyr/posix/posix_limits.h:23:9: warning: "_POSIX_AIO_LISTIO_MAX" redefined
   23 | #define _POSIX_AIO_LISTIO_MAX               (2)
      |         ^~~~~~~~~~~~~~~~~~~~~
In file included from /scratch2/dima/zephyr-chipyard-sw-fresh/tools-manual/zephyr-sdk-1.0.0-beta1/gnu/riscv64-zephyr-elf/riscv64-zephyr-elf/sys-include/limits.h:6,
                 from /scratch2/dima/zephyr-chipyard-sw-fresh/tools-manual/zephyr-sdk-1.0.0-beta1/gnu/riscv64-zephyr-elf/lib/gcc/riscv64-zephyr-elf/14.3.0/include/limits.h:210,
                 from /scratch2/dima/zephyr-chipyard-sw-fresh/tools-manual/zephyr-sdk-1.0.0-beta1/gnu/riscv64-zephyr-elf/lib/gcc/riscv64-zephyr-elf/14.3.0/include/syslimits.h:7,
                 from /scratch2/dima/zephyr-chipyard-sw-fresh/tools-manual/zephyr-sdk-1.0.0-beta1/gnu/riscv64-zephyr-elf/lib/gcc/riscv64-zephyr-elf/14.3.0/include/limits.h:34,
                 from /scratch2/agustin/zephyr-chipyard-sw/zephyr_ws/zephyr/include/zephyr/kernel_includes.h:22,
                 from /scratch2/agustin/zephyr-chipyard-sw/zephyr_ws/zephyr/include/zephyr/kernel.h:17,
                 from /scratch2/agustin/zephyr-chipyard-sw/zephyr_ws/zephyr/lib/os/zvfs/zvfs_select.c:10:
/scratch2/dima/zephyr-chipyard-sw-fresh/tools-manual/zephyr-sdk-1.0.0-beta1/gnu/riscv64-zephyr-elf/riscv64-zephyr-elf/sys-include/sys/syslimits.h:63:9: note: this is the location of the previous definition
   63 | #define _POSIX_AIO_LISTIO_MAX   2
      |         ^~~~~~~~~~~~~~~~~~~~~
/scratch2/agustin/zephyr-chipyard-sw/zephyr_ws/zephyr/include/zephyr/posix/posix_limits.h:24:9: warning: "_POSIX_AIO_MAX" redefined
   24 | #define _POSIX_AIO_MAX                      (1)
      |         ^~~~~~~~~~~~~~
/scratch2/dima/zephyr-chipyard-sw-fresh/tools-manual/zephyr-sdk-1.0.0-beta1/gnu/riscv64-zephyr-elf/riscv64-zephyr-elf/sys-include/sys/syslimits.h:64:9: note: this is the location of the previous definition
   64 | #define _POSIX_AIO_MAX          1
      |         ^~~~~~~~~~~~~~
/scratch2/agustin/zephyr-chipyard-sw/zephyr_ws/zephyr/include/zephyr/posix/posix_limits.h:25:9: warning: "_POSIX_ARG_MAX" redefined
   25 | #define _POSIX_ARG_MAX                      (4096)
      |         ^~~~~~~~~~~~~~
/scratch2/dima/zephyr-chipyard-sw-fresh/tools-manual/zephyr-sdk-1.0.0-beta1/gnu/riscv64-zephyr-elf/riscv64-zephyr-elf/sys-include/sys/syslimits.h:65:9: note: this is the location of the previous definition
   65 | #define _POSIX_ARG_MAX          4096
      |         ^~~~~~~~~~~~~~
/scratch2/agustin/zephyr-chipyard-sw/zephyr_ws/zephyr/include/zephyr/posix/posix_limits.h:26:9: warning: "_POSIX_CHILD_MAX" redefined
   26 | #define _POSIX_CHILD_MAX                    (25)
      |         ^~~~~~~~~~~~~~~~
/scratch2/dima/zephyr-chipyard-sw-fresh/tools-manual/zephyr-sdk-1.0.0-beta1/gnu/riscv64-zephyr-elf/riscv64-zephyr-elf/sys-include/sys/syslimits.h:66:9: note: this is the location of the previous definition
   66 | #define _POSIX_CHILD_MAX        6
      |         ^~~~~~~~~~~~~~~~
/scratch2/agustin/zephyr-chipyard-sw/zephyr_ws/zephyr/include/zephyr/posix/posix_limits.h:27:9: warning: "_POSIX_DELAYTIMER_MAX" redefined
   27 | #define _POSIX_DELAYTIMER_MAX               (32)
      |         ^~~~~~~~~~~~~~~~~~~~~
/scratch2/dima/zephyr-chipyard-sw-fresh/tools-manual/zephyr-sdk-1.0.0-beta1/gnu/riscv64-zephyr-elf/riscv64-zephyr-elf/sys-include/sys/syslimits.h:67:9: note: this is the location of the previous definition
   67 | #define _POSIX_DELAYTIMER_MAX   32
      |         ^~~~~~~~~~~~~~~~~~~~~
/scratch2/agustin/zephyr-chipyard-sw/zephyr_ws/zephyr/include/zephyr/posix/posix_limits.h:28:9: warning: "_POSIX_HOST_NAME_MAX" redefined
   28 | #define _POSIX_HOST_NAME_MAX                (255)
      |         ^~~~~~~~~~~~~~~~~~~~
/scratch2/dima/zephyr-chipyard-sw-fresh/tools-manual/zephyr-sdk-1.0.0-beta1/gnu/riscv64-zephyr-elf/riscv64-zephyr-elf/sys-include/sys/syslimits.h:68:9: note: this is the location of the previous definition
   68 | #define _POSIX_HOST_NAME_MAX    255
      |         ^~~~~~~~~~~~~~~~~~~~
/scratch2/agustin/zephyr-chipyard-sw/zephyr_ws/zephyr/include/zephyr/posix/posix_limits.h:29:9: warning: "_POSIX_LINK_MAX" redefined
   29 | #define _POSIX_LINK_MAX                     (8)
      |         ^~~~~~~~~~~~~~~
/scratch2/dima/zephyr-chipyard-sw-fresh/tools-manual/zephyr-sdk-1.0.0-beta1/gnu/riscv64-zephyr-elf/riscv64-zephyr-elf/sys-include/sys/syslimits.h:69:9: note: this is the location of the previous definition
   69 | #define _POSIX_LINK_MAX         8
      |         ^~~~~~~~~~~~~~~
/scratch2/agustin/zephyr-chipyard-sw/zephyr_ws/zephyr/include/zephyr/posix/posix_limits.h:30:9: warning: "_POSIX_LOGIN_NAME_MAX" redefined
   30 | #define _POSIX_LOGIN_NAME_MAX               (9)
      |         ^~~~~~~~~~~~~~~~~~~~~
/scratch2/dima/zephyr-chipyard-sw-fresh/tools-manual/zephyr-sdk-1.0.0-beta1/gnu/riscv64-zephyr-elf/riscv64-zephyr-elf/sys-include/sys/syslimits.h:70:9: note: this is the location of the previous definition
   70 | #define _POSIX_LOGIN_NAME_MAX   9
      |         ^~~~~~~~~~~~~~~~~~~~~
/scratch2/agustin/zephyr-chipyard-sw/zephyr_ws/zephyr/include/zephyr/posix/posix_limits.h:31:9: warning: "_POSIX_MAX_CANON" redefined
   31 | #define _POSIX_MAX_CANON                    (255)
      |         ^~~~~~~~~~~~~~~~
/scratch2/dima/zephyr-chipyard-sw-fresh/tools-manual/zephyr-sdk-1.0.0-beta1/gnu/riscv64-zephyr-elf/riscv64-zephyr-elf/sys-include/sys/syslimits.h:71:9: note: this is the location of the previous definition
   71 | #define _POSIX_MAX_CANON        255
      |         ^~~~~~~~~~~~~~~~
/scratch2/agustin/zephyr-chipyard-sw/zephyr_ws/zephyr/include/zephyr/posix/posix_limits.h:32:9: warning: "_POSIX_MAX_INPUT" redefined
   32 | #define _POSIX_MAX_INPUT                    (255)
      |         ^~~~~~~~~~~~~~~~
/scratch2/dima/zephyr-chipyard-sw-fresh/tools-manual/zephyr-sdk-1.0.0-beta1/gnu/riscv64-zephyr-elf/riscv64-zephyr-elf/sys-include/sys/syslimits.h:72:9: note: this is the location of the previous definition
   72 | #define _POSIX_MAX_INPUT        255
      |         ^~~~~~~~~~~~~~~~
/scratch2/agustin/zephyr-chipyard-sw/zephyr_ws/zephyr/include/zephyr/posix/posix_limits.h:33:9: warning: "_POSIX_MQ_OPEN_MAX" redefined
   33 | #define _POSIX_MQ_OPEN_MAX                  (8)
      |         ^~~~~~~~~~~~~~~~~~
/scratch2/dima/zephyr-chipyard-sw-fresh/tools-manual/zephyr-sdk-1.0.0-beta1/gnu/riscv64-zephyr-elf/riscv64-zephyr-elf/sys-include/sys/syslimits.h:73:9: note: this is the location of the previous definition
   73 | #define _POSIX_MQ_OPEN_MAX      8
      |         ^~~~~~~~~~~~~~~~~~
/scratch2/agustin/zephyr-chipyard-sw/zephyr_ws/zephyr/include/zephyr/posix/posix_limits.h:34:9: warning: "_POSIX_MQ_PRIO_MAX" redefined
   34 | #define _POSIX_MQ_PRIO_MAX                  (32)
      |         ^~~~~~~~~~~~~~~~~~
/scratch2/dima/zephyr-chipyard-sw-fresh/tools-manual/zephyr-sdk-1.0.0-beta1/gnu/riscv64-zephyr-elf/riscv64-zephyr-elf/sys-include/sys/syslimits.h:74:9: note: this is the location of the previous definition
   74 | #define _POSIX_MQ_PRIO_MAX      32
      |         ^~~~~~~~~~~~~~~~~~
/scratch2/agustin/zephyr-chipyard-sw/zephyr_ws/zephyr/include/zephyr/posix/posix_limits.h:35:9: warning: "_POSIX_NAME_MAX" redefined
   35 | #define _POSIX_NAME_MAX                     (14)
      |         ^~~~~~~~~~~~~~~
/scratch2/dima/zephyr-chipyard-sw-fresh/tools-manual/zephyr-sdk-1.0.0-beta1/gnu/riscv64-zephyr-elf/riscv64-zephyr-elf/sys-include/sys/syslimits.h:75:9: note: this is the location of the previous definition
   75 | #define _POSIX_NAME_MAX         14
      |         ^~~~~~~~~~~~~~~
/scratch2/agustin/zephyr-chipyard-sw/zephyr_ws/zephyr/include/zephyr/posix/posix_limits.h:36:9: warning: "_POSIX_NGROUPS_MAX" redefined
   36 | #define _POSIX_NGROUPS_MAX                  (8)
      |         ^~~~~~~~~~~~~~~~~~
/scratch2/dima/zephyr-chipyard-sw-fresh/tools-manual/zephyr-sdk-1.0.0-beta1/gnu/riscv64-zephyr-elf/riscv64-zephyr-elf/sys-include/sys/syslimits.h:76:9: note: this is the location of the previous definition
   76 | #define _POSIX_NGROUPS_MAX      0
      |         ^~~~~~~~~~~~~~~~~~
/scratch2/agustin/zephyr-chipyard-sw/zephyr_ws/zephyr/include/zephyr/posix/posix_limits.h:37:9: warning: "_POSIX_OPEN_MAX" redefined
   37 | #define _POSIX_OPEN_MAX                     (20)
      |         ^~~~~~~~~~~~~~~
/scratch2/dima/zephyr-chipyard-sw-fresh/tools-manual/zephyr-sdk-1.0.0-beta1/gnu/riscv64-zephyr-elf/riscv64-zephyr-elf/sys-include/sys/syslimits.h:77:9: note: this is the location of the previous definition
   77 | #define _POSIX_OPEN_MAX         16
      |         ^~~~~~~~~~~~~~~
/scratch2/agustin/zephyr-chipyard-sw/zephyr_ws/zephyr/include/zephyr/posix/posix_limits.h:38:9: warning: "_POSIX_PATH_MAX" redefined
   38 | #define _POSIX_PATH_MAX                     (256)
      |         ^~~~~~~~~~~~~~~
/scratch2/dima/zephyr-chipyard-sw-fresh/tools-manual/zephyr-sdk-1.0.0-beta1/gnu/riscv64-zephyr-elf/riscv64-zephyr-elf/sys-include/sys/syslimits.h:78:9: note: this is the location of the previous definition
   78 | #define _POSIX_PATH_MAX         255
      |         ^~~~~~~~~~~~~~~
/scratch2/agustin/zephyr-chipyard-sw/zephyr_ws/zephyr/include/zephyr/posix/posix_limits.h:39:9: warning: "_POSIX_PIPE_BUF" redefined
   39 | #define _POSIX_PIPE_BUF                     (512)
      |         ^~~~~~~~~~~~~~~
/scratch2/dima/zephyr-chipyard-sw-fresh/tools-manual/zephyr-sdk-1.0.0-beta1/gnu/riscv64-zephyr-elf/riscv64-zephyr-elf/sys-include/sys/syslimits.h:79:9: note: this is the location of the previous definition
   79 | #define _POSIX_PIPE_BUF         512
      |         ^~~~~~~~~~~~~~~
/scratch2/agustin/zephyr-chipyard-sw/zephyr_ws/zephyr/include/zephyr/posix/posix_limits.h:40:9: warning: "_POSIX_RE_DUP_MAX" redefined
   40 | #define _POSIX_RE_DUP_MAX                   (255)
      |         ^~~~~~~~~~~~~~~~~
/scratch2/dima/zephyr-chipyard-sw-fresh/tools-manual/zephyr-sdk-1.0.0-beta1/gnu/riscv64-zephyr-elf/riscv64-zephyr-elf/sys-include/sys/syslimits.h:80:9: note: this is the location of the previous definition
   80 | #define _POSIX_RE_DUP_MAX       255
      |         ^~~~~~~~~~~~~~~~~
/scratch2/agustin/zephyr-chipyard-sw/zephyr_ws/zephyr/include/zephyr/posix/posix_limits.h:41:9: warning: "_POSIX_RTSIG_MAX" redefined
   41 | #define _POSIX_RTSIG_MAX                    (8)
      |         ^~~~~~~~~~~~~~~~
/scratch2/dima/zephyr-chipyard-sw-fresh/tools-manual/zephyr-sdk-1.0.0-beta1/gnu/riscv64-zephyr-elf/riscv64-zephyr-elf/sys-include/sys/syslimits.h:81:9: note: this is the location of the previous definition
   81 | #define _POSIX_RTSIG_MAX        8
      |         ^~~~~~~~~~~~~~~~
/scratch2/agustin/zephyr-chipyard-sw/zephyr_ws/zephyr/include/zephyr/posix/posix_limits.h:42:9: warning: "_POSIX_SEM_NSEMS_MAX" redefined
   42 | #define _POSIX_SEM_NSEMS_MAX                (256)
      |         ^~~~~~~~~~~~~~~~~~~~
/scratch2/dima/zephyr-chipyard-sw-fresh/tools-manual/zephyr-sdk-1.0.0-beta1/gnu/riscv64-zephyr-elf/riscv64-zephyr-elf/sys-include/sys/syslimits.h:82:9: note: this is the location of the previous definition
   82 | #define _POSIX_SEM_NSEMS_MAX    256
      |         ^~~~~~~~~~~~~~~~~~~~
/scratch2/agustin/zephyr-chipyard-sw/zephyr_ws/zephyr/include/zephyr/posix/posix_limits.h:43:9: warning: "_POSIX_SEM_VALUE_MAX" redefined
   43 | #define _POSIX_SEM_VALUE_MAX                (32767)
      |         ^~~~~~~~~~~~~~~~~~~~
/scratch2/dima/zephyr-chipyard-sw-fresh/tools-manual/zephyr-sdk-1.0.0-beta1/gnu/riscv64-zephyr-elf/riscv64-zephyr-elf/sys-include/sys/syslimits.h:83:9: note: this is the location of the previous definition
   83 | #define _POSIX_SEM_VALUE_MAX    32767
      |         ^~~~~~~~~~~~~~~~~~~~
/scratch2/agustin/zephyr-chipyard-sw/zephyr_ws/zephyr/include/zephyr/posix/posix_limits.h:44:9: warning: "_POSIX_SIGQUEUE_MAX" redefined
   44 | #define _POSIX_SIGQUEUE_MAX                 (32)
      |         ^~~~~~~~~~~~~~~~~~~
/scratch2/dima/zephyr-chipyard-sw-fresh/tools-manual/zephyr-sdk-1.0.0-beta1/gnu/riscv64-zephyr-elf/riscv64-zephyr-elf/sys-include/sys/syslimits.h:84:9: note: this is the location of the previous definition
   84 | #define _POSIX_SIGQUEUE_MAX     32
      |         ^~~~~~~~~~~~~~~~~~~
/scratch2/agustin/zephyr-chipyard-sw/zephyr_ws/zephyr/include/zephyr/posix/posix_limits.h:45:9: warning: "_POSIX_SSIZE_MAX" redefined
   45 | #define _POSIX_SSIZE_MAX                    (32767)
      |         ^~~~~~~~~~~~~~~~
/scratch2/dima/zephyr-chipyard-sw-fresh/tools-manual/zephyr-sdk-1.0.0-beta1/gnu/riscv64-zephyr-elf/riscv64-zephyr-elf/sys-include/sys/syslimits.h:85:9: note: this is the location of the previous definition
   85 | #define _POSIX_SSIZE_MAX        32767
      |         ^~~~~~~~~~~~~~~~
/scratch2/agustin/zephyr-chipyard-sw/zephyr_ws/zephyr/include/zephyr/posix/posix_limits.h:46:9: warning: "_POSIX_SS_REPL_MAX" redefined
   46 | #define _POSIX_SS_REPL_MAX                  (4)
      |         ^~~~~~~~~~~~~~~~~~
/scratch2/dima/zephyr-chipyard-sw-fresh/tools-manual/zephyr-sdk-1.0.0-beta1/gnu/riscv64-zephyr-elf/riscv64-zephyr-elf/sys-include/sys/syslimits.h:86:9: note: this is the location of the previous definition
   86 | #define _POSIX_SS_REPL_MAX      4
      |         ^~~~~~~~~~~~~~~~~~
/scratch2/agustin/zephyr-chipyard-sw/zephyr_ws/zephyr/include/zephyr/posix/posix_limits.h:47:9: warning: "_POSIX_STREAM_MAX" redefined
   47 | #define _POSIX_STREAM_MAX                   (8)
      |         ^~~~~~~~~~~~~~~~~
/scratch2/dima/zephyr-chipyard-sw-fresh/tools-manual/zephyr-sdk-1.0.0-beta1/gnu/riscv64-zephyr-elf/riscv64-zephyr-elf/sys-include/sys/syslimits.h:87:9: note: this is the location of the previous definition
   87 | #define _POSIX_STREAM_MAX       8
      |         ^~~~~~~~~~~~~~~~~
/scratch2/agustin/zephyr-chipyard-sw/zephyr_ws/zephyr/include/zephyr/posix/posix_limits.h:48:9: warning: "_POSIX_SYMLINK_MAX" redefined
   48 | #define _POSIX_SYMLINK_MAX                  (255)
      |         ^~~~~~~~~~~~~~~~~~
/scratch2/dima/zephyr-chipyard-sw-fresh/tools-manual/zephyr-sdk-1.0.0-beta1/gnu/riscv64-zephyr-elf/riscv64-zephyr-elf/sys-include/sys/syslimits.h:88:9: note: this is the location of the previous definition
   88 | #define _POSIX_SYMLINK_MAX      255
      |         ^~~~~~~~~~~~~~~~~~
/scratch2/agustin/zephyr-chipyard-sw/zephyr_ws/zephyr/include/zephyr/posix/posix_limits.h:49:9: warning: "_POSIX_SYMLOOP_MAX" redefined
   49 | #define _POSIX_SYMLOOP_MAX                  (8)
      |         ^~~~~~~~~~~~~~~~~~
/scratch2/dima/zephyr-chipyard-sw-fresh/tools-manual/zephyr-sdk-1.0.0-beta1/gnu/riscv64-zephyr-elf/riscv64-zephyr-elf/sys-include/sys/syslimits.h:89:9: note: this is the location of the previous definition
   89 | #define _POSIX_SYMLOOP_MAX      8
      |         ^~~~~~~~~~~~~~~~~~
/scratch2/agustin/zephyr-chipyard-sw/zephyr_ws/zephyr/include/zephyr/posix/posix_limits.h:50:9: warning: "_POSIX_THREAD_DESTRUCTOR_ITERATIONS" redefined
   50 | #define _POSIX_THREAD_DESTRUCTOR_ITERATIONS (4)
      |         ^~~~~~~~~~~~~~~~~~~~~~~~~~~~~~~~~~~
/scratch2/dima/zephyr-chipyard-sw-fresh/tools-manual/zephyr-sdk-1.0.0-beta1/gnu/riscv64-zephyr-elf/riscv64-zephyr-elf/sys-include/sys/syslimits.h:90:9: note: this is the location of the previous definition
   90 | #define _POSIX_THREAD_DESTRUCTOR_ITERATIONS     4
      |         ^~~~~~~~~~~~~~~~~~~~~~~~~~~~~~~~~~~
/scratch2/agustin/zephyr-chipyard-sw/zephyr_ws/zephyr/include/zephyr/posix/posix_limits.h:51:9: warning: "_POSIX_THREAD_KEYS_MAX" redefined
   51 | #define _POSIX_THREAD_KEYS_MAX              (128)
      |         ^~~~~~~~~~~~~~~~~~~~~~
/scratch2/dima/zephyr-chipyard-sw-fresh/tools-manual/zephyr-sdk-1.0.0-beta1/gnu/riscv64-zephyr-elf/riscv64-zephyr-elf/sys-include/sys/syslimits.h:91:9: note: this is the location of the previous definition
   91 | #define _POSIX_THREAD_KEYS_MAX  128
      |         ^~~~~~~~~~~~~~~~~~~~~~
/scratch2/agustin/zephyr-chipyard-sw/zephyr_ws/zephyr/include/zephyr/posix/posix_limits.h:52:9: warning: "_POSIX_THREAD_THREADS_MAX" redefined
   52 | #define _POSIX_THREAD_THREADS_MAX           (64)
      |         ^~~~~~~~~~~~~~~~~~~~~~~~~
/scratch2/dima/zephyr-chipyard-sw-fresh/tools-manual/zephyr-sdk-1.0.0-beta1/gnu/riscv64-zephyr-elf/riscv64-zephyr-elf/sys-include/sys/syslimits.h:92:9: note: this is the location of the previous definition
   92 | #define _POSIX_THREAD_THREADS_MAX       64
      |         ^~~~~~~~~~~~~~~~~~~~~~~~~
/scratch2/agustin/zephyr-chipyard-sw/zephyr_ws/zephyr/include/zephyr/posix/posix_limits.h:53:9: warning: "_POSIX_TIMER_MAX" redefined
   53 | #define _POSIX_TIMER_MAX                    (32)
      |         ^~~~~~~~~~~~~~~~
/scratch2/dima/zephyr-chipyard-sw-fresh/tools-manual/zephyr-sdk-1.0.0-beta1/gnu/riscv64-zephyr-elf/riscv64-zephyr-elf/sys-include/sys/syslimits.h:93:9: note: this is the location of the previous definition
   93 | #define _POSIX_TIMER_MAX        32
      |         ^~~~~~~~~~~~~~~~
/scratch2/agustin/zephyr-chipyard-sw/zephyr_ws/zephyr/include/zephyr/posix/posix_limits.h:54:9: warning: "_POSIX_TRACE_EVENT_NAME_MAX" redefined
   54 | #define _POSIX_TRACE_EVENT_NAME_MAX         (30)
      |         ^~~~~~~~~~~~~~~~~~~~~~~~~~~
/scratch2/dima/zephyr-chipyard-sw-fresh/tools-manual/zephyr-sdk-1.0.0-beta1/gnu/riscv64-zephyr-elf/riscv64-zephyr-elf/sys-include/sys/syslimits.h:94:9: note: this is the location of the previous definition
   94 | #define _POSIX_TRACE_EVENT_NAME_MAX     30
      |         ^~~~~~~~~~~~~~~~~~~~~~~~~~~
/scratch2/agustin/zephyr-chipyard-sw/zephyr_ws/zephyr/include/zephyr/posix/posix_limits.h:55:9: warning: "_POSIX_TRACE_NAME_MAX" redefined
   55 | #define _POSIX_TRACE_NAME_MAX               (8)
      |         ^~~~~~~~~~~~~~~~~~~~~
/scratch2/dima/zephyr-chipyard-sw-fresh/tools-manual/zephyr-sdk-1.0.0-beta1/gnu/riscv64-zephyr-elf/riscv64-zephyr-elf/sys-include/sys/syslimits.h:95:9: note: this is the location of the previous definition
   95 | #define _POSIX_TRACE_NAME_MAX   8
      |         ^~~~~~~~~~~~~~~~~~~~~
/scratch2/agustin/zephyr-chipyard-sw/zephyr_ws/zephyr/include/zephyr/posix/posix_limits.h:56:9: warning: "_POSIX_TRACE_SYS_MAX" redefined
   56 | #define _POSIX_TRACE_SYS_MAX                (8)
      |         ^~~~~~~~~~~~~~~~~~~~
/scratch2/dima/zephyr-chipyard-sw-fresh/tools-manual/zephyr-sdk-1.0.0-beta1/gnu/riscv64-zephyr-elf/riscv64-zephyr-elf/sys-include/sys/syslimits.h:96:9: note: this is the location of the previous definition
   96 | #define _POSIX_TRACE_SYS_MAX    8
      |         ^~~~~~~~~~~~~~~~~~~~
/scratch2/agustin/zephyr-chipyard-sw/zephyr_ws/zephyr/include/zephyr/posix/posix_limits.h:57:9: warning: "_POSIX_TRACE_USER_EVENT_MAX" redefined
   57 | #define _POSIX_TRACE_USER_EVENT_MAX         (32)
      |         ^~~~~~~~~~~~~~~~~~~~~~~~~~~
/scratch2/dima/zephyr-chipyard-sw-fresh/tools-manual/zephyr-sdk-1.0.0-beta1/gnu/riscv64-zephyr-elf/riscv64-zephyr-elf/sys-include/sys/syslimits.h:97:9: note: this is the location of the previous definition
   97 | #define _POSIX_TRACE_USER_EVENT_MAX     32
      |         ^~~~~~~~~~~~~~~~~~~~~~~~~~~
/scratch2/agustin/zephyr-chipyard-sw/zephyr_ws/zephyr/include/zephyr/posix/posix_limits.h:58:9: warning: "_POSIX_TTY_NAME_MAX" redefined
   58 | #define _POSIX_TTY_NAME_MAX                 (9)
      |         ^~~~~~~~~~~~~~~~~~~
/scratch2/dima/zephyr-chipyard-sw-fresh/tools-manual/zephyr-sdk-1.0.0-beta1/gnu/riscv64-zephyr-elf/riscv64-zephyr-elf/sys-include/sys/syslimits.h:98:9: note: this is the location of the previous definition
   98 | #define _POSIX_TTY_NAME_MAX     9
      |         ^~~~~~~~~~~~~~~~~~~
/scratch2/agustin/zephyr-chipyard-sw/zephyr_ws/zephyr/include/zephyr/posix/posix_limits.h:59:9: warning: "_POSIX_TZNAME_MAX" redefined
   59 | #define _POSIX_TZNAME_MAX                   (6)
      |         ^~~~~~~~~~~~~~~~~
/scratch2/dima/zephyr-chipyard-sw-fresh/tools-manual/zephyr-sdk-1.0.0-beta1/gnu/riscv64-zephyr-elf/riscv64-zephyr-elf/sys-include/sys/syslimits.h:99:9: note: this is the location of the previous definition
   99 | #define _POSIX_TZNAME_MAX       3
      |         ^~~~~~~~~~~~~~~~~
/scratch2/agustin/zephyr-chipyard-sw/zephyr_ws/zephyr/include/zephyr/posix/posix_limits.h:60:9: warning: "_POSIX2_BC_BASE_MAX" redefined
   60 | #define _POSIX2_BC_BASE_MAX                 (99)
      |         ^~~~~~~~~~~~~~~~~~~
/scratch2/dima/zephyr-chipyard-sw-fresh/tools-manual/zephyr-sdk-1.0.0-beta1/gnu/riscv64-zephyr-elf/riscv64-zephyr-elf/sys-include/sys/syslimits.h:100:9: note: this is the location of the previous definition
  100 | #define _POSIX2_BC_BASE_MAX     99
      |         ^~~~~~~~~~~~~~~~~~~
/scratch2/agustin/zephyr-chipyard-sw/zephyr_ws/zephyr/include/zephyr/posix/posix_limits.h:61:9: warning: "_POSIX2_BC_DIM_MAX" redefined
   61 | #define _POSIX2_BC_DIM_MAX                  (2048)
      |         ^~~~~~~~~~~~~~~~~~
/scratch2/dima/zephyr-chipyard-sw-fresh/tools-manual/zephyr-sdk-1.0.0-beta1/gnu/riscv64-zephyr-elf/riscv64-zephyr-elf/sys-include/sys/syslimits.h:101:9: note: this is the location of the previous definition
  101 | #define _POSIX2_BC_DIM_MAX      2048
      |         ^~~~~~~~~~~~~~~~~~
/scratch2/agustin/zephyr-chipyard-sw/zephyr_ws/zephyr/include/zephyr/posix/posix_limits.h:62:9: warning: "_POSIX2_BC_SCALE_MAX" redefined
   62 | #define _POSIX2_BC_SCALE_MAX                (99)
      |         ^~~~~~~~~~~~~~~~~~~~
/scratch2/dima/zephyr-chipyard-sw-fresh/tools-manual/zephyr-sdk-1.0.0-beta1/gnu/riscv64-zephyr-elf/riscv64-zephyr-elf/sys-include/sys/syslimits.h:102:9: note: this is the location of the previous definition
  102 | #define _POSIX2_BC_SCALE_MAX    99
      |         ^~~~~~~~~~~~~~~~~~~~
/scratch2/agustin/zephyr-chipyard-sw/zephyr_ws/zephyr/include/zephyr/posix/posix_limits.h:63:9: warning: "_POSIX2_BC_STRING_MAX" redefined
   63 | #define _POSIX2_BC_STRING_MAX               (1000)
      |         ^~~~~~~~~~~~~~~~~~~~~
/scratch2/dima/zephyr-chipyard-sw-fresh/tools-manual/zephyr-sdk-1.0.0-beta1/gnu/riscv64-zephyr-elf/riscv64-zephyr-elf/sys-include/sys/syslimits.h:103:9: note: this is the location of the previous definition
  103 | #define _POSIX2_BC_STRING_MAX   1000
      |         ^~~~~~~~~~~~~~~~~~~~~
/scratch2/agustin/zephyr-chipyard-sw/zephyr_ws/zephyr/include/zephyr/posix/posix_limits.h:64:9: warning: "_POSIX2_CHARCLASS_NAME_MAX" redefined
   64 | #define _POSIX2_CHARCLASS_NAME_MAX          (14)
      |         ^~~~~~~~~~~~~~~~~~~~~~~~~~
/scratch2/dima/zephyr-chipyard-sw-fresh/tools-manual/zephyr-sdk-1.0.0-beta1/gnu/riscv64-zephyr-elf/riscv64-zephyr-elf/sys-include/sys/syslimits.h:104:9: note: this is the location of the previous definition
  104 | #define _POSIX2_CHARCLASS_NAME_MAX      14
      |         ^~~~~~~~~~~~~~~~~~~~~~~~~~
/scratch2/agustin/zephyr-chipyard-sw/zephyr_ws/zephyr/include/zephyr/posix/posix_limits.h:65:9: warning: "_POSIX2_COLL_WEIGHTS_MAX" redefined
   65 | #define _POSIX2_COLL_WEIGHTS_MAX            (2)
      |         ^~~~~~~~~~~~~~~~~~~~~~~~
/scratch2/dima/zephyr-chipyard-sw-fresh/tools-manual/zephyr-sdk-1.0.0-beta1/gnu/riscv64-zephyr-elf/riscv64-zephyr-elf/sys-include/sys/syslimits.h:105:9: note: this is the location of the previous definition
  105 | #define _POSIX2_COLL_WEIGHTS_MAX        2
      |         ^~~~~~~~~~~~~~~~~~~~~~~~
/scratch2/agustin/zephyr-chipyard-sw/zephyr_ws/zephyr/include/zephyr/posix/posix_limits.h:66:9: warning: "_POSIX2_EXPR_NEST_MAX" redefined
   66 | #define _POSIX2_EXPR_NEST_MAX               (32)
      |         ^~~~~~~~~~~~~~~~~~~~~
/scratch2/dima/zephyr-chipyard-sw-fresh/tools-manual/zephyr-sdk-1.0.0-beta1/gnu/riscv64-zephyr-elf/riscv64-zephyr-elf/sys-include/sys/syslimits.h:106:9: note: this is the location of the previous definition
  106 | #define _POSIX2_EXPR_NEST_MAX   32
      |         ^~~~~~~~~~~~~~~~~~~~~
/scratch2/agustin/zephyr-chipyard-sw/zephyr_ws/zephyr/include/zephyr/posix/posix_limits.h:67:9: warning: "_POSIX2_LINE_MAX" redefined
   67 | #define _POSIX2_LINE_MAX                    (2048)
      |         ^~~~~~~~~~~~~~~~
/scratch2/dima/zephyr-chipyard-sw-fresh/tools-manual/zephyr-sdk-1.0.0-beta1/gnu/riscv64-zephyr-elf/riscv64-zephyr-elf/sys-include/sys/syslimits.h:107:9: note: this is the location of the previous definition
  107 | #define _POSIX2_LINE_MAX        2048
      |         ^~~~~~~~~~~~~~~~
/scratch2/agustin/zephyr-chipyard-sw/zephyr_ws/zephyr/include/zephyr/posix/posix_limits.h:83:9: warning: "ARG_MAX" redefined
   83 | #define ARG_MAX                       _POSIX_ARG_MAX
      |         ^~~~~~~
/scratch2/dima/zephyr-chipyard-sw-fresh/tools-manual/zephyr-sdk-1.0.0-beta1/gnu/riscv64-zephyr-elf/riscv64-zephyr-elf/sys-include/sys/syslimits.h:41:9: note: this is the location of the previous definition
   41 | #define ARG_MAX                 65536   /* max bytes for an exec function */
      |         ^~~~~~~
/scratch2/agustin/zephyr-chipyard-sw/zephyr_ws/zephyr/include/zephyr/posix/posix_limits.h:84:9: warning: "ATEXIT_MAX" redefined
   84 | #define ATEXIT_MAX                    (32)
      |         ^~~~~~~~~~
/scratch2/dima/zephyr-chipyard-sw-fresh/tools-manual/zephyr-sdk-1.0.0-beta1/gnu/riscv64-zephyr-elf/riscv64-zephyr-elf/sys-include/sys/syslimits.h:42:9: note: this is the location of the previous definition
   42 | #define ATEXIT_MAX                 32   /* max atexit functions */
      |         ^~~~~~~~~~
/scratch2/agustin/zephyr-chipyard-sw/zephyr_ws/zephyr/include/zephyr/posix/posix_limits.h:93:9: warning: "OPEN_MAX" redefined
   93 | #define OPEN_MAX                      CONFIG_POSIX_OPEN_MAX
      |         ^~~~~~~~
/scratch2/dima/zephyr-chipyard-sw-fresh/tools-manual/zephyr-sdk-1.0.0-beta1/gnu/riscv64-zephyr-elf/riscv64-zephyr-elf/sys-include/sys/syslimits.h:45:9: note: this is the location of the previous definition
   45 | #define OPEN_MAX                   64   /* max open files per process */
      |         ^~~~~~~~
/scratch2/agustin/zephyr-chipyard-sw/zephyr_ws/zephyr/include/zephyr/posix/posix_limits.h:96:9: warning: "PATH_MAX" redefined
   96 | #define PATH_MAX                      _POSIX_PATH_MAX
      |         ^~~~~~~~
/scratch2/dima/zephyr-chipyard-sw-fresh/tools-manual/zephyr-sdk-1.0.0-beta1/gnu/riscv64-zephyr-elf/riscv64-zephyr-elf/sys-include/sys/syslimits.h:53:9: note: this is the location of the previous definition
   53 | #define PATH_MAX                 1024   /* max bytes in pathname */
      |         ^~~~~~~~
/scratch2/agustin/zephyr-chipyard-sw/zephyr_ws/zephyr/include/zephyr/posix/posix_limits.h:114:9: warning: "TZNAME_MAX" redefined
  114 | #define TZNAME_MAX                    _POSIX_TZNAME_MAX
      |         ^~~~~~~~~~
/scratch2/dima/zephyr-chipyard-sw-fresh/tools-manual/zephyr-sdk-1.0.0-beta1/gnu/riscv64-zephyr-elf/riscv64-zephyr-elf/sys-include/sys/syslimits.h:46:9: note: this is the location of the previous definition
   46 | #define TZNAME_MAX                 10   /* max time zone name length */
      |         ^~~~~~~~~~
[113/202] Building C object zephyr/lib/posix/options/CMakeFiles/lib__posix__options.dir/device_io.c.obj
In file included from /scratch2/agustin/zephyr-chipyard-sw/zephyr_ws/zephyr/include/zephyr/posix/sys/sysconf.h:11,
                 from /scratch2/agustin/zephyr-chipyard-sw/zephyr_ws/zephyr/include/zephyr/posix/unistd.h:18,
                 from /scratch2/agustin/zephyr-chipyard-sw/zephyr_ws/zephyr/include/zephyr/net/socket.h:1289,
                 from /scratch2/agustin/zephyr-chipyard-sw/zephyr_ws/zephyr/include/zephyr/posix/poll.h:9,
                 from /scratch2/agustin/zephyr-chipyard-sw/zephyr_ws/zephyr/lib/posix/options/device_io.c:12:
/scratch2/agustin/zephyr-chipyard-sw/zephyr_ws/zephyr/include/zephyr/posix/posix_limits.h:23:9: warning: "_POSIX_AIO_LISTIO_MAX" redefined
   23 | #define _POSIX_AIO_LISTIO_MAX               (2)
      |         ^~~~~~~~~~~~~~~~~~~~~
In file included from /scratch2/dima/zephyr-chipyard-sw-fresh/tools-manual/zephyr-sdk-1.0.0-beta1/gnu/riscv64-zephyr-elf/riscv64-zephyr-elf/sys-include/limits.h:6,
                 from /scratch2/dima/zephyr-chipyard-sw-fresh/tools-manual/zephyr-sdk-1.0.0-beta1/gnu/riscv64-zephyr-elf/lib/gcc/riscv64-zephyr-elf/14.3.0/include/limits.h:210,
                 from /scratch2/dima/zephyr-chipyard-sw-fresh/tools-manual/zephyr-sdk-1.0.0-beta1/gnu/riscv64-zephyr-elf/lib/gcc/riscv64-zephyr-elf/14.3.0/include/syslimits.h:7,
                 from /scratch2/dima/zephyr-chipyard-sw-fresh/tools-manual/zephyr-sdk-1.0.0-beta1/gnu/riscv64-zephyr-elf/lib/gcc/riscv64-zephyr-elf/14.3.0/include/limits.h:34,
                 from /scratch2/agustin/zephyr-chipyard-sw/zephyr_ws/zephyr/include/zephyr/kernel_includes.h:22,
                 from /scratch2/agustin/zephyr-chipyard-sw/zephyr_ws/zephyr/include/zephyr/kernel.h:17,
                 from /scratch2/agustin/zephyr-chipyard-sw/zephyr_ws/zephyr/include/zephyr/sys/fdtable.h:14,
                 from /scratch2/agustin/zephyr-chipyard-sw/zephyr_ws/zephyr/include/zephyr/posix/fcntl.h:10,
                 from /scratch2/agustin/zephyr-chipyard-sw/zephyr_ws/zephyr/lib/posix/options/device_io.c:11:
/scratch2/dima/zephyr-chipyard-sw-fresh/tools-manual/zephyr-sdk-1.0.0-beta1/gnu/riscv64-zephyr-elf/riscv64-zephyr-elf/sys-include/sys/syslimits.h:63:9: note: this is the location of the previous definition
   63 | #define _POSIX_AIO_LISTIO_MAX   2
      |         ^~~~~~~~~~~~~~~~~~~~~
/scratch2/agustin/zephyr-chipyard-sw/zephyr_ws/zephyr/include/zephyr/posix/posix_limits.h:24:9: warning: "_POSIX_AIO_MAX" redefined
   24 | #define _POSIX_AIO_MAX                      (1)
      |         ^~~~~~~~~~~~~~
/scratch2/dima/zephyr-chipyard-sw-fresh/tools-manual/zephyr-sdk-1.0.0-beta1/gnu/riscv64-zephyr-elf/riscv64-zephyr-elf/sys-include/sys/syslimits.h:64:9: note: this is the location of the previous definition
   64 | #define _POSIX_AIO_MAX          1
      |         ^~~~~~~~~~~~~~
/scratch2/agustin/zephyr-chipyard-sw/zephyr_ws/zephyr/include/zephyr/posix/posix_limits.h:25:9: warning: "_POSIX_ARG_MAX" redefined
   25 | #define _POSIX_ARG_MAX                      (4096)
      |         ^~~~~~~~~~~~~~
/scratch2/dima/zephyr-chipyard-sw-fresh/tools-manual/zephyr-sdk-1.0.0-beta1/gnu/riscv64-zephyr-elf/riscv64-zephyr-elf/sys-include/sys/syslimits.h:65:9: note: this is the location of the previous definition
   65 | #define _POSIX_ARG_MAX          4096
      |         ^~~~~~~~~~~~~~
/scratch2/agustin/zephyr-chipyard-sw/zephyr_ws/zephyr/include/zephyr/posix/posix_limits.h:26:9: warning: "_POSIX_CHILD_MAX" redefined
   26 | #define _POSIX_CHILD_MAX                    (25)
      |         ^~~~~~~~~~~~~~~~
/scratch2/dima/zephyr-chipyard-sw-fresh/tools-manual/zephyr-sdk-1.0.0-beta1/gnu/riscv64-zephyr-elf/riscv64-zephyr-elf/sys-include/sys/syslimits.h:66:9: note: this is the location of the previous definition
   66 | #define _POSIX_CHILD_MAX        6
      |         ^~~~~~~~~~~~~~~~
/scratch2/agustin/zephyr-chipyard-sw/zephyr_ws/zephyr/include/zephyr/posix/posix_limits.h:27:9: warning: "_POSIX_DELAYTIMER_MAX" redefined
   27 | #define _POSIX_DELAYTIMER_MAX               (32)
      |         ^~~~~~~~~~~~~~~~~~~~~
/scratch2/dima/zephyr-chipyard-sw-fresh/tools-manual/zephyr-sdk-1.0.0-beta1/gnu/riscv64-zephyr-elf/riscv64-zephyr-elf/sys-include/sys/syslimits.h:67:9: note: this is the location of the previous definition
   67 | #define _POSIX_DELAYTIMER_MAX   32
      |         ^~~~~~~~~~~~~~~~~~~~~
/scratch2/agustin/zephyr-chipyard-sw/zephyr_ws/zephyr/include/zephyr/posix/posix_limits.h:28:9: warning: "_POSIX_HOST_NAME_MAX" redefined
   28 | #define _POSIX_HOST_NAME_MAX                (255)
      |         ^~~~~~~~~~~~~~~~~~~~
/scratch2/dima/zephyr-chipyard-sw-fresh/tools-manual/zephyr-sdk-1.0.0-beta1/gnu/riscv64-zephyr-elf/riscv64-zephyr-elf/sys-include/sys/syslimits.h:68:9: note: this is the location of the previous definition
   68 | #define _POSIX_HOST_NAME_MAX    255
      |         ^~~~~~~~~~~~~~~~~~~~
/scratch2/agustin/zephyr-chipyard-sw/zephyr_ws/zephyr/include/zephyr/posix/posix_limits.h:29:9: warning: "_POSIX_LINK_MAX" redefined
   29 | #define _POSIX_LINK_MAX                     (8)
      |         ^~~~~~~~~~~~~~~
/scratch2/dima/zephyr-chipyard-sw-fresh/tools-manual/zephyr-sdk-1.0.0-beta1/gnu/riscv64-zephyr-elf/riscv64-zephyr-elf/sys-include/sys/syslimits.h:69:9: note: this is the location of the previous definition
   69 | #define _POSIX_LINK_MAX         8
      |         ^~~~~~~~~~~~~~~
/scratch2/agustin/zephyr-chipyard-sw/zephyr_ws/zephyr/include/zephyr/posix/posix_limits.h:30:9: warning: "_POSIX_LOGIN_NAME_MAX" redefined
   30 | #define _POSIX_LOGIN_NAME_MAX               (9)
      |         ^~~~~~~~~~~~~~~~~~~~~
/scratch2/dima/zephyr-chipyard-sw-fresh/tools-manual/zephyr-sdk-1.0.0-beta1/gnu/riscv64-zephyr-elf/riscv64-zephyr-elf/sys-include/sys/syslimits.h:70:9: note: this is the location of the previous definition
   70 | #define _POSIX_LOGIN_NAME_MAX   9
      |         ^~~~~~~~~~~~~~~~~~~~~
/scratch2/agustin/zephyr-chipyard-sw/zephyr_ws/zephyr/include/zephyr/posix/posix_limits.h:31:9: warning: "_POSIX_MAX_CANON" redefined
   31 | #define _POSIX_MAX_CANON                    (255)
      |         ^~~~~~~~~~~~~~~~
/scratch2/dima/zephyr-chipyard-sw-fresh/tools-manual/zephyr-sdk-1.0.0-beta1/gnu/riscv64-zephyr-elf/riscv64-zephyr-elf/sys-include/sys/syslimits.h:71:9: note: this is the location of the previous definition
   71 | #define _POSIX_MAX_CANON        255
      |         ^~~~~~~~~~~~~~~~
/scratch2/agustin/zephyr-chipyard-sw/zephyr_ws/zephyr/include/zephyr/posix/posix_limits.h:32:9: warning: "_POSIX_MAX_INPUT" redefined
   32 | #define _POSIX_MAX_INPUT                    (255)
      |         ^~~~~~~~~~~~~~~~
/scratch2/dima/zephyr-chipyard-sw-fresh/tools-manual/zephyr-sdk-1.0.0-beta1/gnu/riscv64-zephyr-elf/riscv64-zephyr-elf/sys-include/sys/syslimits.h:72:9: note: this is the location of the previous definition
   72 | #define _POSIX_MAX_INPUT        255
      |         ^~~~~~~~~~~~~~~~
/scratch2/agustin/zephyr-chipyard-sw/zephyr_ws/zephyr/include/zephyr/posix/posix_limits.h:33:9: warning: "_POSIX_MQ_OPEN_MAX" redefined
   33 | #define _POSIX_MQ_OPEN_MAX                  (8)
      |         ^~~~~~~~~~~~~~~~~~
/scratch2/dima/zephyr-chipyard-sw-fresh/tools-manual/zephyr-sdk-1.0.0-beta1/gnu/riscv64-zephyr-elf/riscv64-zephyr-elf/sys-include/sys/syslimits.h:73:9: note: this is the location of the previous definition
   73 | #define _POSIX_MQ_OPEN_MAX      8
      |         ^~~~~~~~~~~~~~~~~~
/scratch2/agustin/zephyr-chipyard-sw/zephyr_ws/zephyr/include/zephyr/posix/posix_limits.h:34:9: warning: "_POSIX_MQ_PRIO_MAX" redefined
   34 | #define _POSIX_MQ_PRIO_MAX                  (32)
      |         ^~~~~~~~~~~~~~~~~~
/scratch2/dima/zephyr-chipyard-sw-fresh/tools-manual/zephyr-sdk-1.0.0-beta1/gnu/riscv64-zephyr-elf/riscv64-zephyr-elf/sys-include/sys/syslimits.h:74:9: note: this is the location of the previous definition
   74 | #define _POSIX_MQ_PRIO_MAX      32
      |         ^~~~~~~~~~~~~~~~~~
/scratch2/agustin/zephyr-chipyard-sw/zephyr_ws/zephyr/include/zephyr/posix/posix_limits.h:35:9: warning: "_POSIX_NAME_MAX" redefined
   35 | #define _POSIX_NAME_MAX                     (14)
      |         ^~~~~~~~~~~~~~~
/scratch2/dima/zephyr-chipyard-sw-fresh/tools-manual/zephyr-sdk-1.0.0-beta1/gnu/riscv64-zephyr-elf/riscv64-zephyr-elf/sys-include/sys/syslimits.h:75:9: note: this is the location of the previous definition
   75 | #define _POSIX_NAME_MAX         14
      |         ^~~~~~~~~~~~~~~
/scratch2/agustin/zephyr-chipyard-sw/zephyr_ws/zephyr/include/zephyr/posix/posix_limits.h:36:9: warning: "_POSIX_NGROUPS_MAX" redefined
   36 | #define _POSIX_NGROUPS_MAX                  (8)
      |         ^~~~~~~~~~~~~~~~~~
/scratch2/dima/zephyr-chipyard-sw-fresh/tools-manual/zephyr-sdk-1.0.0-beta1/gnu/riscv64-zephyr-elf/riscv64-zephyr-elf/sys-include/sys/syslimits.h:76:9: note: this is the location of the previous definition
   76 | #define _POSIX_NGROUPS_MAX      0
      |         ^~~~~~~~~~~~~~~~~~
/scratch2/agustin/zephyr-chipyard-sw/zephyr_ws/zephyr/include/zephyr/posix/posix_limits.h:37:9: warning: "_POSIX_OPEN_MAX" redefined
   37 | #define _POSIX_OPEN_MAX                     (20)
      |         ^~~~~~~~~~~~~~~
/scratch2/dima/zephyr-chipyard-sw-fresh/tools-manual/zephyr-sdk-1.0.0-beta1/gnu/riscv64-zephyr-elf/riscv64-zephyr-elf/sys-include/sys/syslimits.h:77:9: note: this is the location of the previous definition
   77 | #define _POSIX_OPEN_MAX         16
      |         ^~~~~~~~~~~~~~~
/scratch2/agustin/zephyr-chipyard-sw/zephyr_ws/zephyr/include/zephyr/posix/posix_limits.h:38:9: warning: "_POSIX_PATH_MAX" redefined
   38 | #define _POSIX_PATH_MAX                     (256)
      |         ^~~~~~~~~~~~~~~
/scratch2/dima/zephyr-chipyard-sw-fresh/tools-manual/zephyr-sdk-1.0.0-beta1/gnu/riscv64-zephyr-elf/riscv64-zephyr-elf/sys-include/sys/syslimits.h:78:9: note: this is the location of the previous definition
   78 | #define _POSIX_PATH_MAX         255
      |         ^~~~~~~~~~~~~~~
/scratch2/agustin/zephyr-chipyard-sw/zephyr_ws/zephyr/include/zephyr/posix/posix_limits.h:39:9: warning: "_POSIX_PIPE_BUF" redefined
   39 | #define _POSIX_PIPE_BUF                     (512)
      |         ^~~~~~~~~~~~~~~
/scratch2/dima/zephyr-chipyard-sw-fresh/tools-manual/zephyr-sdk-1.0.0-beta1/gnu/riscv64-zephyr-elf/riscv64-zephyr-elf/sys-include/sys/syslimits.h:79:9: note: this is the location of the previous definition
   79 | #define _POSIX_PIPE_BUF         512
      |         ^~~~~~~~~~~~~~~
/scratch2/agustin/zephyr-chipyard-sw/zephyr_ws/zephyr/include/zephyr/posix/posix_limits.h:40:9: warning: "_POSIX_RE_DUP_MAX" redefined
   40 | #define _POSIX_RE_DUP_MAX                   (255)
      |         ^~~~~~~~~~~~~~~~~
/scratch2/dima/zephyr-chipyard-sw-fresh/tools-manual/zephyr-sdk-1.0.0-beta1/gnu/riscv64-zephyr-elf/riscv64-zephyr-elf/sys-include/sys/syslimits.h:80:9: note: this is the location of the previous definition
   80 | #define _POSIX_RE_DUP_MAX       255
      |         ^~~~~~~~~~~~~~~~~
/scratch2/agustin/zephyr-chipyard-sw/zephyr_ws/zephyr/include/zephyr/posix/posix_limits.h:41:9: warning: "_POSIX_RTSIG_MAX" redefined
   41 | #define _POSIX_RTSIG_MAX                    (8)
      |         ^~~~~~~~~~~~~~~~
/scratch2/dima/zephyr-chipyard-sw-fresh/tools-manual/zephyr-sdk-1.0.0-beta1/gnu/riscv64-zephyr-elf/riscv64-zephyr-elf/sys-include/sys/syslimits.h:81:9: note: this is the location of the previous definition
   81 | #define _POSIX_RTSIG_MAX        8
      |         ^~~~~~~~~~~~~~~~
/scratch2/agustin/zephyr-chipyard-sw/zephyr_ws/zephyr/include/zephyr/posix/posix_limits.h:42:9: warning: "_POSIX_SEM_NSEMS_MAX" redefined
   42 | #define _POSIX_SEM_NSEMS_MAX                (256)
      |         ^~~~~~~~~~~~~~~~~~~~
/scratch2/dima/zephyr-chipyard-sw-fresh/tools-manual/zephyr-sdk-1.0.0-beta1/gnu/riscv64-zephyr-elf/riscv64-zephyr-elf/sys-include/sys/syslimits.h:82:9: note: this is the location of the previous definition
   82 | #define _POSIX_SEM_NSEMS_MAX    256
      |         ^~~~~~~~~~~~~~~~~~~~
/scratch2/agustin/zephyr-chipyard-sw/zephyr_ws/zephyr/include/zephyr/posix/posix_limits.h:43:9: warning: "_POSIX_SEM_VALUE_MAX" redefined
   43 | #define _POSIX_SEM_VALUE_MAX                (32767)
      |         ^~~~~~~~~~~~~~~~~~~~
/scratch2/dima/zephyr-chipyard-sw-fresh/tools-manual/zephyr-sdk-1.0.0-beta1/gnu/riscv64-zephyr-elf/riscv64-zephyr-elf/sys-include/sys/syslimits.h:83:9: note: this is the location of the previous definition
   83 | #define _POSIX_SEM_VALUE_MAX    32767
      |         ^~~~~~~~~~~~~~~~~~~~
/scratch2/agustin/zephyr-chipyard-sw/zephyr_ws/zephyr/include/zephyr/posix/posix_limits.h:44:9: warning: "_POSIX_SIGQUEUE_MAX" redefined
   44 | #define _POSIX_SIGQUEUE_MAX                 (32)
      |         ^~~~~~~~~~~~~~~~~~~
/scratch2/dima/zephyr-chipyard-sw-fresh/tools-manual/zephyr-sdk-1.0.0-beta1/gnu/riscv64-zephyr-elf/riscv64-zephyr-elf/sys-include/sys/syslimits.h:84:9: note: this is the location of the previous definition
   84 | #define _POSIX_SIGQUEUE_MAX     32
      |         ^~~~~~~~~~~~~~~~~~~
/scratch2/agustin/zephyr-chipyard-sw/zephyr_ws/zephyr/include/zephyr/posix/posix_limits.h:45:9: warning: "_POSIX_SSIZE_MAX" redefined
   45 | #define _POSIX_SSIZE_MAX                    (32767)
      |         ^~~~~~~~~~~~~~~~
/scratch2/dima/zephyr-chipyard-sw-fresh/tools-manual/zephyr-sdk-1.0.0-beta1/gnu/riscv64-zephyr-elf/riscv64-zephyr-elf/sys-include/sys/syslimits.h:85:9: note: this is the location of the previous definition
   85 | #define _POSIX_SSIZE_MAX        32767
      |         ^~~~~~~~~~~~~~~~
/scratch2/agustin/zephyr-chipyard-sw/zephyr_ws/zephyr/include/zephyr/posix/posix_limits.h:46:9: warning: "_POSIX_SS_REPL_MAX" redefined
   46 | #define _POSIX_SS_REPL_MAX                  (4)
      |         ^~~~~~~~~~~~~~~~~~
/scratch2/dima/zephyr-chipyard-sw-fresh/tools-manual/zephyr-sdk-1.0.0-beta1/gnu/riscv64-zephyr-elf/riscv64-zephyr-elf/sys-include/sys/syslimits.h:86:9: note: this is the location of the previous definition
   86 | #define _POSIX_SS_REPL_MAX      4
      |         ^~~~~~~~~~~~~~~~~~
/scratch2/agustin/zephyr-chipyard-sw/zephyr_ws/zephyr/include/zephyr/posix/posix_limits.h:47:9: warning: "_POSIX_STREAM_MAX" redefined
   47 | #define _POSIX_STREAM_MAX                   (8)
      |         ^~~~~~~~~~~~~~~~~
/scratch2/dima/zephyr-chipyard-sw-fresh/tools-manual/zephyr-sdk-1.0.0-beta1/gnu/riscv64-zephyr-elf/riscv64-zephyr-elf/sys-include/sys/syslimits.h:87:9: note: this is the location of the previous definition
   87 | #define _POSIX_STREAM_MAX       8
      |         ^~~~~~~~~~~~~~~~~
/scratch2/agustin/zephyr-chipyard-sw/zephyr_ws/zephyr/include/zephyr/posix/posix_limits.h:48:9: warning: "_POSIX_SYMLINK_MAX" redefined
   48 | #define _POSIX_SYMLINK_MAX                  (255)
      |         ^~~~~~~~~~~~~~~~~~
/scratch2/dima/zephyr-chipyard-sw-fresh/tools-manual/zephyr-sdk-1.0.0-beta1/gnu/riscv64-zephyr-elf/riscv64-zephyr-elf/sys-include/sys/syslimits.h:88:9: note: this is the location of the previous definition
   88 | #define _POSIX_SYMLINK_MAX      255
      |         ^~~~~~~~~~~~~~~~~~
/scratch2/agustin/zephyr-chipyard-sw/zephyr_ws/zephyr/include/zephyr/posix/posix_limits.h:49:9: warning: "_POSIX_SYMLOOP_MAX" redefined
   49 | #define _POSIX_SYMLOOP_MAX                  (8)
      |         ^~~~~~~~~~~~~~~~~~
/scratch2/dima/zephyr-chipyard-sw-fresh/tools-manual/zephyr-sdk-1.0.0-beta1/gnu/riscv64-zephyr-elf/riscv64-zephyr-elf/sys-include/sys/syslimits.h:89:9: note: this is the location of the previous definition
   89 | #define _POSIX_SYMLOOP_MAX      8
      |         ^~~~~~~~~~~~~~~~~~
/scratch2/agustin/zephyr-chipyard-sw/zephyr_ws/zephyr/include/zephyr/posix/posix_limits.h:50:9: warning: "_POSIX_THREAD_DESTRUCTOR_ITERATIONS" redefined
   50 | #define _POSIX_THREAD_DESTRUCTOR_ITERATIONS (4)
      |         ^~~~~~~~~~~~~~~~~~~~~~~~~~~~~~~~~~~
/scratch2/dima/zephyr-chipyard-sw-fresh/tools-manual/zephyr-sdk-1.0.0-beta1/gnu/riscv64-zephyr-elf/riscv64-zephyr-elf/sys-include/sys/syslimits.h:90:9: note: this is the location of the previous definition
   90 | #define _POSIX_THREAD_DESTRUCTOR_ITERATIONS     4
      |         ^~~~~~~~~~~~~~~~~~~~~~~~~~~~~~~~~~~
/scratch2/agustin/zephyr-chipyard-sw/zephyr_ws/zephyr/include/zephyr/posix/posix_limits.h:51:9: warning: "_POSIX_THREAD_KEYS_MAX" redefined
   51 | #define _POSIX_THREAD_KEYS_MAX              (128)
      |         ^~~~~~~~~~~~~~~~~~~~~~
/scratch2/dima/zephyr-chipyard-sw-fresh/tools-manual/zephyr-sdk-1.0.0-beta1/gnu/riscv64-zephyr-elf/riscv64-zephyr-elf/sys-include/sys/syslimits.h:91:9: note: this is the location of the previous definition
   91 | #define _POSIX_THREAD_KEYS_MAX  128
      |         ^~~~~~~~~~~~~~~~~~~~~~
/scratch2/agustin/zephyr-chipyard-sw/zephyr_ws/zephyr/include/zephyr/posix/posix_limits.h:52:9: warning: "_POSIX_THREAD_THREADS_MAX" redefined
   52 | #define _POSIX_THREAD_THREADS_MAX           (64)
      |         ^~~~~~~~~~~~~~~~~~~~~~~~~
/scratch2/dima/zephyr-chipyard-sw-fresh/tools-manual/zephyr-sdk-1.0.0-beta1/gnu/riscv64-zephyr-elf/riscv64-zephyr-elf/sys-include/sys/syslimits.h:92:9: note: this is the location of the previous definition
   92 | #define _POSIX_THREAD_THREADS_MAX       64
      |         ^~~~~~~~~~~~~~~~~~~~~~~~~
/scratch2/agustin/zephyr-chipyard-sw/zephyr_ws/zephyr/include/zephyr/posix/posix_limits.h:53:9: warning: "_POSIX_TIMER_MAX" redefined
   53 | #define _POSIX_TIMER_MAX                    (32)
      |         ^~~~~~~~~~~~~~~~
/scratch2/dima/zephyr-chipyard-sw-fresh/tools-manual/zephyr-sdk-1.0.0-beta1/gnu/riscv64-zephyr-elf/riscv64-zephyr-elf/sys-include/sys/syslimits.h:93:9: note: this is the location of the previous definition
   93 | #define _POSIX_TIMER_MAX        32
      |         ^~~~~~~~~~~~~~~~
/scratch2/agustin/zephyr-chipyard-sw/zephyr_ws/zephyr/include/zephyr/posix/posix_limits.h:54:9: warning: "_POSIX_TRACE_EVENT_NAME_MAX" redefined
   54 | #define _POSIX_TRACE_EVENT_NAME_MAX         (30)
      |         ^~~~~~~~~~~~~~~~~~~~~~~~~~~
/scratch2/dima/zephyr-chipyard-sw-fresh/tools-manual/zephyr-sdk-1.0.0-beta1/gnu/riscv64-zephyr-elf/riscv64-zephyr-elf/sys-include/sys/syslimits.h:94:9: note: this is the location of the previous definition
   94 | #define _POSIX_TRACE_EVENT_NAME_MAX     30
      |         ^~~~~~~~~~~~~~~~~~~~~~~~~~~
/scratch2/agustin/zephyr-chipyard-sw/zephyr_ws/zephyr/include/zephyr/posix/posix_limits.h:55:9: warning: "_POSIX_TRACE_NAME_MAX" redefined
   55 | #define _POSIX_TRACE_NAME_MAX               (8)
      |         ^~~~~~~~~~~~~~~~~~~~~
/scratch2/dima/zephyr-chipyard-sw-fresh/tools-manual/zephyr-sdk-1.0.0-beta1/gnu/riscv64-zephyr-elf/riscv64-zephyr-elf/sys-include/sys/syslimits.h:95:9: note: this is the location of the previous definition
   95 | #define _POSIX_TRACE_NAME_MAX   8
      |         ^~~~~~~~~~~~~~~~~~~~~
/scratch2/agustin/zephyr-chipyard-sw/zephyr_ws/zephyr/include/zephyr/posix/posix_limits.h:56:9: warning: "_POSIX_TRACE_SYS_MAX" redefined
   56 | #define _POSIX_TRACE_SYS_MAX                (8)
      |         ^~~~~~~~~~~~~~~~~~~~
/scratch2/dima/zephyr-chipyard-sw-fresh/tools-manual/zephyr-sdk-1.0.0-beta1/gnu/riscv64-zephyr-elf/riscv64-zephyr-elf/sys-include/sys/syslimits.h:96:9: note: this is the location of the previous definition
   96 | #define _POSIX_TRACE_SYS_MAX    8
      |         ^~~~~~~~~~~~~~~~~~~~
/scratch2/agustin/zephyr-chipyard-sw/zephyr_ws/zephyr/include/zephyr/posix/posix_limits.h:57:9: warning: "_POSIX_TRACE_USER_EVENT_MAX" redefined
   57 | #define _POSIX_TRACE_USER_EVENT_MAX         (32)
      |         ^~~~~~~~~~~~~~~~~~~~~~~~~~~
/scratch2/dima/zephyr-chipyard-sw-fresh/tools-manual/zephyr-sdk-1.0.0-beta1/gnu/riscv64-zephyr-elf/riscv64-zephyr-elf/sys-include/sys/syslimits.h:97:9: note: this is the location of the previous definition
   97 | #define _POSIX_TRACE_USER_EVENT_MAX     32
      |         ^~~~~~~~~~~~~~~~~~~~~~~~~~~
/scratch2/agustin/zephyr-chipyard-sw/zephyr_ws/zephyr/include/zephyr/posix/posix_limits.h:58:9: warning: "_POSIX_TTY_NAME_MAX" redefined
   58 | #define _POSIX_TTY_NAME_MAX                 (9)
      |         ^~~~~~~~~~~~~~~~~~~
/scratch2/dima/zephyr-chipyard-sw-fresh/tools-manual/zephyr-sdk-1.0.0-beta1/gnu/riscv64-zephyr-elf/riscv64-zephyr-elf/sys-include/sys/syslimits.h:98:9: note: this is the location of the previous definition
   98 | #define _POSIX_TTY_NAME_MAX     9
      |         ^~~~~~~~~~~~~~~~~~~
/scratch2/agustin/zephyr-chipyard-sw/zephyr_ws/zephyr/include/zephyr/posix/posix_limits.h:59:9: warning: "_POSIX_TZNAME_MAX" redefined
   59 | #define _POSIX_TZNAME_MAX                   (6)
      |         ^~~~~~~~~~~~~~~~~
/scratch2/dima/zephyr-chipyard-sw-fresh/tools-manual/zephyr-sdk-1.0.0-beta1/gnu/riscv64-zephyr-elf/riscv64-zephyr-elf/sys-include/sys/syslimits.h:99:9: note: this is the location of the previous definition
   99 | #define _POSIX_TZNAME_MAX       3
      |         ^~~~~~~~~~~~~~~~~
/scratch2/agustin/zephyr-chipyard-sw/zephyr_ws/zephyr/include/zephyr/posix/posix_limits.h:60:9: warning: "_POSIX2_BC_BASE_MAX" redefined
   60 | #define _POSIX2_BC_BASE_MAX                 (99)
      |         ^~~~~~~~~~~~~~~~~~~
/scratch2/dima/zephyr-chipyard-sw-fresh/tools-manual/zephyr-sdk-1.0.0-beta1/gnu/riscv64-zephyr-elf/riscv64-zephyr-elf/sys-include/sys/syslimits.h:100:9: note: this is the location of the previous definition
  100 | #define _POSIX2_BC_BASE_MAX     99
      |         ^~~~~~~~~~~~~~~~~~~
/scratch2/agustin/zephyr-chipyard-sw/zephyr_ws/zephyr/include/zephyr/posix/posix_limits.h:61:9: warning: "_POSIX2_BC_DIM_MAX" redefined
   61 | #define _POSIX2_BC_DIM_MAX                  (2048)
      |         ^~~~~~~~~~~~~~~~~~
/scratch2/dima/zephyr-chipyard-sw-fresh/tools-manual/zephyr-sdk-1.0.0-beta1/gnu/riscv64-zephyr-elf/riscv64-zephyr-elf/sys-include/sys/syslimits.h:101:9: note: this is the location of the previous definition
  101 | #define _POSIX2_BC_DIM_MAX      2048
      |         ^~~~~~~~~~~~~~~~~~
/scratch2/agustin/zephyr-chipyard-sw/zephyr_ws/zephyr/include/zephyr/posix/posix_limits.h:62:9: warning: "_POSIX2_BC_SCALE_MAX" redefined
   62 | #define _POSIX2_BC_SCALE_MAX                (99)
      |         ^~~~~~~~~~~~~~~~~~~~
/scratch2/dima/zephyr-chipyard-sw-fresh/tools-manual/zephyr-sdk-1.0.0-beta1/gnu/riscv64-zephyr-elf/riscv64-zephyr-elf/sys-include/sys/syslimits.h:102:9: note: this is the location of the previous definition
  102 | #define _POSIX2_BC_SCALE_MAX    99
      |         ^~~~~~~~~~~~~~~~~~~~
/scratch2/agustin/zephyr-chipyard-sw/zephyr_ws/zephyr/include/zephyr/posix/posix_limits.h:63:9: warning: "_POSIX2_BC_STRING_MAX" redefined
   63 | #define _POSIX2_BC_STRING_MAX               (1000)
      |         ^~~~~~~~~~~~~~~~~~~~~
/scratch2/dima/zephyr-chipyard-sw-fresh/tools-manual/zephyr-sdk-1.0.0-beta1/gnu/riscv64-zephyr-elf/riscv64-zephyr-elf/sys-include/sys/syslimits.h:103:9: note: this is the location of the previous definition
  103 | #define _POSIX2_BC_STRING_MAX   1000
      |         ^~~~~~~~~~~~~~~~~~~~~
/scratch2/agustin/zephyr-chipyard-sw/zephyr_ws/zephyr/include/zephyr/posix/posix_limits.h:64:9: warning: "_POSIX2_CHARCLASS_NAME_MAX" redefined
   64 | #define _POSIX2_CHARCLASS_NAME_MAX          (14)
      |         ^~~~~~~~~~~~~~~~~~~~~~~~~~
/scratch2/dima/zephyr-chipyard-sw-fresh/tools-manual/zephyr-sdk-1.0.0-beta1/gnu/riscv64-zephyr-elf/riscv64-zephyr-elf/sys-include/sys/syslimits.h:104:9: note: this is the location of the previous definition
  104 | #define _POSIX2_CHARCLASS_NAME_MAX      14
      |         ^~~~~~~~~~~~~~~~~~~~~~~~~~
/scratch2/agustin/zephyr-chipyard-sw/zephyr_ws/zephyr/include/zephyr/posix/posix_limits.h:65:9: warning: "_POSIX2_COLL_WEIGHTS_MAX" redefined
   65 | #define _POSIX2_COLL_WEIGHTS_MAX            (2)
      |         ^~~~~~~~~~~~~~~~~~~~~~~~
/scratch2/dima/zephyr-chipyard-sw-fresh/tools-manual/zephyr-sdk-1.0.0-beta1/gnu/riscv64-zephyr-elf/riscv64-zephyr-elf/sys-include/sys/syslimits.h:105:9: note: this is the location of the previous definition
  105 | #define _POSIX2_COLL_WEIGHTS_MAX        2
      |         ^~~~~~~~~~~~~~~~~~~~~~~~
/scratch2/agustin/zephyr-chipyard-sw/zephyr_ws/zephyr/include/zephyr/posix/posix_limits.h:66:9: warning: "_POSIX2_EXPR_NEST_MAX" redefined
   66 | #define _POSIX2_EXPR_NEST_MAX               (32)
      |         ^~~~~~~~~~~~~~~~~~~~~
/scratch2/dima/zephyr-chipyard-sw-fresh/tools-manual/zephyr-sdk-1.0.0-beta1/gnu/riscv64-zephyr-elf/riscv64-zephyr-elf/sys-include/sys/syslimits.h:106:9: note: this is the location of the previous definition
  106 | #define _POSIX2_EXPR_NEST_MAX   32
      |         ^~~~~~~~~~~~~~~~~~~~~
/scratch2/agustin/zephyr-chipyard-sw/zephyr_ws/zephyr/include/zephyr/posix/posix_limits.h:67:9: warning: "_POSIX2_LINE_MAX" redefined
   67 | #define _POSIX2_LINE_MAX                    (2048)
      |         ^~~~~~~~~~~~~~~~
/scratch2/dima/zephyr-chipyard-sw-fresh/tools-manual/zephyr-sdk-1.0.0-beta1/gnu/riscv64-zephyr-elf/riscv64-zephyr-elf/sys-include/sys/syslimits.h:107:9: note: this is the location of the previous definition
  107 | #define _POSIX2_LINE_MAX        2048
      |         ^~~~~~~~~~~~~~~~
/scratch2/agustin/zephyr-chipyard-sw/zephyr_ws/zephyr/include/zephyr/posix/posix_limits.h:83:9: warning: "ARG_MAX" redefined
   83 | #define ARG_MAX                       _POSIX_ARG_MAX
      |         ^~~~~~~
/scratch2/dima/zephyr-chipyard-sw-fresh/tools-manual/zephyr-sdk-1.0.0-beta1/gnu/riscv64-zephyr-elf/riscv64-zephyr-elf/sys-include/sys/syslimits.h:41:9: note: this is the location of the previous definition
   41 | #define ARG_MAX                 65536   /* max bytes for an exec function */
      |         ^~~~~~~
/scratch2/agustin/zephyr-chipyard-sw/zephyr_ws/zephyr/include/zephyr/posix/posix_limits.h:84:9: warning: "ATEXIT_MAX" redefined
   84 | #define ATEXIT_MAX                    (32)
      |         ^~~~~~~~~~
/scratch2/dima/zephyr-chipyard-sw-fresh/tools-manual/zephyr-sdk-1.0.0-beta1/gnu/riscv64-zephyr-elf/riscv64-zephyr-elf/sys-include/sys/syslimits.h:42:9: note: this is the location of the previous definition
   42 | #define ATEXIT_MAX                 32   /* max atexit functions */
      |         ^~~~~~~~~~
/scratch2/agustin/zephyr-chipyard-sw/zephyr_ws/zephyr/include/zephyr/posix/posix_limits.h:93:9: warning: "OPEN_MAX" redefined
   93 | #define OPEN_MAX                      CONFIG_POSIX_OPEN_MAX
      |         ^~~~~~~~
/scratch2/dima/zephyr-chipyard-sw-fresh/tools-manual/zephyr-sdk-1.0.0-beta1/gnu/riscv64-zephyr-elf/riscv64-zephyr-elf/sys-include/sys/syslimits.h:45:9: note: this is the location of the previous definition
   45 | #define OPEN_MAX                   64   /* max open files per process */
      |         ^~~~~~~~
/scratch2/agustin/zephyr-chipyard-sw/zephyr_ws/zephyr/include/zephyr/posix/posix_limits.h:96:9: warning: "PATH_MAX" redefined
   96 | #define PATH_MAX                      _POSIX_PATH_MAX
      |         ^~~~~~~~
/scratch2/dima/zephyr-chipyard-sw-fresh/tools-manual/zephyr-sdk-1.0.0-beta1/gnu/riscv64-zephyr-elf/riscv64-zephyr-elf/sys-include/sys/syslimits.h:53:9: note: this is the location of the previous definition
   53 | #define PATH_MAX                 1024   /* max bytes in pathname */
      |         ^~~~~~~~
/scratch2/agustin/zephyr-chipyard-sw/zephyr_ws/zephyr/include/zephyr/posix/posix_limits.h:114:9: warning: "TZNAME_MAX" redefined
  114 | #define TZNAME_MAX                    _POSIX_TZNAME_MAX
      |         ^~~~~~~~~~
/scratch2/dima/zephyr-chipyard-sw-fresh/tools-manual/zephyr-sdk-1.0.0-beta1/gnu/riscv64-zephyr-elf/riscv64-zephyr-elf/sys-include/sys/syslimits.h:46:9: note: this is the location of the previous definition
   46 | #define TZNAME_MAX                 10   /* max time zone name length */
      |         ^~~~~~~~~~
[114/202] Building C object zephyr/lib/posix/options/CMakeFiles/lib__posix__options.dir/timespec_to_timeout.c.obj
[115/202] Building C object zephyr/lib/posix/options/CMakeFiles/lib__posix__options.dir/confstr.c.obj
In file included from /scratch2/agustin/zephyr-chipyard-sw/zephyr_ws/zephyr/include/zephyr/posix/sys/sysconf.h:11,
                 from /scratch2/agustin/zephyr-chipyard-sw/zephyr_ws/zephyr/include/zephyr/posix/unistd.h:18,
                 from /scratch2/agustin/zephyr-chipyard-sw/zephyr_ws/zephyr/lib/posix/options/confstr.c:7:
/scratch2/agustin/zephyr-chipyard-sw/zephyr_ws/zephyr/include/zephyr/posix/posix_limits.h:23:9: warning: "_POSIX_AIO_LISTIO_MAX" redefined
   23 | #define _POSIX_AIO_LISTIO_MAX               (2)
      |         ^~~~~~~~~~~~~~~~~~~~~
In file included from /scratch2/dima/zephyr-chipyard-sw-fresh/tools-manual/zephyr-sdk-1.0.0-beta1/gnu/riscv64-zephyr-elf/riscv64-zephyr-elf/sys-include/limits.h:6,
                 from /scratch2/dima/zephyr-chipyard-sw-fresh/tools-manual/zephyr-sdk-1.0.0-beta1/gnu/riscv64-zephyr-elf/lib/gcc/riscv64-zephyr-elf/14.3.0/include/limits.h:210,
                 from /scratch2/dima/zephyr-chipyard-sw-fresh/tools-manual/zephyr-sdk-1.0.0-beta1/gnu/riscv64-zephyr-elf/lib/gcc/riscv64-zephyr-elf/14.3.0/include/syslimits.h:7,
                 from /scratch2/dima/zephyr-chipyard-sw-fresh/tools-manual/zephyr-sdk-1.0.0-beta1/gnu/riscv64-zephyr-elf/lib/gcc/riscv64-zephyr-elf/14.3.0/include/limits.h:34,
                 from /scratch2/agustin/zephyr-chipyard-sw/zephyr_ws/zephyr/include/zephyr/kernel_includes.h:22,
                 from /scratch2/agustin/zephyr-chipyard-sw/zephyr_ws/zephyr/include/zephyr/kernel.h:17,
                 from /scratch2/agustin/zephyr-chipyard-sw/zephyr_ws/zephyr/include/zephyr/posix/posix_types.h:30,
                 from /scratch2/agustin/zephyr-chipyard-sw/zephyr_ws/zephyr/include/zephyr/posix/unistd.h:11:
/scratch2/dima/zephyr-chipyard-sw-fresh/tools-manual/zephyr-sdk-1.0.0-beta1/gnu/riscv64-zephyr-elf/riscv64-zephyr-elf/sys-include/sys/syslimits.h:63:9: note: this is the location of the previous definition
   63 | #define _POSIX_AIO_LISTIO_MAX   2
      |         ^~~~~~~~~~~~~~~~~~~~~
/scratch2/agustin/zephyr-chipyard-sw/zephyr_ws/zephyr/include/zephyr/posix/posix_limits.h:24:9: warning: "_POSIX_AIO_MAX" redefined
   24 | #define _POSIX_AIO_MAX                      (1)
      |         ^~~~~~~~~~~~~~
/scratch2/dima/zephyr-chipyard-sw-fresh/tools-manual/zephyr-sdk-1.0.0-beta1/gnu/riscv64-zephyr-elf/riscv64-zephyr-elf/sys-include/sys/syslimits.h:64:9: note: this is the location of the previous definition
   64 | #define _POSIX_AIO_MAX          1
      |         ^~~~~~~~~~~~~~
/scratch2/agustin/zephyr-chipyard-sw/zephyr_ws/zephyr/include/zephyr/posix/posix_limits.h:25:9: warning: "_POSIX_ARG_MAX" redefined
   25 | #define _POSIX_ARG_MAX                      (4096)
      |         ^~~~~~~~~~~~~~
/scratch2/dima/zephyr-chipyard-sw-fresh/tools-manual/zephyr-sdk-1.0.0-beta1/gnu/riscv64-zephyr-elf/riscv64-zephyr-elf/sys-include/sys/syslimits.h:65:9: note: this is the location of the previous definition
   65 | #define _POSIX_ARG_MAX          4096
      |         ^~~~~~~~~~~~~~
/scratch2/agustin/zephyr-chipyard-sw/zephyr_ws/zephyr/include/zephyr/posix/posix_limits.h:26:9: warning: "_POSIX_CHILD_MAX" redefined
   26 | #define _POSIX_CHILD_MAX                    (25)
      |         ^~~~~~~~~~~~~~~~
/scratch2/dima/zephyr-chipyard-sw-fresh/tools-manual/zephyr-sdk-1.0.0-beta1/gnu/riscv64-zephyr-elf/riscv64-zephyr-elf/sys-include/sys/syslimits.h:66:9: note: this is the location of the previous definition
   66 | #define _POSIX_CHILD_MAX        6
      |         ^~~~~~~~~~~~~~~~
/scratch2/agustin/zephyr-chipyard-sw/zephyr_ws/zephyr/include/zephyr/posix/posix_limits.h:27:9: warning: "_POSIX_DELAYTIMER_MAX" redefined
   27 | #define _POSIX_DELAYTIMER_MAX               (32)
      |         ^~~~~~~~~~~~~~~~~~~~~
/scratch2/dima/zephyr-chipyard-sw-fresh/tools-manual/zephyr-sdk-1.0.0-beta1/gnu/riscv64-zephyr-elf/riscv64-zephyr-elf/sys-include/sys/syslimits.h:67:9: note: this is the location of the previous definition
   67 | #define _POSIX_DELAYTIMER_MAX   32
      |         ^~~~~~~~~~~~~~~~~~~~~
/scratch2/agustin/zephyr-chipyard-sw/zephyr_ws/zephyr/include/zephyr/posix/posix_limits.h:28:9: warning: "_POSIX_HOST_NAME_MAX" redefined
   28 | #define _POSIX_HOST_NAME_MAX                (255)
      |         ^~~~~~~~~~~~~~~~~~~~
/scratch2/dima/zephyr-chipyard-sw-fresh/tools-manual/zephyr-sdk-1.0.0-beta1/gnu/riscv64-zephyr-elf/riscv64-zephyr-elf/sys-include/sys/syslimits.h:68:9: note: this is the location of the previous definition
   68 | #define _POSIX_HOST_NAME_MAX    255
      |         ^~~~~~~~~~~~~~~~~~~~
/scratch2/agustin/zephyr-chipyard-sw/zephyr_ws/zephyr/include/zephyr/posix/posix_limits.h:29:9: warning: "_POSIX_LINK_MAX" redefined
   29 | #define _POSIX_LINK_MAX                     (8)
      |         ^~~~~~~~~~~~~~~
/scratch2/dima/zephyr-chipyard-sw-fresh/tools-manual/zephyr-sdk-1.0.0-beta1/gnu/riscv64-zephyr-elf/riscv64-zephyr-elf/sys-include/sys/syslimits.h:69:9: note: this is the location of the previous definition
   69 | #define _POSIX_LINK_MAX         8
      |         ^~~~~~~~~~~~~~~
/scratch2/agustin/zephyr-chipyard-sw/zephyr_ws/zephyr/include/zephyr/posix/posix_limits.h:30:9: warning: "_POSIX_LOGIN_NAME_MAX" redefined
   30 | #define _POSIX_LOGIN_NAME_MAX               (9)
      |         ^~~~~~~~~~~~~~~~~~~~~
/scratch2/dima/zephyr-chipyard-sw-fresh/tools-manual/zephyr-sdk-1.0.0-beta1/gnu/riscv64-zephyr-elf/riscv64-zephyr-elf/sys-include/sys/syslimits.h:70:9: note: this is the location of the previous definition
   70 | #define _POSIX_LOGIN_NAME_MAX   9
      |         ^~~~~~~~~~~~~~~~~~~~~
/scratch2/agustin/zephyr-chipyard-sw/zephyr_ws/zephyr/include/zephyr/posix/posix_limits.h:31:9: warning: "_POSIX_MAX_CANON" redefined
   31 | #define _POSIX_MAX_CANON                    (255)
      |         ^~~~~~~~~~~~~~~~
/scratch2/dima/zephyr-chipyard-sw-fresh/tools-manual/zephyr-sdk-1.0.0-beta1/gnu/riscv64-zephyr-elf/riscv64-zephyr-elf/sys-include/sys/syslimits.h:71:9: note: this is the location of the previous definition
   71 | #define _POSIX_MAX_CANON        255
      |         ^~~~~~~~~~~~~~~~
/scratch2/agustin/zephyr-chipyard-sw/zephyr_ws/zephyr/include/zephyr/posix/posix_limits.h:32:9: warning: "_POSIX_MAX_INPUT" redefined
   32 | #define _POSIX_MAX_INPUT                    (255)
      |         ^~~~~~~~~~~~~~~~
/scratch2/dima/zephyr-chipyard-sw-fresh/tools-manual/zephyr-sdk-1.0.0-beta1/gnu/riscv64-zephyr-elf/riscv64-zephyr-elf/sys-include/sys/syslimits.h:72:9: note: this is the location of the previous definition
   72 | #define _POSIX_MAX_INPUT        255
      |         ^~~~~~~~~~~~~~~~
/scratch2/agustin/zephyr-chipyard-sw/zephyr_ws/zephyr/include/zephyr/posix/posix_limits.h:33:9: warning: "_POSIX_MQ_OPEN_MAX" redefined
   33 | #define _POSIX_MQ_OPEN_MAX                  (8)
      |         ^~~~~~~~~~~~~~~~~~
/scratch2/dima/zephyr-chipyard-sw-fresh/tools-manual/zephyr-sdk-1.0.0-beta1/gnu/riscv64-zephyr-elf/riscv64-zephyr-elf/sys-include/sys/syslimits.h:73:9: note: this is the location of the previous definition
   73 | #define _POSIX_MQ_OPEN_MAX      8
      |         ^~~~~~~~~~~~~~~~~~
/scratch2/agustin/zephyr-chipyard-sw/zephyr_ws/zephyr/include/zephyr/posix/posix_limits.h:34:9: warning: "_POSIX_MQ_PRIO_MAX" redefined
   34 | #define _POSIX_MQ_PRIO_MAX                  (32)
      |         ^~~~~~~~~~~~~~~~~~
/scratch2/dima/zephyr-chipyard-sw-fresh/tools-manual/zephyr-sdk-1.0.0-beta1/gnu/riscv64-zephyr-elf/riscv64-zephyr-elf/sys-include/sys/syslimits.h:74:9: note: this is the location of the previous definition
   74 | #define _POSIX_MQ_PRIO_MAX      32
      |         ^~~~~~~~~~~~~~~~~~
/scratch2/agustin/zephyr-chipyard-sw/zephyr_ws/zephyr/include/zephyr/posix/posix_limits.h:35:9: warning: "_POSIX_NAME_MAX" redefined
   35 | #define _POSIX_NAME_MAX                     (14)
      |         ^~~~~~~~~~~~~~~
/scratch2/dima/zephyr-chipyard-sw-fresh/tools-manual/zephyr-sdk-1.0.0-beta1/gnu/riscv64-zephyr-elf/riscv64-zephyr-elf/sys-include/sys/syslimits.h:75:9: note: this is the location of the previous definition
   75 | #define _POSIX_NAME_MAX         14
      |         ^~~~~~~~~~~~~~~
/scratch2/agustin/zephyr-chipyard-sw/zephyr_ws/zephyr/include/zephyr/posix/posix_limits.h:36:9: warning: "_POSIX_NGROUPS_MAX" redefined
   36 | #define _POSIX_NGROUPS_MAX                  (8)
      |         ^~~~~~~~~~~~~~~~~~
/scratch2/dima/zephyr-chipyard-sw-fresh/tools-manual/zephyr-sdk-1.0.0-beta1/gnu/riscv64-zephyr-elf/riscv64-zephyr-elf/sys-include/sys/syslimits.h:76:9: note: this is the location of the previous definition
   76 | #define _POSIX_NGROUPS_MAX      0
      |         ^~~~~~~~~~~~~~~~~~
/scratch2/agustin/zephyr-chipyard-sw/zephyr_ws/zephyr/include/zephyr/posix/posix_limits.h:37:9: warning: "_POSIX_OPEN_MAX" redefined
   37 | #define _POSIX_OPEN_MAX                     (20)
      |         ^~~~~~~~~~~~~~~
/scratch2/dima/zephyr-chipyard-sw-fresh/tools-manual/zephyr-sdk-1.0.0-beta1/gnu/riscv64-zephyr-elf/riscv64-zephyr-elf/sys-include/sys/syslimits.h:77:9: note: this is the location of the previous definition
   77 | #define _POSIX_OPEN_MAX         16
      |         ^~~~~~~~~~~~~~~
/scratch2/agustin/zephyr-chipyard-sw/zephyr_ws/zephyr/include/zephyr/posix/posix_limits.h:38:9: warning: "_POSIX_PATH_MAX" redefined
   38 | #define _POSIX_PATH_MAX                     (256)
      |         ^~~~~~~~~~~~~~~
/scratch2/dima/zephyr-chipyard-sw-fresh/tools-manual/zephyr-sdk-1.0.0-beta1/gnu/riscv64-zephyr-elf/riscv64-zephyr-elf/sys-include/sys/syslimits.h:78:9: note: this is the location of the previous definition
   78 | #define _POSIX_PATH_MAX         255
      |         ^~~~~~~~~~~~~~~
/scratch2/agustin/zephyr-chipyard-sw/zephyr_ws/zephyr/include/zephyr/posix/posix_limits.h:39:9: warning: "_POSIX_PIPE_BUF" redefined
   39 | #define _POSIX_PIPE_BUF                     (512)
      |         ^~~~~~~~~~~~~~~
/scratch2/dima/zephyr-chipyard-sw-fresh/tools-manual/zephyr-sdk-1.0.0-beta1/gnu/riscv64-zephyr-elf/riscv64-zephyr-elf/sys-include/sys/syslimits.h:79:9: note: this is the location of the previous definition
   79 | #define _POSIX_PIPE_BUF         512
      |         ^~~~~~~~~~~~~~~
/scratch2/agustin/zephyr-chipyard-sw/zephyr_ws/zephyr/include/zephyr/posix/posix_limits.h:40:9: warning: "_POSIX_RE_DUP_MAX" redefined
   40 | #define _POSIX_RE_DUP_MAX                   (255)
      |         ^~~~~~~~~~~~~~~~~
/scratch2/dima/zephyr-chipyard-sw-fresh/tools-manual/zephyr-sdk-1.0.0-beta1/gnu/riscv64-zephyr-elf/riscv64-zephyr-elf/sys-include/sys/syslimits.h:80:9: note: this is the location of the previous definition
   80 | #define _POSIX_RE_DUP_MAX       255
      |         ^~~~~~~~~~~~~~~~~
/scratch2/agustin/zephyr-chipyard-sw/zephyr_ws/zephyr/include/zephyr/posix/posix_limits.h:41:9: warning: "_POSIX_RTSIG_MAX" redefined
   41 | #define _POSIX_RTSIG_MAX                    (8)
      |         ^~~~~~~~~~~~~~~~
/scratch2/dima/zephyr-chipyard-sw-fresh/tools-manual/zephyr-sdk-1.0.0-beta1/gnu/riscv64-zephyr-elf/riscv64-zephyr-elf/sys-include/sys/syslimits.h:81:9: note: this is the location of the previous definition
   81 | #define _POSIX_RTSIG_MAX        8
      |         ^~~~~~~~~~~~~~~~
/scratch2/agustin/zephyr-chipyard-sw/zephyr_ws/zephyr/include/zephyr/posix/posix_limits.h:42:9: warning: "_POSIX_SEM_NSEMS_MAX" redefined
   42 | #define _POSIX_SEM_NSEMS_MAX                (256)
      |         ^~~~~~~~~~~~~~~~~~~~
/scratch2/dima/zephyr-chipyard-sw-fresh/tools-manual/zephyr-sdk-1.0.0-beta1/gnu/riscv64-zephyr-elf/riscv64-zephyr-elf/sys-include/sys/syslimits.h:82:9: note: this is the location of the previous definition
   82 | #define _POSIX_SEM_NSEMS_MAX    256
      |         ^~~~~~~~~~~~~~~~~~~~
/scratch2/agustin/zephyr-chipyard-sw/zephyr_ws/zephyr/include/zephyr/posix/posix_limits.h:43:9: warning: "_POSIX_SEM_VALUE_MAX" redefined
   43 | #define _POSIX_SEM_VALUE_MAX                (32767)
      |         ^~~~~~~~~~~~~~~~~~~~
/scratch2/dima/zephyr-chipyard-sw-fresh/tools-manual/zephyr-sdk-1.0.0-beta1/gnu/riscv64-zephyr-elf/riscv64-zephyr-elf/sys-include/sys/syslimits.h:83:9: note: this is the location of the previous definition
   83 | #define _POSIX_SEM_VALUE_MAX    32767
      |         ^~~~~~~~~~~~~~~~~~~~
/scratch2/agustin/zephyr-chipyard-sw/zephyr_ws/zephyr/include/zephyr/posix/posix_limits.h:44:9: warning: "_POSIX_SIGQUEUE_MAX" redefined
   44 | #define _POSIX_SIGQUEUE_MAX                 (32)
      |         ^~~~~~~~~~~~~~~~~~~
/scratch2/dima/zephyr-chipyard-sw-fresh/tools-manual/zephyr-sdk-1.0.0-beta1/gnu/riscv64-zephyr-elf/riscv64-zephyr-elf/sys-include/sys/syslimits.h:84:9: note: this is the location of the previous definition
   84 | #define _POSIX_SIGQUEUE_MAX     32
      |         ^~~~~~~~~~~~~~~~~~~
/scratch2/agustin/zephyr-chipyard-sw/zephyr_ws/zephyr/include/zephyr/posix/posix_limits.h:45:9: warning: "_POSIX_SSIZE_MAX" redefined
   45 | #define _POSIX_SSIZE_MAX                    (32767)
      |         ^~~~~~~~~~~~~~~~
/scratch2/dima/zephyr-chipyard-sw-fresh/tools-manual/zephyr-sdk-1.0.0-beta1/gnu/riscv64-zephyr-elf/riscv64-zephyr-elf/sys-include/sys/syslimits.h:85:9: note: this is the location of the previous definition
   85 | #define _POSIX_SSIZE_MAX        32767
      |         ^~~~~~~~~~~~~~~~
/scratch2/agustin/zephyr-chipyard-sw/zephyr_ws/zephyr/include/zephyr/posix/posix_limits.h:46:9: warning: "_POSIX_SS_REPL_MAX" redefined
   46 | #define _POSIX_SS_REPL_MAX                  (4)
      |         ^~~~~~~~~~~~~~~~~~
/scratch2/dima/zephyr-chipyard-sw-fresh/tools-manual/zephyr-sdk-1.0.0-beta1/gnu/riscv64-zephyr-elf/riscv64-zephyr-elf/sys-include/sys/syslimits.h:86:9: note: this is the location of the previous definition
   86 | #define _POSIX_SS_REPL_MAX      4
      |         ^~~~~~~~~~~~~~~~~~
/scratch2/agustin/zephyr-chipyard-sw/zephyr_ws/zephyr/include/zephyr/posix/posix_limits.h:47:9: warning: "_POSIX_STREAM_MAX" redefined
   47 | #define _POSIX_STREAM_MAX                   (8)
      |         ^~~~~~~~~~~~~~~~~
/scratch2/dima/zephyr-chipyard-sw-fresh/tools-manual/zephyr-sdk-1.0.0-beta1/gnu/riscv64-zephyr-elf/riscv64-zephyr-elf/sys-include/sys/syslimits.h:87:9: note: this is the location of the previous definition
   87 | #define _POSIX_STREAM_MAX       8
      |         ^~~~~~~~~~~~~~~~~
/scratch2/agustin/zephyr-chipyard-sw/zephyr_ws/zephyr/include/zephyr/posix/posix_limits.h:48:9: warning: "_POSIX_SYMLINK_MAX" redefined
   48 | #define _POSIX_SYMLINK_MAX                  (255)
      |         ^~~~~~~~~~~~~~~~~~
/scratch2/dima/zephyr-chipyard-sw-fresh/tools-manual/zephyr-sdk-1.0.0-beta1/gnu/riscv64-zephyr-elf/riscv64-zephyr-elf/sys-include/sys/syslimits.h:88:9: note: this is the location of the previous definition
   88 | #define _POSIX_SYMLINK_MAX      255
      |         ^~~~~~~~~~~~~~~~~~
/scratch2/agustin/zephyr-chipyard-sw/zephyr_ws/zephyr/include/zephyr/posix/posix_limits.h:49:9: warning: "_POSIX_SYMLOOP_MAX" redefined
   49 | #define _POSIX_SYMLOOP_MAX                  (8)
      |         ^~~~~~~~~~~~~~~~~~
/scratch2/dima/zephyr-chipyard-sw-fresh/tools-manual/zephyr-sdk-1.0.0-beta1/gnu/riscv64-zephyr-elf/riscv64-zephyr-elf/sys-include/sys/syslimits.h:89:9: note: this is the location of the previous definition
   89 | #define _POSIX_SYMLOOP_MAX      8
      |         ^~~~~~~~~~~~~~~~~~
/scratch2/agustin/zephyr-chipyard-sw/zephyr_ws/zephyr/include/zephyr/posix/posix_limits.h:50:9: warning: "_POSIX_THREAD_DESTRUCTOR_ITERATIONS" redefined
   50 | #define _POSIX_THREAD_DESTRUCTOR_ITERATIONS (4)
      |         ^~~~~~~~~~~~~~~~~~~~~~~~~~~~~~~~~~~
/scratch2/dima/zephyr-chipyard-sw-fresh/tools-manual/zephyr-sdk-1.0.0-beta1/gnu/riscv64-zephyr-elf/riscv64-zephyr-elf/sys-include/sys/syslimits.h:90:9: note: this is the location of the previous definition
   90 | #define _POSIX_THREAD_DESTRUCTOR_ITERATIONS     4
      |         ^~~~~~~~~~~~~~~~~~~~~~~~~~~~~~~~~~~
/scratch2/agustin/zephyr-chipyard-sw/zephyr_ws/zephyr/include/zephyr/posix/posix_limits.h:51:9: warning: "_POSIX_THREAD_KEYS_MAX" redefined
   51 | #define _POSIX_THREAD_KEYS_MAX              (128)
      |         ^~~~~~~~~~~~~~~~~~~~~~
/scratch2/dima/zephyr-chipyard-sw-fresh/tools-manual/zephyr-sdk-1.0.0-beta1/gnu/riscv64-zephyr-elf/riscv64-zephyr-elf/sys-include/sys/syslimits.h:91:9: note: this is the location of the previous definition
   91 | #define _POSIX_THREAD_KEYS_MAX  128
      |         ^~~~~~~~~~~~~~~~~~~~~~
/scratch2/agustin/zephyr-chipyard-sw/zephyr_ws/zephyr/include/zephyr/posix/posix_limits.h:52:9: warning: "_POSIX_THREAD_THREADS_MAX" redefined
   52 | #define _POSIX_THREAD_THREADS_MAX           (64)
      |         ^~~~~~~~~~~~~~~~~~~~~~~~~
/scratch2/dima/zephyr-chipyard-sw-fresh/tools-manual/zephyr-sdk-1.0.0-beta1/gnu/riscv64-zephyr-elf/riscv64-zephyr-elf/sys-include/sys/syslimits.h:92:9: note: this is the location of the previous definition
   92 | #define _POSIX_THREAD_THREADS_MAX       64
      |         ^~~~~~~~~~~~~~~~~~~~~~~~~
/scratch2/agustin/zephyr-chipyard-sw/zephyr_ws/zephyr/include/zephyr/posix/posix_limits.h:53:9: warning: "_POSIX_TIMER_MAX" redefined
   53 | #define _POSIX_TIMER_MAX                    (32)
      |         ^~~~~~~~~~~~~~~~
/scratch2/dima/zephyr-chipyard-sw-fresh/tools-manual/zephyr-sdk-1.0.0-beta1/gnu/riscv64-zephyr-elf/riscv64-zephyr-elf/sys-include/sys/syslimits.h:93:9: note: this is the location of the previous definition
   93 | #define _POSIX_TIMER_MAX        32
      |         ^~~~~~~~~~~~~~~~
/scratch2/agustin/zephyr-chipyard-sw/zephyr_ws/zephyr/include/zephyr/posix/posix_limits.h:54:9: warning: "_POSIX_TRACE_EVENT_NAME_MAX" redefined
   54 | #define _POSIX_TRACE_EVENT_NAME_MAX         (30)
      |         ^~~~~~~~~~~~~~~~~~~~~~~~~~~
/scratch2/dima/zephyr-chipyard-sw-fresh/tools-manual/zephyr-sdk-1.0.0-beta1/gnu/riscv64-zephyr-elf/riscv64-zephyr-elf/sys-include/sys/syslimits.h:94:9: note: this is the location of the previous definition
   94 | #define _POSIX_TRACE_EVENT_NAME_MAX     30
      |         ^~~~~~~~~~~~~~~~~~~~~~~~~~~
/scratch2/agustin/zephyr-chipyard-sw/zephyr_ws/zephyr/include/zephyr/posix/posix_limits.h:55:9: warning: "_POSIX_TRACE_NAME_MAX" redefined
   55 | #define _POSIX_TRACE_NAME_MAX               (8)
      |         ^~~~~~~~~~~~~~~~~~~~~
/scratch2/dima/zephyr-chipyard-sw-fresh/tools-manual/zephyr-sdk-1.0.0-beta1/gnu/riscv64-zephyr-elf/riscv64-zephyr-elf/sys-include/sys/syslimits.h:95:9: note: this is the location of the previous definition
   95 | #define _POSIX_TRACE_NAME_MAX   8
      |         ^~~~~~~~~~~~~~~~~~~~~
/scratch2/agustin/zephyr-chipyard-sw/zephyr_ws/zephyr/include/zephyr/posix/posix_limits.h:56:9: warning: "_POSIX_TRACE_SYS_MAX" redefined
   56 | #define _POSIX_TRACE_SYS_MAX                (8)
      |         ^~~~~~~~~~~~~~~~~~~~
/scratch2/dima/zephyr-chipyard-sw-fresh/tools-manual/zephyr-sdk-1.0.0-beta1/gnu/riscv64-zephyr-elf/riscv64-zephyr-elf/sys-include/sys/syslimits.h:96:9: note: this is the location of the previous definition
   96 | #define _POSIX_TRACE_SYS_MAX    8
      |         ^~~~~~~~~~~~~~~~~~~~
/scratch2/agustin/zephyr-chipyard-sw/zephyr_ws/zephyr/include/zephyr/posix/posix_limits.h:57:9: warning: "_POSIX_TRACE_USER_EVENT_MAX" redefined
   57 | #define _POSIX_TRACE_USER_EVENT_MAX         (32)
      |         ^~~~~~~~~~~~~~~~~~~~~~~~~~~
/scratch2/dima/zephyr-chipyard-sw-fresh/tools-manual/zephyr-sdk-1.0.0-beta1/gnu/riscv64-zephyr-elf/riscv64-zephyr-elf/sys-include/sys/syslimits.h:97:9: note: this is the location of the previous definition
   97 | #define _POSIX_TRACE_USER_EVENT_MAX     32
      |         ^~~~~~~~~~~~~~~~~~~~~~~~~~~
/scratch2/agustin/zephyr-chipyard-sw/zephyr_ws/zephyr/include/zephyr/posix/posix_limits.h:58:9: warning: "_POSIX_TTY_NAME_MAX" redefined
   58 | #define _POSIX_TTY_NAME_MAX                 (9)
      |         ^~~~~~~~~~~~~~~~~~~
/scratch2/dima/zephyr-chipyard-sw-fresh/tools-manual/zephyr-sdk-1.0.0-beta1/gnu/riscv64-zephyr-elf/riscv64-zephyr-elf/sys-include/sys/syslimits.h:98:9: note: this is the location of the previous definition
   98 | #define _POSIX_TTY_NAME_MAX     9
      |         ^~~~~~~~~~~~~~~~~~~
/scratch2/agustin/zephyr-chipyard-sw/zephyr_ws/zephyr/include/zephyr/posix/posix_limits.h:59:9: warning: "_POSIX_TZNAME_MAX" redefined
   59 | #define _POSIX_TZNAME_MAX                   (6)
      |         ^~~~~~~~~~~~~~~~~
/scratch2/dima/zephyr-chipyard-sw-fresh/tools-manual/zephyr-sdk-1.0.0-beta1/gnu/riscv64-zephyr-elf/riscv64-zephyr-elf/sys-include/sys/syslimits.h:99:9: note: this is the location of the previous definition
   99 | #define _POSIX_TZNAME_MAX       3
      |         ^~~~~~~~~~~~~~~~~
/scratch2/agustin/zephyr-chipyard-sw/zephyr_ws/zephyr/include/zephyr/posix/posix_limits.h:60:9: warning: "_POSIX2_BC_BASE_MAX" redefined
   60 | #define _POSIX2_BC_BASE_MAX                 (99)
      |         ^~~~~~~~~~~~~~~~~~~
/scratch2/dima/zephyr-chipyard-sw-fresh/tools-manual/zephyr-sdk-1.0.0-beta1/gnu/riscv64-zephyr-elf/riscv64-zephyr-elf/sys-include/sys/syslimits.h:100:9: note: this is the location of the previous definition
  100 | #define _POSIX2_BC_BASE_MAX     99
      |         ^~~~~~~~~~~~~~~~~~~
/scratch2/agustin/zephyr-chipyard-sw/zephyr_ws/zephyr/include/zephyr/posix/posix_limits.h:61:9: warning: "_POSIX2_BC_DIM_MAX" redefined
   61 | #define _POSIX2_BC_DIM_MAX                  (2048)
      |         ^~~~~~~~~~~~~~~~~~
/scratch2/dima/zephyr-chipyard-sw-fresh/tools-manual/zephyr-sdk-1.0.0-beta1/gnu/riscv64-zephyr-elf/riscv64-zephyr-elf/sys-include/sys/syslimits.h:101:9: note: this is the location of the previous definition
  101 | #define _POSIX2_BC_DIM_MAX      2048
      |         ^~~~~~~~~~~~~~~~~~
/scratch2/agustin/zephyr-chipyard-sw/zephyr_ws/zephyr/include/zephyr/posix/posix_limits.h:62:9: warning: "_POSIX2_BC_SCALE_MAX" redefined
   62 | #define _POSIX2_BC_SCALE_MAX                (99)
      |         ^~~~~~~~~~~~~~~~~~~~
/scratch2/dima/zephyr-chipyard-sw-fresh/tools-manual/zephyr-sdk-1.0.0-beta1/gnu/riscv64-zephyr-elf/riscv64-zephyr-elf/sys-include/sys/syslimits.h:102:9: note: this is the location of the previous definition
  102 | #define _POSIX2_BC_SCALE_MAX    99
      |         ^~~~~~~~~~~~~~~~~~~~
/scratch2/agustin/zephyr-chipyard-sw/zephyr_ws/zephyr/include/zephyr/posix/posix_limits.h:63:9: warning: "_POSIX2_BC_STRING_MAX" redefined
   63 | #define _POSIX2_BC_STRING_MAX               (1000)
      |         ^~~~~~~~~~~~~~~~~~~~~
/scratch2/dima/zephyr-chipyard-sw-fresh/tools-manual/zephyr-sdk-1.0.0-beta1/gnu/riscv64-zephyr-elf/riscv64-zephyr-elf/sys-include/sys/syslimits.h:103:9: note: this is the location of the previous definition
  103 | #define _POSIX2_BC_STRING_MAX   1000
      |         ^~~~~~~~~~~~~~~~~~~~~
/scratch2/agustin/zephyr-chipyard-sw/zephyr_ws/zephyr/include/zephyr/posix/posix_limits.h:64:9: warning: "_POSIX2_CHARCLASS_NAME_MAX" redefined
   64 | #define _POSIX2_CHARCLASS_NAME_MAX          (14)
      |         ^~~~~~~~~~~~~~~~~~~~~~~~~~
/scratch2/dima/zephyr-chipyard-sw-fresh/tools-manual/zephyr-sdk-1.0.0-beta1/gnu/riscv64-zephyr-elf/riscv64-zephyr-elf/sys-include/sys/syslimits.h:104:9: note: this is the location of the previous definition
  104 | #define _POSIX2_CHARCLASS_NAME_MAX      14
      |         ^~~~~~~~~~~~~~~~~~~~~~~~~~
/scratch2/agustin/zephyr-chipyard-sw/zephyr_ws/zephyr/include/zephyr/posix/posix_limits.h:65:9: warning: "_POSIX2_COLL_WEIGHTS_MAX" redefined
   65 | #define _POSIX2_COLL_WEIGHTS_MAX            (2)
      |         ^~~~~~~~~~~~~~~~~~~~~~~~
/scratch2/dima/zephyr-chipyard-sw-fresh/tools-manual/zephyr-sdk-1.0.0-beta1/gnu/riscv64-zephyr-elf/riscv64-zephyr-elf/sys-include/sys/syslimits.h:105:9: note: this is the location of the previous definition
  105 | #define _POSIX2_COLL_WEIGHTS_MAX        2
      |         ^~~~~~~~~~~~~~~~~~~~~~~~
/scratch2/agustin/zephyr-chipyard-sw/zephyr_ws/zephyr/include/zephyr/posix/posix_limits.h:66:9: warning: "_POSIX2_EXPR_NEST_MAX" redefined
   66 | #define _POSIX2_EXPR_NEST_MAX               (32)
      |         ^~~~~~~~~~~~~~~~~~~~~
/scratch2/dima/zephyr-chipyard-sw-fresh/tools-manual/zephyr-sdk-1.0.0-beta1/gnu/riscv64-zephyr-elf/riscv64-zephyr-elf/sys-include/sys/syslimits.h:106:9: note: this is the location of the previous definition
  106 | #define _POSIX2_EXPR_NEST_MAX   32
      |         ^~~~~~~~~~~~~~~~~~~~~
/scratch2/agustin/zephyr-chipyard-sw/zephyr_ws/zephyr/include/zephyr/posix/posix_limits.h:67:9: warning: "_POSIX2_LINE_MAX" redefined
   67 | #define _POSIX2_LINE_MAX                    (2048)
      |         ^~~~~~~~~~~~~~~~
/scratch2/dima/zephyr-chipyard-sw-fresh/tools-manual/zephyr-sdk-1.0.0-beta1/gnu/riscv64-zephyr-elf/riscv64-zephyr-elf/sys-include/sys/syslimits.h:107:9: note: this is the location of the previous definition
  107 | #define _POSIX2_LINE_MAX        2048
      |         ^~~~~~~~~~~~~~~~
/scratch2/agustin/zephyr-chipyard-sw/zephyr_ws/zephyr/include/zephyr/posix/posix_limits.h:83:9: warning: "ARG_MAX" redefined
   83 | #define ARG_MAX                       _POSIX_ARG_MAX
      |         ^~~~~~~
/scratch2/dima/zephyr-chipyard-sw-fresh/tools-manual/zephyr-sdk-1.0.0-beta1/gnu/riscv64-zephyr-elf/riscv64-zephyr-elf/sys-include/sys/syslimits.h:41:9: note: this is the location of the previous definition
   41 | #define ARG_MAX                 65536   /* max bytes for an exec function */
      |         ^~~~~~~
/scratch2/agustin/zephyr-chipyard-sw/zephyr_ws/zephyr/include/zephyr/posix/posix_limits.h:84:9: warning: "ATEXIT_MAX" redefined
   84 | #define ATEXIT_MAX                    (32)
      |         ^~~~~~~~~~
/scratch2/dima/zephyr-chipyard-sw-fresh/tools-manual/zephyr-sdk-1.0.0-beta1/gnu/riscv64-zephyr-elf/riscv64-zephyr-elf/sys-include/sys/syslimits.h:42:9: note: this is the location of the previous definition
   42 | #define ATEXIT_MAX                 32   /* max atexit functions */
      |         ^~~~~~~~~~
/scratch2/agustin/zephyr-chipyard-sw/zephyr_ws/zephyr/include/zephyr/posix/posix_limits.h:93:9: warning: "OPEN_MAX" redefined
   93 | #define OPEN_MAX                      CONFIG_POSIX_OPEN_MAX
      |         ^~~~~~~~
/scratch2/dima/zephyr-chipyard-sw-fresh/tools-manual/zephyr-sdk-1.0.0-beta1/gnu/riscv64-zephyr-elf/riscv64-zephyr-elf/sys-include/sys/syslimits.h:45:9: note: this is the location of the previous definition
   45 | #define OPEN_MAX                   64   /* max open files per process */
      |         ^~~~~~~~
/scratch2/agustin/zephyr-chipyard-sw/zephyr_ws/zephyr/include/zephyr/posix/posix_limits.h:96:9: warning: "PATH_MAX" redefined
   96 | #define PATH_MAX                      _POSIX_PATH_MAX
      |         ^~~~~~~~
/scratch2/dima/zephyr-chipyard-sw-fresh/tools-manual/zephyr-sdk-1.0.0-beta1/gnu/riscv64-zephyr-elf/riscv64-zephyr-elf/sys-include/sys/syslimits.h:53:9: note: this is the location of the previous definition
   53 | #define PATH_MAX                 1024   /* max bytes in pathname */
      |         ^~~~~~~~
/scratch2/agustin/zephyr-chipyard-sw/zephyr_ws/zephyr/include/zephyr/posix/posix_limits.h:114:9: warning: "TZNAME_MAX" redefined
  114 | #define TZNAME_MAX                    _POSIX_TZNAME_MAX
      |         ^~~~~~~~~~
/scratch2/dima/zephyr-chipyard-sw-fresh/tools-manual/zephyr-sdk-1.0.0-beta1/gnu/riscv64-zephyr-elf/riscv64-zephyr-elf/sys-include/sys/syslimits.h:46:9: note: this is the location of the previous definition
   46 | #define TZNAME_MAX                 10   /* max time zone name length */
      |         ^~~~~~~~~~
[116/202] Building C object zephyr/lib/posix/options/CMakeFiles/lib__posix__options.dir/sysconf.c.obj
In file included from /scratch2/agustin/zephyr-chipyard-sw/zephyr_ws/zephyr/include/zephyr/posix/sys/sysconf.h:11,
                 from /scratch2/agustin/zephyr-chipyard-sw/zephyr_ws/zephyr/include/zephyr/posix/unistd.h:18,
                 from /scratch2/agustin/zephyr-chipyard-sw/zephyr_ws/zephyr/include/zephyr/posix/pthread.h:15,
                 from /scratch2/agustin/zephyr-chipyard-sw/zephyr_ws/zephyr/lib/posix/options/sysconf.c:9:
/scratch2/agustin/zephyr-chipyard-sw/zephyr_ws/zephyr/include/zephyr/posix/posix_limits.h:23:9: warning: "_POSIX_AIO_LISTIO_MAX" redefined
   23 | #define _POSIX_AIO_LISTIO_MAX               (2)
      |         ^~~~~~~~~~~~~~~~~~~~~
In file included from /scratch2/dima/zephyr-chipyard-sw-fresh/tools-manual/zephyr-sdk-1.0.0-beta1/gnu/riscv64-zephyr-elf/riscv64-zephyr-elf/sys-include/limits.h:6,
                 from /scratch2/dima/zephyr-chipyard-sw-fresh/tools-manual/zephyr-sdk-1.0.0-beta1/gnu/riscv64-zephyr-elf/lib/gcc/riscv64-zephyr-elf/14.3.0/include/limits.h:210,
                 from /scratch2/dima/zephyr-chipyard-sw-fresh/tools-manual/zephyr-sdk-1.0.0-beta1/gnu/riscv64-zephyr-elf/lib/gcc/riscv64-zephyr-elf/14.3.0/include/syslimits.h:7,
                 from /scratch2/dima/zephyr-chipyard-sw-fresh/tools-manual/zephyr-sdk-1.0.0-beta1/gnu/riscv64-zephyr-elf/lib/gcc/riscv64-zephyr-elf/14.3.0/include/limits.h:34,
                 from /scratch2/agustin/zephyr-chipyard-sw/zephyr_ws/zephyr/include/zephyr/kernel_includes.h:22,
                 from /scratch2/agustin/zephyr-chipyard-sw/zephyr_ws/zephyr/include/zephyr/kernel.h:17,
                 from /scratch2/agustin/zephyr-chipyard-sw/zephyr_ws/zephyr/include/zephyr/posix/pthread.h:14:
/scratch2/dima/zephyr-chipyard-sw-fresh/tools-manual/zephyr-sdk-1.0.0-beta1/gnu/riscv64-zephyr-elf/riscv64-zephyr-elf/sys-include/sys/syslimits.h:63:9: note: this is the location of the previous definition
   63 | #define _POSIX_AIO_LISTIO_MAX   2
      |         ^~~~~~~~~~~~~~~~~~~~~
/scratch2/agustin/zephyr-chipyard-sw/zephyr_ws/zephyr/include/zephyr/posix/posix_limits.h:24:9: warning: "_POSIX_AIO_MAX" redefined
   24 | #define _POSIX_AIO_MAX                      (1)
      |         ^~~~~~~~~~~~~~
/scratch2/dima/zephyr-chipyard-sw-fresh/tools-manual/zephyr-sdk-1.0.0-beta1/gnu/riscv64-zephyr-elf/riscv64-zephyr-elf/sys-include/sys/syslimits.h:64:9: note: this is the location of the previous definition
   64 | #define _POSIX_AIO_MAX          1
      |         ^~~~~~~~~~~~~~
/scratch2/agustin/zephyr-chipyard-sw/zephyr_ws/zephyr/include/zephyr/posix/posix_limits.h:25:9: warning: "_POSIX_ARG_MAX" redefined
   25 | #define _POSIX_ARG_MAX                      (4096)
      |         ^~~~~~~~~~~~~~
/scratch2/dima/zephyr-chipyard-sw-fresh/tools-manual/zephyr-sdk-1.0.0-beta1/gnu/riscv64-zephyr-elf/riscv64-zephyr-elf/sys-include/sys/syslimits.h:65:9: note: this is the location of the previous definition
   65 | #define _POSIX_ARG_MAX          4096
      |         ^~~~~~~~~~~~~~
/scratch2/agustin/zephyr-chipyard-sw/zephyr_ws/zephyr/include/zephyr/posix/posix_limits.h:26:9: warning: "_POSIX_CHILD_MAX" redefined
   26 | #define _POSIX_CHILD_MAX                    (25)
      |         ^~~~~~~~~~~~~~~~
/scratch2/dima/zephyr-chipyard-sw-fresh/tools-manual/zephyr-sdk-1.0.0-beta1/gnu/riscv64-zephyr-elf/riscv64-zephyr-elf/sys-include/sys/syslimits.h:66:9: note: this is the location of the previous definition
   66 | #define _POSIX_CHILD_MAX        6
      |         ^~~~~~~~~~~~~~~~
/scratch2/agustin/zephyr-chipyard-sw/zephyr_ws/zephyr/include/zephyr/posix/posix_limits.h:27:9: warning: "_POSIX_DELAYTIMER_MAX" redefined
   27 | #define _POSIX_DELAYTIMER_MAX               (32)
      |         ^~~~~~~~~~~~~~~~~~~~~
/scratch2/dima/zephyr-chipyard-sw-fresh/tools-manual/zephyr-sdk-1.0.0-beta1/gnu/riscv64-zephyr-elf/riscv64-zephyr-elf/sys-include/sys/syslimits.h:67:9: note: this is the location of the previous definition
   67 | #define _POSIX_DELAYTIMER_MAX   32
      |         ^~~~~~~~~~~~~~~~~~~~~
/scratch2/agustin/zephyr-chipyard-sw/zephyr_ws/zephyr/include/zephyr/posix/posix_limits.h:28:9: warning: "_POSIX_HOST_NAME_MAX" redefined
   28 | #define _POSIX_HOST_NAME_MAX                (255)
      |         ^~~~~~~~~~~~~~~~~~~~
/scratch2/dima/zephyr-chipyard-sw-fresh/tools-manual/zephyr-sdk-1.0.0-beta1/gnu/riscv64-zephyr-elf/riscv64-zephyr-elf/sys-include/sys/syslimits.h:68:9: note: this is the location of the previous definition
   68 | #define _POSIX_HOST_NAME_MAX    255
      |         ^~~~~~~~~~~~~~~~~~~~
/scratch2/agustin/zephyr-chipyard-sw/zephyr_ws/zephyr/include/zephyr/posix/posix_limits.h:29:9: warning: "_POSIX_LINK_MAX" redefined
   29 | #define _POSIX_LINK_MAX                     (8)
      |         ^~~~~~~~~~~~~~~
/scratch2/dima/zephyr-chipyard-sw-fresh/tools-manual/zephyr-sdk-1.0.0-beta1/gnu/riscv64-zephyr-elf/riscv64-zephyr-elf/sys-include/sys/syslimits.h:69:9: note: this is the location of the previous definition
   69 | #define _POSIX_LINK_MAX         8
      |         ^~~~~~~~~~~~~~~
/scratch2/agustin/zephyr-chipyard-sw/zephyr_ws/zephyr/include/zephyr/posix/posix_limits.h:30:9: warning: "_POSIX_LOGIN_NAME_MAX" redefined
   30 | #define _POSIX_LOGIN_NAME_MAX               (9)
      |         ^~~~~~~~~~~~~~~~~~~~~
/scratch2/dima/zephyr-chipyard-sw-fresh/tools-manual/zephyr-sdk-1.0.0-beta1/gnu/riscv64-zephyr-elf/riscv64-zephyr-elf/sys-include/sys/syslimits.h:70:9: note: this is the location of the previous definition
   70 | #define _POSIX_LOGIN_NAME_MAX   9
      |         ^~~~~~~~~~~~~~~~~~~~~
/scratch2/agustin/zephyr-chipyard-sw/zephyr_ws/zephyr/include/zephyr/posix/posix_limits.h:31:9: warning: "_POSIX_MAX_CANON" redefined
   31 | #define _POSIX_MAX_CANON                    (255)
      |         ^~~~~~~~~~~~~~~~
/scratch2/dima/zephyr-chipyard-sw-fresh/tools-manual/zephyr-sdk-1.0.0-beta1/gnu/riscv64-zephyr-elf/riscv64-zephyr-elf/sys-include/sys/syslimits.h:71:9: note: this is the location of the previous definition
   71 | #define _POSIX_MAX_CANON        255
      |         ^~~~~~~~~~~~~~~~
/scratch2/agustin/zephyr-chipyard-sw/zephyr_ws/zephyr/include/zephyr/posix/posix_limits.h:32:9: warning: "_POSIX_MAX_INPUT" redefined
   32 | #define _POSIX_MAX_INPUT                    (255)
      |         ^~~~~~~~~~~~~~~~
/scratch2/dima/zephyr-chipyard-sw-fresh/tools-manual/zephyr-sdk-1.0.0-beta1/gnu/riscv64-zephyr-elf/riscv64-zephyr-elf/sys-include/sys/syslimits.h:72:9: note: this is the location of the previous definition
   72 | #define _POSIX_MAX_INPUT        255
      |         ^~~~~~~~~~~~~~~~
/scratch2/agustin/zephyr-chipyard-sw/zephyr_ws/zephyr/include/zephyr/posix/posix_limits.h:33:9: warning: "_POSIX_MQ_OPEN_MAX" redefined
   33 | #define _POSIX_MQ_OPEN_MAX                  (8)
      |         ^~~~~~~~~~~~~~~~~~
/scratch2/dima/zephyr-chipyard-sw-fresh/tools-manual/zephyr-sdk-1.0.0-beta1/gnu/riscv64-zephyr-elf/riscv64-zephyr-elf/sys-include/sys/syslimits.h:73:9: note: this is the location of the previous definition
   73 | #define _POSIX_MQ_OPEN_MAX      8
      |         ^~~~~~~~~~~~~~~~~~
/scratch2/agustin/zephyr-chipyard-sw/zephyr_ws/zephyr/include/zephyr/posix/posix_limits.h:34:9: warning: "_POSIX_MQ_PRIO_MAX" redefined
   34 | #define _POSIX_MQ_PRIO_MAX                  (32)
      |         ^~~~~~~~~~~~~~~~~~
/scratch2/dima/zephyr-chipyard-sw-fresh/tools-manual/zephyr-sdk-1.0.0-beta1/gnu/riscv64-zephyr-elf/riscv64-zephyr-elf/sys-include/sys/syslimits.h:74:9: note: this is the location of the previous definition
   74 | #define _POSIX_MQ_PRIO_MAX      32
      |         ^~~~~~~~~~~~~~~~~~
/scratch2/agustin/zephyr-chipyard-sw/zephyr_ws/zephyr/include/zephyr/posix/posix_limits.h:35:9: warning: "_POSIX_NAME_MAX" redefined
   35 | #define _POSIX_NAME_MAX                     (14)
      |         ^~~~~~~~~~~~~~~
/scratch2/dima/zephyr-chipyard-sw-fresh/tools-manual/zephyr-sdk-1.0.0-beta1/gnu/riscv64-zephyr-elf/riscv64-zephyr-elf/sys-include/sys/syslimits.h:75:9: note: this is the location of the previous definition
   75 | #define _POSIX_NAME_MAX         14
      |         ^~~~~~~~~~~~~~~
/scratch2/agustin/zephyr-chipyard-sw/zephyr_ws/zephyr/include/zephyr/posix/posix_limits.h:36:9: warning: "_POSIX_NGROUPS_MAX" redefined
   36 | #define _POSIX_NGROUPS_MAX                  (8)
      |         ^~~~~~~~~~~~~~~~~~
/scratch2/dima/zephyr-chipyard-sw-fresh/tools-manual/zephyr-sdk-1.0.0-beta1/gnu/riscv64-zephyr-elf/riscv64-zephyr-elf/sys-include/sys/syslimits.h:76:9: note: this is the location of the previous definition
   76 | #define _POSIX_NGROUPS_MAX      0
      |         ^~~~~~~~~~~~~~~~~~
/scratch2/agustin/zephyr-chipyard-sw/zephyr_ws/zephyr/include/zephyr/posix/posix_limits.h:37:9: warning: "_POSIX_OPEN_MAX" redefined
   37 | #define _POSIX_OPEN_MAX                     (20)
      |         ^~~~~~~~~~~~~~~
/scratch2/dima/zephyr-chipyard-sw-fresh/tools-manual/zephyr-sdk-1.0.0-beta1/gnu/riscv64-zephyr-elf/riscv64-zephyr-elf/sys-include/sys/syslimits.h:77:9: note: this is the location of the previous definition
   77 | #define _POSIX_OPEN_MAX         16
      |         ^~~~~~~~~~~~~~~
/scratch2/agustin/zephyr-chipyard-sw/zephyr_ws/zephyr/include/zephyr/posix/posix_limits.h:38:9: warning: "_POSIX_PATH_MAX" redefined
   38 | #define _POSIX_PATH_MAX                     (256)
      |         ^~~~~~~~~~~~~~~
/scratch2/dima/zephyr-chipyard-sw-fresh/tools-manual/zephyr-sdk-1.0.0-beta1/gnu/riscv64-zephyr-elf/riscv64-zephyr-elf/sys-include/sys/syslimits.h:78:9: note: this is the location of the previous definition
   78 | #define _POSIX_PATH_MAX         255
      |         ^~~~~~~~~~~~~~~
/scratch2/agustin/zephyr-chipyard-sw/zephyr_ws/zephyr/include/zephyr/posix/posix_limits.h:39:9: warning: "_POSIX_PIPE_BUF" redefined
   39 | #define _POSIX_PIPE_BUF                     (512)
      |         ^~~~~~~~~~~~~~~
/scratch2/dima/zephyr-chipyard-sw-fresh/tools-manual/zephyr-sdk-1.0.0-beta1/gnu/riscv64-zephyr-elf/riscv64-zephyr-elf/sys-include/sys/syslimits.h:79:9: note: this is the location of the previous definition
   79 | #define _POSIX_PIPE_BUF         512
      |         ^~~~~~~~~~~~~~~
/scratch2/agustin/zephyr-chipyard-sw/zephyr_ws/zephyr/include/zephyr/posix/posix_limits.h:40:9: warning: "_POSIX_RE_DUP_MAX" redefined
   40 | #define _POSIX_RE_DUP_MAX                   (255)
      |         ^~~~~~~~~~~~~~~~~
/scratch2/dima/zephyr-chipyard-sw-fresh/tools-manual/zephyr-sdk-1.0.0-beta1/gnu/riscv64-zephyr-elf/riscv64-zephyr-elf/sys-include/sys/syslimits.h:80:9: note: this is the location of the previous definition
   80 | #define _POSIX_RE_DUP_MAX       255
      |         ^~~~~~~~~~~~~~~~~
/scratch2/agustin/zephyr-chipyard-sw/zephyr_ws/zephyr/include/zephyr/posix/posix_limits.h:41:9: warning: "_POSIX_RTSIG_MAX" redefined
   41 | #define _POSIX_RTSIG_MAX                    (8)
      |         ^~~~~~~~~~~~~~~~
/scratch2/dima/zephyr-chipyard-sw-fresh/tools-manual/zephyr-sdk-1.0.0-beta1/gnu/riscv64-zephyr-elf/riscv64-zephyr-elf/sys-include/sys/syslimits.h:81:9: note: this is the location of the previous definition
   81 | #define _POSIX_RTSIG_MAX        8
      |         ^~~~~~~~~~~~~~~~
/scratch2/agustin/zephyr-chipyard-sw/zephyr_ws/zephyr/include/zephyr/posix/posix_limits.h:42:9: warning: "_POSIX_SEM_NSEMS_MAX" redefined
   42 | #define _POSIX_SEM_NSEMS_MAX                (256)
      |         ^~~~~~~~~~~~~~~~~~~~
/scratch2/dima/zephyr-chipyard-sw-fresh/tools-manual/zephyr-sdk-1.0.0-beta1/gnu/riscv64-zephyr-elf/riscv64-zephyr-elf/sys-include/sys/syslimits.h:82:9: note: this is the location of the previous definition
   82 | #define _POSIX_SEM_NSEMS_MAX    256
      |         ^~~~~~~~~~~~~~~~~~~~
/scratch2/agustin/zephyr-chipyard-sw/zephyr_ws/zephyr/include/zephyr/posix/posix_limits.h:43:9: warning: "_POSIX_SEM_VALUE_MAX" redefined
   43 | #define _POSIX_SEM_VALUE_MAX                (32767)
      |         ^~~~~~~~~~~~~~~~~~~~
/scratch2/dima/zephyr-chipyard-sw-fresh/tools-manual/zephyr-sdk-1.0.0-beta1/gnu/riscv64-zephyr-elf/riscv64-zephyr-elf/sys-include/sys/syslimits.h:83:9: note: this is the location of the previous definition
   83 | #define _POSIX_SEM_VALUE_MAX    32767
      |         ^~~~~~~~~~~~~~~~~~~~
/scratch2/agustin/zephyr-chipyard-sw/zephyr_ws/zephyr/include/zephyr/posix/posix_limits.h:44:9: warning: "_POSIX_SIGQUEUE_MAX" redefined
   44 | #define _POSIX_SIGQUEUE_MAX                 (32)
      |         ^~~~~~~~~~~~~~~~~~~
/scratch2/dima/zephyr-chipyard-sw-fresh/tools-manual/zephyr-sdk-1.0.0-beta1/gnu/riscv64-zephyr-elf/riscv64-zephyr-elf/sys-include/sys/syslimits.h:84:9: note: this is the location of the previous definition
   84 | #define _POSIX_SIGQUEUE_MAX     32
      |         ^~~~~~~~~~~~~~~~~~~
/scratch2/agustin/zephyr-chipyard-sw/zephyr_ws/zephyr/include/zephyr/posix/posix_limits.h:45:9: warning: "_POSIX_SSIZE_MAX" redefined
   45 | #define _POSIX_SSIZE_MAX                    (32767)
      |         ^~~~~~~~~~~~~~~~
/scratch2/dima/zephyr-chipyard-sw-fresh/tools-manual/zephyr-sdk-1.0.0-beta1/gnu/riscv64-zephyr-elf/riscv64-zephyr-elf/sys-include/sys/syslimits.h:85:9: note: this is the location of the previous definition
   85 | #define _POSIX_SSIZE_MAX        32767
      |         ^~~~~~~~~~~~~~~~
/scratch2/agustin/zephyr-chipyard-sw/zephyr_ws/zephyr/include/zephyr/posix/posix_limits.h:46:9: warning: "_POSIX_SS_REPL_MAX" redefined
   46 | #define _POSIX_SS_REPL_MAX                  (4)
      |         ^~~~~~~~~~~~~~~~~~
/scratch2/dima/zephyr-chipyard-sw-fresh/tools-manual/zephyr-sdk-1.0.0-beta1/gnu/riscv64-zephyr-elf/riscv64-zephyr-elf/sys-include/sys/syslimits.h:86:9: note: this is the location of the previous definition
   86 | #define _POSIX_SS_REPL_MAX      4
      |         ^~~~~~~~~~~~~~~~~~
/scratch2/agustin/zephyr-chipyard-sw/zephyr_ws/zephyr/include/zephyr/posix/posix_limits.h:47:9: warning: "_POSIX_STREAM_MAX" redefined
   47 | #define _POSIX_STREAM_MAX                   (8)
      |         ^~~~~~~~~~~~~~~~~
/scratch2/dima/zephyr-chipyard-sw-fresh/tools-manual/zephyr-sdk-1.0.0-beta1/gnu/riscv64-zephyr-elf/riscv64-zephyr-elf/sys-include/sys/syslimits.h:87:9: note: this is the location of the previous definition
   87 | #define _POSIX_STREAM_MAX       8
      |         ^~~~~~~~~~~~~~~~~
/scratch2/agustin/zephyr-chipyard-sw/zephyr_ws/zephyr/include/zephyr/posix/posix_limits.h:48:9: warning: "_POSIX_SYMLINK_MAX" redefined
   48 | #define _POSIX_SYMLINK_MAX                  (255)
      |         ^~~~~~~~~~~~~~~~~~
/scratch2/dima/zephyr-chipyard-sw-fresh/tools-manual/zephyr-sdk-1.0.0-beta1/gnu/riscv64-zephyr-elf/riscv64-zephyr-elf/sys-include/sys/syslimits.h:88:9: note: this is the location of the previous definition
   88 | #define _POSIX_SYMLINK_MAX      255
      |         ^~~~~~~~~~~~~~~~~~
/scratch2/agustin/zephyr-chipyard-sw/zephyr_ws/zephyr/include/zephyr/posix/posix_limits.h:49:9: warning: "_POSIX_SYMLOOP_MAX" redefined
   49 | #define _POSIX_SYMLOOP_MAX                  (8)
      |         ^~~~~~~~~~~~~~~~~~
/scratch2/dima/zephyr-chipyard-sw-fresh/tools-manual/zephyr-sdk-1.0.0-beta1/gnu/riscv64-zephyr-elf/riscv64-zephyr-elf/sys-include/sys/syslimits.h:89:9: note: this is the location of the previous definition
   89 | #define _POSIX_SYMLOOP_MAX      8
      |         ^~~~~~~~~~~~~~~~~~
/scratch2/agustin/zephyr-chipyard-sw/zephyr_ws/zephyr/include/zephyr/posix/posix_limits.h:50:9: warning: "_POSIX_THREAD_DESTRUCTOR_ITERATIONS" redefined
   50 | #define _POSIX_THREAD_DESTRUCTOR_ITERATIONS (4)
      |         ^~~~~~~~~~~~~~~~~~~~~~~~~~~~~~~~~~~
/scratch2/dima/zephyr-chipyard-sw-fresh/tools-manual/zephyr-sdk-1.0.0-beta1/gnu/riscv64-zephyr-elf/riscv64-zephyr-elf/sys-include/sys/syslimits.h:90:9: note: this is the location of the previous definition
   90 | #define _POSIX_THREAD_DESTRUCTOR_ITERATIONS     4
      |         ^~~~~~~~~~~~~~~~~~~~~~~~~~~~~~~~~~~
/scratch2/agustin/zephyr-chipyard-sw/zephyr_ws/zephyr/include/zephyr/posix/posix_limits.h:51:9: warning: "_POSIX_THREAD_KEYS_MAX" redefined
   51 | #define _POSIX_THREAD_KEYS_MAX              (128)
      |         ^~~~~~~~~~~~~~~~~~~~~~
/scratch2/dima/zephyr-chipyard-sw-fresh/tools-manual/zephyr-sdk-1.0.0-beta1/gnu/riscv64-zephyr-elf/riscv64-zephyr-elf/sys-include/sys/syslimits.h:91:9: note: this is the location of the previous definition
   91 | #define _POSIX_THREAD_KEYS_MAX  128
      |         ^~~~~~~~~~~~~~~~~~~~~~
/scratch2/agustin/zephyr-chipyard-sw/zephyr_ws/zephyr/include/zephyr/posix/posix_limits.h:52:9: warning: "_POSIX_THREAD_THREADS_MAX" redefined
   52 | #define _POSIX_THREAD_THREADS_MAX           (64)
      |         ^~~~~~~~~~~~~~~~~~~~~~~~~
/scratch2/dima/zephyr-chipyard-sw-fresh/tools-manual/zephyr-sdk-1.0.0-beta1/gnu/riscv64-zephyr-elf/riscv64-zephyr-elf/sys-include/sys/syslimits.h:92:9: note: this is the location of the previous definition
   92 | #define _POSIX_THREAD_THREADS_MAX       64
      |         ^~~~~~~~~~~~~~~~~~~~~~~~~
/scratch2/agustin/zephyr-chipyard-sw/zephyr_ws/zephyr/include/zephyr/posix/posix_limits.h:53:9: warning: "_POSIX_TIMER_MAX" redefined
   53 | #define _POSIX_TIMER_MAX                    (32)
      |         ^~~~~~~~~~~~~~~~
/scratch2/dima/zephyr-chipyard-sw-fresh/tools-manual/zephyr-sdk-1.0.0-beta1/gnu/riscv64-zephyr-elf/riscv64-zephyr-elf/sys-include/sys/syslimits.h:93:9: note: this is the location of the previous definition
   93 | #define _POSIX_TIMER_MAX        32
      |         ^~~~~~~~~~~~~~~~
/scratch2/agustin/zephyr-chipyard-sw/zephyr_ws/zephyr/include/zephyr/posix/posix_limits.h:54:9: warning: "_POSIX_TRACE_EVENT_NAME_MAX" redefined
   54 | #define _POSIX_TRACE_EVENT_NAME_MAX         (30)
      |         ^~~~~~~~~~~~~~~~~~~~~~~~~~~
/scratch2/dima/zephyr-chipyard-sw-fresh/tools-manual/zephyr-sdk-1.0.0-beta1/gnu/riscv64-zephyr-elf/riscv64-zephyr-elf/sys-include/sys/syslimits.h:94:9: note: this is the location of the previous definition
   94 | #define _POSIX_TRACE_EVENT_NAME_MAX     30
      |         ^~~~~~~~~~~~~~~~~~~~~~~~~~~
/scratch2/agustin/zephyr-chipyard-sw/zephyr_ws/zephyr/include/zephyr/posix/posix_limits.h:55:9: warning: "_POSIX_TRACE_NAME_MAX" redefined
   55 | #define _POSIX_TRACE_NAME_MAX               (8)
      |         ^~~~~~~~~~~~~~~~~~~~~
/scratch2/dima/zephyr-chipyard-sw-fresh/tools-manual/zephyr-sdk-1.0.0-beta1/gnu/riscv64-zephyr-elf/riscv64-zephyr-elf/sys-include/sys/syslimits.h:95:9: note: this is the location of the previous definition
   95 | #define _POSIX_TRACE_NAME_MAX   8
      |         ^~~~~~~~~~~~~~~~~~~~~
/scratch2/agustin/zephyr-chipyard-sw/zephyr_ws/zephyr/include/zephyr/posix/posix_limits.h:56:9: warning: "_POSIX_TRACE_SYS_MAX" redefined
   56 | #define _POSIX_TRACE_SYS_MAX                (8)
      |         ^~~~~~~~~~~~~~~~~~~~
/scratch2/dima/zephyr-chipyard-sw-fresh/tools-manual/zephyr-sdk-1.0.0-beta1/gnu/riscv64-zephyr-elf/riscv64-zephyr-elf/sys-include/sys/syslimits.h:96:9: note: this is the location of the previous definition
   96 | #define _POSIX_TRACE_SYS_MAX    8
      |         ^~~~~~~~~~~~~~~~~~~~
/scratch2/agustin/zephyr-chipyard-sw/zephyr_ws/zephyr/include/zephyr/posix/posix_limits.h:57:9: warning: "_POSIX_TRACE_USER_EVENT_MAX" redefined
   57 | #define _POSIX_TRACE_USER_EVENT_MAX         (32)
      |         ^~~~~~~~~~~~~~~~~~~~~~~~~~~
/scratch2/dima/zephyr-chipyard-sw-fresh/tools-manual/zephyr-sdk-1.0.0-beta1/gnu/riscv64-zephyr-elf/riscv64-zephyr-elf/sys-include/sys/syslimits.h:97:9: note: this is the location of the previous definition
   97 | #define _POSIX_TRACE_USER_EVENT_MAX     32
      |         ^~~~~~~~~~~~~~~~~~~~~~~~~~~
/scratch2/agustin/zephyr-chipyard-sw/zephyr_ws/zephyr/include/zephyr/posix/posix_limits.h:58:9: warning: "_POSIX_TTY_NAME_MAX" redefined
   58 | #define _POSIX_TTY_NAME_MAX                 (9)
      |         ^~~~~~~~~~~~~~~~~~~
/scratch2/dima/zephyr-chipyard-sw-fresh/tools-manual/zephyr-sdk-1.0.0-beta1/gnu/riscv64-zephyr-elf/riscv64-zephyr-elf/sys-include/sys/syslimits.h:98:9: note: this is the location of the previous definition
   98 | #define _POSIX_TTY_NAME_MAX     9
      |         ^~~~~~~~~~~~~~~~~~~
/scratch2/agustin/zephyr-chipyard-sw/zephyr_ws/zephyr/include/zephyr/posix/posix_limits.h:59:9: warning: "_POSIX_TZNAME_MAX" redefined
   59 | #define _POSIX_TZNAME_MAX                   (6)
      |         ^~~~~~~~~~~~~~~~~
/scratch2/dima/zephyr-chipyard-sw-fresh/tools-manual/zephyr-sdk-1.0.0-beta1/gnu/riscv64-zephyr-elf/riscv64-zephyr-elf/sys-include/sys/syslimits.h:99:9: note: this is the location of the previous definition
   99 | #define _POSIX_TZNAME_MAX       3
      |         ^~~~~~~~~~~~~~~~~
/scratch2/agustin/zephyr-chipyard-sw/zephyr_ws/zephyr/include/zephyr/posix/posix_limits.h:60:9: warning: "_POSIX2_BC_BASE_MAX" redefined
   60 | #define _POSIX2_BC_BASE_MAX                 (99)
      |         ^~~~~~~~~~~~~~~~~~~
/scratch2/dima/zephyr-chipyard-sw-fresh/tools-manual/zephyr-sdk-1.0.0-beta1/gnu/riscv64-zephyr-elf/riscv64-zephyr-elf/sys-include/sys/syslimits.h:100:9: note: this is the location of the previous definition
  100 | #define _POSIX2_BC_BASE_MAX     99
      |         ^~~~~~~~~~~~~~~~~~~
/scratch2/agustin/zephyr-chipyard-sw/zephyr_ws/zephyr/include/zephyr/posix/posix_limits.h:61:9: warning: "_POSIX2_BC_DIM_MAX" redefined
   61 | #define _POSIX2_BC_DIM_MAX                  (2048)
      |         ^~~~~~~~~~~~~~~~~~
/scratch2/dima/zephyr-chipyard-sw-fresh/tools-manual/zephyr-sdk-1.0.0-beta1/gnu/riscv64-zephyr-elf/riscv64-zephyr-elf/sys-include/sys/syslimits.h:101:9: note: this is the location of the previous definition
  101 | #define _POSIX2_BC_DIM_MAX      2048
      |         ^~~~~~~~~~~~~~~~~~
/scratch2/agustin/zephyr-chipyard-sw/zephyr_ws/zephyr/include/zephyr/posix/posix_limits.h:62:9: warning: "_POSIX2_BC_SCALE_MAX" redefined
   62 | #define _POSIX2_BC_SCALE_MAX                (99)
      |         ^~~~~~~~~~~~~~~~~~~~
/scratch2/dima/zephyr-chipyard-sw-fresh/tools-manual/zephyr-sdk-1.0.0-beta1/gnu/riscv64-zephyr-elf/riscv64-zephyr-elf/sys-include/sys/syslimits.h:102:9: note: this is the location of the previous definition
  102 | #define _POSIX2_BC_SCALE_MAX    99
      |         ^~~~~~~~~~~~~~~~~~~~
/scratch2/agustin/zephyr-chipyard-sw/zephyr_ws/zephyr/include/zephyr/posix/posix_limits.h:63:9: warning: "_POSIX2_BC_STRING_MAX" redefined
   63 | #define _POSIX2_BC_STRING_MAX               (1000)
      |         ^~~~~~~~~~~~~~~~~~~~~
/scratch2/dima/zephyr-chipyard-sw-fresh/tools-manual/zephyr-sdk-1.0.0-beta1/gnu/riscv64-zephyr-elf/riscv64-zephyr-elf/sys-include/sys/syslimits.h:103:9: note: this is the location of the previous definition
  103 | #define _POSIX2_BC_STRING_MAX   1000
      |         ^~~~~~~~~~~~~~~~~~~~~
/scratch2/agustin/zephyr-chipyard-sw/zephyr_ws/zephyr/include/zephyr/posix/posix_limits.h:64:9: warning: "_POSIX2_CHARCLASS_NAME_MAX" redefined
   64 | #define _POSIX2_CHARCLASS_NAME_MAX          (14)
      |         ^~~~~~~~~~~~~~~~~~~~~~~~~~
/scratch2/dima/zephyr-chipyard-sw-fresh/tools-manual/zephyr-sdk-1.0.0-beta1/gnu/riscv64-zephyr-elf/riscv64-zephyr-elf/sys-include/sys/syslimits.h:104:9: note: this is the location of the previous definition
  104 | #define _POSIX2_CHARCLASS_NAME_MAX      14
      |         ^~~~~~~~~~~~~~~~~~~~~~~~~~
/scratch2/agustin/zephyr-chipyard-sw/zephyr_ws/zephyr/include/zephyr/posix/posix_limits.h:65:9: warning: "_POSIX2_COLL_WEIGHTS_MAX" redefined
   65 | #define _POSIX2_COLL_WEIGHTS_MAX            (2)
      |         ^~~~~~~~~~~~~~~~~~~~~~~~
/scratch2/dima/zephyr-chipyard-sw-fresh/tools-manual/zephyr-sdk-1.0.0-beta1/gnu/riscv64-zephyr-elf/riscv64-zephyr-elf/sys-include/sys/syslimits.h:105:9: note: this is the location of the previous definition
  105 | #define _POSIX2_COLL_WEIGHTS_MAX        2
      |         ^~~~~~~~~~~~~~~~~~~~~~~~
/scratch2/agustin/zephyr-chipyard-sw/zephyr_ws/zephyr/include/zephyr/posix/posix_limits.h:66:9: warning: "_POSIX2_EXPR_NEST_MAX" redefined
   66 | #define _POSIX2_EXPR_NEST_MAX               (32)
      |         ^~~~~~~~~~~~~~~~~~~~~
/scratch2/dima/zephyr-chipyard-sw-fresh/tools-manual/zephyr-sdk-1.0.0-beta1/gnu/riscv64-zephyr-elf/riscv64-zephyr-elf/sys-include/sys/syslimits.h:106:9: note: this is the location of the previous definition
  106 | #define _POSIX2_EXPR_NEST_MAX   32
      |         ^~~~~~~~~~~~~~~~~~~~~
/scratch2/agustin/zephyr-chipyard-sw/zephyr_ws/zephyr/include/zephyr/posix/posix_limits.h:67:9: warning: "_POSIX2_LINE_MAX" redefined
   67 | #define _POSIX2_LINE_MAX                    (2048)
      |         ^~~~~~~~~~~~~~~~
/scratch2/dima/zephyr-chipyard-sw-fresh/tools-manual/zephyr-sdk-1.0.0-beta1/gnu/riscv64-zephyr-elf/riscv64-zephyr-elf/sys-include/sys/syslimits.h:107:9: note: this is the location of the previous definition
  107 | #define _POSIX2_LINE_MAX        2048
      |         ^~~~~~~~~~~~~~~~
/scratch2/agustin/zephyr-chipyard-sw/zephyr_ws/zephyr/include/zephyr/posix/posix_limits.h:83:9: warning: "ARG_MAX" redefined
   83 | #define ARG_MAX                       _POSIX_ARG_MAX
      |         ^~~~~~~
/scratch2/dima/zephyr-chipyard-sw-fresh/tools-manual/zephyr-sdk-1.0.0-beta1/gnu/riscv64-zephyr-elf/riscv64-zephyr-elf/sys-include/sys/syslimits.h:41:9: note: this is the location of the previous definition
   41 | #define ARG_MAX                 65536   /* max bytes for an exec function */
      |         ^~~~~~~
/scratch2/agustin/zephyr-chipyard-sw/zephyr_ws/zephyr/include/zephyr/posix/posix_limits.h:84:9: warning: "ATEXIT_MAX" redefined
   84 | #define ATEXIT_MAX                    (32)
      |         ^~~~~~~~~~
/scratch2/dima/zephyr-chipyard-sw-fresh/tools-manual/zephyr-sdk-1.0.0-beta1/gnu/riscv64-zephyr-elf/riscv64-zephyr-elf/sys-include/sys/syslimits.h:42:9: note: this is the location of the previous definition
   42 | #define ATEXIT_MAX                 32   /* max atexit functions */
      |         ^~~~~~~~~~
/scratch2/agustin/zephyr-chipyard-sw/zephyr_ws/zephyr/include/zephyr/posix/posix_limits.h:93:9: warning: "OPEN_MAX" redefined
   93 | #define OPEN_MAX                      CONFIG_POSIX_OPEN_MAX
      |         ^~~~~~~~
/scratch2/dima/zephyr-chipyard-sw-fresh/tools-manual/zephyr-sdk-1.0.0-beta1/gnu/riscv64-zephyr-elf/riscv64-zephyr-elf/sys-include/sys/syslimits.h:45:9: note: this is the location of the previous definition
   45 | #define OPEN_MAX                   64   /* max open files per process */
      |         ^~~~~~~~
/scratch2/agustin/zephyr-chipyard-sw/zephyr_ws/zephyr/include/zephyr/posix/posix_limits.h:96:9: warning: "PATH_MAX" redefined
   96 | #define PATH_MAX                      _POSIX_PATH_MAX
      |         ^~~~~~~~
/scratch2/dima/zephyr-chipyard-sw-fresh/tools-manual/zephyr-sdk-1.0.0-beta1/gnu/riscv64-zephyr-elf/riscv64-zephyr-elf/sys-include/sys/syslimits.h:53:9: note: this is the location of the previous definition
   53 | #define PATH_MAX                 1024   /* max bytes in pathname */
      |         ^~~~~~~~
/scratch2/agustin/zephyr-chipyard-sw/zephyr_ws/zephyr/include/zephyr/posix/posix_limits.h:114:9: warning: "TZNAME_MAX" redefined
  114 | #define TZNAME_MAX                    _POSIX_TZNAME_MAX
      |         ^~~~~~~~~~
/scratch2/dima/zephyr-chipyard-sw-fresh/tools-manual/zephyr-sdk-1.0.0-beta1/gnu/riscv64-zephyr-elf/riscv64-zephyr-elf/sys-include/sys/syslimits.h:46:9: note: this is the location of the previous definition
   46 | #define TZNAME_MAX                 10   /* max time zone name length */
      |         ^~~~~~~~~~
[117/202] Building C object zephyr/lib/posix/options/CMakeFiles/lib__posix__options.dir/uname.c.obj
[118/202] Linking C static library zephyr/lib/libc/common/liblib__libc__common.a
[119/202] Linking C static library zephyr/lib/posix/c_lib_ext/liblib__posix__c_lib_ext.a
[120/202] Linking C static library zephyr/drivers/interrupt_controller/libdrivers__interrupt_controller.a
[121/202] Building C object CMakeFiles/modelblaster_yolov8_nano_rvv_opu_objs.dir/scratch2/agustin/ModelBlaster/examples/yolov8_nano/int8/generated/rvv_opu/kernels.c.obj
[122/202] Building C object zephyr/lib/os/zvfs/CMakeFiles/lib__os__zvfs.dir/zvfs_eventfd.c.obj
In file included from /scratch2/agustin/zephyr-chipyard-sw/zephyr_ws/zephyr/include/zephyr/posix/sys/sysconf.h:11,
                 from /scratch2/agustin/zephyr-chipyard-sw/zephyr_ws/zephyr/include/zephyr/posix/unistd.h:18,
                 from /scratch2/agustin/zephyr-chipyard-sw/zephyr_ws/zephyr/include/zephyr/net/socket.h:1289,
                 from /scratch2/agustin/zephyr-chipyard-sw/zephyr_ws/zephyr/lib/os/zvfs/zvfs_eventfd.c:10:
/scratch2/agustin/zephyr-chipyard-sw/zephyr_ws/zephyr/include/zephyr/posix/posix_limits.h:23:9: warning: "_POSIX_AIO_LISTIO_MAX" redefined
   23 | #define _POSIX_AIO_LISTIO_MAX               (2)
      |         ^~~~~~~~~~~~~~~~~~~~~
In file included from /scratch2/dima/zephyr-chipyard-sw-fresh/tools-manual/zephyr-sdk-1.0.0-beta1/gnu/riscv64-zephyr-elf/riscv64-zephyr-elf/sys-include/limits.h:6,
                 from /scratch2/dima/zephyr-chipyard-sw-fresh/tools-manual/zephyr-sdk-1.0.0-beta1/gnu/riscv64-zephyr-elf/lib/gcc/riscv64-zephyr-elf/14.3.0/include/limits.h:210,
                 from /scratch2/dima/zephyr-chipyard-sw-fresh/tools-manual/zephyr-sdk-1.0.0-beta1/gnu/riscv64-zephyr-elf/lib/gcc/riscv64-zephyr-elf/14.3.0/include/syslimits.h:7,
                 from /scratch2/dima/zephyr-chipyard-sw-fresh/tools-manual/zephyr-sdk-1.0.0-beta1/gnu/riscv64-zephyr-elf/lib/gcc/riscv64-zephyr-elf/14.3.0/include/limits.h:34,
                 from /scratch2/agustin/zephyr-chipyard-sw/zephyr_ws/zephyr/include/zephyr/kernel_includes.h:22,
                 from /scratch2/agustin/zephyr-chipyard-sw/zephyr_ws/zephyr/include/zephyr/kernel.h:17,
                 from /scratch2/agustin/zephyr-chipyard-sw/zephyr_ws/zephyr/lib/os/zvfs/zvfs_eventfd.c:9:
/scratch2/dima/zephyr-chipyard-sw-fresh/tools-manual/zephyr-sdk-1.0.0-beta1/gnu/riscv64-zephyr-elf/riscv64-zephyr-elf/sys-include/sys/syslimits.h:63:9: note: this is the location of the previous definition
   63 | #define _POSIX_AIO_LISTIO_MAX   2
      |         ^~~~~~~~~~~~~~~~~~~~~
/scratch2/agustin/zephyr-chipyard-sw/zephyr_ws/zephyr/include/zephyr/posix/posix_limits.h:24:9: warning: "_POSIX_AIO_MAX" redefined
   24 | #define _POSIX_AIO_MAX                      (1)
      |         ^~~~~~~~~~~~~~
/scratch2/dima/zephyr-chipyard-sw-fresh/tools-manual/zephyr-sdk-1.0.0-beta1/gnu/riscv64-zephyr-elf/riscv64-zephyr-elf/sys-include/sys/syslimits.h:64:9: note: this is the location of the previous definition
   64 | #define _POSIX_AIO_MAX          1
      |         ^~~~~~~~~~~~~~
/scratch2/agustin/zephyr-chipyard-sw/zephyr_ws/zephyr/include/zephyr/posix/posix_limits.h:25:9: warning: "_POSIX_ARG_MAX" redefined
   25 | #define _POSIX_ARG_MAX                      (4096)
      |         ^~~~~~~~~~~~~~
/scratch2/dima/zephyr-chipyard-sw-fresh/tools-manual/zephyr-sdk-1.0.0-beta1/gnu/riscv64-zephyr-elf/riscv64-zephyr-elf/sys-include/sys/syslimits.h:65:9: note: this is the location of the previous definition
   65 | #define _POSIX_ARG_MAX          4096
      |         ^~~~~~~~~~~~~~
/scratch2/agustin/zephyr-chipyard-sw/zephyr_ws/zephyr/include/zephyr/posix/posix_limits.h:26:9: warning: "_POSIX_CHILD_MAX" redefined
   26 | #define _POSIX_CHILD_MAX                    (25)
      |         ^~~~~~~~~~~~~~~~
/scratch2/dima/zephyr-chipyard-sw-fresh/tools-manual/zephyr-sdk-1.0.0-beta1/gnu/riscv64-zephyr-elf/riscv64-zephyr-elf/sys-include/sys/syslimits.h:66:9: note: this is the location of the previous definition
   66 | #define _POSIX_CHILD_MAX        6
      |         ^~~~~~~~~~~~~~~~
/scratch2/agustin/zephyr-chipyard-sw/zephyr_ws/zephyr/include/zephyr/posix/posix_limits.h:27:9: warning: "_POSIX_DELAYTIMER_MAX" redefined
   27 | #define _POSIX_DELAYTIMER_MAX               (32)
      |         ^~~~~~~~~~~~~~~~~~~~~
/scratch2/dima/zephyr-chipyard-sw-fresh/tools-manual/zephyr-sdk-1.0.0-beta1/gnu/riscv64-zephyr-elf/riscv64-zephyr-elf/sys-include/sys/syslimits.h:67:9: note: this is the location of the previous definition
   67 | #define _POSIX_DELAYTIMER_MAX   32
      |         ^~~~~~~~~~~~~~~~~~~~~
/scratch2/agustin/zephyr-chipyard-sw/zephyr_ws/zephyr/include/zephyr/posix/posix_limits.h:28:9: warning: "_POSIX_HOST_NAME_MAX" redefined
   28 | #define _POSIX_HOST_NAME_MAX                (255)
      |         ^~~~~~~~~~~~~~~~~~~~
/scratch2/dima/zephyr-chipyard-sw-fresh/tools-manual/zephyr-sdk-1.0.0-beta1/gnu/riscv64-zephyr-elf/riscv64-zephyr-elf/sys-include/sys/syslimits.h:68:9: note: this is the location of the previous definition
   68 | #define _POSIX_HOST_NAME_MAX    255
      |         ^~~~~~~~~~~~~~~~~~~~
/scratch2/agustin/zephyr-chipyard-sw/zephyr_ws/zephyr/include/zephyr/posix/posix_limits.h:29:9: warning: "_POSIX_LINK_MAX" redefined
   29 | #define _POSIX_LINK_MAX                     (8)
      |         ^~~~~~~~~~~~~~~
/scratch2/dima/zephyr-chipyard-sw-fresh/tools-manual/zephyr-sdk-1.0.0-beta1/gnu/riscv64-zephyr-elf/riscv64-zephyr-elf/sys-include/sys/syslimits.h:69:9: note: this is the location of the previous definition
   69 | #define _POSIX_LINK_MAX         8
      |         ^~~~~~~~~~~~~~~
/scratch2/agustin/zephyr-chipyard-sw/zephyr_ws/zephyr/include/zephyr/posix/posix_limits.h:30:9: warning: "_POSIX_LOGIN_NAME_MAX" redefined
   30 | #define _POSIX_LOGIN_NAME_MAX               (9)
      |         ^~~~~~~~~~~~~~~~~~~~~
/scratch2/dima/zephyr-chipyard-sw-fresh/tools-manual/zephyr-sdk-1.0.0-beta1/gnu/riscv64-zephyr-elf/riscv64-zephyr-elf/sys-include/sys/syslimits.h:70:9: note: this is the location of the previous definition
   70 | #define _POSIX_LOGIN_NAME_MAX   9
      |         ^~~~~~~~~~~~~~~~~~~~~
/scratch2/agustin/zephyr-chipyard-sw/zephyr_ws/zephyr/include/zephyr/posix/posix_limits.h:31:9: warning: "_POSIX_MAX_CANON" redefined
   31 | #define _POSIX_MAX_CANON                    (255)
      |         ^~~~~~~~~~~~~~~~
/scratch2/dima/zephyr-chipyard-sw-fresh/tools-manual/zephyr-sdk-1.0.0-beta1/gnu/riscv64-zephyr-elf/riscv64-zephyr-elf/sys-include/sys/syslimits.h:71:9: note: this is the location of the previous definition
   71 | #define _POSIX_MAX_CANON        255
      |         ^~~~~~~~~~~~~~~~
/scratch2/agustin/zephyr-chipyard-sw/zephyr_ws/zephyr/include/zephyr/posix/posix_limits.h:32:9: warning: "_POSIX_MAX_INPUT" redefined
   32 | #define _POSIX_MAX_INPUT                    (255)
      |         ^~~~~~~~~~~~~~~~
/scratch2/dima/zephyr-chipyard-sw-fresh/tools-manual/zephyr-sdk-1.0.0-beta1/gnu/riscv64-zephyr-elf/riscv64-zephyr-elf/sys-include/sys/syslimits.h:72:9: note: this is the location of the previous definition
   72 | #define _POSIX_MAX_INPUT        255
      |         ^~~~~~~~~~~~~~~~
/scratch2/agustin/zephyr-chipyard-sw/zephyr_ws/zephyr/include/zephyr/posix/posix_limits.h:33:9: warning: "_POSIX_MQ_OPEN_MAX" redefined
   33 | #define _POSIX_MQ_OPEN_MAX                  (8)
      |         ^~~~~~~~~~~~~~~~~~
/scratch2/dima/zephyr-chipyard-sw-fresh/tools-manual/zephyr-sdk-1.0.0-beta1/gnu/riscv64-zephyr-elf/riscv64-zephyr-elf/sys-include/sys/syslimits.h:73:9: note: this is the location of the previous definition
   73 | #define _POSIX_MQ_OPEN_MAX      8
      |         ^~~~~~~~~~~~~~~~~~
/scratch2/agustin/zephyr-chipyard-sw/zephyr_ws/zephyr/include/zephyr/posix/posix_limits.h:34:9: warning: "_POSIX_MQ_PRIO_MAX" redefined
   34 | #define _POSIX_MQ_PRIO_MAX                  (32)
      |         ^~~~~~~~~~~~~~~~~~
/scratch2/dima/zephyr-chipyard-sw-fresh/tools-manual/zephyr-sdk-1.0.0-beta1/gnu/riscv64-zephyr-elf/riscv64-zephyr-elf/sys-include/sys/syslimits.h:74:9: note: this is the location of the previous definition
   74 | #define _POSIX_MQ_PRIO_MAX      32
      |         ^~~~~~~~~~~~~~~~~~
/scratch2/agustin/zephyr-chipyard-sw/zephyr_ws/zephyr/include/zephyr/posix/posix_limits.h:35:9: warning: "_POSIX_NAME_MAX" redefined
   35 | #define _POSIX_NAME_MAX                     (14)
      |         ^~~~~~~~~~~~~~~
/scratch2/dima/zephyr-chipyard-sw-fresh/tools-manual/zephyr-sdk-1.0.0-beta1/gnu/riscv64-zephyr-elf/riscv64-zephyr-elf/sys-include/sys/syslimits.h:75:9: note: this is the location of the previous definition
   75 | #define _POSIX_NAME_MAX         14
      |         ^~~~~~~~~~~~~~~
/scratch2/agustin/zephyr-chipyard-sw/zephyr_ws/zephyr/include/zephyr/posix/posix_limits.h:36:9: warning: "_POSIX_NGROUPS_MAX" redefined
   36 | #define _POSIX_NGROUPS_MAX                  (8)
      |         ^~~~~~~~~~~~~~~~~~
/scratch2/dima/zephyr-chipyard-sw-fresh/tools-manual/zephyr-sdk-1.0.0-beta1/gnu/riscv64-zephyr-elf/riscv64-zephyr-elf/sys-include/sys/syslimits.h:76:9: note: this is the location of the previous definition
   76 | #define _POSIX_NGROUPS_MAX      0
      |         ^~~~~~~~~~~~~~~~~~
/scratch2/agustin/zephyr-chipyard-sw/zephyr_ws/zephyr/include/zephyr/posix/posix_limits.h:37:9: warning: "_POSIX_OPEN_MAX" redefined
   37 | #define _POSIX_OPEN_MAX                     (20)
      |         ^~~~~~~~~~~~~~~
/scratch2/dima/zephyr-chipyard-sw-fresh/tools-manual/zephyr-sdk-1.0.0-beta1/gnu/riscv64-zephyr-elf/riscv64-zephyr-elf/sys-include/sys/syslimits.h:77:9: note: this is the location of the previous definition
   77 | #define _POSIX_OPEN_MAX         16
      |         ^~~~~~~~~~~~~~~
/scratch2/agustin/zephyr-chipyard-sw/zephyr_ws/zephyr/include/zephyr/posix/posix_limits.h:38:9: warning: "_POSIX_PATH_MAX" redefined
   38 | #define _POSIX_PATH_MAX                     (256)
      |         ^~~~~~~~~~~~~~~
/scratch2/dima/zephyr-chipyard-sw-fresh/tools-manual/zephyr-sdk-1.0.0-beta1/gnu/riscv64-zephyr-elf/riscv64-zephyr-elf/sys-include/sys/syslimits.h:78:9: note: this is the location of the previous definition
   78 | #define _POSIX_PATH_MAX         255
      |         ^~~~~~~~~~~~~~~
/scratch2/agustin/zephyr-chipyard-sw/zephyr_ws/zephyr/include/zephyr/posix/posix_limits.h:39:9: warning: "_POSIX_PIPE_BUF" redefined
   39 | #define _POSIX_PIPE_BUF                     (512)
      |         ^~~~~~~~~~~~~~~
/scratch2/dima/zephyr-chipyard-sw-fresh/tools-manual/zephyr-sdk-1.0.0-beta1/gnu/riscv64-zephyr-elf/riscv64-zephyr-elf/sys-include/sys/syslimits.h:79:9: note: this is the location of the previous definition
   79 | #define _POSIX_PIPE_BUF         512
      |         ^~~~~~~~~~~~~~~
/scratch2/agustin/zephyr-chipyard-sw/zephyr_ws/zephyr/include/zephyr/posix/posix_limits.h:40:9: warning: "_POSIX_RE_DUP_MAX" redefined
   40 | #define _POSIX_RE_DUP_MAX                   (255)
      |         ^~~~~~~~~~~~~~~~~
/scratch2/dima/zephyr-chipyard-sw-fresh/tools-manual/zephyr-sdk-1.0.0-beta1/gnu/riscv64-zephyr-elf/riscv64-zephyr-elf/sys-include/sys/syslimits.h:80:9: note: this is the location of the previous definition
   80 | #define _POSIX_RE_DUP_MAX       255
      |         ^~~~~~~~~~~~~~~~~
/scratch2/agustin/zephyr-chipyard-sw/zephyr_ws/zephyr/include/zephyr/posix/posix_limits.h:41:9: warning: "_POSIX_RTSIG_MAX" redefined
   41 | #define _POSIX_RTSIG_MAX                    (8)
      |         ^~~~~~~~~~~~~~~~
/scratch2/dima/zephyr-chipyard-sw-fresh/tools-manual/zephyr-sdk-1.0.0-beta1/gnu/riscv64-zephyr-elf/riscv64-zephyr-elf/sys-include/sys/syslimits.h:81:9: note: this is the location of the previous definition
   81 | #define _POSIX_RTSIG_MAX        8
      |         ^~~~~~~~~~~~~~~~
/scratch2/agustin/zephyr-chipyard-sw/zephyr_ws/zephyr/include/zephyr/posix/posix_limits.h:42:9: warning: "_POSIX_SEM_NSEMS_MAX" redefined
   42 | #define _POSIX_SEM_NSEMS_MAX                (256)
      |         ^~~~~~~~~~~~~~~~~~~~
/scratch2/dima/zephyr-chipyard-sw-fresh/tools-manual/zephyr-sdk-1.0.0-beta1/gnu/riscv64-zephyr-elf/riscv64-zephyr-elf/sys-include/sys/syslimits.h:82:9: note: this is the location of the previous definition
   82 | #define _POSIX_SEM_NSEMS_MAX    256
      |         ^~~~~~~~~~~~~~~~~~~~
/scratch2/agustin/zephyr-chipyard-sw/zephyr_ws/zephyr/include/zephyr/posix/posix_limits.h:43:9: warning: "_POSIX_SEM_VALUE_MAX" redefined
   43 | #define _POSIX_SEM_VALUE_MAX                (32767)
      |         ^~~~~~~~~~~~~~~~~~~~
/scratch2/dima/zephyr-chipyard-sw-fresh/tools-manual/zephyr-sdk-1.0.0-beta1/gnu/riscv64-zephyr-elf/riscv64-zephyr-elf/sys-include/sys/syslimits.h:83:9: note: this is the location of the previous definition
   83 | #define _POSIX_SEM_VALUE_MAX    32767
      |         ^~~~~~~~~~~~~~~~~~~~
/scratch2/agustin/zephyr-chipyard-sw/zephyr_ws/zephyr/include/zephyr/posix/posix_limits.h:44:9: warning: "_POSIX_SIGQUEUE_MAX" redefined
   44 | #define _POSIX_SIGQUEUE_MAX                 (32)
      |         ^~~~~~~~~~~~~~~~~~~
/scratch2/dima/zephyr-chipyard-sw-fresh/tools-manual/zephyr-sdk-1.0.0-beta1/gnu/riscv64-zephyr-elf/riscv64-zephyr-elf/sys-include/sys/syslimits.h:84:9: note: this is the location of the previous definition
   84 | #define _POSIX_SIGQUEUE_MAX     32
      |         ^~~~~~~~~~~~~~~~~~~
/scratch2/agustin/zephyr-chipyard-sw/zephyr_ws/zephyr/include/zephyr/posix/posix_limits.h:45:9: warning: "_POSIX_SSIZE_MAX" redefined
   45 | #define _POSIX_SSIZE_MAX                    (32767)
      |         ^~~~~~~~~~~~~~~~
/scratch2/dima/zephyr-chipyard-sw-fresh/tools-manual/zephyr-sdk-1.0.0-beta1/gnu/riscv64-zephyr-elf/riscv64-zephyr-elf/sys-include/sys/syslimits.h:85:9: note: this is the location of the previous definition
   85 | #define _POSIX_SSIZE_MAX        32767
      |         ^~~~~~~~~~~~~~~~
/scratch2/agustin/zephyr-chipyard-sw/zephyr_ws/zephyr/include/zephyr/posix/posix_limits.h:46:9: warning: "_POSIX_SS_REPL_MAX" redefined
   46 | #define _POSIX_SS_REPL_MAX                  (4)
      |         ^~~~~~~~~~~~~~~~~~
/scratch2/dima/zephyr-chipyard-sw-fresh/tools-manual/zephyr-sdk-1.0.0-beta1/gnu/riscv64-zephyr-elf/riscv64-zephyr-elf/sys-include/sys/syslimits.h:86:9: note: this is the location of the previous definition
   86 | #define _POSIX_SS_REPL_MAX      4
      |         ^~~~~~~~~~~~~~~~~~
/scratch2/agustin/zephyr-chipyard-sw/zephyr_ws/zephyr/include/zephyr/posix/posix_limits.h:47:9: warning: "_POSIX_STREAM_MAX" redefined
   47 | #define _POSIX_STREAM_MAX                   (8)
      |         ^~~~~~~~~~~~~~~~~
/scratch2/dima/zephyr-chipyard-sw-fresh/tools-manual/zephyr-sdk-1.0.0-beta1/gnu/riscv64-zephyr-elf/riscv64-zephyr-elf/sys-include/sys/syslimits.h:87:9: note: this is the location of the previous definition
   87 | #define _POSIX_STREAM_MAX       8
      |         ^~~~~~~~~~~~~~~~~
/scratch2/agustin/zephyr-chipyard-sw/zephyr_ws/zephyr/include/zephyr/posix/posix_limits.h:48:9: warning: "_POSIX_SYMLINK_MAX" redefined
   48 | #define _POSIX_SYMLINK_MAX                  (255)
      |         ^~~~~~~~~~~~~~~~~~
/scratch2/dima/zephyr-chipyard-sw-fresh/tools-manual/zephyr-sdk-1.0.0-beta1/gnu/riscv64-zephyr-elf/riscv64-zephyr-elf/sys-include/sys/syslimits.h:88:9: note: this is the location of the previous definition
   88 | #define _POSIX_SYMLINK_MAX      255
      |         ^~~~~~~~~~~~~~~~~~
/scratch2/agustin/zephyr-chipyard-sw/zephyr_ws/zephyr/include/zephyr/posix/posix_limits.h:49:9: warning: "_POSIX_SYMLOOP_MAX" redefined
   49 | #define _POSIX_SYMLOOP_MAX                  (8)
      |         ^~~~~~~~~~~~~~~~~~
/scratch2/dima/zephyr-chipyard-sw-fresh/tools-manual/zephyr-sdk-1.0.0-beta1/gnu/riscv64-zephyr-elf/riscv64-zephyr-elf/sys-include/sys/syslimits.h:89:9: note: this is the location of the previous definition
   89 | #define _POSIX_SYMLOOP_MAX      8
      |         ^~~~~~~~~~~~~~~~~~
/scratch2/agustin/zephyr-chipyard-sw/zephyr_ws/zephyr/include/zephyr/posix/posix_limits.h:50:9: warning: "_POSIX_THREAD_DESTRUCTOR_ITERATIONS" redefined
   50 | #define _POSIX_THREAD_DESTRUCTOR_ITERATIONS (4)
      |         ^~~~~~~~~~~~~~~~~~~~~~~~~~~~~~~~~~~
/scratch2/dima/zephyr-chipyard-sw-fresh/tools-manual/zephyr-sdk-1.0.0-beta1/gnu/riscv64-zephyr-elf/riscv64-zephyr-elf/sys-include/sys/syslimits.h:90:9: note: this is the location of the previous definition
   90 | #define _POSIX_THREAD_DESTRUCTOR_ITERATIONS     4
      |         ^~~~~~~~~~~~~~~~~~~~~~~~~~~~~~~~~~~
/scratch2/agustin/zephyr-chipyard-sw/zephyr_ws/zephyr/include/zephyr/posix/posix_limits.h:51:9: warning: "_POSIX_THREAD_KEYS_MAX" redefined
   51 | #define _POSIX_THREAD_KEYS_MAX              (128)
      |         ^~~~~~~~~~~~~~~~~~~~~~
/scratch2/dima/zephyr-chipyard-sw-fresh/tools-manual/zephyr-sdk-1.0.0-beta1/gnu/riscv64-zephyr-elf/riscv64-zephyr-elf/sys-include/sys/syslimits.h:91:9: note: this is the location of the previous definition
   91 | #define _POSIX_THREAD_KEYS_MAX  128
      |         ^~~~~~~~~~~~~~~~~~~~~~
/scratch2/agustin/zephyr-chipyard-sw/zephyr_ws/zephyr/include/zephyr/posix/posix_limits.h:52:9: warning: "_POSIX_THREAD_THREADS_MAX" redefined
   52 | #define _POSIX_THREAD_THREADS_MAX           (64)
      |         ^~~~~~~~~~~~~~~~~~~~~~~~~
/scratch2/dima/zephyr-chipyard-sw-fresh/tools-manual/zephyr-sdk-1.0.0-beta1/gnu/riscv64-zephyr-elf/riscv64-zephyr-elf/sys-include/sys/syslimits.h:92:9: note: this is the location of the previous definition
   92 | #define _POSIX_THREAD_THREADS_MAX       64
      |         ^~~~~~~~~~~~~~~~~~~~~~~~~
/scratch2/agustin/zephyr-chipyard-sw/zephyr_ws/zephyr/include/zephyr/posix/posix_limits.h:53:9: warning: "_POSIX_TIMER_MAX" redefined
   53 | #define _POSIX_TIMER_MAX                    (32)
      |         ^~~~~~~~~~~~~~~~
/scratch2/dima/zephyr-chipyard-sw-fresh/tools-manual/zephyr-sdk-1.0.0-beta1/gnu/riscv64-zephyr-elf/riscv64-zephyr-elf/sys-include/sys/syslimits.h:93:9: note: this is the location of the previous definition
   93 | #define _POSIX_TIMER_MAX        32
      |         ^~~~~~~~~~~~~~~~
/scratch2/agustin/zephyr-chipyard-sw/zephyr_ws/zephyr/include/zephyr/posix/posix_limits.h:54:9: warning: "_POSIX_TRACE_EVENT_NAME_MAX" redefined
   54 | #define _POSIX_TRACE_EVENT_NAME_MAX         (30)
      |         ^~~~~~~~~~~~~~~~~~~~~~~~~~~
/scratch2/dima/zephyr-chipyard-sw-fresh/tools-manual/zephyr-sdk-1.0.0-beta1/gnu/riscv64-zephyr-elf/riscv64-zephyr-elf/sys-include/sys/syslimits.h:94:9: note: this is the location of the previous definition
   94 | #define _POSIX_TRACE_EVENT_NAME_MAX     30
      |         ^~~~~~~~~~~~~~~~~~~~~~~~~~~
/scratch2/agustin/zephyr-chipyard-sw/zephyr_ws/zephyr/include/zephyr/posix/posix_limits.h:55:9: warning: "_POSIX_TRACE_NAME_MAX" redefined
   55 | #define _POSIX_TRACE_NAME_MAX               (8)
      |         ^~~~~~~~~~~~~~~~~~~~~
/scratch2/dima/zephyr-chipyard-sw-fresh/tools-manual/zephyr-sdk-1.0.0-beta1/gnu/riscv64-zephyr-elf/riscv64-zephyr-elf/sys-include/sys/syslimits.h:95:9: note: this is the location of the previous definition
   95 | #define _POSIX_TRACE_NAME_MAX   8
      |         ^~~~~~~~~~~~~~~~~~~~~
/scratch2/agustin/zephyr-chipyard-sw/zephyr_ws/zephyr/include/zephyr/posix/posix_limits.h:56:9: warning: "_POSIX_TRACE_SYS_MAX" redefined
   56 | #define _POSIX_TRACE_SYS_MAX                (8)
      |         ^~~~~~~~~~~~~~~~~~~~
/scratch2/dima/zephyr-chipyard-sw-fresh/tools-manual/zephyr-sdk-1.0.0-beta1/gnu/riscv64-zephyr-elf/riscv64-zephyr-elf/sys-include/sys/syslimits.h:96:9: note: this is the location of the previous definition
   96 | #define _POSIX_TRACE_SYS_MAX    8
      |         ^~~~~~~~~~~~~~~~~~~~
/scratch2/agustin/zephyr-chipyard-sw/zephyr_ws/zephyr/include/zephyr/posix/posix_limits.h:57:9: warning: "_POSIX_TRACE_USER_EVENT_MAX" redefined
   57 | #define _POSIX_TRACE_USER_EVENT_MAX         (32)
      |         ^~~~~~~~~~~~~~~~~~~~~~~~~~~
/scratch2/dima/zephyr-chipyard-sw-fresh/tools-manual/zephyr-sdk-1.0.0-beta1/gnu/riscv64-zephyr-elf/riscv64-zephyr-elf/sys-include/sys/syslimits.h:97:9: note: this is the location of the previous definition
   97 | #define _POSIX_TRACE_USER_EVENT_MAX     32
      |         ^~~~~~~~~~~~~~~~~~~~~~~~~~~
/scratch2/agustin/zephyr-chipyard-sw/zephyr_ws/zephyr/include/zephyr/posix/posix_limits.h:58:9: warning: "_POSIX_TTY_NAME_MAX" redefined
   58 | #define _POSIX_TTY_NAME_MAX                 (9)
      |         ^~~~~~~~~~~~~~~~~~~
/scratch2/dima/zephyr-chipyard-sw-fresh/tools-manual/zephyr-sdk-1.0.0-beta1/gnu/riscv64-zephyr-elf/riscv64-zephyr-elf/sys-include/sys/syslimits.h:98:9: note: this is the location of the previous definition
   98 | #define _POSIX_TTY_NAME_MAX     9
      |         ^~~~~~~~~~~~~~~~~~~
/scratch2/agustin/zephyr-chipyard-sw/zephyr_ws/zephyr/include/zephyr/posix/posix_limits.h:59:9: warning: "_POSIX_TZNAME_MAX" redefined
   59 | #define _POSIX_TZNAME_MAX                   (6)
      |         ^~~~~~~~~~~~~~~~~
/scratch2/dima/zephyr-chipyard-sw-fresh/tools-manual/zephyr-sdk-1.0.0-beta1/gnu/riscv64-zephyr-elf/riscv64-zephyr-elf/sys-include/sys/syslimits.h:99:9: note: this is the location of the previous definition
   99 | #define _POSIX_TZNAME_MAX       3
      |         ^~~~~~~~~~~~~~~~~
/scratch2/agustin/zephyr-chipyard-sw/zephyr_ws/zephyr/include/zephyr/posix/posix_limits.h:60:9: warning: "_POSIX2_BC_BASE_MAX" redefined
   60 | #define _POSIX2_BC_BASE_MAX                 (99)
      |         ^~~~~~~~~~~~~~~~~~~
/scratch2/dima/zephyr-chipyard-sw-fresh/tools-manual/zephyr-sdk-1.0.0-beta1/gnu/riscv64-zephyr-elf/riscv64-zephyr-elf/sys-include/sys/syslimits.h:100:9: note: this is the location of the previous definition
  100 | #define _POSIX2_BC_BASE_MAX     99
      |         ^~~~~~~~~~~~~~~~~~~
/scratch2/agustin/zephyr-chipyard-sw/zephyr_ws/zephyr/include/zephyr/posix/posix_limits.h:61:9: warning: "_POSIX2_BC_DIM_MAX" redefined
   61 | #define _POSIX2_BC_DIM_MAX                  (2048)
      |         ^~~~~~~~~~~~~~~~~~
/scratch2/dima/zephyr-chipyard-sw-fresh/tools-manual/zephyr-sdk-1.0.0-beta1/gnu/riscv64-zephyr-elf/riscv64-zephyr-elf/sys-include/sys/syslimits.h:101:9: note: this is the location of the previous definition
  101 | #define _POSIX2_BC_DIM_MAX      2048
      |         ^~~~~~~~~~~~~~~~~~
/scratch2/agustin/zephyr-chipyard-sw/zephyr_ws/zephyr/include/zephyr/posix/posix_limits.h:62:9: warning: "_POSIX2_BC_SCALE_MAX" redefined
   62 | #define _POSIX2_BC_SCALE_MAX                (99)
      |         ^~~~~~~~~~~~~~~~~~~~
/scratch2/dima/zephyr-chipyard-sw-fresh/tools-manual/zephyr-sdk-1.0.0-beta1/gnu/riscv64-zephyr-elf/riscv64-zephyr-elf/sys-include/sys/syslimits.h:102:9: note: this is the location of the previous definition
  102 | #define _POSIX2_BC_SCALE_MAX    99
      |         ^~~~~~~~~~~~~~~~~~~~
/scratch2/agustin/zephyr-chipyard-sw/zephyr_ws/zephyr/include/zephyr/posix/posix_limits.h:63:9: warning: "_POSIX2_BC_STRING_MAX" redefined
   63 | #define _POSIX2_BC_STRING_MAX               (1000)
      |         ^~~~~~~~~~~~~~~~~~~~~
/scratch2/dima/zephyr-chipyard-sw-fresh/tools-manual/zephyr-sdk-1.0.0-beta1/gnu/riscv64-zephyr-elf/riscv64-zephyr-elf/sys-include/sys/syslimits.h:103:9: note: this is the location of the previous definition
  103 | #define _POSIX2_BC_STRING_MAX   1000
      |         ^~~~~~~~~~~~~~~~~~~~~
/scratch2/agustin/zephyr-chipyard-sw/zephyr_ws/zephyr/include/zephyr/posix/posix_limits.h:64:9: warning: "_POSIX2_CHARCLASS_NAME_MAX" redefined
   64 | #define _POSIX2_CHARCLASS_NAME_MAX          (14)
      |         ^~~~~~~~~~~~~~~~~~~~~~~~~~
/scratch2/dima/zephyr-chipyard-sw-fresh/tools-manual/zephyr-sdk-1.0.0-beta1/gnu/riscv64-zephyr-elf/riscv64-zephyr-elf/sys-include/sys/syslimits.h:104:9: note: this is the location of the previous definition
  104 | #define _POSIX2_CHARCLASS_NAME_MAX      14
      |         ^~~~~~~~~~~~~~~~~~~~~~~~~~
/scratch2/agustin/zephyr-chipyard-sw/zephyr_ws/zephyr/include/zephyr/posix/posix_limits.h:65:9: warning: "_POSIX2_COLL_WEIGHTS_MAX" redefined
   65 | #define _POSIX2_COLL_WEIGHTS_MAX            (2)
      |         ^~~~~~~~~~~~~~~~~~~~~~~~
/scratch2/dima/zephyr-chipyard-sw-fresh/tools-manual/zephyr-sdk-1.0.0-beta1/gnu/riscv64-zephyr-elf/riscv64-zephyr-elf/sys-include/sys/syslimits.h:105:9: note: this is the location of the previous definition
  105 | #define _POSIX2_COLL_WEIGHTS_MAX        2
      |         ^~~~~~~~~~~~~~~~~~~~~~~~
/scratch2/agustin/zephyr-chipyard-sw/zephyr_ws/zephyr/include/zephyr/posix/posix_limits.h:66:9: warning: "_POSIX2_EXPR_NEST_MAX" redefined
   66 | #define _POSIX2_EXPR_NEST_MAX               (32)
      |         ^~~~~~~~~~~~~~~~~~~~~
/scratch2/dima/zephyr-chipyard-sw-fresh/tools-manual/zephyr-sdk-1.0.0-beta1/gnu/riscv64-zephyr-elf/riscv64-zephyr-elf/sys-include/sys/syslimits.h:106:9: note: this is the location of the previous definition
  106 | #define _POSIX2_EXPR_NEST_MAX   32
      |         ^~~~~~~~~~~~~~~~~~~~~
/scratch2/agustin/zephyr-chipyard-sw/zephyr_ws/zephyr/include/zephyr/posix/posix_limits.h:67:9: warning: "_POSIX2_LINE_MAX" redefined
   67 | #define _POSIX2_LINE_MAX                    (2048)
      |         ^~~~~~~~~~~~~~~~
/scratch2/dima/zephyr-chipyard-sw-fresh/tools-manual/zephyr-sdk-1.0.0-beta1/gnu/riscv64-zephyr-elf/riscv64-zephyr-elf/sys-include/sys/syslimits.h:107:9: note: this is the location of the previous definition
  107 | #define _POSIX2_LINE_MAX        2048
      |         ^~~~~~~~~~~~~~~~
/scratch2/agustin/zephyr-chipyard-sw/zephyr_ws/zephyr/include/zephyr/posix/posix_limits.h:83:9: warning: "ARG_MAX" redefined
   83 | #define ARG_MAX                       _POSIX_ARG_MAX
      |         ^~~~~~~
/scratch2/dima/zephyr-chipyard-sw-fresh/tools-manual/zephyr-sdk-1.0.0-beta1/gnu/riscv64-zephyr-elf/riscv64-zephyr-elf/sys-include/sys/syslimits.h:41:9: note: this is the location of the previous definition
   41 | #define ARG_MAX                 65536   /* max bytes for an exec function */
      |         ^~~~~~~
/scratch2/agustin/zephyr-chipyard-sw/zephyr_ws/zephyr/include/zephyr/posix/posix_limits.h:84:9: warning: "ATEXIT_MAX" redefined
   84 | #define ATEXIT_MAX                    (32)
      |         ^~~~~~~~~~
/scratch2/dima/zephyr-chipyard-sw-fresh/tools-manual/zephyr-sdk-1.0.0-beta1/gnu/riscv64-zephyr-elf/riscv64-zephyr-elf/sys-include/sys/syslimits.h:42:9: note: this is the location of the previous definition
   42 | #define ATEXIT_MAX                 32   /* max atexit functions */
      |         ^~~~~~~~~~
/scratch2/agustin/zephyr-chipyard-sw/zephyr_ws/zephyr/include/zephyr/posix/posix_limits.h:93:9: warning: "OPEN_MAX" redefined
   93 | #define OPEN_MAX                      CONFIG_POSIX_OPEN_MAX
      |         ^~~~~~~~
/scratch2/dima/zephyr-chipyard-sw-fresh/tools-manual/zephyr-sdk-1.0.0-beta1/gnu/riscv64-zephyr-elf/riscv64-zephyr-elf/sys-include/sys/syslimits.h:45:9: note: this is the location of the previous definition
   45 | #define OPEN_MAX                   64   /* max open files per process */
      |         ^~~~~~~~
/scratch2/agustin/zephyr-chipyard-sw/zephyr_ws/zephyr/include/zephyr/posix/posix_limits.h:96:9: warning: "PATH_MAX" redefined
   96 | #define PATH_MAX                      _POSIX_PATH_MAX
      |         ^~~~~~~~
/scratch2/dima/zephyr-chipyard-sw-fresh/tools-manual/zephyr-sdk-1.0.0-beta1/gnu/riscv64-zephyr-elf/riscv64-zephyr-elf/sys-include/sys/syslimits.h:53:9: note: this is the location of the previous definition
   53 | #define PATH_MAX                 1024   /* max bytes in pathname */
      |         ^~~~~~~~
/scratch2/agustin/zephyr-chipyard-sw/zephyr_ws/zephyr/include/zephyr/posix/posix_limits.h:114:9: warning: "TZNAME_MAX" redefined
  114 | #define TZNAME_MAX                    _POSIX_TZNAME_MAX
      |         ^~~~~~~~~~
/scratch2/dima/zephyr-chipyard-sw-fresh/tools-manual/zephyr-sdk-1.0.0-beta1/gnu/riscv64-zephyr-elf/riscv64-zephyr-elf/sys-include/sys/syslimits.h:46:9: note: this is the location of the previous definition
   46 | #define TZNAME_MAX                 10   /* max time zone name length */
      |         ^~~~~~~~~~
[123/202] Building C object zephyr/lib/posix/options/CMakeFiles/lib__posix__options.dir/mmap.c.obj
In file included from /scratch2/agustin/zephyr-chipyard-sw/zephyr_ws/zephyr/include/zephyr/posix/sys/sysconf.h:11,
                 from /scratch2/agustin/zephyr-chipyard-sw/zephyr_ws/zephyr/include/zephyr/posix/unistd.h:18,
                 from /scratch2/agustin/zephyr-chipyard-sw/zephyr_ws/zephyr/lib/posix/options/mmap.c:16:
/scratch2/agustin/zephyr-chipyard-sw/zephyr_ws/zephyr/include/zephyr/posix/posix_limits.h:23:9: warning: "_POSIX_AIO_LISTIO_MAX" redefined
   23 | #define _POSIX_AIO_LISTIO_MAX               (2)
      |         ^~~~~~~~~~~~~~~~~~~~~
In file included from /scratch2/dima/zephyr-chipyard-sw-fresh/tools-manual/zephyr-sdk-1.0.0-beta1/gnu/riscv64-zephyr-elf/riscv64-zephyr-elf/sys-include/limits.h:6,
                 from /scratch2/dima/zephyr-chipyard-sw-fresh/tools-manual/zephyr-sdk-1.0.0-beta1/gnu/riscv64-zephyr-elf/lib/gcc/riscv64-zephyr-elf/14.3.0/include/limits.h:210,
                 from /scratch2/dima/zephyr-chipyard-sw-fresh/tools-manual/zephyr-sdk-1.0.0-beta1/gnu/riscv64-zephyr-elf/lib/gcc/riscv64-zephyr-elf/14.3.0/include/syslimits.h:7,
                 from /scratch2/dima/zephyr-chipyard-sw-fresh/tools-manual/zephyr-sdk-1.0.0-beta1/gnu/riscv64-zephyr-elf/lib/gcc/riscv64-zephyr-elf/14.3.0/include/limits.h:34,
                 from /scratch2/agustin/zephyr-chipyard-sw/zephyr_ws/zephyr/include/zephyr/kernel_includes.h:22,
                 from /scratch2/agustin/zephyr-chipyard-sw/zephyr_ws/zephyr/include/zephyr/kernel.h:17,
                 from /scratch2/agustin/zephyr-chipyard-sw/zephyr_ws/zephyr/kernel/include/kernel_arch_interface.h:20,
                 from /scratch2/agustin/zephyr-chipyard-sw/zephyr_ws/zephyr/lib/posix/options/mmap.c:11:
/scratch2/dima/zephyr-chipyard-sw-fresh/tools-manual/zephyr-sdk-1.0.0-beta1/gnu/riscv64-zephyr-elf/riscv64-zephyr-elf/sys-include/sys/syslimits.h:63:9: note: this is the location of the previous definition
   63 | #define _POSIX_AIO_LISTIO_MAX   2
      |         ^~~~~~~~~~~~~~~~~~~~~
/scratch2/agustin/zephyr-chipyard-sw/zephyr_ws/zephyr/include/zephyr/posix/posix_limits.h:24:9: warning: "_POSIX_AIO_MAX" redefined
   24 | #define _POSIX_AIO_MAX                      (1)
      |         ^~~~~~~~~~~~~~
/scratch2/dima/zephyr-chipyard-sw-fresh/tools-manual/zephyr-sdk-1.0.0-beta1/gnu/riscv64-zephyr-elf/riscv64-zephyr-elf/sys-include/sys/syslimits.h:64:9: note: this is the location of the previous definition
   64 | #define _POSIX_AIO_MAX          1
      |         ^~~~~~~~~~~~~~
/scratch2/agustin/zephyr-chipyard-sw/zephyr_ws/zephyr/include/zephyr/posix/posix_limits.h:25:9: warning: "_POSIX_ARG_MAX" redefined
   25 | #define _POSIX_ARG_MAX                      (4096)
      |         ^~~~~~~~~~~~~~
/scratch2/dima/zephyr-chipyard-sw-fresh/tools-manual/zephyr-sdk-1.0.0-beta1/gnu/riscv64-zephyr-elf/riscv64-zephyr-elf/sys-include/sys/syslimits.h:65:9: note: this is the location of the previous definition
   65 | #define _POSIX_ARG_MAX          4096
      |         ^~~~~~~~~~~~~~
/scratch2/agustin/zephyr-chipyard-sw/zephyr_ws/zephyr/include/zephyr/posix/posix_limits.h:26:9: warning: "_POSIX_CHILD_MAX" redefined
   26 | #define _POSIX_CHILD_MAX                    (25)
      |         ^~~~~~~~~~~~~~~~
/scratch2/dima/zephyr-chipyard-sw-fresh/tools-manual/zephyr-sdk-1.0.0-beta1/gnu/riscv64-zephyr-elf/riscv64-zephyr-elf/sys-include/sys/syslimits.h:66:9: note: this is the location of the previous definition
   66 | #define _POSIX_CHILD_MAX        6
      |         ^~~~~~~~~~~~~~~~
/scratch2/agustin/zephyr-chipyard-sw/zephyr_ws/zephyr/include/zephyr/posix/posix_limits.h:27:9: warning: "_POSIX_DELAYTIMER_MAX" redefined
   27 | #define _POSIX_DELAYTIMER_MAX               (32)
      |         ^~~~~~~~~~~~~~~~~~~~~
/scratch2/dima/zephyr-chipyard-sw-fresh/tools-manual/zephyr-sdk-1.0.0-beta1/gnu/riscv64-zephyr-elf/riscv64-zephyr-elf/sys-include/sys/syslimits.h:67:9: note: this is the location of the previous definition
   67 | #define _POSIX_DELAYTIMER_MAX   32
      |         ^~~~~~~~~~~~~~~~~~~~~
/scratch2/agustin/zephyr-chipyard-sw/zephyr_ws/zephyr/include/zephyr/posix/posix_limits.h:28:9: warning: "_POSIX_HOST_NAME_MAX" redefined
   28 | #define _POSIX_HOST_NAME_MAX                (255)
      |         ^~~~~~~~~~~~~~~~~~~~
/scratch2/dima/zephyr-chipyard-sw-fresh/tools-manual/zephyr-sdk-1.0.0-beta1/gnu/riscv64-zephyr-elf/riscv64-zephyr-elf/sys-include/sys/syslimits.h:68:9: note: this is the location of the previous definition
   68 | #define _POSIX_HOST_NAME_MAX    255
      |         ^~~~~~~~~~~~~~~~~~~~
/scratch2/agustin/zephyr-chipyard-sw/zephyr_ws/zephyr/include/zephyr/posix/posix_limits.h:29:9: warning: "_POSIX_LINK_MAX" redefined
   29 | #define _POSIX_LINK_MAX                     (8)
      |         ^~~~~~~~~~~~~~~
/scratch2/dima/zephyr-chipyard-sw-fresh/tools-manual/zephyr-sdk-1.0.0-beta1/gnu/riscv64-zephyr-elf/riscv64-zephyr-elf/sys-include/sys/syslimits.h:69:9: note: this is the location of the previous definition
   69 | #define _POSIX_LINK_MAX         8
      |         ^~~~~~~~~~~~~~~
/scratch2/agustin/zephyr-chipyard-sw/zephyr_ws/zephyr/include/zephyr/posix/posix_limits.h:30:9: warning: "_POSIX_LOGIN_NAME_MAX" redefined
   30 | #define _POSIX_LOGIN_NAME_MAX               (9)
      |         ^~~~~~~~~~~~~~~~~~~~~
/scratch2/dima/zephyr-chipyard-sw-fresh/tools-manual/zephyr-sdk-1.0.0-beta1/gnu/riscv64-zephyr-elf/riscv64-zephyr-elf/sys-include/sys/syslimits.h:70:9: note: this is the location of the previous definition
   70 | #define _POSIX_LOGIN_NAME_MAX   9
      |         ^~~~~~~~~~~~~~~~~~~~~
/scratch2/agustin/zephyr-chipyard-sw/zephyr_ws/zephyr/include/zephyr/posix/posix_limits.h:31:9: warning: "_POSIX_MAX_CANON" redefined
   31 | #define _POSIX_MAX_CANON                    (255)
      |         ^~~~~~~~~~~~~~~~
/scratch2/dima/zephyr-chipyard-sw-fresh/tools-manual/zephyr-sdk-1.0.0-beta1/gnu/riscv64-zephyr-elf/riscv64-zephyr-elf/sys-include/sys/syslimits.h:71:9: note: this is the location of the previous definition
   71 | #define _POSIX_MAX_CANON        255
      |         ^~~~~~~~~~~~~~~~
/scratch2/agustin/zephyr-chipyard-sw/zephyr_ws/zephyr/include/zephyr/posix/posix_limits.h:32:9: warning: "_POSIX_MAX_INPUT" redefined
   32 | #define _POSIX_MAX_INPUT                    (255)
      |         ^~~~~~~~~~~~~~~~
/scratch2/dima/zephyr-chipyard-sw-fresh/tools-manual/zephyr-sdk-1.0.0-beta1/gnu/riscv64-zephyr-elf/riscv64-zephyr-elf/sys-include/sys/syslimits.h:72:9: note: this is the location of the previous definition
   72 | #define _POSIX_MAX_INPUT        255
      |         ^~~~~~~~~~~~~~~~
/scratch2/agustin/zephyr-chipyard-sw/zephyr_ws/zephyr/include/zephyr/posix/posix_limits.h:33:9: warning: "_POSIX_MQ_OPEN_MAX" redefined
   33 | #define _POSIX_MQ_OPEN_MAX                  (8)
      |         ^~~~~~~~~~~~~~~~~~
/scratch2/dima/zephyr-chipyard-sw-fresh/tools-manual/zephyr-sdk-1.0.0-beta1/gnu/riscv64-zephyr-elf/riscv64-zephyr-elf/sys-include/sys/syslimits.h:73:9: note: this is the location of the previous definition
   73 | #define _POSIX_MQ_OPEN_MAX      8
      |         ^~~~~~~~~~~~~~~~~~
/scratch2/agustin/zephyr-chipyard-sw/zephyr_ws/zephyr/include/zephyr/posix/posix_limits.h:34:9: warning: "_POSIX_MQ_PRIO_MAX" redefined
   34 | #define _POSIX_MQ_PRIO_MAX                  (32)
      |         ^~~~~~~~~~~~~~~~~~
/scratch2/dima/zephyr-chipyard-sw-fresh/tools-manual/zephyr-sdk-1.0.0-beta1/gnu/riscv64-zephyr-elf/riscv64-zephyr-elf/sys-include/sys/syslimits.h:74:9: note: this is the location of the previous definition
   74 | #define _POSIX_MQ_PRIO_MAX      32
      |         ^~~~~~~~~~~~~~~~~~
/scratch2/agustin/zephyr-chipyard-sw/zephyr_ws/zephyr/include/zephyr/posix/posix_limits.h:35:9: warning: "_POSIX_NAME_MAX" redefined
   35 | #define _POSIX_NAME_MAX                     (14)
      |         ^~~~~~~~~~~~~~~
/scratch2/dima/zephyr-chipyard-sw-fresh/tools-manual/zephyr-sdk-1.0.0-beta1/gnu/riscv64-zephyr-elf/riscv64-zephyr-elf/sys-include/sys/syslimits.h:75:9: note: this is the location of the previous definition
   75 | #define _POSIX_NAME_MAX         14
      |         ^~~~~~~~~~~~~~~
/scratch2/agustin/zephyr-chipyard-sw/zephyr_ws/zephyr/include/zephyr/posix/posix_limits.h:36:9: warning: "_POSIX_NGROUPS_MAX" redefined
   36 | #define _POSIX_NGROUPS_MAX                  (8)
      |         ^~~~~~~~~~~~~~~~~~
/scratch2/dima/zephyr-chipyard-sw-fresh/tools-manual/zephyr-sdk-1.0.0-beta1/gnu/riscv64-zephyr-elf/riscv64-zephyr-elf/sys-include/sys/syslimits.h:76:9: note: this is the location of the previous definition
   76 | #define _POSIX_NGROUPS_MAX      0
      |         ^~~~~~~~~~~~~~~~~~
/scratch2/agustin/zephyr-chipyard-sw/zephyr_ws/zephyr/include/zephyr/posix/posix_limits.h:37:9: warning: "_POSIX_OPEN_MAX" redefined
   37 | #define _POSIX_OPEN_MAX                     (20)
      |         ^~~~~~~~~~~~~~~
/scratch2/dima/zephyr-chipyard-sw-fresh/tools-manual/zephyr-sdk-1.0.0-beta1/gnu/riscv64-zephyr-elf/riscv64-zephyr-elf/sys-include/sys/syslimits.h:77:9: note: this is the location of the previous definition
   77 | #define _POSIX_OPEN_MAX         16
      |         ^~~~~~~~~~~~~~~
/scratch2/agustin/zephyr-chipyard-sw/zephyr_ws/zephyr/include/zephyr/posix/posix_limits.h:38:9: warning: "_POSIX_PATH_MAX" redefined
   38 | #define _POSIX_PATH_MAX                     (256)
      |         ^~~~~~~~~~~~~~~
/scratch2/dima/zephyr-chipyard-sw-fresh/tools-manual/zephyr-sdk-1.0.0-beta1/gnu/riscv64-zephyr-elf/riscv64-zephyr-elf/sys-include/sys/syslimits.h:78:9: note: this is the location of the previous definition
   78 | #define _POSIX_PATH_MAX         255
      |         ^~~~~~~~~~~~~~~
/scratch2/agustin/zephyr-chipyard-sw/zephyr_ws/zephyr/include/zephyr/posix/posix_limits.h:39:9: warning: "_POSIX_PIPE_BUF" redefined
   39 | #define _POSIX_PIPE_BUF                     (512)
      |         ^~~~~~~~~~~~~~~
/scratch2/dima/zephyr-chipyard-sw-fresh/tools-manual/zephyr-sdk-1.0.0-beta1/gnu/riscv64-zephyr-elf/riscv64-zephyr-elf/sys-include/sys/syslimits.h:79:9: note: this is the location of the previous definition
   79 | #define _POSIX_PIPE_BUF         512
      |         ^~~~~~~~~~~~~~~
/scratch2/agustin/zephyr-chipyard-sw/zephyr_ws/zephyr/include/zephyr/posix/posix_limits.h:40:9: warning: "_POSIX_RE_DUP_MAX" redefined
   40 | #define _POSIX_RE_DUP_MAX                   (255)
      |         ^~~~~~~~~~~~~~~~~
/scratch2/dima/zephyr-chipyard-sw-fresh/tools-manual/zephyr-sdk-1.0.0-beta1/gnu/riscv64-zephyr-elf/riscv64-zephyr-elf/sys-include/sys/syslimits.h:80:9: note: this is the location of the previous definition
   80 | #define _POSIX_RE_DUP_MAX       255
      |         ^~~~~~~~~~~~~~~~~
/scratch2/agustin/zephyr-chipyard-sw/zephyr_ws/zephyr/include/zephyr/posix/posix_limits.h:41:9: warning: "_POSIX_RTSIG_MAX" redefined
   41 | #define _POSIX_RTSIG_MAX                    (8)
      |         ^~~~~~~~~~~~~~~~
/scratch2/dima/zephyr-chipyard-sw-fresh/tools-manual/zephyr-sdk-1.0.0-beta1/gnu/riscv64-zephyr-elf/riscv64-zephyr-elf/sys-include/sys/syslimits.h:81:9: note: this is the location of the previous definition
   81 | #define _POSIX_RTSIG_MAX        8
      |         ^~~~~~~~~~~~~~~~
/scratch2/agustin/zephyr-chipyard-sw/zephyr_ws/zephyr/include/zephyr/posix/posix_limits.h:42:9: warning: "_POSIX_SEM_NSEMS_MAX" redefined
   42 | #define _POSIX_SEM_NSEMS_MAX                (256)
      |         ^~~~~~~~~~~~~~~~~~~~
/scratch2/dima/zephyr-chipyard-sw-fresh/tools-manual/zephyr-sdk-1.0.0-beta1/gnu/riscv64-zephyr-elf/riscv64-zephyr-elf/sys-include/sys/syslimits.h:82:9: note: this is the location of the previous definition
   82 | #define _POSIX_SEM_NSEMS_MAX    256
      |         ^~~~~~~~~~~~~~~~~~~~
/scratch2/agustin/zephyr-chipyard-sw/zephyr_ws/zephyr/include/zephyr/posix/posix_limits.h:43:9: warning: "_POSIX_SEM_VALUE_MAX" redefined
   43 | #define _POSIX_SEM_VALUE_MAX                (32767)
      |         ^~~~~~~~~~~~~~~~~~~~
/scratch2/dima/zephyr-chipyard-sw-fresh/tools-manual/zephyr-sdk-1.0.0-beta1/gnu/riscv64-zephyr-elf/riscv64-zephyr-elf/sys-include/sys/syslimits.h:83:9: note: this is the location of the previous definition
   83 | #define _POSIX_SEM_VALUE_MAX    32767
      |         ^~~~~~~~~~~~~~~~~~~~
/scratch2/agustin/zephyr-chipyard-sw/zephyr_ws/zephyr/include/zephyr/posix/posix_limits.h:44:9: warning: "_POSIX_SIGQUEUE_MAX" redefined
   44 | #define _POSIX_SIGQUEUE_MAX                 (32)
      |         ^~~~~~~~~~~~~~~~~~~
/scratch2/dima/zephyr-chipyard-sw-fresh/tools-manual/zephyr-sdk-1.0.0-beta1/gnu/riscv64-zephyr-elf/riscv64-zephyr-elf/sys-include/sys/syslimits.h:84:9: note: this is the location of the previous definition
   84 | #define _POSIX_SIGQUEUE_MAX     32
      |         ^~~~~~~~~~~~~~~~~~~
/scratch2/agustin/zephyr-chipyard-sw/zephyr_ws/zephyr/include/zephyr/posix/posix_limits.h:45:9: warning: "_POSIX_SSIZE_MAX" redefined
   45 | #define _POSIX_SSIZE_MAX                    (32767)
      |         ^~~~~~~~~~~~~~~~
/scratch2/dima/zephyr-chipyard-sw-fresh/tools-manual/zephyr-sdk-1.0.0-beta1/gnu/riscv64-zephyr-elf/riscv64-zephyr-elf/sys-include/sys/syslimits.h:85:9: note: this is the location of the previous definition
   85 | #define _POSIX_SSIZE_MAX        32767
      |         ^~~~~~~~~~~~~~~~
/scratch2/agustin/zephyr-chipyard-sw/zephyr_ws/zephyr/include/zephyr/posix/posix_limits.h:46:9: warning: "_POSIX_SS_REPL_MAX" redefined
   46 | #define _POSIX_SS_REPL_MAX                  (4)
      |         ^~~~~~~~~~~~~~~~~~
/scratch2/dima/zephyr-chipyard-sw-fresh/tools-manual/zephyr-sdk-1.0.0-beta1/gnu/riscv64-zephyr-elf/riscv64-zephyr-elf/sys-include/sys/syslimits.h:86:9: note: this is the location of the previous definition
   86 | #define _POSIX_SS_REPL_MAX      4
      |         ^~~~~~~~~~~~~~~~~~
/scratch2/agustin/zephyr-chipyard-sw/zephyr_ws/zephyr/include/zephyr/posix/posix_limits.h:47:9: warning: "_POSIX_STREAM_MAX" redefined
   47 | #define _POSIX_STREAM_MAX                   (8)
      |         ^~~~~~~~~~~~~~~~~
/scratch2/dima/zephyr-chipyard-sw-fresh/tools-manual/zephyr-sdk-1.0.0-beta1/gnu/riscv64-zephyr-elf/riscv64-zephyr-elf/sys-include/sys/syslimits.h:87:9: note: this is the location of the previous definition
   87 | #define _POSIX_STREAM_MAX       8
      |         ^~~~~~~~~~~~~~~~~
/scratch2/agustin/zephyr-chipyard-sw/zephyr_ws/zephyr/include/zephyr/posix/posix_limits.h:48:9: warning: "_POSIX_SYMLINK_MAX" redefined
   48 | #define _POSIX_SYMLINK_MAX                  (255)
      |         ^~~~~~~~~~~~~~~~~~
/scratch2/dima/zephyr-chipyard-sw-fresh/tools-manual/zephyr-sdk-1.0.0-beta1/gnu/riscv64-zephyr-elf/riscv64-zephyr-elf/sys-include/sys/syslimits.h:88:9: note: this is the location of the previous definition
   88 | #define _POSIX_SYMLINK_MAX      255
      |         ^~~~~~~~~~~~~~~~~~
/scratch2/agustin/zephyr-chipyard-sw/zephyr_ws/zephyr/include/zephyr/posix/posix_limits.h:49:9: warning: "_POSIX_SYMLOOP_MAX" redefined
   49 | #define _POSIX_SYMLOOP_MAX                  (8)
      |         ^~~~~~~~~~~~~~~~~~
/scratch2/dima/zephyr-chipyard-sw-fresh/tools-manual/zephyr-sdk-1.0.0-beta1/gnu/riscv64-zephyr-elf/riscv64-zephyr-elf/sys-include/sys/syslimits.h:89:9: note: this is the location of the previous definition
   89 | #define _POSIX_SYMLOOP_MAX      8
      |         ^~~~~~~~~~~~~~~~~~
/scratch2/agustin/zephyr-chipyard-sw/zephyr_ws/zephyr/include/zephyr/posix/posix_limits.h:50:9: warning: "_POSIX_THREAD_DESTRUCTOR_ITERATIONS" redefined
   50 | #define _POSIX_THREAD_DESTRUCTOR_ITERATIONS (4)
      |         ^~~~~~~~~~~~~~~~~~~~~~~~~~~~~~~~~~~
/scratch2/dima/zephyr-chipyard-sw-fresh/tools-manual/zephyr-sdk-1.0.0-beta1/gnu/riscv64-zephyr-elf/riscv64-zephyr-elf/sys-include/sys/syslimits.h:90:9: note: this is the location of the previous definition
   90 | #define _POSIX_THREAD_DESTRUCTOR_ITERATIONS     4
      |         ^~~~~~~~~~~~~~~~~~~~~~~~~~~~~~~~~~~
/scratch2/agustin/zephyr-chipyard-sw/zephyr_ws/zephyr/include/zephyr/posix/posix_limits.h:51:9: warning: "_POSIX_THREAD_KEYS_MAX" redefined
   51 | #define _POSIX_THREAD_KEYS_MAX              (128)
      |         ^~~~~~~~~~~~~~~~~~~~~~
/scratch2/dima/zephyr-chipyard-sw-fresh/tools-manual/zephyr-sdk-1.0.0-beta1/gnu/riscv64-zephyr-elf/riscv64-zephyr-elf/sys-include/sys/syslimits.h:91:9: note: this is the location of the previous definition
   91 | #define _POSIX_THREAD_KEYS_MAX  128
      |         ^~~~~~~~~~~~~~~~~~~~~~
/scratch2/agustin/zephyr-chipyard-sw/zephyr_ws/zephyr/include/zephyr/posix/posix_limits.h:52:9: warning: "_POSIX_THREAD_THREADS_MAX" redefined
   52 | #define _POSIX_THREAD_THREADS_MAX           (64)
      |         ^~~~~~~~~~~~~~~~~~~~~~~~~
/scratch2/dima/zephyr-chipyard-sw-fresh/tools-manual/zephyr-sdk-1.0.0-beta1/gnu/riscv64-zephyr-elf/riscv64-zephyr-elf/sys-include/sys/syslimits.h:92:9: note: this is the location of the previous definition
   92 | #define _POSIX_THREAD_THREADS_MAX       64
      |         ^~~~~~~~~~~~~~~~~~~~~~~~~
/scratch2/agustin/zephyr-chipyard-sw/zephyr_ws/zephyr/include/zephyr/posix/posix_limits.h:53:9: warning: "_POSIX_TIMER_MAX" redefined
   53 | #define _POSIX_TIMER_MAX                    (32)
      |         ^~~~~~~~~~~~~~~~
/scratch2/dima/zephyr-chipyard-sw-fresh/tools-manual/zephyr-sdk-1.0.0-beta1/gnu/riscv64-zephyr-elf/riscv64-zephyr-elf/sys-include/sys/syslimits.h:93:9: note: this is the location of the previous definition
   93 | #define _POSIX_TIMER_MAX        32
      |         ^~~~~~~~~~~~~~~~
/scratch2/agustin/zephyr-chipyard-sw/zephyr_ws/zephyr/include/zephyr/posix/posix_limits.h:54:9: warning: "_POSIX_TRACE_EVENT_NAME_MAX" redefined
   54 | #define _POSIX_TRACE_EVENT_NAME_MAX         (30)
      |         ^~~~~~~~~~~~~~~~~~~~~~~~~~~
/scratch2/dima/zephyr-chipyard-sw-fresh/tools-manual/zephyr-sdk-1.0.0-beta1/gnu/riscv64-zephyr-elf/riscv64-zephyr-elf/sys-include/sys/syslimits.h:94:9: note: this is the location of the previous definition
   94 | #define _POSIX_TRACE_EVENT_NAME_MAX     30
      |         ^~~~~~~~~~~~~~~~~~~~~~~~~~~
/scratch2/agustin/zephyr-chipyard-sw/zephyr_ws/zephyr/include/zephyr/posix/posix_limits.h:55:9: warning: "_POSIX_TRACE_NAME_MAX" redefined
   55 | #define _POSIX_TRACE_NAME_MAX               (8)
      |         ^~~~~~~~~~~~~~~~~~~~~
/scratch2/dima/zephyr-chipyard-sw-fresh/tools-manual/zephyr-sdk-1.0.0-beta1/gnu/riscv64-zephyr-elf/riscv64-zephyr-elf/sys-include/sys/syslimits.h:95:9: note: this is the location of the previous definition
   95 | #define _POSIX_TRACE_NAME_MAX   8
      |         ^~~~~~~~~~~~~~~~~~~~~
/scratch2/agustin/zephyr-chipyard-sw/zephyr_ws/zephyr/include/zephyr/posix/posix_limits.h:56:9: warning: "_POSIX_TRACE_SYS_MAX" redefined
   56 | #define _POSIX_TRACE_SYS_MAX                (8)
      |         ^~~~~~~~~~~~~~~~~~~~
/scratch2/dima/zephyr-chipyard-sw-fresh/tools-manual/zephyr-sdk-1.0.0-beta1/gnu/riscv64-zephyr-elf/riscv64-zephyr-elf/sys-include/sys/syslimits.h:96:9: note: this is the location of the previous definition
   96 | #define _POSIX_TRACE_SYS_MAX    8
      |         ^~~~~~~~~~~~~~~~~~~~
/scratch2/agustin/zephyr-chipyard-sw/zephyr_ws/zephyr/include/zephyr/posix/posix_limits.h:57:9: warning: "_POSIX_TRACE_USER_EVENT_MAX" redefined
   57 | #define _POSIX_TRACE_USER_EVENT_MAX         (32)
      |         ^~~~~~~~~~~~~~~~~~~~~~~~~~~
/scratch2/dima/zephyr-chipyard-sw-fresh/tools-manual/zephyr-sdk-1.0.0-beta1/gnu/riscv64-zephyr-elf/riscv64-zephyr-elf/sys-include/sys/syslimits.h:97:9: note: this is the location of the previous definition
   97 | #define _POSIX_TRACE_USER_EVENT_MAX     32
      |         ^~~~~~~~~~~~~~~~~~~~~~~~~~~
/scratch2/agustin/zephyr-chipyard-sw/zephyr_ws/zephyr/include/zephyr/posix/posix_limits.h:58:9: warning: "_POSIX_TTY_NAME_MAX" redefined
   58 | #define _POSIX_TTY_NAME_MAX                 (9)
      |         ^~~~~~~~~~~~~~~~~~~
/scratch2/dima/zephyr-chipyard-sw-fresh/tools-manual/zephyr-sdk-1.0.0-beta1/gnu/riscv64-zephyr-elf/riscv64-zephyr-elf/sys-include/sys/syslimits.h:98:9: note: this is the location of the previous definition
   98 | #define _POSIX_TTY_NAME_MAX     9
      |         ^~~~~~~~~~~~~~~~~~~
/scratch2/agustin/zephyr-chipyard-sw/zephyr_ws/zephyr/include/zephyr/posix/posix_limits.h:59:9: warning: "_POSIX_TZNAME_MAX" redefined
   59 | #define _POSIX_TZNAME_MAX                   (6)
      |         ^~~~~~~~~~~~~~~~~
/scratch2/dima/zephyr-chipyard-sw-fresh/tools-manual/zephyr-sdk-1.0.0-beta1/gnu/riscv64-zephyr-elf/riscv64-zephyr-elf/sys-include/sys/syslimits.h:99:9: note: this is the location of the previous definition
   99 | #define _POSIX_TZNAME_MAX       3
      |         ^~~~~~~~~~~~~~~~~
/scratch2/agustin/zephyr-chipyard-sw/zephyr_ws/zephyr/include/zephyr/posix/posix_limits.h:60:9: warning: "_POSIX2_BC_BASE_MAX" redefined
   60 | #define _POSIX2_BC_BASE_MAX                 (99)
      |         ^~~~~~~~~~~~~~~~~~~
/scratch2/dima/zephyr-chipyard-sw-fresh/tools-manual/zephyr-sdk-1.0.0-beta1/gnu/riscv64-zephyr-elf/riscv64-zephyr-elf/sys-include/sys/syslimits.h:100:9: note: this is the location of the previous definition
  100 | #define _POSIX2_BC_BASE_MAX     99
      |         ^~~~~~~~~~~~~~~~~~~
/scratch2/agustin/zephyr-chipyard-sw/zephyr_ws/zephyr/include/zephyr/posix/posix_limits.h:61:9: warning: "_POSIX2_BC_DIM_MAX" redefined
   61 | #define _POSIX2_BC_DIM_MAX                  (2048)
      |         ^~~~~~~~~~~~~~~~~~
/scratch2/dima/zephyr-chipyard-sw-fresh/tools-manual/zephyr-sdk-1.0.0-beta1/gnu/riscv64-zephyr-elf/riscv64-zephyr-elf/sys-include/sys/syslimits.h:101:9: note: this is the location of the previous definition
  101 | #define _POSIX2_BC_DIM_MAX      2048
      |         ^~~~~~~~~~~~~~~~~~
/scratch2/agustin/zephyr-chipyard-sw/zephyr_ws/zephyr/include/zephyr/posix/posix_limits.h:62:9: warning: "_POSIX2_BC_SCALE_MAX" redefined
   62 | #define _POSIX2_BC_SCALE_MAX                (99)
      |         ^~~~~~~~~~~~~~~~~~~~
/scratch2/dima/zephyr-chipyard-sw-fresh/tools-manual/zephyr-sdk-1.0.0-beta1/gnu/riscv64-zephyr-elf/riscv64-zephyr-elf/sys-include/sys/syslimits.h:102:9: note: this is the location of the previous definition
  102 | #define _POSIX2_BC_SCALE_MAX    99
      |         ^~~~~~~~~~~~~~~~~~~~
/scratch2/agustin/zephyr-chipyard-sw/zephyr_ws/zephyr/include/zephyr/posix/posix_limits.h:63:9: warning: "_POSIX2_BC_STRING_MAX" redefined
   63 | #define _POSIX2_BC_STRING_MAX               (1000)
      |         ^~~~~~~~~~~~~~~~~~~~~
/scratch2/dima/zephyr-chipyard-sw-fresh/tools-manual/zephyr-sdk-1.0.0-beta1/gnu/riscv64-zephyr-elf/riscv64-zephyr-elf/sys-include/sys/syslimits.h:103:9: note: this is the location of the previous definition
  103 | #define _POSIX2_BC_STRING_MAX   1000
      |         ^~~~~~~~~~~~~~~~~~~~~
/scratch2/agustin/zephyr-chipyard-sw/zephyr_ws/zephyr/include/zephyr/posix/posix_limits.h:64:9: warning: "_POSIX2_CHARCLASS_NAME_MAX" redefined
   64 | #define _POSIX2_CHARCLASS_NAME_MAX          (14)
      |         ^~~~~~~~~~~~~~~~~~~~~~~~~~
/scratch2/dima/zephyr-chipyard-sw-fresh/tools-manual/zephyr-sdk-1.0.0-beta1/gnu/riscv64-zephyr-elf/riscv64-zephyr-elf/sys-include/sys/syslimits.h:104:9: note: this is the location of the previous definition
  104 | #define _POSIX2_CHARCLASS_NAME_MAX      14
      |         ^~~~~~~~~~~~~~~~~~~~~~~~~~
/scratch2/agustin/zephyr-chipyard-sw/zephyr_ws/zephyr/include/zephyr/posix/posix_limits.h:65:9: warning: "_POSIX2_COLL_WEIGHTS_MAX" redefined
   65 | #define _POSIX2_COLL_WEIGHTS_MAX            (2)
      |         ^~~~~~~~~~~~~~~~~~~~~~~~
/scratch2/dima/zephyr-chipyard-sw-fresh/tools-manual/zephyr-sdk-1.0.0-beta1/gnu/riscv64-zephyr-elf/riscv64-zephyr-elf/sys-include/sys/syslimits.h:105:9: note: this is the location of the previous definition
  105 | #define _POSIX2_COLL_WEIGHTS_MAX        2
      |         ^~~~~~~~~~~~~~~~~~~~~~~~
/scratch2/agustin/zephyr-chipyard-sw/zephyr_ws/zephyr/include/zephyr/posix/posix_limits.h:66:9: warning: "_POSIX2_EXPR_NEST_MAX" redefined
   66 | #define _POSIX2_EXPR_NEST_MAX               (32)
      |         ^~~~~~~~~~~~~~~~~~~~~
/scratch2/dima/zephyr-chipyard-sw-fresh/tools-manual/zephyr-sdk-1.0.0-beta1/gnu/riscv64-zephyr-elf/riscv64-zephyr-elf/sys-include/sys/syslimits.h:106:9: note: this is the location of the previous definition
  106 | #define _POSIX2_EXPR_NEST_MAX   32
      |         ^~~~~~~~~~~~~~~~~~~~~
/scratch2/agustin/zephyr-chipyard-sw/zephyr_ws/zephyr/include/zephyr/posix/posix_limits.h:67:9: warning: "_POSIX2_LINE_MAX" redefined
   67 | #define _POSIX2_LINE_MAX                    (2048)
      |         ^~~~~~~~~~~~~~~~
/scratch2/dima/zephyr-chipyard-sw-fresh/tools-manual/zephyr-sdk-1.0.0-beta1/gnu/riscv64-zephyr-elf/riscv64-zephyr-elf/sys-include/sys/syslimits.h:107:9: note: this is the location of the previous definition
  107 | #define _POSIX2_LINE_MAX        2048
      |         ^~~~~~~~~~~~~~~~
/scratch2/agustin/zephyr-chipyard-sw/zephyr_ws/zephyr/include/zephyr/posix/posix_limits.h:83:9: warning: "ARG_MAX" redefined
   83 | #define ARG_MAX                       _POSIX_ARG_MAX
      |         ^~~~~~~
/scratch2/dima/zephyr-chipyard-sw-fresh/tools-manual/zephyr-sdk-1.0.0-beta1/gnu/riscv64-zephyr-elf/riscv64-zephyr-elf/sys-include/sys/syslimits.h:41:9: note: this is the location of the previous definition
   41 | #define ARG_MAX                 65536   /* max bytes for an exec function */
      |         ^~~~~~~
/scratch2/agustin/zephyr-chipyard-sw/zephyr_ws/zephyr/include/zephyr/posix/posix_limits.h:84:9: warning: "ATEXIT_MAX" redefined
   84 | #define ATEXIT_MAX                    (32)
      |         ^~~~~~~~~~
/scratch2/dima/zephyr-chipyard-sw-fresh/tools-manual/zephyr-sdk-1.0.0-beta1/gnu/riscv64-zephyr-elf/riscv64-zephyr-elf/sys-include/sys/syslimits.h:42:9: note: this is the location of the previous definition
   42 | #define ATEXIT_MAX                 32   /* max atexit functions */
      |         ^~~~~~~~~~
/scratch2/agustin/zephyr-chipyard-sw/zephyr_ws/zephyr/include/zephyr/posix/posix_limits.h:93:9: warning: "OPEN_MAX" redefined
   93 | #define OPEN_MAX                      CONFIG_POSIX_OPEN_MAX
      |         ^~~~~~~~
/scratch2/dima/zephyr-chipyard-sw-fresh/tools-manual/zephyr-sdk-1.0.0-beta1/gnu/riscv64-zephyr-elf/riscv64-zephyr-elf/sys-include/sys/syslimits.h:45:9: note: this is the location of the previous definition
   45 | #define OPEN_MAX                   64   /* max open files per process */
      |         ^~~~~~~~
/scratch2/agustin/zephyr-chipyard-sw/zephyr_ws/zephyr/include/zephyr/posix/posix_limits.h:96:9: warning: "PATH_MAX" redefined
   96 | #define PATH_MAX                      _POSIX_PATH_MAX
      |         ^~~~~~~~
/scratch2/dima/zephyr-chipyard-sw-fresh/tools-manual/zephyr-sdk-1.0.0-beta1/gnu/riscv64-zephyr-elf/riscv64-zephyr-elf/sys-include/sys/syslimits.h:53:9: note: this is the location of the previous definition
   53 | #define PATH_MAX                 1024   /* max bytes in pathname */
      |         ^~~~~~~~
/scratch2/agustin/zephyr-chipyard-sw/zephyr_ws/zephyr/include/zephyr/posix/posix_limits.h:114:9: warning: "TZNAME_MAX" redefined
  114 | #define TZNAME_MAX                    _POSIX_TZNAME_MAX
      |         ^~~~~~~~~~
/scratch2/dima/zephyr-chipyard-sw-fresh/tools-manual/zephyr-sdk-1.0.0-beta1/gnu/riscv64-zephyr-elf/riscv64-zephyr-elf/sys-include/sys/syslimits.h:46:9: note: this is the location of the previous definition
   46 | #define TZNAME_MAX                 10   /* max time zone name length */
      |         ^~~~~~~~~~
[124/202] Building C object zephyr/lib/posix/options/CMakeFiles/lib__posix__options.dir/signal.c.obj
In file included from /scratch2/agustin/zephyr-chipyard-sw/zephyr_ws/zephyr/include/zephyr/posix/sys/sysconf.h:11,
                 from /scratch2/agustin/zephyr-chipyard-sw/zephyr_ws/zephyr/include/zephyr/posix/unistd.h:18,
                 from /scratch2/agustin/zephyr-chipyard-sw/zephyr_ws/zephyr/include/zephyr/posix/pthread.h:15,
                 from /scratch2/agustin/zephyr-chipyard-sw/zephyr_ws/zephyr/lib/posix/options/signal.c:13:
/scratch2/agustin/zephyr-chipyard-sw/zephyr_ws/zephyr/include/zephyr/posix/posix_limits.h:23:9: warning: "_POSIX_AIO_LISTIO_MAX" redefined
   23 | #define _POSIX_AIO_LISTIO_MAX               (2)
      |         ^~~~~~~~~~~~~~~~~~~~~
In file included from /scratch2/dima/zephyr-chipyard-sw-fresh/tools-manual/zephyr-sdk-1.0.0-beta1/gnu/riscv64-zephyr-elf/riscv64-zephyr-elf/sys-include/limits.h:6,
                 from /scratch2/dima/zephyr-chipyard-sw-fresh/tools-manual/zephyr-sdk-1.0.0-beta1/gnu/riscv64-zephyr-elf/lib/gcc/riscv64-zephyr-elf/14.3.0/include/limits.h:210,
                 from /scratch2/dima/zephyr-chipyard-sw-fresh/tools-manual/zephyr-sdk-1.0.0-beta1/gnu/riscv64-zephyr-elf/lib/gcc/riscv64-zephyr-elf/14.3.0/include/syslimits.h:7,
                 from /scratch2/dima/zephyr-chipyard-sw-fresh/tools-manual/zephyr-sdk-1.0.0-beta1/gnu/riscv64-zephyr-elf/lib/gcc/riscv64-zephyr-elf/14.3.0/include/limits.h:34,
                 from /scratch2/agustin/zephyr-chipyard-sw/zephyr_ws/zephyr/include/zephyr/kernel_includes.h:22,
                 from /scratch2/agustin/zephyr-chipyard-sw/zephyr_ws/zephyr/include/zephyr/kernel.h:17,
                 from /scratch2/agustin/zephyr-chipyard-sw/zephyr_ws/zephyr/include/zephyr/posix/pthread.h:14:
/scratch2/dima/zephyr-chipyard-sw-fresh/tools-manual/zephyr-sdk-1.0.0-beta1/gnu/riscv64-zephyr-elf/riscv64-zephyr-elf/sys-include/sys/syslimits.h:63:9: note: this is the location of the previous definition
   63 | #define _POSIX_AIO_LISTIO_MAX   2
      |         ^~~~~~~~~~~~~~~~~~~~~
/scratch2/agustin/zephyr-chipyard-sw/zephyr_ws/zephyr/include/zephyr/posix/posix_limits.h:24:9: warning: "_POSIX_AIO_MAX" redefined
   24 | #define _POSIX_AIO_MAX                      (1)
      |         ^~~~~~~~~~~~~~
/scratch2/dima/zephyr-chipyard-sw-fresh/tools-manual/zephyr-sdk-1.0.0-beta1/gnu/riscv64-zephyr-elf/riscv64-zephyr-elf/sys-include/sys/syslimits.h:64:9: note: this is the location of the previous definition
   64 | #define _POSIX_AIO_MAX          1
      |         ^~~~~~~~~~~~~~
/scratch2/agustin/zephyr-chipyard-sw/zephyr_ws/zephyr/include/zephyr/posix/posix_limits.h:25:9: warning: "_POSIX_ARG_MAX" redefined
   25 | #define _POSIX_ARG_MAX                      (4096)
      |         ^~~~~~~~~~~~~~
/scratch2/dima/zephyr-chipyard-sw-fresh/tools-manual/zephyr-sdk-1.0.0-beta1/gnu/riscv64-zephyr-elf/riscv64-zephyr-elf/sys-include/sys/syslimits.h:65:9: note: this is the location of the previous definition
   65 | #define _POSIX_ARG_MAX          4096
      |         ^~~~~~~~~~~~~~
/scratch2/agustin/zephyr-chipyard-sw/zephyr_ws/zephyr/include/zephyr/posix/posix_limits.h:26:9: warning: "_POSIX_CHILD_MAX" redefined
   26 | #define _POSIX_CHILD_MAX                    (25)
      |         ^~~~~~~~~~~~~~~~
/scratch2/dima/zephyr-chipyard-sw-fresh/tools-manual/zephyr-sdk-1.0.0-beta1/gnu/riscv64-zephyr-elf/riscv64-zephyr-elf/sys-include/sys/syslimits.h:66:9: note: this is the location of the previous definition
   66 | #define _POSIX_CHILD_MAX        6
      |         ^~~~~~~~~~~~~~~~
/scratch2/agustin/zephyr-chipyard-sw/zephyr_ws/zephyr/include/zephyr/posix/posix_limits.h:27:9: warning: "_POSIX_DELAYTIMER_MAX" redefined
   27 | #define _POSIX_DELAYTIMER_MAX               (32)
      |         ^~~~~~~~~~~~~~~~~~~~~
/scratch2/dima/zephyr-chipyard-sw-fresh/tools-manual/zephyr-sdk-1.0.0-beta1/gnu/riscv64-zephyr-elf/riscv64-zephyr-elf/sys-include/sys/syslimits.h:67:9: note: this is the location of the previous definition
   67 | #define _POSIX_DELAYTIMER_MAX   32
      |         ^~~~~~~~~~~~~~~~~~~~~
/scratch2/agustin/zephyr-chipyard-sw/zephyr_ws/zephyr/include/zephyr/posix/posix_limits.h:28:9: warning: "_POSIX_HOST_NAME_MAX" redefined
   28 | #define _POSIX_HOST_NAME_MAX                (255)
      |         ^~~~~~~~~~~~~~~~~~~~
/scratch2/dima/zephyr-chipyard-sw-fresh/tools-manual/zephyr-sdk-1.0.0-beta1/gnu/riscv64-zephyr-elf/riscv64-zephyr-elf/sys-include/sys/syslimits.h:68:9: note: this is the location of the previous definition
   68 | #define _POSIX_HOST_NAME_MAX    255
      |         ^~~~~~~~~~~~~~~~~~~~
/scratch2/agustin/zephyr-chipyard-sw/zephyr_ws/zephyr/include/zephyr/posix/posix_limits.h:29:9: warning: "_POSIX_LINK_MAX" redefined
   29 | #define _POSIX_LINK_MAX                     (8)
      |         ^~~~~~~~~~~~~~~
/scratch2/dima/zephyr-chipyard-sw-fresh/tools-manual/zephyr-sdk-1.0.0-beta1/gnu/riscv64-zephyr-elf/riscv64-zephyr-elf/sys-include/sys/syslimits.h:69:9: note: this is the location of the previous definition
   69 | #define _POSIX_LINK_MAX         8
      |         ^~~~~~~~~~~~~~~
/scratch2/agustin/zephyr-chipyard-sw/zephyr_ws/zephyr/include/zephyr/posix/posix_limits.h:30:9: warning: "_POSIX_LOGIN_NAME_MAX" redefined
   30 | #define _POSIX_LOGIN_NAME_MAX               (9)
      |         ^~~~~~~~~~~~~~~~~~~~~
/scratch2/dima/zephyr-chipyard-sw-fresh/tools-manual/zephyr-sdk-1.0.0-beta1/gnu/riscv64-zephyr-elf/riscv64-zephyr-elf/sys-include/sys/syslimits.h:70:9: note: this is the location of the previous definition
   70 | #define _POSIX_LOGIN_NAME_MAX   9
      |         ^~~~~~~~~~~~~~~~~~~~~
/scratch2/agustin/zephyr-chipyard-sw/zephyr_ws/zephyr/include/zephyr/posix/posix_limits.h:31:9: warning: "_POSIX_MAX_CANON" redefined
   31 | #define _POSIX_MAX_CANON                    (255)
      |         ^~~~~~~~~~~~~~~~
/scratch2/dima/zephyr-chipyard-sw-fresh/tools-manual/zephyr-sdk-1.0.0-beta1/gnu/riscv64-zephyr-elf/riscv64-zephyr-elf/sys-include/sys/syslimits.h:71:9: note: this is the location of the previous definition
   71 | #define _POSIX_MAX_CANON        255
      |         ^~~~~~~~~~~~~~~~
/scratch2/agustin/zephyr-chipyard-sw/zephyr_ws/zephyr/include/zephyr/posix/posix_limits.h:32:9: warning: "_POSIX_MAX_INPUT" redefined
   32 | #define _POSIX_MAX_INPUT                    (255)
      |         ^~~~~~~~~~~~~~~~
/scratch2/dima/zephyr-chipyard-sw-fresh/tools-manual/zephyr-sdk-1.0.0-beta1/gnu/riscv64-zephyr-elf/riscv64-zephyr-elf/sys-include/sys/syslimits.h:72:9: note: this is the location of the previous definition
   72 | #define _POSIX_MAX_INPUT        255
      |         ^~~~~~~~~~~~~~~~
/scratch2/agustin/zephyr-chipyard-sw/zephyr_ws/zephyr/include/zephyr/posix/posix_limits.h:33:9: warning: "_POSIX_MQ_OPEN_MAX" redefined
   33 | #define _POSIX_MQ_OPEN_MAX                  (8)
      |         ^~~~~~~~~~~~~~~~~~
/scratch2/dima/zephyr-chipyard-sw-fresh/tools-manual/zephyr-sdk-1.0.0-beta1/gnu/riscv64-zephyr-elf/riscv64-zephyr-elf/sys-include/sys/syslimits.h:73:9: note: this is the location of the previous definition
   73 | #define _POSIX_MQ_OPEN_MAX      8
      |         ^~~~~~~~~~~~~~~~~~
/scratch2/agustin/zephyr-chipyard-sw/zephyr_ws/zephyr/include/zephyr/posix/posix_limits.h:34:9: warning: "_POSIX_MQ_PRIO_MAX" redefined
   34 | #define _POSIX_MQ_PRIO_MAX                  (32)
      |         ^~~~~~~~~~~~~~~~~~
/scratch2/dima/zephyr-chipyard-sw-fresh/tools-manual/zephyr-sdk-1.0.0-beta1/gnu/riscv64-zephyr-elf/riscv64-zephyr-elf/sys-include/sys/syslimits.h:74:9: note: this is the location of the previous definition
   74 | #define _POSIX_MQ_PRIO_MAX      32
      |         ^~~~~~~~~~~~~~~~~~
/scratch2/agustin/zephyr-chipyard-sw/zephyr_ws/zephyr/include/zephyr/posix/posix_limits.h:35:9: warning: "_POSIX_NAME_MAX" redefined
   35 | #define _POSIX_NAME_MAX                     (14)
      |         ^~~~~~~~~~~~~~~
/scratch2/dima/zephyr-chipyard-sw-fresh/tools-manual/zephyr-sdk-1.0.0-beta1/gnu/riscv64-zephyr-elf/riscv64-zephyr-elf/sys-include/sys/syslimits.h:75:9: note: this is the location of the previous definition
   75 | #define _POSIX_NAME_MAX         14
      |         ^~~~~~~~~~~~~~~
/scratch2/agustin/zephyr-chipyard-sw/zephyr_ws/zephyr/include/zephyr/posix/posix_limits.h:36:9: warning: "_POSIX_NGROUPS_MAX" redefined
   36 | #define _POSIX_NGROUPS_MAX                  (8)
      |         ^~~~~~~~~~~~~~~~~~
/scratch2/dima/zephyr-chipyard-sw-fresh/tools-manual/zephyr-sdk-1.0.0-beta1/gnu/riscv64-zephyr-elf/riscv64-zephyr-elf/sys-include/sys/syslimits.h:76:9: note: this is the location of the previous definition
   76 | #define _POSIX_NGROUPS_MAX      0
      |         ^~~~~~~~~~~~~~~~~~
/scratch2/agustin/zephyr-chipyard-sw/zephyr_ws/zephyr/include/zephyr/posix/posix_limits.h:37:9: warning: "_POSIX_OPEN_MAX" redefined
   37 | #define _POSIX_OPEN_MAX                     (20)
      |         ^~~~~~~~~~~~~~~
/scratch2/dima/zephyr-chipyard-sw-fresh/tools-manual/zephyr-sdk-1.0.0-beta1/gnu/riscv64-zephyr-elf/riscv64-zephyr-elf/sys-include/sys/syslimits.h:77:9: note: this is the location of the previous definition
   77 | #define _POSIX_OPEN_MAX         16
      |         ^~~~~~~~~~~~~~~
/scratch2/agustin/zephyr-chipyard-sw/zephyr_ws/zephyr/include/zephyr/posix/posix_limits.h:38:9: warning: "_POSIX_PATH_MAX" redefined
   38 | #define _POSIX_PATH_MAX                     (256)
      |         ^~~~~~~~~~~~~~~
/scratch2/dima/zephyr-chipyard-sw-fresh/tools-manual/zephyr-sdk-1.0.0-beta1/gnu/riscv64-zephyr-elf/riscv64-zephyr-elf/sys-include/sys/syslimits.h:78:9: note: this is the location of the previous definition
   78 | #define _POSIX_PATH_MAX         255
      |         ^~~~~~~~~~~~~~~
/scratch2/agustin/zephyr-chipyard-sw/zephyr_ws/zephyr/include/zephyr/posix/posix_limits.h:39:9: warning: "_POSIX_PIPE_BUF" redefined
   39 | #define _POSIX_PIPE_BUF                     (512)
      |         ^~~~~~~~~~~~~~~
/scratch2/dima/zephyr-chipyard-sw-fresh/tools-manual/zephyr-sdk-1.0.0-beta1/gnu/riscv64-zephyr-elf/riscv64-zephyr-elf/sys-include/sys/syslimits.h:79:9: note: this is the location of the previous definition
   79 | #define _POSIX_PIPE_BUF         512
      |         ^~~~~~~~~~~~~~~
/scratch2/agustin/zephyr-chipyard-sw/zephyr_ws/zephyr/include/zephyr/posix/posix_limits.h:40:9: warning: "_POSIX_RE_DUP_MAX" redefined
   40 | #define _POSIX_RE_DUP_MAX                   (255)
      |         ^~~~~~~~~~~~~~~~~
/scratch2/dima/zephyr-chipyard-sw-fresh/tools-manual/zephyr-sdk-1.0.0-beta1/gnu/riscv64-zephyr-elf/riscv64-zephyr-elf/sys-include/sys/syslimits.h:80:9: note: this is the location of the previous definition
   80 | #define _POSIX_RE_DUP_MAX       255
      |         ^~~~~~~~~~~~~~~~~
/scratch2/agustin/zephyr-chipyard-sw/zephyr_ws/zephyr/include/zephyr/posix/posix_limits.h:41:9: warning: "_POSIX_RTSIG_MAX" redefined
   41 | #define _POSIX_RTSIG_MAX                    (8)
      |         ^~~~~~~~~~~~~~~~
/scratch2/dima/zephyr-chipyard-sw-fresh/tools-manual/zephyr-sdk-1.0.0-beta1/gnu/riscv64-zephyr-elf/riscv64-zephyr-elf/sys-include/sys/syslimits.h:81:9: note: this is the location of the previous definition
   81 | #define _POSIX_RTSIG_MAX        8
      |         ^~~~~~~~~~~~~~~~
/scratch2/agustin/zephyr-chipyard-sw/zephyr_ws/zephyr/include/zephyr/posix/posix_limits.h:42:9: warning: "_POSIX_SEM_NSEMS_MAX" redefined
   42 | #define _POSIX_SEM_NSEMS_MAX                (256)
      |         ^~~~~~~~~~~~~~~~~~~~
/scratch2/dima/zephyr-chipyard-sw-fresh/tools-manual/zephyr-sdk-1.0.0-beta1/gnu/riscv64-zephyr-elf/riscv64-zephyr-elf/sys-include/sys/syslimits.h:82:9: note: this is the location of the previous definition
   82 | #define _POSIX_SEM_NSEMS_MAX    256
      |         ^~~~~~~~~~~~~~~~~~~~
/scratch2/agustin/zephyr-chipyard-sw/zephyr_ws/zephyr/include/zephyr/posix/posix_limits.h:43:9: warning: "_POSIX_SEM_VALUE_MAX" redefined
   43 | #define _POSIX_SEM_VALUE_MAX                (32767)
      |         ^~~~~~~~~~~~~~~~~~~~
/scratch2/dima/zephyr-chipyard-sw-fresh/tools-manual/zephyr-sdk-1.0.0-beta1/gnu/riscv64-zephyr-elf/riscv64-zephyr-elf/sys-include/sys/syslimits.h:83:9: note: this is the location of the previous definition
   83 | #define _POSIX_SEM_VALUE_MAX    32767
      |         ^~~~~~~~~~~~~~~~~~~~
/scratch2/agustin/zephyr-chipyard-sw/zephyr_ws/zephyr/include/zephyr/posix/posix_limits.h:44:9: warning: "_POSIX_SIGQUEUE_MAX" redefined
   44 | #define _POSIX_SIGQUEUE_MAX                 (32)
      |         ^~~~~~~~~~~~~~~~~~~
/scratch2/dima/zephyr-chipyard-sw-fresh/tools-manual/zephyr-sdk-1.0.0-beta1/gnu/riscv64-zephyr-elf/riscv64-zephyr-elf/sys-include/sys/syslimits.h:84:9: note: this is the location of the previous definition
   84 | #define _POSIX_SIGQUEUE_MAX     32
      |         ^~~~~~~~~~~~~~~~~~~
/scratch2/agustin/zephyr-chipyard-sw/zephyr_ws/zephyr/include/zephyr/posix/posix_limits.h:45:9: warning: "_POSIX_SSIZE_MAX" redefined
   45 | #define _POSIX_SSIZE_MAX                    (32767)
      |         ^~~~~~~~~~~~~~~~
/scratch2/dima/zephyr-chipyard-sw-fresh/tools-manual/zephyr-sdk-1.0.0-beta1/gnu/riscv64-zephyr-elf/riscv64-zephyr-elf/sys-include/sys/syslimits.h:85:9: note: this is the location of the previous definition
   85 | #define _POSIX_SSIZE_MAX        32767
      |         ^~~~~~~~~~~~~~~~
/scratch2/agustin/zephyr-chipyard-sw/zephyr_ws/zephyr/include/zephyr/posix/posix_limits.h:46:9: warning: "_POSIX_SS_REPL_MAX" redefined
   46 | #define _POSIX_SS_REPL_MAX                  (4)
      |         ^~~~~~~~~~~~~~~~~~
/scratch2/dima/zephyr-chipyard-sw-fresh/tools-manual/zephyr-sdk-1.0.0-beta1/gnu/riscv64-zephyr-elf/riscv64-zephyr-elf/sys-include/sys/syslimits.h:86:9: note: this is the location of the previous definition
   86 | #define _POSIX_SS_REPL_MAX      4
      |         ^~~~~~~~~~~~~~~~~~
/scratch2/agustin/zephyr-chipyard-sw/zephyr_ws/zephyr/include/zephyr/posix/posix_limits.h:47:9: warning: "_POSIX_STREAM_MAX" redefined
   47 | #define _POSIX_STREAM_MAX                   (8)
      |         ^~~~~~~~~~~~~~~~~
/scratch2/dima/zephyr-chipyard-sw-fresh/tools-manual/zephyr-sdk-1.0.0-beta1/gnu/riscv64-zephyr-elf/riscv64-zephyr-elf/sys-include/sys/syslimits.h:87:9: note: this is the location of the previous definition
   87 | #define _POSIX_STREAM_MAX       8
      |         ^~~~~~~~~~~~~~~~~
/scratch2/agustin/zephyr-chipyard-sw/zephyr_ws/zephyr/include/zephyr/posix/posix_limits.h:48:9: warning: "_POSIX_SYMLINK_MAX" redefined
   48 | #define _POSIX_SYMLINK_MAX                  (255)
      |         ^~~~~~~~~~~~~~~~~~
/scratch2/dima/zephyr-chipyard-sw-fresh/tools-manual/zephyr-sdk-1.0.0-beta1/gnu/riscv64-zephyr-elf/riscv64-zephyr-elf/sys-include/sys/syslimits.h:88:9: note: this is the location of the previous definition
   88 | #define _POSIX_SYMLINK_MAX      255
      |         ^~~~~~~~~~~~~~~~~~
/scratch2/agustin/zephyr-chipyard-sw/zephyr_ws/zephyr/include/zephyr/posix/posix_limits.h:49:9: warning: "_POSIX_SYMLOOP_MAX" redefined
   49 | #define _POSIX_SYMLOOP_MAX                  (8)
      |         ^~~~~~~~~~~~~~~~~~
/scratch2/dima/zephyr-chipyard-sw-fresh/tools-manual/zephyr-sdk-1.0.0-beta1/gnu/riscv64-zephyr-elf/riscv64-zephyr-elf/sys-include/sys/syslimits.h:89:9: note: this is the location of the previous definition
   89 | #define _POSIX_SYMLOOP_MAX      8
      |         ^~~~~~~~~~~~~~~~~~
/scratch2/agustin/zephyr-chipyard-sw/zephyr_ws/zephyr/include/zephyr/posix/posix_limits.h:50:9: warning: "_POSIX_THREAD_DESTRUCTOR_ITERATIONS" redefined
   50 | #define _POSIX_THREAD_DESTRUCTOR_ITERATIONS (4)
      |         ^~~~~~~~~~~~~~~~~~~~~~~~~~~~~~~~~~~
/scratch2/dima/zephyr-chipyard-sw-fresh/tools-manual/zephyr-sdk-1.0.0-beta1/gnu/riscv64-zephyr-elf/riscv64-zephyr-elf/sys-include/sys/syslimits.h:90:9: note: this is the location of the previous definition
   90 | #define _POSIX_THREAD_DESTRUCTOR_ITERATIONS     4
      |         ^~~~~~~~~~~~~~~~~~~~~~~~~~~~~~~~~~~
/scratch2/agustin/zephyr-chipyard-sw/zephyr_ws/zephyr/include/zephyr/posix/posix_limits.h:51:9: warning: "_POSIX_THREAD_KEYS_MAX" redefined
   51 | #define _POSIX_THREAD_KEYS_MAX              (128)
      |         ^~~~~~~~~~~~~~~~~~~~~~
/scratch2/dima/zephyr-chipyard-sw-fresh/tools-manual/zephyr-sdk-1.0.0-beta1/gnu/riscv64-zephyr-elf/riscv64-zephyr-elf/sys-include/sys/syslimits.h:91:9: note: this is the location of the previous definition
   91 | #define _POSIX_THREAD_KEYS_MAX  128
      |         ^~~~~~~~~~~~~~~~~~~~~~
/scratch2/agustin/zephyr-chipyard-sw/zephyr_ws/zephyr/include/zephyr/posix/posix_limits.h:52:9: warning: "_POSIX_THREAD_THREADS_MAX" redefined
   52 | #define _POSIX_THREAD_THREADS_MAX           (64)
      |         ^~~~~~~~~~~~~~~~~~~~~~~~~
/scratch2/dima/zephyr-chipyard-sw-fresh/tools-manual/zephyr-sdk-1.0.0-beta1/gnu/riscv64-zephyr-elf/riscv64-zephyr-elf/sys-include/sys/syslimits.h:92:9: note: this is the location of the previous definition
   92 | #define _POSIX_THREAD_THREADS_MAX       64
      |         ^~~~~~~~~~~~~~~~~~~~~~~~~
/scratch2/agustin/zephyr-chipyard-sw/zephyr_ws/zephyr/include/zephyr/posix/posix_limits.h:53:9: warning: "_POSIX_TIMER_MAX" redefined
   53 | #define _POSIX_TIMER_MAX                    (32)
      |         ^~~~~~~~~~~~~~~~
/scratch2/dima/zephyr-chipyard-sw-fresh/tools-manual/zephyr-sdk-1.0.0-beta1/gnu/riscv64-zephyr-elf/riscv64-zephyr-elf/sys-include/sys/syslimits.h:93:9: note: this is the location of the previous definition
   93 | #define _POSIX_TIMER_MAX        32
      |         ^~~~~~~~~~~~~~~~
/scratch2/agustin/zephyr-chipyard-sw/zephyr_ws/zephyr/include/zephyr/posix/posix_limits.h:54:9: warning: "_POSIX_TRACE_EVENT_NAME_MAX" redefined
   54 | #define _POSIX_TRACE_EVENT_NAME_MAX         (30)
      |         ^~~~~~~~~~~~~~~~~~~~~~~~~~~
/scratch2/dima/zephyr-chipyard-sw-fresh/tools-manual/zephyr-sdk-1.0.0-beta1/gnu/riscv64-zephyr-elf/riscv64-zephyr-elf/sys-include/sys/syslimits.h:94:9: note: this is the location of the previous definition
   94 | #define _POSIX_TRACE_EVENT_NAME_MAX     30
      |         ^~~~~~~~~~~~~~~~~~~~~~~~~~~
/scratch2/agustin/zephyr-chipyard-sw/zephyr_ws/zephyr/include/zephyr/posix/posix_limits.h:55:9: warning: "_POSIX_TRACE_NAME_MAX" redefined
   55 | #define _POSIX_TRACE_NAME_MAX               (8)
      |         ^~~~~~~~~~~~~~~~~~~~~
/scratch2/dima/zephyr-chipyard-sw-fresh/tools-manual/zephyr-sdk-1.0.0-beta1/gnu/riscv64-zephyr-elf/riscv64-zephyr-elf/sys-include/sys/syslimits.h:95:9: note: this is the location of the previous definition
   95 | #define _POSIX_TRACE_NAME_MAX   8
      |         ^~~~~~~~~~~~~~~~~~~~~
/scratch2/agustin/zephyr-chipyard-sw/zephyr_ws/zephyr/include/zephyr/posix/posix_limits.h:56:9: warning: "_POSIX_TRACE_SYS_MAX" redefined
   56 | #define _POSIX_TRACE_SYS_MAX                (8)
      |         ^~~~~~~~~~~~~~~~~~~~
/scratch2/dima/zephyr-chipyard-sw-fresh/tools-manual/zephyr-sdk-1.0.0-beta1/gnu/riscv64-zephyr-elf/riscv64-zephyr-elf/sys-include/sys/syslimits.h:96:9: note: this is the location of the previous definition
   96 | #define _POSIX_TRACE_SYS_MAX    8
      |         ^~~~~~~~~~~~~~~~~~~~
/scratch2/agustin/zephyr-chipyard-sw/zephyr_ws/zephyr/include/zephyr/posix/posix_limits.h:57:9: warning: "_POSIX_TRACE_USER_EVENT_MAX" redefined
   57 | #define _POSIX_TRACE_USER_EVENT_MAX         (32)
      |         ^~~~~~~~~~~~~~~~~~~~~~~~~~~
/scratch2/dima/zephyr-chipyard-sw-fresh/tools-manual/zephyr-sdk-1.0.0-beta1/gnu/riscv64-zephyr-elf/riscv64-zephyr-elf/sys-include/sys/syslimits.h:97:9: note: this is the location of the previous definition
   97 | #define _POSIX_TRACE_USER_EVENT_MAX     32
      |         ^~~~~~~~~~~~~~~~~~~~~~~~~~~
/scratch2/agustin/zephyr-chipyard-sw/zephyr_ws/zephyr/include/zephyr/posix/posix_limits.h:58:9: warning: "_POSIX_TTY_NAME_MAX" redefined
   58 | #define _POSIX_TTY_NAME_MAX                 (9)
      |         ^~~~~~~~~~~~~~~~~~~
/scratch2/dima/zephyr-chipyard-sw-fresh/tools-manual/zephyr-sdk-1.0.0-beta1/gnu/riscv64-zephyr-elf/riscv64-zephyr-elf/sys-include/sys/syslimits.h:98:9: note: this is the location of the previous definition
   98 | #define _POSIX_TTY_NAME_MAX     9
      |         ^~~~~~~~~~~~~~~~~~~
/scratch2/agustin/zephyr-chipyard-sw/zephyr_ws/zephyr/include/zephyr/posix/posix_limits.h:59:9: warning: "_POSIX_TZNAME_MAX" redefined
   59 | #define _POSIX_TZNAME_MAX                   (6)
      |         ^~~~~~~~~~~~~~~~~
/scratch2/dima/zephyr-chipyard-sw-fresh/tools-manual/zephyr-sdk-1.0.0-beta1/gnu/riscv64-zephyr-elf/riscv64-zephyr-elf/sys-include/sys/syslimits.h:99:9: note: this is the location of the previous definition
   99 | #define _POSIX_TZNAME_MAX       3
      |         ^~~~~~~~~~~~~~~~~
/scratch2/agustin/zephyr-chipyard-sw/zephyr_ws/zephyr/include/zephyr/posix/posix_limits.h:60:9: warning: "_POSIX2_BC_BASE_MAX" redefined
   60 | #define _POSIX2_BC_BASE_MAX                 (99)
      |         ^~~~~~~~~~~~~~~~~~~
/scratch2/dima/zephyr-chipyard-sw-fresh/tools-manual/zephyr-sdk-1.0.0-beta1/gnu/riscv64-zephyr-elf/riscv64-zephyr-elf/sys-include/sys/syslimits.h:100:9: note: this is the location of the previous definition
  100 | #define _POSIX2_BC_BASE_MAX     99
      |         ^~~~~~~~~~~~~~~~~~~
/scratch2/agustin/zephyr-chipyard-sw/zephyr_ws/zephyr/include/zephyr/posix/posix_limits.h:61:9: warning: "_POSIX2_BC_DIM_MAX" redefined
   61 | #define _POSIX2_BC_DIM_MAX                  (2048)
      |         ^~~~~~~~~~~~~~~~~~
/scratch2/dima/zephyr-chipyard-sw-fresh/tools-manual/zephyr-sdk-1.0.0-beta1/gnu/riscv64-zephyr-elf/riscv64-zephyr-elf/sys-include/sys/syslimits.h:101:9: note: this is the location of the previous definition
  101 | #define _POSIX2_BC_DIM_MAX      2048
      |         ^~~~~~~~~~~~~~~~~~
/scratch2/agustin/zephyr-chipyard-sw/zephyr_ws/zephyr/include/zephyr/posix/posix_limits.h:62:9: warning: "_POSIX2_BC_SCALE_MAX" redefined
   62 | #define _POSIX2_BC_SCALE_MAX                (99)
      |         ^~~~~~~~~~~~~~~~~~~~
/scratch2/dima/zephyr-chipyard-sw-fresh/tools-manual/zephyr-sdk-1.0.0-beta1/gnu/riscv64-zephyr-elf/riscv64-zephyr-elf/sys-include/sys/syslimits.h:102:9: note: this is the location of the previous definition
  102 | #define _POSIX2_BC_SCALE_MAX    99
      |         ^~~~~~~~~~~~~~~~~~~~
/scratch2/agustin/zephyr-chipyard-sw/zephyr_ws/zephyr/include/zephyr/posix/posix_limits.h:63:9: warning: "_POSIX2_BC_STRING_MAX" redefined
   63 | #define _POSIX2_BC_STRING_MAX               (1000)
      |         ^~~~~~~~~~~~~~~~~~~~~
/scratch2/dima/zephyr-chipyard-sw-fresh/tools-manual/zephyr-sdk-1.0.0-beta1/gnu/riscv64-zephyr-elf/riscv64-zephyr-elf/sys-include/sys/syslimits.h:103:9: note: this is the location of the previous definition
  103 | #define _POSIX2_BC_STRING_MAX   1000
      |         ^~~~~~~~~~~~~~~~~~~~~
/scratch2/agustin/zephyr-chipyard-sw/zephyr_ws/zephyr/include/zephyr/posix/posix_limits.h:64:9: warning: "_POSIX2_CHARCLASS_NAME_MAX" redefined
   64 | #define _POSIX2_CHARCLASS_NAME_MAX          (14)
      |         ^~~~~~~~~~~~~~~~~~~~~~~~~~
/scratch2/dima/zephyr-chipyard-sw-fresh/tools-manual/zephyr-sdk-1.0.0-beta1/gnu/riscv64-zephyr-elf/riscv64-zephyr-elf/sys-include/sys/syslimits.h:104:9: note: this is the location of the previous definition
  104 | #define _POSIX2_CHARCLASS_NAME_MAX      14
      |         ^~~~~~~~~~~~~~~~~~~~~~~~~~
/scratch2/agustin/zephyr-chipyard-sw/zephyr_ws/zephyr/include/zephyr/posix/posix_limits.h:65:9: warning: "_POSIX2_COLL_WEIGHTS_MAX" redefined
   65 | #define _POSIX2_COLL_WEIGHTS_MAX            (2)
      |         ^~~~~~~~~~~~~~~~~~~~~~~~
/scratch2/dima/zephyr-chipyard-sw-fresh/tools-manual/zephyr-sdk-1.0.0-beta1/gnu/riscv64-zephyr-elf/riscv64-zephyr-elf/sys-include/sys/syslimits.h:105:9: note: this is the location of the previous definition
  105 | #define _POSIX2_COLL_WEIGHTS_MAX        2
      |         ^~~~~~~~~~~~~~~~~~~~~~~~
/scratch2/agustin/zephyr-chipyard-sw/zephyr_ws/zephyr/include/zephyr/posix/posix_limits.h:66:9: warning: "_POSIX2_EXPR_NEST_MAX" redefined
   66 | #define _POSIX2_EXPR_NEST_MAX               (32)
      |         ^~~~~~~~~~~~~~~~~~~~~
/scratch2/dima/zephyr-chipyard-sw-fresh/tools-manual/zephyr-sdk-1.0.0-beta1/gnu/riscv64-zephyr-elf/riscv64-zephyr-elf/sys-include/sys/syslimits.h:106:9: note: this is the location of the previous definition
  106 | #define _POSIX2_EXPR_NEST_MAX   32
      |         ^~~~~~~~~~~~~~~~~~~~~
/scratch2/agustin/zephyr-chipyard-sw/zephyr_ws/zephyr/include/zephyr/posix/posix_limits.h:67:9: warning: "_POSIX2_LINE_MAX" redefined
   67 | #define _POSIX2_LINE_MAX                    (2048)
      |         ^~~~~~~~~~~~~~~~
/scratch2/dima/zephyr-chipyard-sw-fresh/tools-manual/zephyr-sdk-1.0.0-beta1/gnu/riscv64-zephyr-elf/riscv64-zephyr-elf/sys-include/sys/syslimits.h:107:9: note: this is the location of the previous definition
  107 | #define _POSIX2_LINE_MAX        2048
      |         ^~~~~~~~~~~~~~~~
/scratch2/agustin/zephyr-chipyard-sw/zephyr_ws/zephyr/include/zephyr/posix/posix_limits.h:83:9: warning: "ARG_MAX" redefined
   83 | #define ARG_MAX                       _POSIX_ARG_MAX
      |         ^~~~~~~
/scratch2/dima/zephyr-chipyard-sw-fresh/tools-manual/zephyr-sdk-1.0.0-beta1/gnu/riscv64-zephyr-elf/riscv64-zephyr-elf/sys-include/sys/syslimits.h:41:9: note: this is the location of the previous definition
   41 | #define ARG_MAX                 65536   /* max bytes for an exec function */
      |         ^~~~~~~
/scratch2/agustin/zephyr-chipyard-sw/zephyr_ws/zephyr/include/zephyr/posix/posix_limits.h:84:9: warning: "ATEXIT_MAX" redefined
   84 | #define ATEXIT_MAX                    (32)
      |         ^~~~~~~~~~
/scratch2/dima/zephyr-chipyard-sw-fresh/tools-manual/zephyr-sdk-1.0.0-beta1/gnu/riscv64-zephyr-elf/riscv64-zephyr-elf/sys-include/sys/syslimits.h:42:9: note: this is the location of the previous definition
   42 | #define ATEXIT_MAX                 32   /* max atexit functions */
      |         ^~~~~~~~~~
/scratch2/agustin/zephyr-chipyard-sw/zephyr_ws/zephyr/include/zephyr/posix/posix_limits.h:93:9: warning: "OPEN_MAX" redefined
   93 | #define OPEN_MAX                      CONFIG_POSIX_OPEN_MAX
      |         ^~~~~~~~
/scratch2/dima/zephyr-chipyard-sw-fresh/tools-manual/zephyr-sdk-1.0.0-beta1/gnu/riscv64-zephyr-elf/riscv64-zephyr-elf/sys-include/sys/syslimits.h:45:9: note: this is the location of the previous definition
   45 | #define OPEN_MAX                   64   /* max open files per process */
      |         ^~~~~~~~
/scratch2/agustin/zephyr-chipyard-sw/zephyr_ws/zephyr/include/zephyr/posix/posix_limits.h:96:9: warning: "PATH_MAX" redefined
   96 | #define PATH_MAX                      _POSIX_PATH_MAX
      |         ^~~~~~~~
/scratch2/dima/zephyr-chipyard-sw-fresh/tools-manual/zephyr-sdk-1.0.0-beta1/gnu/riscv64-zephyr-elf/riscv64-zephyr-elf/sys-include/sys/syslimits.h:53:9: note: this is the location of the previous definition
   53 | #define PATH_MAX                 1024   /* max bytes in pathname */
      |         ^~~~~~~~
/scratch2/agustin/zephyr-chipyard-sw/zephyr_ws/zephyr/include/zephyr/posix/posix_limits.h:114:9: warning: "TZNAME_MAX" redefined
  114 | #define TZNAME_MAX                    _POSIX_TZNAME_MAX
      |         ^~~~~~~~~~
/scratch2/dima/zephyr-chipyard-sw-fresh/tools-manual/zephyr-sdk-1.0.0-beta1/gnu/riscv64-zephyr-elf/riscv64-zephyr-elf/sys-include/sys/syslimits.h:46:9: note: this is the location of the previous definition
   46 | #define TZNAME_MAX                 10   /* max time zone name length */
      |         ^~~~~~~~~~
[125/202] Building C object zephyr/lib/posix/options/CMakeFiles/lib__posix__options.dir/clock.c.obj
In file included from /scratch2/agustin/zephyr-chipyard-sw/zephyr_ws/zephyr/include/zephyr/posix/sys/sysconf.h:11,
                 from /scratch2/agustin/zephyr-chipyard-sw/zephyr_ws/zephyr/include/zephyr/posix/unistd.h:18,
                 from /scratch2/agustin/zephyr-chipyard-sw/zephyr_ws/zephyr/lib/posix/options/clock.c:13:
/scratch2/agustin/zephyr-chipyard-sw/zephyr_ws/zephyr/include/zephyr/posix/posix_limits.h:23:9: warning: "_POSIX_AIO_LISTIO_MAX" redefined
   23 | #define _POSIX_AIO_LISTIO_MAX               (2)
      |         ^~~~~~~~~~~~~~~~~~~~~
In file included from /scratch2/dima/zephyr-chipyard-sw-fresh/tools-manual/zephyr-sdk-1.0.0-beta1/gnu/riscv64-zephyr-elf/riscv64-zephyr-elf/sys-include/limits.h:6,
                 from /scratch2/dima/zephyr-chipyard-sw-fresh/tools-manual/zephyr-sdk-1.0.0-beta1/gnu/riscv64-zephyr-elf/lib/gcc/riscv64-zephyr-elf/14.3.0/include/limits.h:210,
                 from /scratch2/dima/zephyr-chipyard-sw-fresh/tools-manual/zephyr-sdk-1.0.0-beta1/gnu/riscv64-zephyr-elf/lib/gcc/riscv64-zephyr-elf/14.3.0/include/syslimits.h:7,
                 from /scratch2/dima/zephyr-chipyard-sw-fresh/tools-manual/zephyr-sdk-1.0.0-beta1/gnu/riscv64-zephyr-elf/lib/gcc/riscv64-zephyr-elf/14.3.0/include/limits.h:34,
                 from /scratch2/agustin/zephyr-chipyard-sw/zephyr_ws/zephyr/include/zephyr/kernel_includes.h:22,
                 from /scratch2/agustin/zephyr-chipyard-sw/zephyr_ws/zephyr/include/zephyr/kernel.h:17,
                 from /scratch2/agustin/zephyr-chipyard-sw/zephyr_ws/zephyr/lib/posix/options/clock.c:11:
/scratch2/dima/zephyr-chipyard-sw-fresh/tools-manual/zephyr-sdk-1.0.0-beta1/gnu/riscv64-zephyr-elf/riscv64-zephyr-elf/sys-include/sys/syslimits.h:63:9: note: this is the location of the previous definition
   63 | #define _POSIX_AIO_LISTIO_MAX   2
      |         ^~~~~~~~~~~~~~~~~~~~~
/scratch2/agustin/zephyr-chipyard-sw/zephyr_ws/zephyr/include/zephyr/posix/posix_limits.h:24:9: warning: "_POSIX_AIO_MAX" redefined
   24 | #define _POSIX_AIO_MAX                      (1)
      |         ^~~~~~~~~~~~~~
/scratch2/dima/zephyr-chipyard-sw-fresh/tools-manual/zephyr-sdk-1.0.0-beta1/gnu/riscv64-zephyr-elf/riscv64-zephyr-elf/sys-include/sys/syslimits.h:64:9: note: this is the location of the previous definition
   64 | #define _POSIX_AIO_MAX          1
      |         ^~~~~~~~~~~~~~
/scratch2/agustin/zephyr-chipyard-sw/zephyr_ws/zephyr/include/zephyr/posix/posix_limits.h:25:9: warning: "_POSIX_ARG_MAX" redefined
   25 | #define _POSIX_ARG_MAX                      (4096)
      |         ^~~~~~~~~~~~~~
/scratch2/dima/zephyr-chipyard-sw-fresh/tools-manual/zephyr-sdk-1.0.0-beta1/gnu/riscv64-zephyr-elf/riscv64-zephyr-elf/sys-include/sys/syslimits.h:65:9: note: this is the location of the previous definition
   65 | #define _POSIX_ARG_MAX          4096
      |         ^~~~~~~~~~~~~~
/scratch2/agustin/zephyr-chipyard-sw/zephyr_ws/zephyr/include/zephyr/posix/posix_limits.h:26:9: warning: "_POSIX_CHILD_MAX" redefined
   26 | #define _POSIX_CHILD_MAX                    (25)
      |         ^~~~~~~~~~~~~~~~
/scratch2/dima/zephyr-chipyard-sw-fresh/tools-manual/zephyr-sdk-1.0.0-beta1/gnu/riscv64-zephyr-elf/riscv64-zephyr-elf/sys-include/sys/syslimits.h:66:9: note: this is the location of the previous definition
   66 | #define _POSIX_CHILD_MAX        6
      |         ^~~~~~~~~~~~~~~~
/scratch2/agustin/zephyr-chipyard-sw/zephyr_ws/zephyr/include/zephyr/posix/posix_limits.h:27:9: warning: "_POSIX_DELAYTIMER_MAX" redefined
   27 | #define _POSIX_DELAYTIMER_MAX               (32)
      |         ^~~~~~~~~~~~~~~~~~~~~
/scratch2/dima/zephyr-chipyard-sw-fresh/tools-manual/zephyr-sdk-1.0.0-beta1/gnu/riscv64-zephyr-elf/riscv64-zephyr-elf/sys-include/sys/syslimits.h:67:9: note: this is the location of the previous definition
   67 | #define _POSIX_DELAYTIMER_MAX   32
      |         ^~~~~~~~~~~~~~~~~~~~~
/scratch2/agustin/zephyr-chipyard-sw/zephyr_ws/zephyr/include/zephyr/posix/posix_limits.h:28:9: warning: "_POSIX_HOST_NAME_MAX" redefined
   28 | #define _POSIX_HOST_NAME_MAX                (255)
      |         ^~~~~~~~~~~~~~~~~~~~
/scratch2/dima/zephyr-chipyard-sw-fresh/tools-manual/zephyr-sdk-1.0.0-beta1/gnu/riscv64-zephyr-elf/riscv64-zephyr-elf/sys-include/sys/syslimits.h:68:9: note: this is the location of the previous definition
   68 | #define _POSIX_HOST_NAME_MAX    255
      |         ^~~~~~~~~~~~~~~~~~~~
/scratch2/agustin/zephyr-chipyard-sw/zephyr_ws/zephyr/include/zephyr/posix/posix_limits.h:29:9: warning: "_POSIX_LINK_MAX" redefined
   29 | #define _POSIX_LINK_MAX                     (8)
      |         ^~~~~~~~~~~~~~~
/scratch2/dima/zephyr-chipyard-sw-fresh/tools-manual/zephyr-sdk-1.0.0-beta1/gnu/riscv64-zephyr-elf/riscv64-zephyr-elf/sys-include/sys/syslimits.h:69:9: note: this is the location of the previous definition
   69 | #define _POSIX_LINK_MAX         8
      |         ^~~~~~~~~~~~~~~
/scratch2/agustin/zephyr-chipyard-sw/zephyr_ws/zephyr/include/zephyr/posix/posix_limits.h:30:9: warning: "_POSIX_LOGIN_NAME_MAX" redefined
   30 | #define _POSIX_LOGIN_NAME_MAX               (9)
      |         ^~~~~~~~~~~~~~~~~~~~~
/scratch2/dima/zephyr-chipyard-sw-fresh/tools-manual/zephyr-sdk-1.0.0-beta1/gnu/riscv64-zephyr-elf/riscv64-zephyr-elf/sys-include/sys/syslimits.h:70:9: note: this is the location of the previous definition
   70 | #define _POSIX_LOGIN_NAME_MAX   9
      |         ^~~~~~~~~~~~~~~~~~~~~
/scratch2/agustin/zephyr-chipyard-sw/zephyr_ws/zephyr/include/zephyr/posix/posix_limits.h:31:9: warning: "_POSIX_MAX_CANON" redefined
   31 | #define _POSIX_MAX_CANON                    (255)
      |         ^~~~~~~~~~~~~~~~
/scratch2/dima/zephyr-chipyard-sw-fresh/tools-manual/zephyr-sdk-1.0.0-beta1/gnu/riscv64-zephyr-elf/riscv64-zephyr-elf/sys-include/sys/syslimits.h:71:9: note: this is the location of the previous definition
   71 | #define _POSIX_MAX_CANON        255
      |         ^~~~~~~~~~~~~~~~
/scratch2/agustin/zephyr-chipyard-sw/zephyr_ws/zephyr/include/zephyr/posix/posix_limits.h:32:9: warning: "_POSIX_MAX_INPUT" redefined
   32 | #define _POSIX_MAX_INPUT                    (255)
      |         ^~~~~~~~~~~~~~~~
/scratch2/dima/zephyr-chipyard-sw-fresh/tools-manual/zephyr-sdk-1.0.0-beta1/gnu/riscv64-zephyr-elf/riscv64-zephyr-elf/sys-include/sys/syslimits.h:72:9: note: this is the location of the previous definition
   72 | #define _POSIX_MAX_INPUT        255
      |         ^~~~~~~~~~~~~~~~
/scratch2/agustin/zephyr-chipyard-sw/zephyr_ws/zephyr/include/zephyr/posix/posix_limits.h:33:9: warning: "_POSIX_MQ_OPEN_MAX" redefined
   33 | #define _POSIX_MQ_OPEN_MAX                  (8)
      |         ^~~~~~~~~~~~~~~~~~
/scratch2/dima/zephyr-chipyard-sw-fresh/tools-manual/zephyr-sdk-1.0.0-beta1/gnu/riscv64-zephyr-elf/riscv64-zephyr-elf/sys-include/sys/syslimits.h:73:9: note: this is the location of the previous definition
   73 | #define _POSIX_MQ_OPEN_MAX      8
      |         ^~~~~~~~~~~~~~~~~~
/scratch2/agustin/zephyr-chipyard-sw/zephyr_ws/zephyr/include/zephyr/posix/posix_limits.h:34:9: warning: "_POSIX_MQ_PRIO_MAX" redefined
   34 | #define _POSIX_MQ_PRIO_MAX                  (32)
      |         ^~~~~~~~~~~~~~~~~~
/scratch2/dima/zephyr-chipyard-sw-fresh/tools-manual/zephyr-sdk-1.0.0-beta1/gnu/riscv64-zephyr-elf/riscv64-zephyr-elf/sys-include/sys/syslimits.h:74:9: note: this is the location of the previous definition
   74 | #define _POSIX_MQ_PRIO_MAX      32
      |         ^~~~~~~~~~~~~~~~~~
/scratch2/agustin/zephyr-chipyard-sw/zephyr_ws/zephyr/include/zephyr/posix/posix_limits.h:35:9: warning: "_POSIX_NAME_MAX" redefined
   35 | #define _POSIX_NAME_MAX                     (14)
      |         ^~~~~~~~~~~~~~~
/scratch2/dima/zephyr-chipyard-sw-fresh/tools-manual/zephyr-sdk-1.0.0-beta1/gnu/riscv64-zephyr-elf/riscv64-zephyr-elf/sys-include/sys/syslimits.h:75:9: note: this is the location of the previous definition
   75 | #define _POSIX_NAME_MAX         14
      |         ^~~~~~~~~~~~~~~
/scratch2/agustin/zephyr-chipyard-sw/zephyr_ws/zephyr/include/zephyr/posix/posix_limits.h:36:9: warning: "_POSIX_NGROUPS_MAX" redefined
   36 | #define _POSIX_NGROUPS_MAX                  (8)
      |         ^~~~~~~~~~~~~~~~~~
/scratch2/dima/zephyr-chipyard-sw-fresh/tools-manual/zephyr-sdk-1.0.0-beta1/gnu/riscv64-zephyr-elf/riscv64-zephyr-elf/sys-include/sys/syslimits.h:76:9: note: this is the location of the previous definition
   76 | #define _POSIX_NGROUPS_MAX      0
      |         ^~~~~~~~~~~~~~~~~~
/scratch2/agustin/zephyr-chipyard-sw/zephyr_ws/zephyr/include/zephyr/posix/posix_limits.h:37:9: warning: "_POSIX_OPEN_MAX" redefined
   37 | #define _POSIX_OPEN_MAX                     (20)
      |         ^~~~~~~~~~~~~~~
/scratch2/dima/zephyr-chipyard-sw-fresh/tools-manual/zephyr-sdk-1.0.0-beta1/gnu/riscv64-zephyr-elf/riscv64-zephyr-elf/sys-include/sys/syslimits.h:77:9: note: this is the location of the previous definition
   77 | #define _POSIX_OPEN_MAX         16
      |         ^~~~~~~~~~~~~~~
/scratch2/agustin/zephyr-chipyard-sw/zephyr_ws/zephyr/include/zephyr/posix/posix_limits.h:38:9: warning: "_POSIX_PATH_MAX" redefined
   38 | #define _POSIX_PATH_MAX                     (256)
      |         ^~~~~~~~~~~~~~~
/scratch2/dima/zephyr-chipyard-sw-fresh/tools-manual/zephyr-sdk-1.0.0-beta1/gnu/riscv64-zephyr-elf/riscv64-zephyr-elf/sys-include/sys/syslimits.h:78:9: note: this is the location of the previous definition
   78 | #define _POSIX_PATH_MAX         255
      |         ^~~~~~~~~~~~~~~
/scratch2/agustin/zephyr-chipyard-sw/zephyr_ws/zephyr/include/zephyr/posix/posix_limits.h:39:9: warning: "_POSIX_PIPE_BUF" redefined
   39 | #define _POSIX_PIPE_BUF                     (512)
      |         ^~~~~~~~~~~~~~~
/scratch2/dima/zephyr-chipyard-sw-fresh/tools-manual/zephyr-sdk-1.0.0-beta1/gnu/riscv64-zephyr-elf/riscv64-zephyr-elf/sys-include/sys/syslimits.h:79:9: note: this is the location of the previous definition
   79 | #define _POSIX_PIPE_BUF         512
      |         ^~~~~~~~~~~~~~~
/scratch2/agustin/zephyr-chipyard-sw/zephyr_ws/zephyr/include/zephyr/posix/posix_limits.h:40:9: warning: "_POSIX_RE_DUP_MAX" redefined
   40 | #define _POSIX_RE_DUP_MAX                   (255)
      |         ^~~~~~~~~~~~~~~~~
/scratch2/dima/zephyr-chipyard-sw-fresh/tools-manual/zephyr-sdk-1.0.0-beta1/gnu/riscv64-zephyr-elf/riscv64-zephyr-elf/sys-include/sys/syslimits.h:80:9: note: this is the location of the previous definition
   80 | #define _POSIX_RE_DUP_MAX       255
      |         ^~~~~~~~~~~~~~~~~
/scratch2/agustin/zephyr-chipyard-sw/zephyr_ws/zephyr/include/zephyr/posix/posix_limits.h:41:9: warning: "_POSIX_RTSIG_MAX" redefined
   41 | #define _POSIX_RTSIG_MAX                    (8)
      |         ^~~~~~~~~~~~~~~~
/scratch2/dima/zephyr-chipyard-sw-fresh/tools-manual/zephyr-sdk-1.0.0-beta1/gnu/riscv64-zephyr-elf/riscv64-zephyr-elf/sys-include/sys/syslimits.h:81:9: note: this is the location of the previous definition
   81 | #define _POSIX_RTSIG_MAX        8
      |         ^~~~~~~~~~~~~~~~
/scratch2/agustin/zephyr-chipyard-sw/zephyr_ws/zephyr/include/zephyr/posix/posix_limits.h:42:9: warning: "_POSIX_SEM_NSEMS_MAX" redefined
   42 | #define _POSIX_SEM_NSEMS_MAX                (256)
      |         ^~~~~~~~~~~~~~~~~~~~
/scratch2/dima/zephyr-chipyard-sw-fresh/tools-manual/zephyr-sdk-1.0.0-beta1/gnu/riscv64-zephyr-elf/riscv64-zephyr-elf/sys-include/sys/syslimits.h:82:9: note: this is the location of the previous definition
   82 | #define _POSIX_SEM_NSEMS_MAX    256
      |         ^~~~~~~~~~~~~~~~~~~~
/scratch2/agustin/zephyr-chipyard-sw/zephyr_ws/zephyr/include/zephyr/posix/posix_limits.h:43:9: warning: "_POSIX_SEM_VALUE_MAX" redefined
   43 | #define _POSIX_SEM_VALUE_MAX                (32767)
      |         ^~~~~~~~~~~~~~~~~~~~
/scratch2/dima/zephyr-chipyard-sw-fresh/tools-manual/zephyr-sdk-1.0.0-beta1/gnu/riscv64-zephyr-elf/riscv64-zephyr-elf/sys-include/sys/syslimits.h:83:9: note: this is the location of the previous definition
   83 | #define _POSIX_SEM_VALUE_MAX    32767
      |         ^~~~~~~~~~~~~~~~~~~~
/scratch2/agustin/zephyr-chipyard-sw/zephyr_ws/zephyr/include/zephyr/posix/posix_limits.h:44:9: warning: "_POSIX_SIGQUEUE_MAX" redefined
   44 | #define _POSIX_SIGQUEUE_MAX                 (32)
      |         ^~~~~~~~~~~~~~~~~~~
/scratch2/dima/zephyr-chipyard-sw-fresh/tools-manual/zephyr-sdk-1.0.0-beta1/gnu/riscv64-zephyr-elf/riscv64-zephyr-elf/sys-include/sys/syslimits.h:84:9: note: this is the location of the previous definition
   84 | #define _POSIX_SIGQUEUE_MAX     32
      |         ^~~~~~~~~~~~~~~~~~~
/scratch2/agustin/zephyr-chipyard-sw/zephyr_ws/zephyr/include/zephyr/posix/posix_limits.h:45:9: warning: "_POSIX_SSIZE_MAX" redefined
   45 | #define _POSIX_SSIZE_MAX                    (32767)
      |         ^~~~~~~~~~~~~~~~
/scratch2/dima/zephyr-chipyard-sw-fresh/tools-manual/zephyr-sdk-1.0.0-beta1/gnu/riscv64-zephyr-elf/riscv64-zephyr-elf/sys-include/sys/syslimits.h:85:9: note: this is the location of the previous definition
   85 | #define _POSIX_SSIZE_MAX        32767
      |         ^~~~~~~~~~~~~~~~
/scratch2/agustin/zephyr-chipyard-sw/zephyr_ws/zephyr/include/zephyr/posix/posix_limits.h:46:9: warning: "_POSIX_SS_REPL_MAX" redefined
   46 | #define _POSIX_SS_REPL_MAX                  (4)
      |         ^~~~~~~~~~~~~~~~~~
/scratch2/dima/zephyr-chipyard-sw-fresh/tools-manual/zephyr-sdk-1.0.0-beta1/gnu/riscv64-zephyr-elf/riscv64-zephyr-elf/sys-include/sys/syslimits.h:86:9: note: this is the location of the previous definition
   86 | #define _POSIX_SS_REPL_MAX      4
      |         ^~~~~~~~~~~~~~~~~~
/scratch2/agustin/zephyr-chipyard-sw/zephyr_ws/zephyr/include/zephyr/posix/posix_limits.h:47:9: warning: "_POSIX_STREAM_MAX" redefined
   47 | #define _POSIX_STREAM_MAX                   (8)
      |         ^~~~~~~~~~~~~~~~~
/scratch2/dima/zephyr-chipyard-sw-fresh/tools-manual/zephyr-sdk-1.0.0-beta1/gnu/riscv64-zephyr-elf/riscv64-zephyr-elf/sys-include/sys/syslimits.h:87:9: note: this is the location of the previous definition
   87 | #define _POSIX_STREAM_MAX       8
      |         ^~~~~~~~~~~~~~~~~
/scratch2/agustin/zephyr-chipyard-sw/zephyr_ws/zephyr/include/zephyr/posix/posix_limits.h:48:9: warning: "_POSIX_SYMLINK_MAX" redefined
   48 | #define _POSIX_SYMLINK_MAX                  (255)
      |         ^~~~~~~~~~~~~~~~~~
/scratch2/dima/zephyr-chipyard-sw-fresh/tools-manual/zephyr-sdk-1.0.0-beta1/gnu/riscv64-zephyr-elf/riscv64-zephyr-elf/sys-include/sys/syslimits.h:88:9: note: this is the location of the previous definition
   88 | #define _POSIX_SYMLINK_MAX      255
      |         ^~~~~~~~~~~~~~~~~~
/scratch2/agustin/zephyr-chipyard-sw/zephyr_ws/zephyr/include/zephyr/posix/posix_limits.h:49:9: warning: "_POSIX_SYMLOOP_MAX" redefined
   49 | #define _POSIX_SYMLOOP_MAX                  (8)
      |         ^~~~~~~~~~~~~~~~~~
/scratch2/dima/zephyr-chipyard-sw-fresh/tools-manual/zephyr-sdk-1.0.0-beta1/gnu/riscv64-zephyr-elf/riscv64-zephyr-elf/sys-include/sys/syslimits.h:89:9: note: this is the location of the previous definition
   89 | #define _POSIX_SYMLOOP_MAX      8
      |         ^~~~~~~~~~~~~~~~~~
/scratch2/agustin/zephyr-chipyard-sw/zephyr_ws/zephyr/include/zephyr/posix/posix_limits.h:50:9: warning: "_POSIX_THREAD_DESTRUCTOR_ITERATIONS" redefined
   50 | #define _POSIX_THREAD_DESTRUCTOR_ITERATIONS (4)
      |         ^~~~~~~~~~~~~~~~~~~~~~~~~~~~~~~~~~~
/scratch2/dima/zephyr-chipyard-sw-fresh/tools-manual/zephyr-sdk-1.0.0-beta1/gnu/riscv64-zephyr-elf/riscv64-zephyr-elf/sys-include/sys/syslimits.h:90:9: note: this is the location of the previous definition
   90 | #define _POSIX_THREAD_DESTRUCTOR_ITERATIONS     4
      |         ^~~~~~~~~~~~~~~~~~~~~~~~~~~~~~~~~~~
/scratch2/agustin/zephyr-chipyard-sw/zephyr_ws/zephyr/include/zephyr/posix/posix_limits.h:51:9: warning: "_POSIX_THREAD_KEYS_MAX" redefined
   51 | #define _POSIX_THREAD_KEYS_MAX              (128)
      |         ^~~~~~~~~~~~~~~~~~~~~~
/scratch2/dima/zephyr-chipyard-sw-fresh/tools-manual/zephyr-sdk-1.0.0-beta1/gnu/riscv64-zephyr-elf/riscv64-zephyr-elf/sys-include/sys/syslimits.h:91:9: note: this is the location of the previous definition
   91 | #define _POSIX_THREAD_KEYS_MAX  128
      |         ^~~~~~~~~~~~~~~~~~~~~~
/scratch2/agustin/zephyr-chipyard-sw/zephyr_ws/zephyr/include/zephyr/posix/posix_limits.h:52:9: warning: "_POSIX_THREAD_THREADS_MAX" redefined
   52 | #define _POSIX_THREAD_THREADS_MAX           (64)
      |         ^~~~~~~~~~~~~~~~~~~~~~~~~
/scratch2/dima/zephyr-chipyard-sw-fresh/tools-manual/zephyr-sdk-1.0.0-beta1/gnu/riscv64-zephyr-elf/riscv64-zephyr-elf/sys-include/sys/syslimits.h:92:9: note: this is the location of the previous definition
   92 | #define _POSIX_THREAD_THREADS_MAX       64
      |         ^~~~~~~~~~~~~~~~~~~~~~~~~
/scratch2/agustin/zephyr-chipyard-sw/zephyr_ws/zephyr/include/zephyr/posix/posix_limits.h:53:9: warning: "_POSIX_TIMER_MAX" redefined
   53 | #define _POSIX_TIMER_MAX                    (32)
      |         ^~~~~~~~~~~~~~~~
/scratch2/dima/zephyr-chipyard-sw-fresh/tools-manual/zephyr-sdk-1.0.0-beta1/gnu/riscv64-zephyr-elf/riscv64-zephyr-elf/sys-include/sys/syslimits.h:93:9: note: this is the location of the previous definition
   93 | #define _POSIX_TIMER_MAX        32
      |         ^~~~~~~~~~~~~~~~
/scratch2/agustin/zephyr-chipyard-sw/zephyr_ws/zephyr/include/zephyr/posix/posix_limits.h:54:9: warning: "_POSIX_TRACE_EVENT_NAME_MAX" redefined
   54 | #define _POSIX_TRACE_EVENT_NAME_MAX         (30)
      |         ^~~~~~~~~~~~~~~~~~~~~~~~~~~
/scratch2/dima/zephyr-chipyard-sw-fresh/tools-manual/zephyr-sdk-1.0.0-beta1/gnu/riscv64-zephyr-elf/riscv64-zephyr-elf/sys-include/sys/syslimits.h:94:9: note: this is the location of the previous definition
   94 | #define _POSIX_TRACE_EVENT_NAME_MAX     30
      |         ^~~~~~~~~~~~~~~~~~~~~~~~~~~
/scratch2/agustin/zephyr-chipyard-sw/zephyr_ws/zephyr/include/zephyr/posix/posix_limits.h:55:9: warning: "_POSIX_TRACE_NAME_MAX" redefined
   55 | #define _POSIX_TRACE_NAME_MAX               (8)
      |         ^~~~~~~~~~~~~~~~~~~~~
/scratch2/dima/zephyr-chipyard-sw-fresh/tools-manual/zephyr-sdk-1.0.0-beta1/gnu/riscv64-zephyr-elf/riscv64-zephyr-elf/sys-include/sys/syslimits.h:95:9: note: this is the location of the previous definition
   95 | #define _POSIX_TRACE_NAME_MAX   8
      |         ^~~~~~~~~~~~~~~~~~~~~
/scratch2/agustin/zephyr-chipyard-sw/zephyr_ws/zephyr/include/zephyr/posix/posix_limits.h:56:9: warning: "_POSIX_TRACE_SYS_MAX" redefined
   56 | #define _POSIX_TRACE_SYS_MAX                (8)
      |         ^~~~~~~~~~~~~~~~~~~~
/scratch2/dima/zephyr-chipyard-sw-fresh/tools-manual/zephyr-sdk-1.0.0-beta1/gnu/riscv64-zephyr-elf/riscv64-zephyr-elf/sys-include/sys/syslimits.h:96:9: note: this is the location of the previous definition
   96 | #define _POSIX_TRACE_SYS_MAX    8
      |         ^~~~~~~~~~~~~~~~~~~~
/scratch2/agustin/zephyr-chipyard-sw/zephyr_ws/zephyr/include/zephyr/posix/posix_limits.h:57:9: warning: "_POSIX_TRACE_USER_EVENT_MAX" redefined
   57 | #define _POSIX_TRACE_USER_EVENT_MAX         (32)
      |         ^~~~~~~~~~~~~~~~~~~~~~~~~~~
/scratch2/dima/zephyr-chipyard-sw-fresh/tools-manual/zephyr-sdk-1.0.0-beta1/gnu/riscv64-zephyr-elf/riscv64-zephyr-elf/sys-include/sys/syslimits.h:97:9: note: this is the location of the previous definition
   97 | #define _POSIX_TRACE_USER_EVENT_MAX     32
      |         ^~~~~~~~~~~~~~~~~~~~~~~~~~~
/scratch2/agustin/zephyr-chipyard-sw/zephyr_ws/zephyr/include/zephyr/posix/posix_limits.h:58:9: warning: "_POSIX_TTY_NAME_MAX" redefined
   58 | #define _POSIX_TTY_NAME_MAX                 (9)
      |         ^~~~~~~~~~~~~~~~~~~
/scratch2/dima/zephyr-chipyard-sw-fresh/tools-manual/zephyr-sdk-1.0.0-beta1/gnu/riscv64-zephyr-elf/riscv64-zephyr-elf/sys-include/sys/syslimits.h:98:9: note: this is the location of the previous definition
   98 | #define _POSIX_TTY_NAME_MAX     9
      |         ^~~~~~~~~~~~~~~~~~~
/scratch2/agustin/zephyr-chipyard-sw/zephyr_ws/zephyr/include/zephyr/posix/posix_limits.h:59:9: warning: "_POSIX_TZNAME_MAX" redefined
   59 | #define _POSIX_TZNAME_MAX                   (6)
      |         ^~~~~~~~~~~~~~~~~
/scratch2/dima/zephyr-chipyard-sw-fresh/tools-manual/zephyr-sdk-1.0.0-beta1/gnu/riscv64-zephyr-elf/riscv64-zephyr-elf/sys-include/sys/syslimits.h:99:9: note: this is the location of the previous definition
   99 | #define _POSIX_TZNAME_MAX       3
      |         ^~~~~~~~~~~~~~~~~
/scratch2/agustin/zephyr-chipyard-sw/zephyr_ws/zephyr/include/zephyr/posix/posix_limits.h:60:9: warning: "_POSIX2_BC_BASE_MAX" redefined
   60 | #define _POSIX2_BC_BASE_MAX                 (99)
      |         ^~~~~~~~~~~~~~~~~~~
/scratch2/dima/zephyr-chipyard-sw-fresh/tools-manual/zephyr-sdk-1.0.0-beta1/gnu/riscv64-zephyr-elf/riscv64-zephyr-elf/sys-include/sys/syslimits.h:100:9: note: this is the location of the previous definition
  100 | #define _POSIX2_BC_BASE_MAX     99
      |         ^~~~~~~~~~~~~~~~~~~
/scratch2/agustin/zephyr-chipyard-sw/zephyr_ws/zephyr/include/zephyr/posix/posix_limits.h:61:9: warning: "_POSIX2_BC_DIM_MAX" redefined
   61 | #define _POSIX2_BC_DIM_MAX                  (2048)
      |         ^~~~~~~~~~~~~~~~~~
/scratch2/dima/zephyr-chipyard-sw-fresh/tools-manual/zephyr-sdk-1.0.0-beta1/gnu/riscv64-zephyr-elf/riscv64-zephyr-elf/sys-include/sys/syslimits.h:101:9: note: this is the location of the previous definition
  101 | #define _POSIX2_BC_DIM_MAX      2048
      |         ^~~~~~~~~~~~~~~~~~
/scratch2/agustin/zephyr-chipyard-sw/zephyr_ws/zephyr/include/zephyr/posix/posix_limits.h:62:9: warning: "_POSIX2_BC_SCALE_MAX" redefined
   62 | #define _POSIX2_BC_SCALE_MAX                (99)
      |         ^~~~~~~~~~~~~~~~~~~~
/scratch2/dima/zephyr-chipyard-sw-fresh/tools-manual/zephyr-sdk-1.0.0-beta1/gnu/riscv64-zephyr-elf/riscv64-zephyr-elf/sys-include/sys/syslimits.h:102:9: note: this is the location of the previous definition
  102 | #define _POSIX2_BC_SCALE_MAX    99
      |         ^~~~~~~~~~~~~~~~~~~~
/scratch2/agustin/zephyr-chipyard-sw/zephyr_ws/zephyr/include/zephyr/posix/posix_limits.h:63:9: warning: "_POSIX2_BC_STRING_MAX" redefined
   63 | #define _POSIX2_BC_STRING_MAX               (1000)
      |         ^~~~~~~~~~~~~~~~~~~~~
/scratch2/dima/zephyr-chipyard-sw-fresh/tools-manual/zephyr-sdk-1.0.0-beta1/gnu/riscv64-zephyr-elf/riscv64-zephyr-elf/sys-include/sys/syslimits.h:103:9: note: this is the location of the previous definition
  103 | #define _POSIX2_BC_STRING_MAX   1000
      |         ^~~~~~~~~~~~~~~~~~~~~
/scratch2/agustin/zephyr-chipyard-sw/zephyr_ws/zephyr/include/zephyr/posix/posix_limits.h:64:9: warning: "_POSIX2_CHARCLASS_NAME_MAX" redefined
   64 | #define _POSIX2_CHARCLASS_NAME_MAX          (14)
      |         ^~~~~~~~~~~~~~~~~~~~~~~~~~
/scratch2/dima/zephyr-chipyard-sw-fresh/tools-manual/zephyr-sdk-1.0.0-beta1/gnu/riscv64-zephyr-elf/riscv64-zephyr-elf/sys-include/sys/syslimits.h:104:9: note: this is the location of the previous definition
  104 | #define _POSIX2_CHARCLASS_NAME_MAX      14
      |         ^~~~~~~~~~~~~~~~~~~~~~~~~~
/scratch2/agustin/zephyr-chipyard-sw/zephyr_ws/zephyr/include/zephyr/posix/posix_limits.h:65:9: warning: "_POSIX2_COLL_WEIGHTS_MAX" redefined
   65 | #define _POSIX2_COLL_WEIGHTS_MAX            (2)
      |         ^~~~~~~~~~~~~~~~~~~~~~~~
/scratch2/dima/zephyr-chipyard-sw-fresh/tools-manual/zephyr-sdk-1.0.0-beta1/gnu/riscv64-zephyr-elf/riscv64-zephyr-elf/sys-include/sys/syslimits.h:105:9: note: this is the location of the previous definition
  105 | #define _POSIX2_COLL_WEIGHTS_MAX        2
      |         ^~~~~~~~~~~~~~~~~~~~~~~~
/scratch2/agustin/zephyr-chipyard-sw/zephyr_ws/zephyr/include/zephyr/posix/posix_limits.h:66:9: warning: "_POSIX2_EXPR_NEST_MAX" redefined
   66 | #define _POSIX2_EXPR_NEST_MAX               (32)
      |         ^~~~~~~~~~~~~~~~~~~~~
/scratch2/dima/zephyr-chipyard-sw-fresh/tools-manual/zephyr-sdk-1.0.0-beta1/gnu/riscv64-zephyr-elf/riscv64-zephyr-elf/sys-include/sys/syslimits.h:106:9: note: this is the location of the previous definition
  106 | #define _POSIX2_EXPR_NEST_MAX   32
      |         ^~~~~~~~~~~~~~~~~~~~~
/scratch2/agustin/zephyr-chipyard-sw/zephyr_ws/zephyr/include/zephyr/posix/posix_limits.h:67:9: warning: "_POSIX2_LINE_MAX" redefined
   67 | #define _POSIX2_LINE_MAX                    (2048)
      |         ^~~~~~~~~~~~~~~~
/scratch2/dima/zephyr-chipyard-sw-fresh/tools-manual/zephyr-sdk-1.0.0-beta1/gnu/riscv64-zephyr-elf/riscv64-zephyr-elf/sys-include/sys/syslimits.h:107:9: note: this is the location of the previous definition
  107 | #define _POSIX2_LINE_MAX        2048
      |         ^~~~~~~~~~~~~~~~
/scratch2/agustin/zephyr-chipyard-sw/zephyr_ws/zephyr/include/zephyr/posix/posix_limits.h:83:9: warning: "ARG_MAX" redefined
   83 | #define ARG_MAX                       _POSIX_ARG_MAX
      |         ^~~~~~~
/scratch2/dima/zephyr-chipyard-sw-fresh/tools-manual/zephyr-sdk-1.0.0-beta1/gnu/riscv64-zephyr-elf/riscv64-zephyr-elf/sys-include/sys/syslimits.h:41:9: note: this is the location of the previous definition
   41 | #define ARG_MAX                 65536   /* max bytes for an exec function */
      |         ^~~~~~~
/scratch2/agustin/zephyr-chipyard-sw/zephyr_ws/zephyr/include/zephyr/posix/posix_limits.h:84:9: warning: "ATEXIT_MAX" redefined
   84 | #define ATEXIT_MAX                    (32)
      |         ^~~~~~~~~~
/scratch2/dima/zephyr-chipyard-sw-fresh/tools-manual/zephyr-sdk-1.0.0-beta1/gnu/riscv64-zephyr-elf/riscv64-zephyr-elf/sys-include/sys/syslimits.h:42:9: note: this is the location of the previous definition
   42 | #define ATEXIT_MAX                 32   /* max atexit functions */
      |         ^~~~~~~~~~
/scratch2/agustin/zephyr-chipyard-sw/zephyr_ws/zephyr/include/zephyr/posix/posix_limits.h:93:9: warning: "OPEN_MAX" redefined
   93 | #define OPEN_MAX                      CONFIG_POSIX_OPEN_MAX
      |         ^~~~~~~~
/scratch2/dima/zephyr-chipyard-sw-fresh/tools-manual/zephyr-sdk-1.0.0-beta1/gnu/riscv64-zephyr-elf/riscv64-zephyr-elf/sys-include/sys/syslimits.h:45:9: note: this is the location of the previous definition
   45 | #define OPEN_MAX                   64   /* max open files per process */
      |         ^~~~~~~~
/scratch2/agustin/zephyr-chipyard-sw/zephyr_ws/zephyr/include/zephyr/posix/posix_limits.h:96:9: warning: "PATH_MAX" redefined
   96 | #define PATH_MAX                      _POSIX_PATH_MAX
      |         ^~~~~~~~
/scratch2/dima/zephyr-chipyard-sw-fresh/tools-manual/zephyr-sdk-1.0.0-beta1/gnu/riscv64-zephyr-elf/riscv64-zephyr-elf/sys-include/sys/syslimits.h:53:9: note: this is the location of the previous definition
   53 | #define PATH_MAX                 1024   /* max bytes in pathname */
      |         ^~~~~~~~
/scratch2/agustin/zephyr-chipyard-sw/zephyr_ws/zephyr/include/zephyr/posix/posix_limits.h:114:9: warning: "TZNAME_MAX" redefined
  114 | #define TZNAME_MAX                    _POSIX_TZNAME_MAX
      |         ^~~~~~~~~~
/scratch2/dima/zephyr-chipyard-sw-fresh/tools-manual/zephyr-sdk-1.0.0-beta1/gnu/riscv64-zephyr-elf/riscv64-zephyr-elf/sys-include/sys/syslimits.h:46:9: note: this is the location of the previous definition
   46 | #define TZNAME_MAX                 10   /* max time zone name length */
      |         ^~~~~~~~~~
[126/202] Building C object zephyr/lib/posix/options/CMakeFiles/lib__posix__options.dir/grp.c.obj
[127/202] Building C object zephyr/lib/posix/options/CMakeFiles/lib__posix__options.dir/pwd.c.obj
[128/202] Building C object zephyr/lib/posix/options/CMakeFiles/lib__posix__options.dir/mlock.c.obj
[129/202] Building C object zephyr/lib/posix/options/CMakeFiles/lib__posix__options.dir/fsync.c.obj
In file included from /scratch2/agustin/zephyr-chipyard-sw/zephyr_ws/zephyr/include/zephyr/posix/sys/sysconf.h:11,
                 from /scratch2/agustin/zephyr-chipyard-sw/zephyr_ws/zephyr/include/zephyr/posix/unistd.h:18,
                 from /scratch2/agustin/zephyr-chipyard-sw/zephyr_ws/zephyr/lib/posix/options/fsync.c:7:
/scratch2/agustin/zephyr-chipyard-sw/zephyr_ws/zephyr/include/zephyr/posix/posix_limits.h:23:9: warning: "_POSIX_AIO_LISTIO_MAX" redefined
   23 | #define _POSIX_AIO_LISTIO_MAX               (2)
      |         ^~~~~~~~~~~~~~~~~~~~~
In file included from /scratch2/dima/zephyr-chipyard-sw-fresh/tools-manual/zephyr-sdk-1.0.0-beta1/gnu/riscv64-zephyr-elf/riscv64-zephyr-elf/sys-include/limits.h:6,
                 from /scratch2/dima/zephyr-chipyard-sw-fresh/tools-manual/zephyr-sdk-1.0.0-beta1/gnu/riscv64-zephyr-elf/lib/gcc/riscv64-zephyr-elf/14.3.0/include/limits.h:210,
                 from /scratch2/dima/zephyr-chipyard-sw-fresh/tools-manual/zephyr-sdk-1.0.0-beta1/gnu/riscv64-zephyr-elf/lib/gcc/riscv64-zephyr-elf/14.3.0/include/syslimits.h:7,
                 from /scratch2/dima/zephyr-chipyard-sw-fresh/tools-manual/zephyr-sdk-1.0.0-beta1/gnu/riscv64-zephyr-elf/lib/gcc/riscv64-zephyr-elf/14.3.0/include/limits.h:34,
                 from /scratch2/agustin/zephyr-chipyard-sw/zephyr_ws/zephyr/include/zephyr/kernel_includes.h:22,
                 from /scratch2/agustin/zephyr-chipyard-sw/zephyr_ws/zephyr/include/zephyr/kernel.h:17,
                 from /scratch2/agustin/zephyr-chipyard-sw/zephyr_ws/zephyr/include/zephyr/posix/posix_types.h:30,
                 from /scratch2/agustin/zephyr-chipyard-sw/zephyr_ws/zephyr/include/zephyr/posix/unistd.h:11:
/scratch2/dima/zephyr-chipyard-sw-fresh/tools-manual/zephyr-sdk-1.0.0-beta1/gnu/riscv64-zephyr-elf/riscv64-zephyr-elf/sys-include/sys/syslimits.h:63:9: note: this is the location of the previous definition
   63 | #define _POSIX_AIO_LISTIO_MAX   2
      |         ^~~~~~~~~~~~~~~~~~~~~
/scratch2/agustin/zephyr-chipyard-sw/zephyr_ws/zephyr/include/zephyr/posix/posix_limits.h:24:9: warning: "_POSIX_AIO_MAX" redefined
   24 | #define _POSIX_AIO_MAX                      (1)
      |         ^~~~~~~~~~~~~~
/scratch2/dima/zephyr-chipyard-sw-fresh/tools-manual/zephyr-sdk-1.0.0-beta1/gnu/riscv64-zephyr-elf/riscv64-zephyr-elf/sys-include/sys/syslimits.h:64:9: note: this is the location of the previous definition
   64 | #define _POSIX_AIO_MAX          1
      |         ^~~~~~~~~~~~~~
/scratch2/agustin/zephyr-chipyard-sw/zephyr_ws/zephyr/include/zephyr/posix/posix_limits.h:25:9: warning: "_POSIX_ARG_MAX" redefined
   25 | #define _POSIX_ARG_MAX                      (4096)
      |         ^~~~~~~~~~~~~~
/scratch2/dima/zephyr-chipyard-sw-fresh/tools-manual/zephyr-sdk-1.0.0-beta1/gnu/riscv64-zephyr-elf/riscv64-zephyr-elf/sys-include/sys/syslimits.h:65:9: note: this is the location of the previous definition
   65 | #define _POSIX_ARG_MAX          4096
      |         ^~~~~~~~~~~~~~
/scratch2/agustin/zephyr-chipyard-sw/zephyr_ws/zephyr/include/zephyr/posix/posix_limits.h:26:9: warning: "_POSIX_CHILD_MAX" redefined
   26 | #define _POSIX_CHILD_MAX                    (25)
      |         ^~~~~~~~~~~~~~~~
/scratch2/dima/zephyr-chipyard-sw-fresh/tools-manual/zephyr-sdk-1.0.0-beta1/gnu/riscv64-zephyr-elf/riscv64-zephyr-elf/sys-include/sys/syslimits.h:66:9: note: this is the location of the previous definition
   66 | #define _POSIX_CHILD_MAX        6
      |         ^~~~~~~~~~~~~~~~
/scratch2/agustin/zephyr-chipyard-sw/zephyr_ws/zephyr/include/zephyr/posix/posix_limits.h:27:9: warning: "_POSIX_DELAYTIMER_MAX" redefined
   27 | #define _POSIX_DELAYTIMER_MAX               (32)
      |         ^~~~~~~~~~~~~~~~~~~~~
/scratch2/dima/zephyr-chipyard-sw-fresh/tools-manual/zephyr-sdk-1.0.0-beta1/gnu/riscv64-zephyr-elf/riscv64-zephyr-elf/sys-include/sys/syslimits.h:67:9: note: this is the location of the previous definition
   67 | #define _POSIX_DELAYTIMER_MAX   32
      |         ^~~~~~~~~~~~~~~~~~~~~
/scratch2/agustin/zephyr-chipyard-sw/zephyr_ws/zephyr/include/zephyr/posix/posix_limits.h:28:9: warning: "_POSIX_HOST_NAME_MAX" redefined
   28 | #define _POSIX_HOST_NAME_MAX                (255)
      |         ^~~~~~~~~~~~~~~~~~~~
/scratch2/dima/zephyr-chipyard-sw-fresh/tools-manual/zephyr-sdk-1.0.0-beta1/gnu/riscv64-zephyr-elf/riscv64-zephyr-elf/sys-include/sys/syslimits.h:68:9: note: this is the location of the previous definition
   68 | #define _POSIX_HOST_NAME_MAX    255
      |         ^~~~~~~~~~~~~~~~~~~~
/scratch2/agustin/zephyr-chipyard-sw/zephyr_ws/zephyr/include/zephyr/posix/posix_limits.h:29:9: warning: "_POSIX_LINK_MAX" redefined
   29 | #define _POSIX_LINK_MAX                     (8)
      |         ^~~~~~~~~~~~~~~
/scratch2/dima/zephyr-chipyard-sw-fresh/tools-manual/zephyr-sdk-1.0.0-beta1/gnu/riscv64-zephyr-elf/riscv64-zephyr-elf/sys-include/sys/syslimits.h:69:9: note: this is the location of the previous definition
   69 | #define _POSIX_LINK_MAX         8
      |         ^~~~~~~~~~~~~~~
/scratch2/agustin/zephyr-chipyard-sw/zephyr_ws/zephyr/include/zephyr/posix/posix_limits.h:30:9: warning: "_POSIX_LOGIN_NAME_MAX" redefined
   30 | #define _POSIX_LOGIN_NAME_MAX               (9)
      |         ^~~~~~~~~~~~~~~~~~~~~
/scratch2/dima/zephyr-chipyard-sw-fresh/tools-manual/zephyr-sdk-1.0.0-beta1/gnu/riscv64-zephyr-elf/riscv64-zephyr-elf/sys-include/sys/syslimits.h:70:9: note: this is the location of the previous definition
   70 | #define _POSIX_LOGIN_NAME_MAX   9
      |         ^~~~~~~~~~~~~~~~~~~~~
/scratch2/agustin/zephyr-chipyard-sw/zephyr_ws/zephyr/include/zephyr/posix/posix_limits.h:31:9: warning: "_POSIX_MAX_CANON" redefined
   31 | #define _POSIX_MAX_CANON                    (255)
      |         ^~~~~~~~~~~~~~~~
/scratch2/dima/zephyr-chipyard-sw-fresh/tools-manual/zephyr-sdk-1.0.0-beta1/gnu/riscv64-zephyr-elf/riscv64-zephyr-elf/sys-include/sys/syslimits.h:71:9: note: this is the location of the previous definition
   71 | #define _POSIX_MAX_CANON        255
      |         ^~~~~~~~~~~~~~~~
/scratch2/agustin/zephyr-chipyard-sw/zephyr_ws/zephyr/include/zephyr/posix/posix_limits.h:32:9: warning: "_POSIX_MAX_INPUT" redefined
   32 | #define _POSIX_MAX_INPUT                    (255)
      |         ^~~~~~~~~~~~~~~~
/scratch2/dima/zephyr-chipyard-sw-fresh/tools-manual/zephyr-sdk-1.0.0-beta1/gnu/riscv64-zephyr-elf/riscv64-zephyr-elf/sys-include/sys/syslimits.h:72:9: note: this is the location of the previous definition
   72 | #define _POSIX_MAX_INPUT        255
      |         ^~~~~~~~~~~~~~~~
/scratch2/agustin/zephyr-chipyard-sw/zephyr_ws/zephyr/include/zephyr/posix/posix_limits.h:33:9: warning: "_POSIX_MQ_OPEN_MAX" redefined
   33 | #define _POSIX_MQ_OPEN_MAX                  (8)
      |         ^~~~~~~~~~~~~~~~~~
/scratch2/dima/zephyr-chipyard-sw-fresh/tools-manual/zephyr-sdk-1.0.0-beta1/gnu/riscv64-zephyr-elf/riscv64-zephyr-elf/sys-include/sys/syslimits.h:73:9: note: this is the location of the previous definition
   73 | #define _POSIX_MQ_OPEN_MAX      8
      |         ^~~~~~~~~~~~~~~~~~
/scratch2/agustin/zephyr-chipyard-sw/zephyr_ws/zephyr/include/zephyr/posix/posix_limits.h:34:9: warning: "_POSIX_MQ_PRIO_MAX" redefined
   34 | #define _POSIX_MQ_PRIO_MAX                  (32)
      |         ^~~~~~~~~~~~~~~~~~
/scratch2/dima/zephyr-chipyard-sw-fresh/tools-manual/zephyr-sdk-1.0.0-beta1/gnu/riscv64-zephyr-elf/riscv64-zephyr-elf/sys-include/sys/syslimits.h:74:9: note: this is the location of the previous definition
   74 | #define _POSIX_MQ_PRIO_MAX      32
      |         ^~~~~~~~~~~~~~~~~~
/scratch2/agustin/zephyr-chipyard-sw/zephyr_ws/zephyr/include/zephyr/posix/posix_limits.h:35:9: warning: "_POSIX_NAME_MAX" redefined
   35 | #define _POSIX_NAME_MAX                     (14)
      |         ^~~~~~~~~~~~~~~
/scratch2/dima/zephyr-chipyard-sw-fresh/tools-manual/zephyr-sdk-1.0.0-beta1/gnu/riscv64-zephyr-elf/riscv64-zephyr-elf/sys-include/sys/syslimits.h:75:9: note: this is the location of the previous definition
   75 | #define _POSIX_NAME_MAX         14
      |         ^~~~~~~~~~~~~~~
/scratch2/agustin/zephyr-chipyard-sw/zephyr_ws/zephyr/include/zephyr/posix/posix_limits.h:36:9: warning: "_POSIX_NGROUPS_MAX" redefined
   36 | #define _POSIX_NGROUPS_MAX                  (8)
      |         ^~~~~~~~~~~~~~~~~~
/scratch2/dima/zephyr-chipyard-sw-fresh/tools-manual/zephyr-sdk-1.0.0-beta1/gnu/riscv64-zephyr-elf/riscv64-zephyr-elf/sys-include/sys/syslimits.h:76:9: note: this is the location of the previous definition
   76 | #define _POSIX_NGROUPS_MAX      0
      |         ^~~~~~~~~~~~~~~~~~
/scratch2/agustin/zephyr-chipyard-sw/zephyr_ws/zephyr/include/zephyr/posix/posix_limits.h:37:9: warning: "_POSIX_OPEN_MAX" redefined
   37 | #define _POSIX_OPEN_MAX                     (20)
      |         ^~~~~~~~~~~~~~~
/scratch2/dima/zephyr-chipyard-sw-fresh/tools-manual/zephyr-sdk-1.0.0-beta1/gnu/riscv64-zephyr-elf/riscv64-zephyr-elf/sys-include/sys/syslimits.h:77:9: note: this is the location of the previous definition
   77 | #define _POSIX_OPEN_MAX         16
      |         ^~~~~~~~~~~~~~~
/scratch2/agustin/zephyr-chipyard-sw/zephyr_ws/zephyr/include/zephyr/posix/posix_limits.h:38:9: warning: "_POSIX_PATH_MAX" redefined
   38 | #define _POSIX_PATH_MAX                     (256)
      |         ^~~~~~~~~~~~~~~
/scratch2/dima/zephyr-chipyard-sw-fresh/tools-manual/zephyr-sdk-1.0.0-beta1/gnu/riscv64-zephyr-elf/riscv64-zephyr-elf/sys-include/sys/syslimits.h:78:9: note: this is the location of the previous definition
   78 | #define _POSIX_PATH_MAX         255
      |         ^~~~~~~~~~~~~~~
/scratch2/agustin/zephyr-chipyard-sw/zephyr_ws/zephyr/include/zephyr/posix/posix_limits.h:39:9: warning: "_POSIX_PIPE_BUF" redefined
   39 | #define _POSIX_PIPE_BUF                     (512)
      |         ^~~~~~~~~~~~~~~
/scratch2/dima/zephyr-chipyard-sw-fresh/tools-manual/zephyr-sdk-1.0.0-beta1/gnu/riscv64-zephyr-elf/riscv64-zephyr-elf/sys-include/sys/syslimits.h:79:9: note: this is the location of the previous definition
   79 | #define _POSIX_PIPE_BUF         512
      |         ^~~~~~~~~~~~~~~
/scratch2/agustin/zephyr-chipyard-sw/zephyr_ws/zephyr/include/zephyr/posix/posix_limits.h:40:9: warning: "_POSIX_RE_DUP_MAX" redefined
   40 | #define _POSIX_RE_DUP_MAX                   (255)
      |         ^~~~~~~~~~~~~~~~~
/scratch2/dima/zephyr-chipyard-sw-fresh/tools-manual/zephyr-sdk-1.0.0-beta1/gnu/riscv64-zephyr-elf/riscv64-zephyr-elf/sys-include/sys/syslimits.h:80:9: note: this is the location of the previous definition
   80 | #define _POSIX_RE_DUP_MAX       255
      |         ^~~~~~~~~~~~~~~~~
/scratch2/agustin/zephyr-chipyard-sw/zephyr_ws/zephyr/include/zephyr/posix/posix_limits.h:41:9: warning: "_POSIX_RTSIG_MAX" redefined
   41 | #define _POSIX_RTSIG_MAX                    (8)
      |         ^~~~~~~~~~~~~~~~
/scratch2/dima/zephyr-chipyard-sw-fresh/tools-manual/zephyr-sdk-1.0.0-beta1/gnu/riscv64-zephyr-elf/riscv64-zephyr-elf/sys-include/sys/syslimits.h:81:9: note: this is the location of the previous definition
   81 | #define _POSIX_RTSIG_MAX        8
      |         ^~~~~~~~~~~~~~~~
/scratch2/agustin/zephyr-chipyard-sw/zephyr_ws/zephyr/include/zephyr/posix/posix_limits.h:42:9: warning: "_POSIX_SEM_NSEMS_MAX" redefined
   42 | #define _POSIX_SEM_NSEMS_MAX                (256)
      |         ^~~~~~~~~~~~~~~~~~~~
/scratch2/dima/zephyr-chipyard-sw-fresh/tools-manual/zephyr-sdk-1.0.0-beta1/gnu/riscv64-zephyr-elf/riscv64-zephyr-elf/sys-include/sys/syslimits.h:82:9: note: this is the location of the previous definition
   82 | #define _POSIX_SEM_NSEMS_MAX    256
      |         ^~~~~~~~~~~~~~~~~~~~
/scratch2/agustin/zephyr-chipyard-sw/zephyr_ws/zephyr/include/zephyr/posix/posix_limits.h:43:9: warning: "_POSIX_SEM_VALUE_MAX" redefined
   43 | #define _POSIX_SEM_VALUE_MAX                (32767)
      |         ^~~~~~~~~~~~~~~~~~~~
/scratch2/dima/zephyr-chipyard-sw-fresh/tools-manual/zephyr-sdk-1.0.0-beta1/gnu/riscv64-zephyr-elf/riscv64-zephyr-elf/sys-include/sys/syslimits.h:83:9: note: this is the location of the previous definition
   83 | #define _POSIX_SEM_VALUE_MAX    32767
      |         ^~~~~~~~~~~~~~~~~~~~
/scratch2/agustin/zephyr-chipyard-sw/zephyr_ws/zephyr/include/zephyr/posix/posix_limits.h:44:9: warning: "_POSIX_SIGQUEUE_MAX" redefined
   44 | #define _POSIX_SIGQUEUE_MAX                 (32)
      |         ^~~~~~~~~~~~~~~~~~~
/scratch2/dima/zephyr-chipyard-sw-fresh/tools-manual/zephyr-sdk-1.0.0-beta1/gnu/riscv64-zephyr-elf/riscv64-zephyr-elf/sys-include/sys/syslimits.h:84:9: note: this is the location of the previous definition
   84 | #define _POSIX_SIGQUEUE_MAX     32
      |         ^~~~~~~~~~~~~~~~~~~
/scratch2/agustin/zephyr-chipyard-sw/zephyr_ws/zephyr/include/zephyr/posix/posix_limits.h:45:9: warning: "_POSIX_SSIZE_MAX" redefined
   45 | #define _POSIX_SSIZE_MAX                    (32767)
      |         ^~~~~~~~~~~~~~~~
/scratch2/dima/zephyr-chipyard-sw-fresh/tools-manual/zephyr-sdk-1.0.0-beta1/gnu/riscv64-zephyr-elf/riscv64-zephyr-elf/sys-include/sys/syslimits.h:85:9: note: this is the location of the previous definition
   85 | #define _POSIX_SSIZE_MAX        32767
      |         ^~~~~~~~~~~~~~~~
/scratch2/agustin/zephyr-chipyard-sw/zephyr_ws/zephyr/include/zephyr/posix/posix_limits.h:46:9: warning: "_POSIX_SS_REPL_MAX" redefined
   46 | #define _POSIX_SS_REPL_MAX                  (4)
      |         ^~~~~~~~~~~~~~~~~~
/scratch2/dima/zephyr-chipyard-sw-fresh/tools-manual/zephyr-sdk-1.0.0-beta1/gnu/riscv64-zephyr-elf/riscv64-zephyr-elf/sys-include/sys/syslimits.h:86:9: note: this is the location of the previous definition
   86 | #define _POSIX_SS_REPL_MAX      4
      |         ^~~~~~~~~~~~~~~~~~
/scratch2/agustin/zephyr-chipyard-sw/zephyr_ws/zephyr/include/zephyr/posix/posix_limits.h:47:9: warning: "_POSIX_STREAM_MAX" redefined
   47 | #define _POSIX_STREAM_MAX                   (8)
      |         ^~~~~~~~~~~~~~~~~
/scratch2/dima/zephyr-chipyard-sw-fresh/tools-manual/zephyr-sdk-1.0.0-beta1/gnu/riscv64-zephyr-elf/riscv64-zephyr-elf/sys-include/sys/syslimits.h:87:9: note: this is the location of the previous definition
   87 | #define _POSIX_STREAM_MAX       8
      |         ^~~~~~~~~~~~~~~~~
/scratch2/agustin/zephyr-chipyard-sw/zephyr_ws/zephyr/include/zephyr/posix/posix_limits.h:48:9: warning: "_POSIX_SYMLINK_MAX" redefined
   48 | #define _POSIX_SYMLINK_MAX                  (255)
      |         ^~~~~~~~~~~~~~~~~~
/scratch2/dima/zephyr-chipyard-sw-fresh/tools-manual/zephyr-sdk-1.0.0-beta1/gnu/riscv64-zephyr-elf/riscv64-zephyr-elf/sys-include/sys/syslimits.h:88:9: note: this is the location of the previous definition
   88 | #define _POSIX_SYMLINK_MAX      255
      |         ^~~~~~~~~~~~~~~~~~
/scratch2/agustin/zephyr-chipyard-sw/zephyr_ws/zephyr/include/zephyr/posix/posix_limits.h:49:9: warning: "_POSIX_SYMLOOP_MAX" redefined
   49 | #define _POSIX_SYMLOOP_MAX                  (8)
      |         ^~~~~~~~~~~~~~~~~~
/scratch2/dima/zephyr-chipyard-sw-fresh/tools-manual/zephyr-sdk-1.0.0-beta1/gnu/riscv64-zephyr-elf/riscv64-zephyr-elf/sys-include/sys/syslimits.h:89:9: note: this is the location of the previous definition
   89 | #define _POSIX_SYMLOOP_MAX      8
      |         ^~~~~~~~~~~~~~~~~~
/scratch2/agustin/zephyr-chipyard-sw/zephyr_ws/zephyr/include/zephyr/posix/posix_limits.h:50:9: warning: "_POSIX_THREAD_DESTRUCTOR_ITERATIONS" redefined
   50 | #define _POSIX_THREAD_DESTRUCTOR_ITERATIONS (4)
      |         ^~~~~~~~~~~~~~~~~~~~~~~~~~~~~~~~~~~
/scratch2/dima/zephyr-chipyard-sw-fresh/tools-manual/zephyr-sdk-1.0.0-beta1/gnu/riscv64-zephyr-elf/riscv64-zephyr-elf/sys-include/sys/syslimits.h:90:9: note: this is the location of the previous definition
   90 | #define _POSIX_THREAD_DESTRUCTOR_ITERATIONS     4
      |         ^~~~~~~~~~~~~~~~~~~~~~~~~~~~~~~~~~~
/scratch2/agustin/zephyr-chipyard-sw/zephyr_ws/zephyr/include/zephyr/posix/posix_limits.h:51:9: warning: "_POSIX_THREAD_KEYS_MAX" redefined
   51 | #define _POSIX_THREAD_KEYS_MAX              (128)
      |         ^~~~~~~~~~~~~~~~~~~~~~
/scratch2/dima/zephyr-chipyard-sw-fresh/tools-manual/zephyr-sdk-1.0.0-beta1/gnu/riscv64-zephyr-elf/riscv64-zephyr-elf/sys-include/sys/syslimits.h:91:9: note: this is the location of the previous definition
   91 | #define _POSIX_THREAD_KEYS_MAX  128
      |         ^~~~~~~~~~~~~~~~~~~~~~
/scratch2/agustin/zephyr-chipyard-sw/zephyr_ws/zephyr/include/zephyr/posix/posix_limits.h:52:9: warning: "_POSIX_THREAD_THREADS_MAX" redefined
   52 | #define _POSIX_THREAD_THREADS_MAX           (64)
      |         ^~~~~~~~~~~~~~~~~~~~~~~~~
/scratch2/dima/zephyr-chipyard-sw-fresh/tools-manual/zephyr-sdk-1.0.0-beta1/gnu/riscv64-zephyr-elf/riscv64-zephyr-elf/sys-include/sys/syslimits.h:92:9: note: this is the location of the previous definition
   92 | #define _POSIX_THREAD_THREADS_MAX       64
      |         ^~~~~~~~~~~~~~~~~~~~~~~~~
/scratch2/agustin/zephyr-chipyard-sw/zephyr_ws/zephyr/include/zephyr/posix/posix_limits.h:53:9: warning: "_POSIX_TIMER_MAX" redefined
   53 | #define _POSIX_TIMER_MAX                    (32)
      |         ^~~~~~~~~~~~~~~~
/scratch2/dima/zephyr-chipyard-sw-fresh/tools-manual/zephyr-sdk-1.0.0-beta1/gnu/riscv64-zephyr-elf/riscv64-zephyr-elf/sys-include/sys/syslimits.h:93:9: note: this is the location of the previous definition
   93 | #define _POSIX_TIMER_MAX        32
      |         ^~~~~~~~~~~~~~~~
/scratch2/agustin/zephyr-chipyard-sw/zephyr_ws/zephyr/include/zephyr/posix/posix_limits.h:54:9: warning: "_POSIX_TRACE_EVENT_NAME_MAX" redefined
   54 | #define _POSIX_TRACE_EVENT_NAME_MAX         (30)
      |         ^~~~~~~~~~~~~~~~~~~~~~~~~~~
/scratch2/dima/zephyr-chipyard-sw-fresh/tools-manual/zephyr-sdk-1.0.0-beta1/gnu/riscv64-zephyr-elf/riscv64-zephyr-elf/sys-include/sys/syslimits.h:94:9: note: this is the location of the previous definition
   94 | #define _POSIX_TRACE_EVENT_NAME_MAX     30
      |         ^~~~~~~~~~~~~~~~~~~~~~~~~~~
/scratch2/agustin/zephyr-chipyard-sw/zephyr_ws/zephyr/include/zephyr/posix/posix_limits.h:55:9: warning: "_POSIX_TRACE_NAME_MAX" redefined
   55 | #define _POSIX_TRACE_NAME_MAX               (8)
      |         ^~~~~~~~~~~~~~~~~~~~~
/scratch2/dima/zephyr-chipyard-sw-fresh/tools-manual/zephyr-sdk-1.0.0-beta1/gnu/riscv64-zephyr-elf/riscv64-zephyr-elf/sys-include/sys/syslimits.h:95:9: note: this is the location of the previous definition
   95 | #define _POSIX_TRACE_NAME_MAX   8
      |         ^~~~~~~~~~~~~~~~~~~~~
/scratch2/agustin/zephyr-chipyard-sw/zephyr_ws/zephyr/include/zephyr/posix/posix_limits.h:56:9: warning: "_POSIX_TRACE_SYS_MAX" redefined
   56 | #define _POSIX_TRACE_SYS_MAX                (8)
      |         ^~~~~~~~~~~~~~~~~~~~
/scratch2/dima/zephyr-chipyard-sw-fresh/tools-manual/zephyr-sdk-1.0.0-beta1/gnu/riscv64-zephyr-elf/riscv64-zephyr-elf/sys-include/sys/syslimits.h:96:9: note: this is the location of the previous definition
   96 | #define _POSIX_TRACE_SYS_MAX    8
      |         ^~~~~~~~~~~~~~~~~~~~
/scratch2/agustin/zephyr-chipyard-sw/zephyr_ws/zephyr/include/zephyr/posix/posix_limits.h:57:9: warning: "_POSIX_TRACE_USER_EVENT_MAX" redefined
   57 | #define _POSIX_TRACE_USER_EVENT_MAX         (32)
      |         ^~~~~~~~~~~~~~~~~~~~~~~~~~~
/scratch2/dima/zephyr-chipyard-sw-fresh/tools-manual/zephyr-sdk-1.0.0-beta1/gnu/riscv64-zephyr-elf/riscv64-zephyr-elf/sys-include/sys/syslimits.h:97:9: note: this is the location of the previous definition
   97 | #define _POSIX_TRACE_USER_EVENT_MAX     32
      |         ^~~~~~~~~~~~~~~~~~~~~~~~~~~
/scratch2/agustin/zephyr-chipyard-sw/zephyr_ws/zephyr/include/zephyr/posix/posix_limits.h:58:9: warning: "_POSIX_TTY_NAME_MAX" redefined
   58 | #define _POSIX_TTY_NAME_MAX                 (9)
      |         ^~~~~~~~~~~~~~~~~~~
/scratch2/dima/zephyr-chipyard-sw-fresh/tools-manual/zephyr-sdk-1.0.0-beta1/gnu/riscv64-zephyr-elf/riscv64-zephyr-elf/sys-include/sys/syslimits.h:98:9: note: this is the location of the previous definition
   98 | #define _POSIX_TTY_NAME_MAX     9
      |         ^~~~~~~~~~~~~~~~~~~
/scratch2/agustin/zephyr-chipyard-sw/zephyr_ws/zephyr/include/zephyr/posix/posix_limits.h:59:9: warning: "_POSIX_TZNAME_MAX" redefined
   59 | #define _POSIX_TZNAME_MAX                   (6)
      |         ^~~~~~~~~~~~~~~~~
/scratch2/dima/zephyr-chipyard-sw-fresh/tools-manual/zephyr-sdk-1.0.0-beta1/gnu/riscv64-zephyr-elf/riscv64-zephyr-elf/sys-include/sys/syslimits.h:99:9: note: this is the location of the previous definition
   99 | #define _POSIX_TZNAME_MAX       3
      |         ^~~~~~~~~~~~~~~~~
/scratch2/agustin/zephyr-chipyard-sw/zephyr_ws/zephyr/include/zephyr/posix/posix_limits.h:60:9: warning: "_POSIX2_BC_BASE_MAX" redefined
   60 | #define _POSIX2_BC_BASE_MAX                 (99)
      |         ^~~~~~~~~~~~~~~~~~~
/scratch2/dima/zephyr-chipyard-sw-fresh/tools-manual/zephyr-sdk-1.0.0-beta1/gnu/riscv64-zephyr-elf/riscv64-zephyr-elf/sys-include/sys/syslimits.h:100:9: note: this is the location of the previous definition
  100 | #define _POSIX2_BC_BASE_MAX     99
      |         ^~~~~~~~~~~~~~~~~~~
/scratch2/agustin/zephyr-chipyard-sw/zephyr_ws/zephyr/include/zephyr/posix/posix_limits.h:61:9: warning: "_POSIX2_BC_DIM_MAX" redefined
   61 | #define _POSIX2_BC_DIM_MAX                  (2048)
      |         ^~~~~~~~~~~~~~~~~~
/scratch2/dima/zephyr-chipyard-sw-fresh/tools-manual/zephyr-sdk-1.0.0-beta1/gnu/riscv64-zephyr-elf/riscv64-zephyr-elf/sys-include/sys/syslimits.h:101:9: note: this is the location of the previous definition
  101 | #define _POSIX2_BC_DIM_MAX      2048
      |         ^~~~~~~~~~~~~~~~~~
/scratch2/agustin/zephyr-chipyard-sw/zephyr_ws/zephyr/include/zephyr/posix/posix_limits.h:62:9: warning: "_POSIX2_BC_SCALE_MAX" redefined
   62 | #define _POSIX2_BC_SCALE_MAX                (99)
      |         ^~~~~~~~~~~~~~~~~~~~
/scratch2/dima/zephyr-chipyard-sw-fresh/tools-manual/zephyr-sdk-1.0.0-beta1/gnu/riscv64-zephyr-elf/riscv64-zephyr-elf/sys-include/sys/syslimits.h:102:9: note: this is the location of the previous definition
  102 | #define _POSIX2_BC_SCALE_MAX    99
      |         ^~~~~~~~~~~~~~~~~~~~
/scratch2/agustin/zephyr-chipyard-sw/zephyr_ws/zephyr/include/zephyr/posix/posix_limits.h:63:9: warning: "_POSIX2_BC_STRING_MAX" redefined
   63 | #define _POSIX2_BC_STRING_MAX               (1000)
      |         ^~~~~~~~~~~~~~~~~~~~~
/scratch2/dima/zephyr-chipyard-sw-fresh/tools-manual/zephyr-sdk-1.0.0-beta1/gnu/riscv64-zephyr-elf/riscv64-zephyr-elf/sys-include/sys/syslimits.h:103:9: note: this is the location of the previous definition
  103 | #define _POSIX2_BC_STRING_MAX   1000
      |         ^~~~~~~~~~~~~~~~~~~~~
/scratch2/agustin/zephyr-chipyard-sw/zephyr_ws/zephyr/include/zephyr/posix/posix_limits.h:64:9: warning: "_POSIX2_CHARCLASS_NAME_MAX" redefined
   64 | #define _POSIX2_CHARCLASS_NAME_MAX          (14)
      |         ^~~~~~~~~~~~~~~~~~~~~~~~~~
/scratch2/dima/zephyr-chipyard-sw-fresh/tools-manual/zephyr-sdk-1.0.0-beta1/gnu/riscv64-zephyr-elf/riscv64-zephyr-elf/sys-include/sys/syslimits.h:104:9: note: this is the location of the previous definition
  104 | #define _POSIX2_CHARCLASS_NAME_MAX      14
      |         ^~~~~~~~~~~~~~~~~~~~~~~~~~
/scratch2/agustin/zephyr-chipyard-sw/zephyr_ws/zephyr/include/zephyr/posix/posix_limits.h:65:9: warning: "_POSIX2_COLL_WEIGHTS_MAX" redefined
   65 | #define _POSIX2_COLL_WEIGHTS_MAX            (2)
      |         ^~~~~~~~~~~~~~~~~~~~~~~~
/scratch2/dima/zephyr-chipyard-sw-fresh/tools-manual/zephyr-sdk-1.0.0-beta1/gnu/riscv64-zephyr-elf/riscv64-zephyr-elf/sys-include/sys/syslimits.h:105:9: note: this is the location of the previous definition
  105 | #define _POSIX2_COLL_WEIGHTS_MAX        2
      |         ^~~~~~~~~~~~~~~~~~~~~~~~
/scratch2/agustin/zephyr-chipyard-sw/zephyr_ws/zephyr/include/zephyr/posix/posix_limits.h:66:9: warning: "_POSIX2_EXPR_NEST_MAX" redefined
   66 | #define _POSIX2_EXPR_NEST_MAX               (32)
      |         ^~~~~~~~~~~~~~~~~~~~~
/scratch2/dima/zephyr-chipyard-sw-fresh/tools-manual/zephyr-sdk-1.0.0-beta1/gnu/riscv64-zephyr-elf/riscv64-zephyr-elf/sys-include/sys/syslimits.h:106:9: note: this is the location of the previous definition
  106 | #define _POSIX2_EXPR_NEST_MAX   32
      |         ^~~~~~~~~~~~~~~~~~~~~
/scratch2/agustin/zephyr-chipyard-sw/zephyr_ws/zephyr/include/zephyr/posix/posix_limits.h:67:9: warning: "_POSIX2_LINE_MAX" redefined
   67 | #define _POSIX2_LINE_MAX                    (2048)
      |         ^~~~~~~~~~~~~~~~
/scratch2/dima/zephyr-chipyard-sw-fresh/tools-manual/zephyr-sdk-1.0.0-beta1/gnu/riscv64-zephyr-elf/riscv64-zephyr-elf/sys-include/sys/syslimits.h:107:9: note: this is the location of the previous definition
  107 | #define _POSIX2_LINE_MAX        2048
      |         ^~~~~~~~~~~~~~~~
/scratch2/agustin/zephyr-chipyard-sw/zephyr_ws/zephyr/include/zephyr/posix/posix_limits.h:83:9: warning: "ARG_MAX" redefined
   83 | #define ARG_MAX                       _POSIX_ARG_MAX
      |         ^~~~~~~
/scratch2/dima/zephyr-chipyard-sw-fresh/tools-manual/zephyr-sdk-1.0.0-beta1/gnu/riscv64-zephyr-elf/riscv64-zephyr-elf/sys-include/sys/syslimits.h:41:9: note: this is the location of the previous definition
   41 | #define ARG_MAX                 65536   /* max bytes for an exec function */
      |         ^~~~~~~
/scratch2/agustin/zephyr-chipyard-sw/zephyr_ws/zephyr/include/zephyr/posix/posix_limits.h:84:9: warning: "ATEXIT_MAX" redefined
   84 | #define ATEXIT_MAX                    (32)
      |         ^~~~~~~~~~
/scratch2/dima/zephyr-chipyard-sw-fresh/tools-manual/zephyr-sdk-1.0.0-beta1/gnu/riscv64-zephyr-elf/riscv64-zephyr-elf/sys-include/sys/syslimits.h:42:9: note: this is the location of the previous definition
   42 | #define ATEXIT_MAX                 32   /* max atexit functions */
      |         ^~~~~~~~~~
/scratch2/agustin/zephyr-chipyard-sw/zephyr_ws/zephyr/include/zephyr/posix/posix_limits.h:93:9: warning: "OPEN_MAX" redefined
   93 | #define OPEN_MAX                      CONFIG_POSIX_OPEN_MAX
      |         ^~~~~~~~
/scratch2/dima/zephyr-chipyard-sw-fresh/tools-manual/zephyr-sdk-1.0.0-beta1/gnu/riscv64-zephyr-elf/riscv64-zephyr-elf/sys-include/sys/syslimits.h:45:9: note: this is the location of the previous definition
   45 | #define OPEN_MAX                   64   /* max open files per process */
      |         ^~~~~~~~
/scratch2/agustin/zephyr-chipyard-sw/zephyr_ws/zephyr/include/zephyr/posix/posix_limits.h:96:9: warning: "PATH_MAX" redefined
   96 | #define PATH_MAX                      _POSIX_PATH_MAX
      |         ^~~~~~~~
/scratch2/dima/zephyr-chipyard-sw-fresh/tools-manual/zephyr-sdk-1.0.0-beta1/gnu/riscv64-zephyr-elf/riscv64-zephyr-elf/sys-include/sys/syslimits.h:53:9: note: this is the location of the previous definition
   53 | #define PATH_MAX                 1024   /* max bytes in pathname */
      |         ^~~~~~~~
/scratch2/agustin/zephyr-chipyard-sw/zephyr_ws/zephyr/include/zephyr/posix/posix_limits.h:114:9: warning: "TZNAME_MAX" redefined
  114 | #define TZNAME_MAX                    _POSIX_TZNAME_MAX
      |         ^~~~~~~~~~
/scratch2/dima/zephyr-chipyard-sw-fresh/tools-manual/zephyr-sdk-1.0.0-beta1/gnu/riscv64-zephyr-elf/riscv64-zephyr-elf/sys-include/sys/syslimits.h:46:9: note: this is the location of the previous definition
   46 | #define TZNAME_MAX                 10   /* max time zone name length */
      |         ^~~~~~~~~~
[130/202] Building C object zephyr/lib/posix/options/CMakeFiles/lib__posix__options.dir/spinlock.c.obj
In file included from /scratch2/agustin/zephyr-chipyard-sw/zephyr_ws/zephyr/include/zephyr/posix/sys/sysconf.h:11,
                 from /scratch2/agustin/zephyr-chipyard-sw/zephyr_ws/zephyr/include/zephyr/posix/unistd.h:18,
                 from /scratch2/agustin/zephyr-chipyard-sw/zephyr_ws/zephyr/include/zephyr/posix/pthread.h:15,
                 from /scratch2/agustin/zephyr-chipyard-sw/zephyr_ws/zephyr/lib/posix/options/posix_internal.h:15,
                 from /scratch2/agustin/zephyr-chipyard-sw/zephyr_ws/zephyr/lib/posix/options/spinlock.c:7:
/scratch2/agustin/zephyr-chipyard-sw/zephyr_ws/zephyr/include/zephyr/posix/posix_limits.h:23:9: warning: "_POSIX_AIO_LISTIO_MAX" redefined
   23 | #define _POSIX_AIO_LISTIO_MAX               (2)
      |         ^~~~~~~~~~~~~~~~~~~~~
In file included from /scratch2/dima/zephyr-chipyard-sw-fresh/tools-manual/zephyr-sdk-1.0.0-beta1/gnu/riscv64-zephyr-elf/riscv64-zephyr-elf/sys-include/limits.h:6,
                 from /scratch2/dima/zephyr-chipyard-sw-fresh/tools-manual/zephyr-sdk-1.0.0-beta1/gnu/riscv64-zephyr-elf/lib/gcc/riscv64-zephyr-elf/14.3.0/include/limits.h:210,
                 from /scratch2/dima/zephyr-chipyard-sw-fresh/tools-manual/zephyr-sdk-1.0.0-beta1/gnu/riscv64-zephyr-elf/lib/gcc/riscv64-zephyr-elf/14.3.0/include/syslimits.h:7,
                 from /scratch2/dima/zephyr-chipyard-sw-fresh/tools-manual/zephyr-sdk-1.0.0-beta1/gnu/riscv64-zephyr-elf/lib/gcc/riscv64-zephyr-elf/14.3.0/include/limits.h:34,
                 from /scratch2/agustin/zephyr-chipyard-sw/zephyr_ws/zephyr/include/zephyr/kernel_includes.h:22,
                 from /scratch2/agustin/zephyr-chipyard-sw/zephyr_ws/zephyr/include/zephyr/kernel.h:17,
                 from /scratch2/agustin/zephyr-chipyard-sw/zephyr_ws/zephyr/lib/posix/options/posix_internal.h:14:
/scratch2/dima/zephyr-chipyard-sw-fresh/tools-manual/zephyr-sdk-1.0.0-beta1/gnu/riscv64-zephyr-elf/riscv64-zephyr-elf/sys-include/sys/syslimits.h:63:9: note: this is the location of the previous definition
   63 | #define _POSIX_AIO_LISTIO_MAX   2
      |         ^~~~~~~~~~~~~~~~~~~~~
/scratch2/agustin/zephyr-chipyard-sw/zephyr_ws/zephyr/include/zephyr/posix/posix_limits.h:24:9: warning: "_POSIX_AIO_MAX" redefined
   24 | #define _POSIX_AIO_MAX                      (1)
      |         ^~~~~~~~~~~~~~
/scratch2/dima/zephyr-chipyard-sw-fresh/tools-manual/zephyr-sdk-1.0.0-beta1/gnu/riscv64-zephyr-elf/riscv64-zephyr-elf/sys-include/sys/syslimits.h:64:9: note: this is the location of the previous definition
   64 | #define _POSIX_AIO_MAX          1
      |         ^~~~~~~~~~~~~~
/scratch2/agustin/zephyr-chipyard-sw/zephyr_ws/zephyr/include/zephyr/posix/posix_limits.h:25:9: warning: "_POSIX_ARG_MAX" redefined
   25 | #define _POSIX_ARG_MAX                      (4096)
      |         ^~~~~~~~~~~~~~
/scratch2/dima/zephyr-chipyard-sw-fresh/tools-manual/zephyr-sdk-1.0.0-beta1/gnu/riscv64-zephyr-elf/riscv64-zephyr-elf/sys-include/sys/syslimits.h:65:9: note: this is the location of the previous definition
   65 | #define _POSIX_ARG_MAX          4096
      |         ^~~~~~~~~~~~~~
/scratch2/agustin/zephyr-chipyard-sw/zephyr_ws/zephyr/include/zephyr/posix/posix_limits.h:26:9: warning: "_POSIX_CHILD_MAX" redefined
   26 | #define _POSIX_CHILD_MAX                    (25)
      |         ^~~~~~~~~~~~~~~~
/scratch2/dima/zephyr-chipyard-sw-fresh/tools-manual/zephyr-sdk-1.0.0-beta1/gnu/riscv64-zephyr-elf/riscv64-zephyr-elf/sys-include/sys/syslimits.h:66:9: note: this is the location of the previous definition
   66 | #define _POSIX_CHILD_MAX        6
      |         ^~~~~~~~~~~~~~~~
/scratch2/agustin/zephyr-chipyard-sw/zephyr_ws/zephyr/include/zephyr/posix/posix_limits.h:27:9: warning: "_POSIX_DELAYTIMER_MAX" redefined
   27 | #define _POSIX_DELAYTIMER_MAX               (32)
      |         ^~~~~~~~~~~~~~~~~~~~~
/scratch2/dima/zephyr-chipyard-sw-fresh/tools-manual/zephyr-sdk-1.0.0-beta1/gnu/riscv64-zephyr-elf/riscv64-zephyr-elf/sys-include/sys/syslimits.h:67:9: note: this is the location of the previous definition
   67 | #define _POSIX_DELAYTIMER_MAX   32
      |         ^~~~~~~~~~~~~~~~~~~~~
/scratch2/agustin/zephyr-chipyard-sw/zephyr_ws/zephyr/include/zephyr/posix/posix_limits.h:28:9: warning: "_POSIX_HOST_NAME_MAX" redefined
   28 | #define _POSIX_HOST_NAME_MAX                (255)
      |         ^~~~~~~~~~~~~~~~~~~~
/scratch2/dima/zephyr-chipyard-sw-fresh/tools-manual/zephyr-sdk-1.0.0-beta1/gnu/riscv64-zephyr-elf/riscv64-zephyr-elf/sys-include/sys/syslimits.h:68:9: note: this is the location of the previous definition
   68 | #define _POSIX_HOST_NAME_MAX    255
      |         ^~~~~~~~~~~~~~~~~~~~
/scratch2/agustin/zephyr-chipyard-sw/zephyr_ws/zephyr/include/zephyr/posix/posix_limits.h:29:9: warning: "_POSIX_LINK_MAX" redefined
   29 | #define _POSIX_LINK_MAX                     (8)
      |         ^~~~~~~~~~~~~~~
/scratch2/dima/zephyr-chipyard-sw-fresh/tools-manual/zephyr-sdk-1.0.0-beta1/gnu/riscv64-zephyr-elf/riscv64-zephyr-elf/sys-include/sys/syslimits.h:69:9: note: this is the location of the previous definition
   69 | #define _POSIX_LINK_MAX         8
      |         ^~~~~~~~~~~~~~~
/scratch2/agustin/zephyr-chipyard-sw/zephyr_ws/zephyr/include/zephyr/posix/posix_limits.h:30:9: warning: "_POSIX_LOGIN_NAME_MAX" redefined
   30 | #define _POSIX_LOGIN_NAME_MAX               (9)
      |         ^~~~~~~~~~~~~~~~~~~~~
/scratch2/dima/zephyr-chipyard-sw-fresh/tools-manual/zephyr-sdk-1.0.0-beta1/gnu/riscv64-zephyr-elf/riscv64-zephyr-elf/sys-include/sys/syslimits.h:70:9: note: this is the location of the previous definition
   70 | #define _POSIX_LOGIN_NAME_MAX   9
      |         ^~~~~~~~~~~~~~~~~~~~~
/scratch2/agustin/zephyr-chipyard-sw/zephyr_ws/zephyr/include/zephyr/posix/posix_limits.h:31:9: warning: "_POSIX_MAX_CANON" redefined
   31 | #define _POSIX_MAX_CANON                    (255)
      |         ^~~~~~~~~~~~~~~~
/scratch2/dima/zephyr-chipyard-sw-fresh/tools-manual/zephyr-sdk-1.0.0-beta1/gnu/riscv64-zephyr-elf/riscv64-zephyr-elf/sys-include/sys/syslimits.h:71:9: note: this is the location of the previous definition
   71 | #define _POSIX_MAX_CANON        255
      |         ^~~~~~~~~~~~~~~~
/scratch2/agustin/zephyr-chipyard-sw/zephyr_ws/zephyr/include/zephyr/posix/posix_limits.h:32:9: warning: "_POSIX_MAX_INPUT" redefined
   32 | #define _POSIX_MAX_INPUT                    (255)
      |         ^~~~~~~~~~~~~~~~
/scratch2/dima/zephyr-chipyard-sw-fresh/tools-manual/zephyr-sdk-1.0.0-beta1/gnu/riscv64-zephyr-elf/riscv64-zephyr-elf/sys-include/sys/syslimits.h:72:9: note: this is the location of the previous definition
   72 | #define _POSIX_MAX_INPUT        255
      |         ^~~~~~~~~~~~~~~~
/scratch2/agustin/zephyr-chipyard-sw/zephyr_ws/zephyr/include/zephyr/posix/posix_limits.h:33:9: warning: "_POSIX_MQ_OPEN_MAX" redefined
   33 | #define _POSIX_MQ_OPEN_MAX                  (8)
      |         ^~~~~~~~~~~~~~~~~~
/scratch2/dima/zephyr-chipyard-sw-fresh/tools-manual/zephyr-sdk-1.0.0-beta1/gnu/riscv64-zephyr-elf/riscv64-zephyr-elf/sys-include/sys/syslimits.h:73:9: note: this is the location of the previous definition
   73 | #define _POSIX_MQ_OPEN_MAX      8
      |         ^~~~~~~~~~~~~~~~~~
/scratch2/agustin/zephyr-chipyard-sw/zephyr_ws/zephyr/include/zephyr/posix/posix_limits.h:34:9: warning: "_POSIX_MQ_PRIO_MAX" redefined
   34 | #define _POSIX_MQ_PRIO_MAX                  (32)
      |         ^~~~~~~~~~~~~~~~~~
/scratch2/dima/zephyr-chipyard-sw-fresh/tools-manual/zephyr-sdk-1.0.0-beta1/gnu/riscv64-zephyr-elf/riscv64-zephyr-elf/sys-include/sys/syslimits.h:74:9: note: this is the location of the previous definition
   74 | #define _POSIX_MQ_PRIO_MAX      32
      |         ^~~~~~~~~~~~~~~~~~
/scratch2/agustin/zephyr-chipyard-sw/zephyr_ws/zephyr/include/zephyr/posix/posix_limits.h:35:9: warning: "_POSIX_NAME_MAX" redefined
   35 | #define _POSIX_NAME_MAX                     (14)
      |         ^~~~~~~~~~~~~~~
/scratch2/dima/zephyr-chipyard-sw-fresh/tools-manual/zephyr-sdk-1.0.0-beta1/gnu/riscv64-zephyr-elf/riscv64-zephyr-elf/sys-include/sys/syslimits.h:75:9: note: this is the location of the previous definition
   75 | #define _POSIX_NAME_MAX         14
      |         ^~~~~~~~~~~~~~~
/scratch2/agustin/zephyr-chipyard-sw/zephyr_ws/zephyr/include/zephyr/posix/posix_limits.h:36:9: warning: "_POSIX_NGROUPS_MAX" redefined
   36 | #define _POSIX_NGROUPS_MAX                  (8)
      |         ^~~~~~~~~~~~~~~~~~
/scratch2/dima/zephyr-chipyard-sw-fresh/tools-manual/zephyr-sdk-1.0.0-beta1/gnu/riscv64-zephyr-elf/riscv64-zephyr-elf/sys-include/sys/syslimits.h:76:9: note: this is the location of the previous definition
   76 | #define _POSIX_NGROUPS_MAX      0
      |         ^~~~~~~~~~~~~~~~~~
/scratch2/agustin/zephyr-chipyard-sw/zephyr_ws/zephyr/include/zephyr/posix/posix_limits.h:37:9: warning: "_POSIX_OPEN_MAX" redefined
   37 | #define _POSIX_OPEN_MAX                     (20)
      |         ^~~~~~~~~~~~~~~
/scratch2/dima/zephyr-chipyard-sw-fresh/tools-manual/zephyr-sdk-1.0.0-beta1/gnu/riscv64-zephyr-elf/riscv64-zephyr-elf/sys-include/sys/syslimits.h:77:9: note: this is the location of the previous definition
   77 | #define _POSIX_OPEN_MAX         16
      |         ^~~~~~~~~~~~~~~
/scratch2/agustin/zephyr-chipyard-sw/zephyr_ws/zephyr/include/zephyr/posix/posix_limits.h:38:9: warning: "_POSIX_PATH_MAX" redefined
   38 | #define _POSIX_PATH_MAX                     (256)
      |         ^~~~~~~~~~~~~~~
/scratch2/dima/zephyr-chipyard-sw-fresh/tools-manual/zephyr-sdk-1.0.0-beta1/gnu/riscv64-zephyr-elf/riscv64-zephyr-elf/sys-include/sys/syslimits.h:78:9: note: this is the location of the previous definition
   78 | #define _POSIX_PATH_MAX         255
      |         ^~~~~~~~~~~~~~~
/scratch2/agustin/zephyr-chipyard-sw/zephyr_ws/zephyr/include/zephyr/posix/posix_limits.h:39:9: warning: "_POSIX_PIPE_BUF" redefined
   39 | #define _POSIX_PIPE_BUF                     (512)
      |         ^~~~~~~~~~~~~~~
/scratch2/dima/zephyr-chipyard-sw-fresh/tools-manual/zephyr-sdk-1.0.0-beta1/gnu/riscv64-zephyr-elf/riscv64-zephyr-elf/sys-include/sys/syslimits.h:79:9: note: this is the location of the previous definition
   79 | #define _POSIX_PIPE_BUF         512
      |         ^~~~~~~~~~~~~~~
/scratch2/agustin/zephyr-chipyard-sw/zephyr_ws/zephyr/include/zephyr/posix/posix_limits.h:40:9: warning: "_POSIX_RE_DUP_MAX" redefined
   40 | #define _POSIX_RE_DUP_MAX                   (255)
      |         ^~~~~~~~~~~~~~~~~
/scratch2/dima/zephyr-chipyard-sw-fresh/tools-manual/zephyr-sdk-1.0.0-beta1/gnu/riscv64-zephyr-elf/riscv64-zephyr-elf/sys-include/sys/syslimits.h:80:9: note: this is the location of the previous definition
   80 | #define _POSIX_RE_DUP_MAX       255
      |         ^~~~~~~~~~~~~~~~~
/scratch2/agustin/zephyr-chipyard-sw/zephyr_ws/zephyr/include/zephyr/posix/posix_limits.h:41:9: warning: "_POSIX_RTSIG_MAX" redefined
   41 | #define _POSIX_RTSIG_MAX                    (8)
      |         ^~~~~~~~~~~~~~~~
/scratch2/dima/zephyr-chipyard-sw-fresh/tools-manual/zephyr-sdk-1.0.0-beta1/gnu/riscv64-zephyr-elf/riscv64-zephyr-elf/sys-include/sys/syslimits.h:81:9: note: this is the location of the previous definition
   81 | #define _POSIX_RTSIG_MAX        8
      |         ^~~~~~~~~~~~~~~~
/scratch2/agustin/zephyr-chipyard-sw/zephyr_ws/zephyr/include/zephyr/posix/posix_limits.h:42:9: warning: "_POSIX_SEM_NSEMS_MAX" redefined
   42 | #define _POSIX_SEM_NSEMS_MAX                (256)
      |         ^~~~~~~~~~~~~~~~~~~~
/scratch2/dima/zephyr-chipyard-sw-fresh/tools-manual/zephyr-sdk-1.0.0-beta1/gnu/riscv64-zephyr-elf/riscv64-zephyr-elf/sys-include/sys/syslimits.h:82:9: note: this is the location of the previous definition
   82 | #define _POSIX_SEM_NSEMS_MAX    256
      |         ^~~~~~~~~~~~~~~~~~~~
/scratch2/agustin/zephyr-chipyard-sw/zephyr_ws/zephyr/include/zephyr/posix/posix_limits.h:43:9: warning: "_POSIX_SEM_VALUE_MAX" redefined
   43 | #define _POSIX_SEM_VALUE_MAX                (32767)
      |         ^~~~~~~~~~~~~~~~~~~~
/scratch2/dima/zephyr-chipyard-sw-fresh/tools-manual/zephyr-sdk-1.0.0-beta1/gnu/riscv64-zephyr-elf/riscv64-zephyr-elf/sys-include/sys/syslimits.h:83:9: note: this is the location of the previous definition
   83 | #define _POSIX_SEM_VALUE_MAX    32767
      |         ^~~~~~~~~~~~~~~~~~~~
/scratch2/agustin/zephyr-chipyard-sw/zephyr_ws/zephyr/include/zephyr/posix/posix_limits.h:44:9: warning: "_POSIX_SIGQUEUE_MAX" redefined
   44 | #define _POSIX_SIGQUEUE_MAX                 (32)
      |         ^~~~~~~~~~~~~~~~~~~
/scratch2/dima/zephyr-chipyard-sw-fresh/tools-manual/zephyr-sdk-1.0.0-beta1/gnu/riscv64-zephyr-elf/riscv64-zephyr-elf/sys-include/sys/syslimits.h:84:9: note: this is the location of the previous definition
   84 | #define _POSIX_SIGQUEUE_MAX     32
      |         ^~~~~~~~~~~~~~~~~~~
/scratch2/agustin/zephyr-chipyard-sw/zephyr_ws/zephyr/include/zephyr/posix/posix_limits.h:45:9: warning: "_POSIX_SSIZE_MAX" redefined
   45 | #define _POSIX_SSIZE_MAX                    (32767)
      |         ^~~~~~~~~~~~~~~~
/scratch2/dima/zephyr-chipyard-sw-fresh/tools-manual/zephyr-sdk-1.0.0-beta1/gnu/riscv64-zephyr-elf/riscv64-zephyr-elf/sys-include/sys/syslimits.h:85:9: note: this is the location of the previous definition
   85 | #define _POSIX_SSIZE_MAX        32767
      |         ^~~~~~~~~~~~~~~~
/scratch2/agustin/zephyr-chipyard-sw/zephyr_ws/zephyr/include/zephyr/posix/posix_limits.h:46:9: warning: "_POSIX_SS_REPL_MAX" redefined
   46 | #define _POSIX_SS_REPL_MAX                  (4)
      |         ^~~~~~~~~~~~~~~~~~
/scratch2/dima/zephyr-chipyard-sw-fresh/tools-manual/zephyr-sdk-1.0.0-beta1/gnu/riscv64-zephyr-elf/riscv64-zephyr-elf/sys-include/sys/syslimits.h:86:9: note: this is the location of the previous definition
   86 | #define _POSIX_SS_REPL_MAX      4
      |         ^~~~~~~~~~~~~~~~~~
/scratch2/agustin/zephyr-chipyard-sw/zephyr_ws/zephyr/include/zephyr/posix/posix_limits.h:47:9: warning: "_POSIX_STREAM_MAX" redefined
   47 | #define _POSIX_STREAM_MAX                   (8)
      |         ^~~~~~~~~~~~~~~~~
/scratch2/dima/zephyr-chipyard-sw-fresh/tools-manual/zephyr-sdk-1.0.0-beta1/gnu/riscv64-zephyr-elf/riscv64-zephyr-elf/sys-include/sys/syslimits.h:87:9: note: this is the location of the previous definition
   87 | #define _POSIX_STREAM_MAX       8
      |         ^~~~~~~~~~~~~~~~~
/scratch2/agustin/zephyr-chipyard-sw/zephyr_ws/zephyr/include/zephyr/posix/posix_limits.h:48:9: warning: "_POSIX_SYMLINK_MAX" redefined
   48 | #define _POSIX_SYMLINK_MAX                  (255)
      |         ^~~~~~~~~~~~~~~~~~
/scratch2/dima/zephyr-chipyard-sw-fresh/tools-manual/zephyr-sdk-1.0.0-beta1/gnu/riscv64-zephyr-elf/riscv64-zephyr-elf/sys-include/sys/syslimits.h:88:9: note: this is the location of the previous definition
   88 | #define _POSIX_SYMLINK_MAX      255
      |         ^~~~~~~~~~~~~~~~~~
/scratch2/agustin/zephyr-chipyard-sw/zephyr_ws/zephyr/include/zephyr/posix/posix_limits.h:49:9: warning: "_POSIX_SYMLOOP_MAX" redefined
   49 | #define _POSIX_SYMLOOP_MAX                  (8)
      |         ^~~~~~~~~~~~~~~~~~
/scratch2/dima/zephyr-chipyard-sw-fresh/tools-manual/zephyr-sdk-1.0.0-beta1/gnu/riscv64-zephyr-elf/riscv64-zephyr-elf/sys-include/sys/syslimits.h:89:9: note: this is the location of the previous definition
   89 | #define _POSIX_SYMLOOP_MAX      8
      |         ^~~~~~~~~~~~~~~~~~
/scratch2/agustin/zephyr-chipyard-sw/zephyr_ws/zephyr/include/zephyr/posix/posix_limits.h:50:9: warning: "_POSIX_THREAD_DESTRUCTOR_ITERATIONS" redefined
   50 | #define _POSIX_THREAD_DESTRUCTOR_ITERATIONS (4)
      |         ^~~~~~~~~~~~~~~~~~~~~~~~~~~~~~~~~~~
/scratch2/dima/zephyr-chipyard-sw-fresh/tools-manual/zephyr-sdk-1.0.0-beta1/gnu/riscv64-zephyr-elf/riscv64-zephyr-elf/sys-include/sys/syslimits.h:90:9: note: this is the location of the previous definition
   90 | #define _POSIX_THREAD_DESTRUCTOR_ITERATIONS     4
      |         ^~~~~~~~~~~~~~~~~~~~~~~~~~~~~~~~~~~
/scratch2/agustin/zephyr-chipyard-sw/zephyr_ws/zephyr/include/zephyr/posix/posix_limits.h:51:9: warning: "_POSIX_THREAD_KEYS_MAX" redefined
   51 | #define _POSIX_THREAD_KEYS_MAX              (128)
      |         ^~~~~~~~~~~~~~~~~~~~~~
/scratch2/dima/zephyr-chipyard-sw-fresh/tools-manual/zephyr-sdk-1.0.0-beta1/gnu/riscv64-zephyr-elf/riscv64-zephyr-elf/sys-include/sys/syslimits.h:91:9: note: this is the location of the previous definition
   91 | #define _POSIX_THREAD_KEYS_MAX  128
      |         ^~~~~~~~~~~~~~~~~~~~~~
/scratch2/agustin/zephyr-chipyard-sw/zephyr_ws/zephyr/include/zephyr/posix/posix_limits.h:52:9: warning: "_POSIX_THREAD_THREADS_MAX" redefined
   52 | #define _POSIX_THREAD_THREADS_MAX           (64)
      |         ^~~~~~~~~~~~~~~~~~~~~~~~~
/scratch2/dima/zephyr-chipyard-sw-fresh/tools-manual/zephyr-sdk-1.0.0-beta1/gnu/riscv64-zephyr-elf/riscv64-zephyr-elf/sys-include/sys/syslimits.h:92:9: note: this is the location of the previous definition
   92 | #define _POSIX_THREAD_THREADS_MAX       64
      |         ^~~~~~~~~~~~~~~~~~~~~~~~~
/scratch2/agustin/zephyr-chipyard-sw/zephyr_ws/zephyr/include/zephyr/posix/posix_limits.h:53:9: warning: "_POSIX_TIMER_MAX" redefined
   53 | #define _POSIX_TIMER_MAX                    (32)
      |         ^~~~~~~~~~~~~~~~
/scratch2/dima/zephyr-chipyard-sw-fresh/tools-manual/zephyr-sdk-1.0.0-beta1/gnu/riscv64-zephyr-elf/riscv64-zephyr-elf/sys-include/sys/syslimits.h:93:9: note: this is the location of the previous definition
   93 | #define _POSIX_TIMER_MAX        32
      |         ^~~~~~~~~~~~~~~~
/scratch2/agustin/zephyr-chipyard-sw/zephyr_ws/zephyr/include/zephyr/posix/posix_limits.h:54:9: warning: "_POSIX_TRACE_EVENT_NAME_MAX" redefined
   54 | #define _POSIX_TRACE_EVENT_NAME_MAX         (30)
      |         ^~~~~~~~~~~~~~~~~~~~~~~~~~~
/scratch2/dima/zephyr-chipyard-sw-fresh/tools-manual/zephyr-sdk-1.0.0-beta1/gnu/riscv64-zephyr-elf/riscv64-zephyr-elf/sys-include/sys/syslimits.h:94:9: note: this is the location of the previous definition
   94 | #define _POSIX_TRACE_EVENT_NAME_MAX     30
      |         ^~~~~~~~~~~~~~~~~~~~~~~~~~~
/scratch2/agustin/zephyr-chipyard-sw/zephyr_ws/zephyr/include/zephyr/posix/posix_limits.h:55:9: warning: "_POSIX_TRACE_NAME_MAX" redefined
   55 | #define _POSIX_TRACE_NAME_MAX               (8)
      |         ^~~~~~~~~~~~~~~~~~~~~
/scratch2/dima/zephyr-chipyard-sw-fresh/tools-manual/zephyr-sdk-1.0.0-beta1/gnu/riscv64-zephyr-elf/riscv64-zephyr-elf/sys-include/sys/syslimits.h:95:9: note: this is the location of the previous definition
   95 | #define _POSIX_TRACE_NAME_MAX   8
      |         ^~~~~~~~~~~~~~~~~~~~~
/scratch2/agustin/zephyr-chipyard-sw/zephyr_ws/zephyr/include/zephyr/posix/posix_limits.h:56:9: warning: "_POSIX_TRACE_SYS_MAX" redefined
   56 | #define _POSIX_TRACE_SYS_MAX                (8)
      |         ^~~~~~~~~~~~~~~~~~~~
/scratch2/dima/zephyr-chipyard-sw-fresh/tools-manual/zephyr-sdk-1.0.0-beta1/gnu/riscv64-zephyr-elf/riscv64-zephyr-elf/sys-include/sys/syslimits.h:96:9: note: this is the location of the previous definition
   96 | #define _POSIX_TRACE_SYS_MAX    8
      |         ^~~~~~~~~~~~~~~~~~~~
/scratch2/agustin/zephyr-chipyard-sw/zephyr_ws/zephyr/include/zephyr/posix/posix_limits.h:57:9: warning: "_POSIX_TRACE_USER_EVENT_MAX" redefined
   57 | #define _POSIX_TRACE_USER_EVENT_MAX         (32)
      |         ^~~~~~~~~~~~~~~~~~~~~~~~~~~
/scratch2/dima/zephyr-chipyard-sw-fresh/tools-manual/zephyr-sdk-1.0.0-beta1/gnu/riscv64-zephyr-elf/riscv64-zephyr-elf/sys-include/sys/syslimits.h:97:9: note: this is the location of the previous definition
   97 | #define _POSIX_TRACE_USER_EVENT_MAX     32
      |         ^~~~~~~~~~~~~~~~~~~~~~~~~~~
/scratch2/agustin/zephyr-chipyard-sw/zephyr_ws/zephyr/include/zephyr/posix/posix_limits.h:58:9: warning: "_POSIX_TTY_NAME_MAX" redefined
   58 | #define _POSIX_TTY_NAME_MAX                 (9)
      |         ^~~~~~~~~~~~~~~~~~~
/scratch2/dima/zephyr-chipyard-sw-fresh/tools-manual/zephyr-sdk-1.0.0-beta1/gnu/riscv64-zephyr-elf/riscv64-zephyr-elf/sys-include/sys/syslimits.h:98:9: note: this is the location of the previous definition
   98 | #define _POSIX_TTY_NAME_MAX     9
      |         ^~~~~~~~~~~~~~~~~~~
/scratch2/agustin/zephyr-chipyard-sw/zephyr_ws/zephyr/include/zephyr/posix/posix_limits.h:59:9: warning: "_POSIX_TZNAME_MAX" redefined
   59 | #define _POSIX_TZNAME_MAX                   (6)
      |         ^~~~~~~~~~~~~~~~~
/scratch2/dima/zephyr-chipyard-sw-fresh/tools-manual/zephyr-sdk-1.0.0-beta1/gnu/riscv64-zephyr-elf/riscv64-zephyr-elf/sys-include/sys/syslimits.h:99:9: note: this is the location of the previous definition
   99 | #define _POSIX_TZNAME_MAX       3
      |         ^~~~~~~~~~~~~~~~~
/scratch2/agustin/zephyr-chipyard-sw/zephyr_ws/zephyr/include/zephyr/posix/posix_limits.h:60:9: warning: "_POSIX2_BC_BASE_MAX" redefined
   60 | #define _POSIX2_BC_BASE_MAX                 (99)
      |         ^~~~~~~~~~~~~~~~~~~
/scratch2/dima/zephyr-chipyard-sw-fresh/tools-manual/zephyr-sdk-1.0.0-beta1/gnu/riscv64-zephyr-elf/riscv64-zephyr-elf/sys-include/sys/syslimits.h:100:9: note: this is the location of the previous definition
  100 | #define _POSIX2_BC_BASE_MAX     99
      |         ^~~~~~~~~~~~~~~~~~~
/scratch2/agustin/zephyr-chipyard-sw/zephyr_ws/zephyr/include/zephyr/posix/posix_limits.h:61:9: warning: "_POSIX2_BC_DIM_MAX" redefined
   61 | #define _POSIX2_BC_DIM_MAX                  (2048)
      |         ^~~~~~~~~~~~~~~~~~
/scratch2/dima/zephyr-chipyard-sw-fresh/tools-manual/zephyr-sdk-1.0.0-beta1/gnu/riscv64-zephyr-elf/riscv64-zephyr-elf/sys-include/sys/syslimits.h:101:9: note: this is the location of the previous definition
  101 | #define _POSIX2_BC_DIM_MAX      2048
      |         ^~~~~~~~~~~~~~~~~~
/scratch2/agustin/zephyr-chipyard-sw/zephyr_ws/zephyr/include/zephyr/posix/posix_limits.h:62:9: warning: "_POSIX2_BC_SCALE_MAX" redefined
   62 | #define _POSIX2_BC_SCALE_MAX                (99)
      |         ^~~~~~~~~~~~~~~~~~~~
/scratch2/dima/zephyr-chipyard-sw-fresh/tools-manual/zephyr-sdk-1.0.0-beta1/gnu/riscv64-zephyr-elf/riscv64-zephyr-elf/sys-include/sys/syslimits.h:102:9: note: this is the location of the previous definition
  102 | #define _POSIX2_BC_SCALE_MAX    99
      |         ^~~~~~~~~~~~~~~~~~~~
/scratch2/agustin/zephyr-chipyard-sw/zephyr_ws/zephyr/include/zephyr/posix/posix_limits.h:63:9: warning: "_POSIX2_BC_STRING_MAX" redefined
   63 | #define _POSIX2_BC_STRING_MAX               (1000)
      |         ^~~~~~~~~~~~~~~~~~~~~
/scratch2/dima/zephyr-chipyard-sw-fresh/tools-manual/zephyr-sdk-1.0.0-beta1/gnu/riscv64-zephyr-elf/riscv64-zephyr-elf/sys-include/sys/syslimits.h:103:9: note: this is the location of the previous definition
  103 | #define _POSIX2_BC_STRING_MAX   1000
      |         ^~~~~~~~~~~~~~~~~~~~~
/scratch2/agustin/zephyr-chipyard-sw/zephyr_ws/zephyr/include/zephyr/posix/posix_limits.h:64:9: warning: "_POSIX2_CHARCLASS_NAME_MAX" redefined
   64 | #define _POSIX2_CHARCLASS_NAME_MAX          (14)
      |         ^~~~~~~~~~~~~~~~~~~~~~~~~~
/scratch2/dima/zephyr-chipyard-sw-fresh/tools-manual/zephyr-sdk-1.0.0-beta1/gnu/riscv64-zephyr-elf/riscv64-zephyr-elf/sys-include/sys/syslimits.h:104:9: note: this is the location of the previous definition
  104 | #define _POSIX2_CHARCLASS_NAME_MAX      14
      |         ^~~~~~~~~~~~~~~~~~~~~~~~~~
/scratch2/agustin/zephyr-chipyard-sw/zephyr_ws/zephyr/include/zephyr/posix/posix_limits.h:65:9: warning: "_POSIX2_COLL_WEIGHTS_MAX" redefined
   65 | #define _POSIX2_COLL_WEIGHTS_MAX            (2)
      |         ^~~~~~~~~~~~~~~~~~~~~~~~
/scratch2/dima/zephyr-chipyard-sw-fresh/tools-manual/zephyr-sdk-1.0.0-beta1/gnu/riscv64-zephyr-elf/riscv64-zephyr-elf/sys-include/sys/syslimits.h:105:9: note: this is the location of the previous definition
  105 | #define _POSIX2_COLL_WEIGHTS_MAX        2
      |         ^~~~~~~~~~~~~~~~~~~~~~~~
/scratch2/agustin/zephyr-chipyard-sw/zephyr_ws/zephyr/include/zephyr/posix/posix_limits.h:66:9: warning: "_POSIX2_EXPR_NEST_MAX" redefined
   66 | #define _POSIX2_EXPR_NEST_MAX               (32)
      |         ^~~~~~~~~~~~~~~~~~~~~
/scratch2/dima/zephyr-chipyard-sw-fresh/tools-manual/zephyr-sdk-1.0.0-beta1/gnu/riscv64-zephyr-elf/riscv64-zephyr-elf/sys-include/sys/syslimits.h:106:9: note: this is the location of the previous definition
  106 | #define _POSIX2_EXPR_NEST_MAX   32
      |         ^~~~~~~~~~~~~~~~~~~~~
/scratch2/agustin/zephyr-chipyard-sw/zephyr_ws/zephyr/include/zephyr/posix/posix_limits.h:67:9: warning: "_POSIX2_LINE_MAX" redefined
   67 | #define _POSIX2_LINE_MAX                    (2048)
      |         ^~~~~~~~~~~~~~~~
/scratch2/dima/zephyr-chipyard-sw-fresh/tools-manual/zephyr-sdk-1.0.0-beta1/gnu/riscv64-zephyr-elf/riscv64-zephyr-elf/sys-include/sys/syslimits.h:107:9: note: this is the location of the previous definition
  107 | #define _POSIX2_LINE_MAX        2048
      |         ^~~~~~~~~~~~~~~~
/scratch2/agustin/zephyr-chipyard-sw/zephyr_ws/zephyr/include/zephyr/posix/posix_limits.h:83:9: warning: "ARG_MAX" redefined
   83 | #define ARG_MAX                       _POSIX_ARG_MAX
      |         ^~~~~~~
/scratch2/dima/zephyr-chipyard-sw-fresh/tools-manual/zephyr-sdk-1.0.0-beta1/gnu/riscv64-zephyr-elf/riscv64-zephyr-elf/sys-include/sys/syslimits.h:41:9: note: this is the location of the previous definition
   41 | #define ARG_MAX                 65536   /* max bytes for an exec function */
      |         ^~~~~~~
/scratch2/agustin/zephyr-chipyard-sw/zephyr_ws/zephyr/include/zephyr/posix/posix_limits.h:84:9: warning: "ATEXIT_MAX" redefined
   84 | #define ATEXIT_MAX                    (32)
      |         ^~~~~~~~~~
/scratch2/dima/zephyr-chipyard-sw-fresh/tools-manual/zephyr-sdk-1.0.0-beta1/gnu/riscv64-zephyr-elf/riscv64-zephyr-elf/sys-include/sys/syslimits.h:42:9: note: this is the location of the previous definition
   42 | #define ATEXIT_MAX                 32   /* max atexit functions */
      |         ^~~~~~~~~~
/scratch2/agustin/zephyr-chipyard-sw/zephyr_ws/zephyr/include/zephyr/posix/posix_limits.h:93:9: warning: "OPEN_MAX" redefined
   93 | #define OPEN_MAX                      CONFIG_POSIX_OPEN_MAX
      |         ^~~~~~~~
/scratch2/dima/zephyr-chipyard-sw-fresh/tools-manual/zephyr-sdk-1.0.0-beta1/gnu/riscv64-zephyr-elf/riscv64-zephyr-elf/sys-include/sys/syslimits.h:45:9: note: this is the location of the previous definition
   45 | #define OPEN_MAX                   64   /* max open files per process */
      |         ^~~~~~~~
/scratch2/agustin/zephyr-chipyard-sw/zephyr_ws/zephyr/include/zephyr/posix/posix_limits.h:96:9: warning: "PATH_MAX" redefined
   96 | #define PATH_MAX                      _POSIX_PATH_MAX
      |         ^~~~~~~~
/scratch2/dima/zephyr-chipyard-sw-fresh/tools-manual/zephyr-sdk-1.0.0-beta1/gnu/riscv64-zephyr-elf/riscv64-zephyr-elf/sys-include/sys/syslimits.h:53:9: note: this is the location of the previous definition
   53 | #define PATH_MAX                 1024   /* max bytes in pathname */
      |         ^~~~~~~~
/scratch2/agustin/zephyr-chipyard-sw/zephyr_ws/zephyr/include/zephyr/posix/posix_limits.h:114:9: warning: "TZNAME_MAX" redefined
  114 | #define TZNAME_MAX                    _POSIX_TZNAME_MAX
      |         ^~~~~~~~~~
/scratch2/dima/zephyr-chipyard-sw-fresh/tools-manual/zephyr-sdk-1.0.0-beta1/gnu/riscv64-zephyr-elf/riscv64-zephyr-elf/sys-include/sys/syslimits.h:46:9: note: this is the location of the previous definition
   46 | #define TZNAME_MAX                 10   /* max time zone name length */
      |         ^~~~~~~~~~
[131/202] Building C object zephyr/kernel/CMakeFiles/kernel.dir/version.c.obj
[132/202] Building C object zephyr/lib/posix/options/CMakeFiles/lib__posix__options.dir/xsi_single_process.c.obj
[133/202] Building C object zephyr/kernel/CMakeFiles/kernel.dir/main_weak.c.obj
[134/202] Building C object zephyr/CMakeFiles/zephyr.dir/lib/os/cbprintf_complete.c.obj
[135/202] Building C object zephyr/lib/posix/options/CMakeFiles/lib__posix__options.dir/fd_mgmt.c.obj
In file included from /scratch2/agustin/zephyr-chipyard-sw/zephyr_ws/zephyr/include/zephyr/posix/sys/sysconf.h:11,
                 from /scratch2/agustin/zephyr-chipyard-sw/zephyr_ws/zephyr/include/zephyr/posix/unistd.h:18,
                 from /scratch2/agustin/zephyr-chipyard-sw/zephyr_ws/zephyr/lib/posix/options/fd_mgmt.c:11:
/scratch2/agustin/zephyr-chipyard-sw/zephyr_ws/zephyr/include/zephyr/posix/posix_limits.h:23:9: warning: "_POSIX_AIO_LISTIO_MAX" redefined
   23 | #define _POSIX_AIO_LISTIO_MAX               (2)
      |         ^~~~~~~~~~~~~~~~~~~~~
In file included from /scratch2/dima/zephyr-chipyard-sw-fresh/tools-manual/zephyr-sdk-1.0.0-beta1/gnu/riscv64-zephyr-elf/riscv64-zephyr-elf/sys-include/limits.h:6,
                 from /scratch2/dima/zephyr-chipyard-sw-fresh/tools-manual/zephyr-sdk-1.0.0-beta1/gnu/riscv64-zephyr-elf/lib/gcc/riscv64-zephyr-elf/14.3.0/include/limits.h:210,
                 from /scratch2/dima/zephyr-chipyard-sw-fresh/tools-manual/zephyr-sdk-1.0.0-beta1/gnu/riscv64-zephyr-elf/lib/gcc/riscv64-zephyr-elf/14.3.0/include/syslimits.h:7,
                 from /scratch2/dima/zephyr-chipyard-sw-fresh/tools-manual/zephyr-sdk-1.0.0-beta1/gnu/riscv64-zephyr-elf/lib/gcc/riscv64-zephyr-elf/14.3.0/include/limits.h:34,
                 from /scratch2/agustin/zephyr-chipyard-sw/zephyr_ws/zephyr/include/zephyr/kernel_includes.h:22,
                 from /scratch2/agustin/zephyr-chipyard-sw/zephyr_ws/zephyr/include/zephyr/kernel.h:17,
                 from /scratch2/agustin/zephyr-chipyard-sw/zephyr_ws/zephyr/include/zephyr/posix/posix_types.h:30,
                 from /scratch2/agustin/zephyr-chipyard-sw/zephyr_ws/zephyr/include/zephyr/posix/unistd.h:11:
/scratch2/dima/zephyr-chipyard-sw-fresh/tools-manual/zephyr-sdk-1.0.0-beta1/gnu/riscv64-zephyr-elf/riscv64-zephyr-elf/sys-include/sys/syslimits.h:63:9: note: this is the location of the previous definition
   63 | #define _POSIX_AIO_LISTIO_MAX   2
      |         ^~~~~~~~~~~~~~~~~~~~~
/scratch2/agustin/zephyr-chipyard-sw/zephyr_ws/zephyr/include/zephyr/posix/posix_limits.h:24:9: warning: "_POSIX_AIO_MAX" redefined
   24 | #define _POSIX_AIO_MAX                      (1)
      |         ^~~~~~~~~~~~~~
/scratch2/dima/zephyr-chipyard-sw-fresh/tools-manual/zephyr-sdk-1.0.0-beta1/gnu/riscv64-zephyr-elf/riscv64-zephyr-elf/sys-include/sys/syslimits.h:64:9: note: this is the location of the previous definition
   64 | #define _POSIX_AIO_MAX          1
      |         ^~~~~~~~~~~~~~
/scratch2/agustin/zephyr-chipyard-sw/zephyr_ws/zephyr/include/zephyr/posix/posix_limits.h:25:9: warning: "_POSIX_ARG_MAX" redefined
   25 | #define _POSIX_ARG_MAX                      (4096)
      |         ^~~~~~~~~~~~~~
/scratch2/dima/zephyr-chipyard-sw-fresh/tools-manual/zephyr-sdk-1.0.0-beta1/gnu/riscv64-zephyr-elf/riscv64-zephyr-elf/sys-include/sys/syslimits.h:65:9: note: this is the location of the previous definition
   65 | #define _POSIX_ARG_MAX          4096
      |         ^~~~~~~~~~~~~~
/scratch2/agustin/zephyr-chipyard-sw/zephyr_ws/zephyr/include/zephyr/posix/posix_limits.h:26:9: warning: "_POSIX_CHILD_MAX" redefined
   26 | #define _POSIX_CHILD_MAX                    (25)
      |         ^~~~~~~~~~~~~~~~
/scratch2/dima/zephyr-chipyard-sw-fresh/tools-manual/zephyr-sdk-1.0.0-beta1/gnu/riscv64-zephyr-elf/riscv64-zephyr-elf/sys-include/sys/syslimits.h:66:9: note: this is the location of the previous definition
   66 | #define _POSIX_CHILD_MAX        6
      |         ^~~~~~~~~~~~~~~~
/scratch2/agustin/zephyr-chipyard-sw/zephyr_ws/zephyr/include/zephyr/posix/posix_limits.h:27:9: warning: "_POSIX_DELAYTIMER_MAX" redefined
   27 | #define _POSIX_DELAYTIMER_MAX               (32)
      |         ^~~~~~~~~~~~~~~~~~~~~
/scratch2/dima/zephyr-chipyard-sw-fresh/tools-manual/zephyr-sdk-1.0.0-beta1/gnu/riscv64-zephyr-elf/riscv64-zephyr-elf/sys-include/sys/syslimits.h:67:9: note: this is the location of the previous definition
   67 | #define _POSIX_DELAYTIMER_MAX   32
      |         ^~~~~~~~~~~~~~~~~~~~~
/scratch2/agustin/zephyr-chipyard-sw/zephyr_ws/zephyr/include/zephyr/posix/posix_limits.h:28:9: warning: "_POSIX_HOST_NAME_MAX" redefined
   28 | #define _POSIX_HOST_NAME_MAX                (255)
      |         ^~~~~~~~~~~~~~~~~~~~
/scratch2/dima/zephyr-chipyard-sw-fresh/tools-manual/zephyr-sdk-1.0.0-beta1/gnu/riscv64-zephyr-elf/riscv64-zephyr-elf/sys-include/sys/syslimits.h:68:9: note: this is the location of the previous definition
   68 | #define _POSIX_HOST_NAME_MAX    255
      |         ^~~~~~~~~~~~~~~~~~~~
/scratch2/agustin/zephyr-chipyard-sw/zephyr_ws/zephyr/include/zephyr/posix/posix_limits.h:29:9: warning: "_POSIX_LINK_MAX" redefined
   29 | #define _POSIX_LINK_MAX                     (8)
      |         ^~~~~~~~~~~~~~~
/scratch2/dima/zephyr-chipyard-sw-fresh/tools-manual/zephyr-sdk-1.0.0-beta1/gnu/riscv64-zephyr-elf/riscv64-zephyr-elf/sys-include/sys/syslimits.h:69:9: note: this is the location of the previous definition
   69 | #define _POSIX_LINK_MAX         8
      |         ^~~~~~~~~~~~~~~
/scratch2/agustin/zephyr-chipyard-sw/zephyr_ws/zephyr/include/zephyr/posix/posix_limits.h:30:9: warning: "_POSIX_LOGIN_NAME_MAX" redefined
   30 | #define _POSIX_LOGIN_NAME_MAX               (9)
      |         ^~~~~~~~~~~~~~~~~~~~~
/scratch2/dima/zephyr-chipyard-sw-fresh/tools-manual/zephyr-sdk-1.0.0-beta1/gnu/riscv64-zephyr-elf/riscv64-zephyr-elf/sys-include/sys/syslimits.h:70:9: note: this is the location of the previous definition
   70 | #define _POSIX_LOGIN_NAME_MAX   9
      |         ^~~~~~~~~~~~~~~~~~~~~
/scratch2/agustin/zephyr-chipyard-sw/zephyr_ws/zephyr/include/zephyr/posix/posix_limits.h:31:9: warning: "_POSIX_MAX_CANON" redefined
   31 | #define _POSIX_MAX_CANON                    (255)
      |         ^~~~~~~~~~~~~~~~
/scratch2/dima/zephyr-chipyard-sw-fresh/tools-manual/zephyr-sdk-1.0.0-beta1/gnu/riscv64-zephyr-elf/riscv64-zephyr-elf/sys-include/sys/syslimits.h:71:9: note: this is the location of the previous definition
   71 | #define _POSIX_MAX_CANON        255
      |         ^~~~~~~~~~~~~~~~
/scratch2/agustin/zephyr-chipyard-sw/zephyr_ws/zephyr/include/zephyr/posix/posix_limits.h:32:9: warning: "_POSIX_MAX_INPUT" redefined
   32 | #define _POSIX_MAX_INPUT                    (255)
      |         ^~~~~~~~~~~~~~~~
/scratch2/dima/zephyr-chipyard-sw-fresh/tools-manual/zephyr-sdk-1.0.0-beta1/gnu/riscv64-zephyr-elf/riscv64-zephyr-elf/sys-include/sys/syslimits.h:72:9: note: this is the location of the previous definition
   72 | #define _POSIX_MAX_INPUT        255
      |         ^~~~~~~~~~~~~~~~
/scratch2/agustin/zephyr-chipyard-sw/zephyr_ws/zephyr/include/zephyr/posix/posix_limits.h:33:9: warning: "_POSIX_MQ_OPEN_MAX" redefined
   33 | #define _POSIX_MQ_OPEN_MAX                  (8)
      |         ^~~~~~~~~~~~~~~~~~
/scratch2/dima/zephyr-chipyard-sw-fresh/tools-manual/zephyr-sdk-1.0.0-beta1/gnu/riscv64-zephyr-elf/riscv64-zephyr-elf/sys-include/sys/syslimits.h:73:9: note: this is the location of the previous definition
   73 | #define _POSIX_MQ_OPEN_MAX      8
      |         ^~~~~~~~~~~~~~~~~~
/scratch2/agustin/zephyr-chipyard-sw/zephyr_ws/zephyr/include/zephyr/posix/posix_limits.h:34:9: warning: "_POSIX_MQ_PRIO_MAX" redefined
   34 | #define _POSIX_MQ_PRIO_MAX                  (32)
      |         ^~~~~~~~~~~~~~~~~~
/scratch2/dima/zephyr-chipyard-sw-fresh/tools-manual/zephyr-sdk-1.0.0-beta1/gnu/riscv64-zephyr-elf/riscv64-zephyr-elf/sys-include/sys/syslimits.h:74:9: note: this is the location of the previous definition
   74 | #define _POSIX_MQ_PRIO_MAX      32
      |         ^~~~~~~~~~~~~~~~~~
/scratch2/agustin/zephyr-chipyard-sw/zephyr_ws/zephyr/include/zephyr/posix/posix_limits.h:35:9: warning: "_POSIX_NAME_MAX" redefined
   35 | #define _POSIX_NAME_MAX                     (14)
      |         ^~~~~~~~~~~~~~~
/scratch2/dima/zephyr-chipyard-sw-fresh/tools-manual/zephyr-sdk-1.0.0-beta1/gnu/riscv64-zephyr-elf/riscv64-zephyr-elf/sys-include/sys/syslimits.h:75:9: note: this is the location of the previous definition
   75 | #define _POSIX_NAME_MAX         14
      |         ^~~~~~~~~~~~~~~
/scratch2/agustin/zephyr-chipyard-sw/zephyr_ws/zephyr/include/zephyr/posix/posix_limits.h:36:9: warning: "_POSIX_NGROUPS_MAX" redefined
   36 | #define _POSIX_NGROUPS_MAX                  (8)
      |         ^~~~~~~~~~~~~~~~~~
/scratch2/dima/zephyr-chipyard-sw-fresh/tools-manual/zephyr-sdk-1.0.0-beta1/gnu/riscv64-zephyr-elf/riscv64-zephyr-elf/sys-include/sys/syslimits.h:76:9: note: this is the location of the previous definition
   76 | #define _POSIX_NGROUPS_MAX      0
      |         ^~~~~~~~~~~~~~~~~~
/scratch2/agustin/zephyr-chipyard-sw/zephyr_ws/zephyr/include/zephyr/posix/posix_limits.h:37:9: warning: "_POSIX_OPEN_MAX" redefined
   37 | #define _POSIX_OPEN_MAX                     (20)
      |         ^~~~~~~~~~~~~~~
/scratch2/dima/zephyr-chipyard-sw-fresh/tools-manual/zephyr-sdk-1.0.0-beta1/gnu/riscv64-zephyr-elf/riscv64-zephyr-elf/sys-include/sys/syslimits.h:77:9: note: this is the location of the previous definition
   77 | #define _POSIX_OPEN_MAX         16
      |         ^~~~~~~~~~~~~~~
/scratch2/agustin/zephyr-chipyard-sw/zephyr_ws/zephyr/include/zephyr/posix/posix_limits.h:38:9: warning: "_POSIX_PATH_MAX" redefined
   38 | #define _POSIX_PATH_MAX                     (256)
      |         ^~~~~~~~~~~~~~~
/scratch2/dima/zephyr-chipyard-sw-fresh/tools-manual/zephyr-sdk-1.0.0-beta1/gnu/riscv64-zephyr-elf/riscv64-zephyr-elf/sys-include/sys/syslimits.h:78:9: note: this is the location of the previous definition
   78 | #define _POSIX_PATH_MAX         255
      |         ^~~~~~~~~~~~~~~
/scratch2/agustin/zephyr-chipyard-sw/zephyr_ws/zephyr/include/zephyr/posix/posix_limits.h:39:9: warning: "_POSIX_PIPE_BUF" redefined
   39 | #define _POSIX_PIPE_BUF                     (512)
      |         ^~~~~~~~~~~~~~~
/scratch2/dima/zephyr-chipyard-sw-fresh/tools-manual/zephyr-sdk-1.0.0-beta1/gnu/riscv64-zephyr-elf/riscv64-zephyr-elf/sys-include/sys/syslimits.h:79:9: note: this is the location of the previous definition
   79 | #define _POSIX_PIPE_BUF         512
      |         ^~~~~~~~~~~~~~~
/scratch2/agustin/zephyr-chipyard-sw/zephyr_ws/zephyr/include/zephyr/posix/posix_limits.h:40:9: warning: "_POSIX_RE_DUP_MAX" redefined
   40 | #define _POSIX_RE_DUP_MAX                   (255)
      |         ^~~~~~~~~~~~~~~~~
/scratch2/dima/zephyr-chipyard-sw-fresh/tools-manual/zephyr-sdk-1.0.0-beta1/gnu/riscv64-zephyr-elf/riscv64-zephyr-elf/sys-include/sys/syslimits.h:80:9: note: this is the location of the previous definition
   80 | #define _POSIX_RE_DUP_MAX       255
      |         ^~~~~~~~~~~~~~~~~
/scratch2/agustin/zephyr-chipyard-sw/zephyr_ws/zephyr/include/zephyr/posix/posix_limits.h:41:9: warning: "_POSIX_RTSIG_MAX" redefined
   41 | #define _POSIX_RTSIG_MAX                    (8)
      |         ^~~~~~~~~~~~~~~~
/scratch2/dima/zephyr-chipyard-sw-fresh/tools-manual/zephyr-sdk-1.0.0-beta1/gnu/riscv64-zephyr-elf/riscv64-zephyr-elf/sys-include/sys/syslimits.h:81:9: note: this is the location of the previous definition
   81 | #define _POSIX_RTSIG_MAX        8
      |         ^~~~~~~~~~~~~~~~
/scratch2/agustin/zephyr-chipyard-sw/zephyr_ws/zephyr/include/zephyr/posix/posix_limits.h:42:9: warning: "_POSIX_SEM_NSEMS_MAX" redefined
   42 | #define _POSIX_SEM_NSEMS_MAX                (256)
      |         ^~~~~~~~~~~~~~~~~~~~
/scratch2/dima/zephyr-chipyard-sw-fresh/tools-manual/zephyr-sdk-1.0.0-beta1/gnu/riscv64-zephyr-elf/riscv64-zephyr-elf/sys-include/sys/syslimits.h:82:9: note: this is the location of the previous definition
   82 | #define _POSIX_SEM_NSEMS_MAX    256
      |         ^~~~~~~~~~~~~~~~~~~~
/scratch2/agustin/zephyr-chipyard-sw/zephyr_ws/zephyr/include/zephyr/posix/posix_limits.h:43:9: warning: "_POSIX_SEM_VALUE_MAX" redefined
   43 | #define _POSIX_SEM_VALUE_MAX                (32767)
      |         ^~~~~~~~~~~~~~~~~~~~
/scratch2/dima/zephyr-chipyard-sw-fresh/tools-manual/zephyr-sdk-1.0.0-beta1/gnu/riscv64-zephyr-elf/riscv64-zephyr-elf/sys-include/sys/syslimits.h:83:9: note: this is the location of the previous definition
   83 | #define _POSIX_SEM_VALUE_MAX    32767
      |         ^~~~~~~~~~~~~~~~~~~~
/scratch2/agustin/zephyr-chipyard-sw/zephyr_ws/zephyr/include/zephyr/posix/posix_limits.h:44:9: warning: "_POSIX_SIGQUEUE_MAX" redefined
   44 | #define _POSIX_SIGQUEUE_MAX                 (32)
      |         ^~~~~~~~~~~~~~~~~~~
/scratch2/dima/zephyr-chipyard-sw-fresh/tools-manual/zephyr-sdk-1.0.0-beta1/gnu/riscv64-zephyr-elf/riscv64-zephyr-elf/sys-include/sys/syslimits.h:84:9: note: this is the location of the previous definition
   84 | #define _POSIX_SIGQUEUE_MAX     32
      |         ^~~~~~~~~~~~~~~~~~~
/scratch2/agustin/zephyr-chipyard-sw/zephyr_ws/zephyr/include/zephyr/posix/posix_limits.h:45:9: warning: "_POSIX_SSIZE_MAX" redefined
   45 | #define _POSIX_SSIZE_MAX                    (32767)
      |         ^~~~~~~~~~~~~~~~
/scratch2/dima/zephyr-chipyard-sw-fresh/tools-manual/zephyr-sdk-1.0.0-beta1/gnu/riscv64-zephyr-elf/riscv64-zephyr-elf/sys-include/sys/syslimits.h:85:9: note: this is the location of the previous definition
   85 | #define _POSIX_SSIZE_MAX        32767
      |         ^~~~~~~~~~~~~~~~
/scratch2/agustin/zephyr-chipyard-sw/zephyr_ws/zephyr/include/zephyr/posix/posix_limits.h:46:9: warning: "_POSIX_SS_REPL_MAX" redefined
   46 | #define _POSIX_SS_REPL_MAX                  (4)
      |         ^~~~~~~~~~~~~~~~~~
/scratch2/dima/zephyr-chipyard-sw-fresh/tools-manual/zephyr-sdk-1.0.0-beta1/gnu/riscv64-zephyr-elf/riscv64-zephyr-elf/sys-include/sys/syslimits.h:86:9: note: this is the location of the previous definition
   86 | #define _POSIX_SS_REPL_MAX      4
      |         ^~~~~~~~~~~~~~~~~~
/scratch2/agustin/zephyr-chipyard-sw/zephyr_ws/zephyr/include/zephyr/posix/posix_limits.h:47:9: warning: "_POSIX_STREAM_MAX" redefined
   47 | #define _POSIX_STREAM_MAX                   (8)
      |         ^~~~~~~~~~~~~~~~~
/scratch2/dima/zephyr-chipyard-sw-fresh/tools-manual/zephyr-sdk-1.0.0-beta1/gnu/riscv64-zephyr-elf/riscv64-zephyr-elf/sys-include/sys/syslimits.h:87:9: note: this is the location of the previous definition
   87 | #define _POSIX_STREAM_MAX       8
      |         ^~~~~~~~~~~~~~~~~
/scratch2/agustin/zephyr-chipyard-sw/zephyr_ws/zephyr/include/zephyr/posix/posix_limits.h:48:9: warning: "_POSIX_SYMLINK_MAX" redefined
   48 | #define _POSIX_SYMLINK_MAX                  (255)
      |         ^~~~~~~~~~~~~~~~~~
/scratch2/dima/zephyr-chipyard-sw-fresh/tools-manual/zephyr-sdk-1.0.0-beta1/gnu/riscv64-zephyr-elf/riscv64-zephyr-elf/sys-include/sys/syslimits.h:88:9: note: this is the location of the previous definition
   88 | #define _POSIX_SYMLINK_MAX      255
      |         ^~~~~~~~~~~~~~~~~~
/scratch2/agustin/zephyr-chipyard-sw/zephyr_ws/zephyr/include/zephyr/posix/posix_limits.h:49:9: warning: "_POSIX_SYMLOOP_MAX" redefined
   49 | #define _POSIX_SYMLOOP_MAX                  (8)
      |         ^~~~~~~~~~~~~~~~~~
/scratch2/dima/zephyr-chipyard-sw-fresh/tools-manual/zephyr-sdk-1.0.0-beta1/gnu/riscv64-zephyr-elf/riscv64-zephyr-elf/sys-include/sys/syslimits.h:89:9: note: this is the location of the previous definition
   89 | #define _POSIX_SYMLOOP_MAX      8
      |         ^~~~~~~~~~~~~~~~~~
/scratch2/agustin/zephyr-chipyard-sw/zephyr_ws/zephyr/include/zephyr/posix/posix_limits.h:50:9: warning: "_POSIX_THREAD_DESTRUCTOR_ITERATIONS" redefined
   50 | #define _POSIX_THREAD_DESTRUCTOR_ITERATIONS (4)
      |         ^~~~~~~~~~~~~~~~~~~~~~~~~~~~~~~~~~~
/scratch2/dima/zephyr-chipyard-sw-fresh/tools-manual/zephyr-sdk-1.0.0-beta1/gnu/riscv64-zephyr-elf/riscv64-zephyr-elf/sys-include/sys/syslimits.h:90:9: note: this is the location of the previous definition
   90 | #define _POSIX_THREAD_DESTRUCTOR_ITERATIONS     4
      |         ^~~~~~~~~~~~~~~~~~~~~~~~~~~~~~~~~~~
/scratch2/agustin/zephyr-chipyard-sw/zephyr_ws/zephyr/include/zephyr/posix/posix_limits.h:51:9: warning: "_POSIX_THREAD_KEYS_MAX" redefined
   51 | #define _POSIX_THREAD_KEYS_MAX              (128)
      |         ^~~~~~~~~~~~~~~~~~~~~~
/scratch2/dima/zephyr-chipyard-sw-fresh/tools-manual/zephyr-sdk-1.0.0-beta1/gnu/riscv64-zephyr-elf/riscv64-zephyr-elf/sys-include/sys/syslimits.h:91:9: note: this is the location of the previous definition
   91 | #define _POSIX_THREAD_KEYS_MAX  128
      |         ^~~~~~~~~~~~~~~~~~~~~~
/scratch2/agustin/zephyr-chipyard-sw/zephyr_ws/zephyr/include/zephyr/posix/posix_limits.h:52:9: warning: "_POSIX_THREAD_THREADS_MAX" redefined
   52 | #define _POSIX_THREAD_THREADS_MAX           (64)
      |         ^~~~~~~~~~~~~~~~~~~~~~~~~
/scratch2/dima/zephyr-chipyard-sw-fresh/tools-manual/zephyr-sdk-1.0.0-beta1/gnu/riscv64-zephyr-elf/riscv64-zephyr-elf/sys-include/sys/syslimits.h:92:9: note: this is the location of the previous definition
   92 | #define _POSIX_THREAD_THREADS_MAX       64
      |         ^~~~~~~~~~~~~~~~~~~~~~~~~
/scratch2/agustin/zephyr-chipyard-sw/zephyr_ws/zephyr/include/zephyr/posix/posix_limits.h:53:9: warning: "_POSIX_TIMER_MAX" redefined
   53 | #define _POSIX_TIMER_MAX                    (32)
      |         ^~~~~~~~~~~~~~~~
/scratch2/dima/zephyr-chipyard-sw-fresh/tools-manual/zephyr-sdk-1.0.0-beta1/gnu/riscv64-zephyr-elf/riscv64-zephyr-elf/sys-include/sys/syslimits.h:93:9: note: this is the location of the previous definition
   93 | #define _POSIX_TIMER_MAX        32
      |         ^~~~~~~~~~~~~~~~
/scratch2/agustin/zephyr-chipyard-sw/zephyr_ws/zephyr/include/zephyr/posix/posix_limits.h:54:9: warning: "_POSIX_TRACE_EVENT_NAME_MAX" redefined
   54 | #define _POSIX_TRACE_EVENT_NAME_MAX         (30)
      |         ^~~~~~~~~~~~~~~~~~~~~~~~~~~
/scratch2/dima/zephyr-chipyard-sw-fresh/tools-manual/zephyr-sdk-1.0.0-beta1/gnu/riscv64-zephyr-elf/riscv64-zephyr-elf/sys-include/sys/syslimits.h:94:9: note: this is the location of the previous definition
   94 | #define _POSIX_TRACE_EVENT_NAME_MAX     30
      |         ^~~~~~~~~~~~~~~~~~~~~~~~~~~
/scratch2/agustin/zephyr-chipyard-sw/zephyr_ws/zephyr/include/zephyr/posix/posix_limits.h:55:9: warning: "_POSIX_TRACE_NAME_MAX" redefined
   55 | #define _POSIX_TRACE_NAME_MAX               (8)
      |         ^~~~~~~~~~~~~~~~~~~~~
/scratch2/dima/zephyr-chipyard-sw-fresh/tools-manual/zephyr-sdk-1.0.0-beta1/gnu/riscv64-zephyr-elf/riscv64-zephyr-elf/sys-include/sys/syslimits.h:95:9: note: this is the location of the previous definition
   95 | #define _POSIX_TRACE_NAME_MAX   8
      |         ^~~~~~~~~~~~~~~~~~~~~
/scratch2/agustin/zephyr-chipyard-sw/zephyr_ws/zephyr/include/zephyr/posix/posix_limits.h:56:9: warning: "_POSIX_TRACE_SYS_MAX" redefined
   56 | #define _POSIX_TRACE_SYS_MAX                (8)
      |         ^~~~~~~~~~~~~~~~~~~~
/scratch2/dima/zephyr-chipyard-sw-fresh/tools-manual/zephyr-sdk-1.0.0-beta1/gnu/riscv64-zephyr-elf/riscv64-zephyr-elf/sys-include/sys/syslimits.h:96:9: note: this is the location of the previous definition
   96 | #define _POSIX_TRACE_SYS_MAX    8
      |         ^~~~~~~~~~~~~~~~~~~~
/scratch2/agustin/zephyr-chipyard-sw/zephyr_ws/zephyr/include/zephyr/posix/posix_limits.h:57:9: warning: "_POSIX_TRACE_USER_EVENT_MAX" redefined
   57 | #define _POSIX_TRACE_USER_EVENT_MAX         (32)
      |         ^~~~~~~~~~~~~~~~~~~~~~~~~~~
/scratch2/dima/zephyr-chipyard-sw-fresh/tools-manual/zephyr-sdk-1.0.0-beta1/gnu/riscv64-zephyr-elf/riscv64-zephyr-elf/sys-include/sys/syslimits.h:97:9: note: this is the location of the previous definition
   97 | #define _POSIX_TRACE_USER_EVENT_MAX     32
      |         ^~~~~~~~~~~~~~~~~~~~~~~~~~~
/scratch2/agustin/zephyr-chipyard-sw/zephyr_ws/zephyr/include/zephyr/posix/posix_limits.h:58:9: warning: "_POSIX_TTY_NAME_MAX" redefined
   58 | #define _POSIX_TTY_NAME_MAX                 (9)
      |         ^~~~~~~~~~~~~~~~~~~
/scratch2/dima/zephyr-chipyard-sw-fresh/tools-manual/zephyr-sdk-1.0.0-beta1/gnu/riscv64-zephyr-elf/riscv64-zephyr-elf/sys-include/sys/syslimits.h:98:9: note: this is the location of the previous definition
   98 | #define _POSIX_TTY_NAME_MAX     9
      |         ^~~~~~~~~~~~~~~~~~~
/scratch2/agustin/zephyr-chipyard-sw/zephyr_ws/zephyr/include/zephyr/posix/posix_limits.h:59:9: warning: "_POSIX_TZNAME_MAX" redefined
   59 | #define _POSIX_TZNAME_MAX                   (6)
      |         ^~~~~~~~~~~~~~~~~
/scratch2/dima/zephyr-chipyard-sw-fresh/tools-manual/zephyr-sdk-1.0.0-beta1/gnu/riscv64-zephyr-elf/riscv64-zephyr-elf/sys-include/sys/syslimits.h:99:9: note: this is the location of the previous definition
   99 | #define _POSIX_TZNAME_MAX       3
      |         ^~~~~~~~~~~~~~~~~
/scratch2/agustin/zephyr-chipyard-sw/zephyr_ws/zephyr/include/zephyr/posix/posix_limits.h:60:9: warning: "_POSIX2_BC_BASE_MAX" redefined
   60 | #define _POSIX2_BC_BASE_MAX                 (99)
      |         ^~~~~~~~~~~~~~~~~~~
/scratch2/dima/zephyr-chipyard-sw-fresh/tools-manual/zephyr-sdk-1.0.0-beta1/gnu/riscv64-zephyr-elf/riscv64-zephyr-elf/sys-include/sys/syslimits.h:100:9: note: this is the location of the previous definition
  100 | #define _POSIX2_BC_BASE_MAX     99
      |         ^~~~~~~~~~~~~~~~~~~
/scratch2/agustin/zephyr-chipyard-sw/zephyr_ws/zephyr/include/zephyr/posix/posix_limits.h:61:9: warning: "_POSIX2_BC_DIM_MAX" redefined
   61 | #define _POSIX2_BC_DIM_MAX                  (2048)
      |         ^~~~~~~~~~~~~~~~~~
/scratch2/dima/zephyr-chipyard-sw-fresh/tools-manual/zephyr-sdk-1.0.0-beta1/gnu/riscv64-zephyr-elf/riscv64-zephyr-elf/sys-include/sys/syslimits.h:101:9: note: this is the location of the previous definition
  101 | #define _POSIX2_BC_DIM_MAX      2048
      |         ^~~~~~~~~~~~~~~~~~
/scratch2/agustin/zephyr-chipyard-sw/zephyr_ws/zephyr/include/zephyr/posix/posix_limits.h:62:9: warning: "_POSIX2_BC_SCALE_MAX" redefined
   62 | #define _POSIX2_BC_SCALE_MAX                (99)
      |         ^~~~~~~~~~~~~~~~~~~~
/scratch2/dima/zephyr-chipyard-sw-fresh/tools-manual/zephyr-sdk-1.0.0-beta1/gnu/riscv64-zephyr-elf/riscv64-zephyr-elf/sys-include/sys/syslimits.h:102:9: note: this is the location of the previous definition
  102 | #define _POSIX2_BC_SCALE_MAX    99
      |         ^~~~~~~~~~~~~~~~~~~~
/scratch2/agustin/zephyr-chipyard-sw/zephyr_ws/zephyr/include/zephyr/posix/posix_limits.h:63:9: warning: "_POSIX2_BC_STRING_MAX" redefined
   63 | #define _POSIX2_BC_STRING_MAX               (1000)
      |         ^~~~~~~~~~~~~~~~~~~~~
/scratch2/dima/zephyr-chipyard-sw-fresh/tools-manual/zephyr-sdk-1.0.0-beta1/gnu/riscv64-zephyr-elf/riscv64-zephyr-elf/sys-include/sys/syslimits.h:103:9: note: this is the location of the previous definition
  103 | #define _POSIX2_BC_STRING_MAX   1000
      |         ^~~~~~~~~~~~~~~~~~~~~
/scratch2/agustin/zephyr-chipyard-sw/zephyr_ws/zephyr/include/zephyr/posix/posix_limits.h:64:9: warning: "_POSIX2_CHARCLASS_NAME_MAX" redefined
   64 | #define _POSIX2_CHARCLASS_NAME_MAX          (14)
      |         ^~~~~~~~~~~~~~~~~~~~~~~~~~
/scratch2/dima/zephyr-chipyard-sw-fresh/tools-manual/zephyr-sdk-1.0.0-beta1/gnu/riscv64-zephyr-elf/riscv64-zephyr-elf/sys-include/sys/syslimits.h:104:9: note: this is the location of the previous definition
  104 | #define _POSIX2_CHARCLASS_NAME_MAX      14
      |         ^~~~~~~~~~~~~~~~~~~~~~~~~~
/scratch2/agustin/zephyr-chipyard-sw/zephyr_ws/zephyr/include/zephyr/posix/posix_limits.h:65:9: warning: "_POSIX2_COLL_WEIGHTS_MAX" redefined
   65 | #define _POSIX2_COLL_WEIGHTS_MAX            (2)
      |         ^~~~~~~~~~~~~~~~~~~~~~~~
/scratch2/dima/zephyr-chipyard-sw-fresh/tools-manual/zephyr-sdk-1.0.0-beta1/gnu/riscv64-zephyr-elf/riscv64-zephyr-elf/sys-include/sys/syslimits.h:105:9: note: this is the location of the previous definition
  105 | #define _POSIX2_COLL_WEIGHTS_MAX        2
      |         ^~~~~~~~~~~~~~~~~~~~~~~~
/scratch2/agustin/zephyr-chipyard-sw/zephyr_ws/zephyr/include/zephyr/posix/posix_limits.h:66:9: warning: "_POSIX2_EXPR_NEST_MAX" redefined
   66 | #define _POSIX2_EXPR_NEST_MAX               (32)
      |         ^~~~~~~~~~~~~~~~~~~~~
/scratch2/dima/zephyr-chipyard-sw-fresh/tools-manual/zephyr-sdk-1.0.0-beta1/gnu/riscv64-zephyr-elf/riscv64-zephyr-elf/sys-include/sys/syslimits.h:106:9: note: this is the location of the previous definition
  106 | #define _POSIX2_EXPR_NEST_MAX   32
      |         ^~~~~~~~~~~~~~~~~~~~~
/scratch2/agustin/zephyr-chipyard-sw/zephyr_ws/zephyr/include/zephyr/posix/posix_limits.h:67:9: warning: "_POSIX2_LINE_MAX" redefined
   67 | #define _POSIX2_LINE_MAX                    (2048)
      |         ^~~~~~~~~~~~~~~~
/scratch2/dima/zephyr-chipyard-sw-fresh/tools-manual/zephyr-sdk-1.0.0-beta1/gnu/riscv64-zephyr-elf/riscv64-zephyr-elf/sys-include/sys/syslimits.h:107:9: note: this is the location of the previous definition
  107 | #define _POSIX2_LINE_MAX        2048
      |         ^~~~~~~~~~~~~~~~
/scratch2/agustin/zephyr-chipyard-sw/zephyr_ws/zephyr/include/zephyr/posix/posix_limits.h:83:9: warning: "ARG_MAX" redefined
   83 | #define ARG_MAX                       _POSIX_ARG_MAX
      |         ^~~~~~~
/scratch2/dima/zephyr-chipyard-sw-fresh/tools-manual/zephyr-sdk-1.0.0-beta1/gnu/riscv64-zephyr-elf/riscv64-zephyr-elf/sys-include/sys/syslimits.h:41:9: note: this is the location of the previous definition
   41 | #define ARG_MAX                 65536   /* max bytes for an exec function */
      |         ^~~~~~~
/scratch2/agustin/zephyr-chipyard-sw/zephyr_ws/zephyr/include/zephyr/posix/posix_limits.h:84:9: warning: "ATEXIT_MAX" redefined
   84 | #define ATEXIT_MAX                    (32)
      |         ^~~~~~~~~~
/scratch2/dima/zephyr-chipyard-sw-fresh/tools-manual/zephyr-sdk-1.0.0-beta1/gnu/riscv64-zephyr-elf/riscv64-zephyr-elf/sys-include/sys/syslimits.h:42:9: note: this is the location of the previous definition
   42 | #define ATEXIT_MAX                 32   /* max atexit functions */
      |         ^~~~~~~~~~
/scratch2/agustin/zephyr-chipyard-sw/zephyr_ws/zephyr/include/zephyr/posix/posix_limits.h:93:9: warning: "OPEN_MAX" redefined
   93 | #define OPEN_MAX                      CONFIG_POSIX_OPEN_MAX
      |         ^~~~~~~~
/scratch2/dima/zephyr-chipyard-sw-fresh/tools-manual/zephyr-sdk-1.0.0-beta1/gnu/riscv64-zephyr-elf/riscv64-zephyr-elf/sys-include/sys/syslimits.h:45:9: note: this is the location of the previous definition
   45 | #define OPEN_MAX                   64   /* max open files per process */
      |         ^~~~~~~~
/scratch2/agustin/zephyr-chipyard-sw/zephyr_ws/zephyr/include/zephyr/posix/posix_limits.h:96:9: warning: "PATH_MAX" redefined
   96 | #define PATH_MAX                      _POSIX_PATH_MAX
      |         ^~~~~~~~
/scratch2/dima/zephyr-chipyard-sw-fresh/tools-manual/zephyr-sdk-1.0.0-beta1/gnu/riscv64-zephyr-elf/riscv64-zephyr-elf/sys-include/sys/syslimits.h:53:9: note: this is the location of the previous definition
   53 | #define PATH_MAX                 1024   /* max bytes in pathname */
      |         ^~~~~~~~
/scratch2/agustin/zephyr-chipyard-sw/zephyr_ws/zephyr/include/zephyr/posix/posix_limits.h:114:9: warning: "TZNAME_MAX" redefined
  114 | #define TZNAME_MAX                    _POSIX_TZNAME_MAX
      |         ^~~~~~~~~~
/scratch2/dima/zephyr-chipyard-sw-fresh/tools-manual/zephyr-sdk-1.0.0-beta1/gnu/riscv64-zephyr-elf/riscv64-zephyr-elf/sys-include/sys/syslimits.h:46:9: note: this is the location of the previous definition
   46 | #define TZNAME_MAX                 10   /* max time zone name length */
      |         ^~~~~~~~~~
[136/202] Building C object zephyr/kernel/CMakeFiles/kernel.dir/banner.c.obj
[137/202] Building C object zephyr/lib/posix/options/CMakeFiles/lib__posix__options.dir/fs.c.obj
In file included from /scratch2/agustin/zephyr-chipyard-sw/zephyr_ws/zephyr/include/zephyr/posix/sys/sysconf.h:11,
                 from /scratch2/agustin/zephyr-chipyard-sw/zephyr_ws/zephyr/include/zephyr/posix/unistd.h:18,
                 from /scratch2/agustin/zephyr-chipyard-sw/zephyr_ws/zephyr/lib/posix/options/fs.c:15:
/scratch2/agustin/zephyr-chipyard-sw/zephyr_ws/zephyr/include/zephyr/posix/posix_limits.h:23:9: warning: "_POSIX_AIO_LISTIO_MAX" redefined
   23 | #define _POSIX_AIO_LISTIO_MAX               (2)
      |         ^~~~~~~~~~~~~~~~~~~~~
In file included from /scratch2/dima/zephyr-chipyard-sw-fresh/tools-manual/zephyr-sdk-1.0.0-beta1/gnu/riscv64-zephyr-elf/riscv64-zephyr-elf/sys-include/limits.h:6,
                 from /scratch2/dima/zephyr-chipyard-sw-fresh/tools-manual/zephyr-sdk-1.0.0-beta1/gnu/riscv64-zephyr-elf/lib/gcc/riscv64-zephyr-elf/14.3.0/include/limits.h:210,
                 from /scratch2/dima/zephyr-chipyard-sw-fresh/tools-manual/zephyr-sdk-1.0.0-beta1/gnu/riscv64-zephyr-elf/lib/gcc/riscv64-zephyr-elf/14.3.0/include/syslimits.h:7,
                 from /scratch2/dima/zephyr-chipyard-sw-fresh/tools-manual/zephyr-sdk-1.0.0-beta1/gnu/riscv64-zephyr-elf/lib/gcc/riscv64-zephyr-elf/14.3.0/include/limits.h:34,
                 from /scratch2/agustin/zephyr-chipyard-sw/zephyr_ws/zephyr/include/zephyr/kernel_includes.h:22,
                 from /scratch2/agustin/zephyr-chipyard-sw/zephyr_ws/zephyr/include/zephyr/kernel.h:17,
                 from /scratch2/agustin/zephyr-chipyard-sw/zephyr_ws/zephyr/lib/posix/options/fs.c:13:
/scratch2/dima/zephyr-chipyard-sw-fresh/tools-manual/zephyr-sdk-1.0.0-beta1/gnu/riscv64-zephyr-elf/riscv64-zephyr-elf/sys-include/sys/syslimits.h:63:9: note: this is the location of the previous definition
   63 | #define _POSIX_AIO_LISTIO_MAX   2
      |         ^~~~~~~~~~~~~~~~~~~~~
/scratch2/agustin/zephyr-chipyard-sw/zephyr_ws/zephyr/include/zephyr/posix/posix_limits.h:24:9: warning: "_POSIX_AIO_MAX" redefined
   24 | #define _POSIX_AIO_MAX                      (1)
      |         ^~~~~~~~~~~~~~
/scratch2/dima/zephyr-chipyard-sw-fresh/tools-manual/zephyr-sdk-1.0.0-beta1/gnu/riscv64-zephyr-elf/riscv64-zephyr-elf/sys-include/sys/syslimits.h:64:9: note: this is the location of the previous definition
   64 | #define _POSIX_AIO_MAX          1
      |         ^~~~~~~~~~~~~~
/scratch2/agustin/zephyr-chipyard-sw/zephyr_ws/zephyr/include/zephyr/posix/posix_limits.h:25:9: warning: "_POSIX_ARG_MAX" redefined
   25 | #define _POSIX_ARG_MAX                      (4096)
      |         ^~~~~~~~~~~~~~
/scratch2/dima/zephyr-chipyard-sw-fresh/tools-manual/zephyr-sdk-1.0.0-beta1/gnu/riscv64-zephyr-elf/riscv64-zephyr-elf/sys-include/sys/syslimits.h:65:9: note: this is the location of the previous definition
   65 | #define _POSIX_ARG_MAX          4096
      |         ^~~~~~~~~~~~~~
/scratch2/agustin/zephyr-chipyard-sw/zephyr_ws/zephyr/include/zephyr/posix/posix_limits.h:26:9: warning: "_POSIX_CHILD_MAX" redefined
   26 | #define _POSIX_CHILD_MAX                    (25)
      |         ^~~~~~~~~~~~~~~~
/scratch2/dima/zephyr-chipyard-sw-fresh/tools-manual/zephyr-sdk-1.0.0-beta1/gnu/riscv64-zephyr-elf/riscv64-zephyr-elf/sys-include/sys/syslimits.h:66:9: note: this is the location of the previous definition
   66 | #define _POSIX_CHILD_MAX        6
      |         ^~~~~~~~~~~~~~~~
/scratch2/agustin/zephyr-chipyard-sw/zephyr_ws/zephyr/include/zephyr/posix/posix_limits.h:27:9: warning: "_POSIX_DELAYTIMER_MAX" redefined
   27 | #define _POSIX_DELAYTIMER_MAX               (32)
      |         ^~~~~~~~~~~~~~~~~~~~~
/scratch2/dima/zephyr-chipyard-sw-fresh/tools-manual/zephyr-sdk-1.0.0-beta1/gnu/riscv64-zephyr-elf/riscv64-zephyr-elf/sys-include/sys/syslimits.h:67:9: note: this is the location of the previous definition
   67 | #define _POSIX_DELAYTIMER_MAX   32
      |         ^~~~~~~~~~~~~~~~~~~~~
/scratch2/agustin/zephyr-chipyard-sw/zephyr_ws/zephyr/include/zephyr/posix/posix_limits.h:28:9: warning: "_POSIX_HOST_NAME_MAX" redefined
   28 | #define _POSIX_HOST_NAME_MAX                (255)
      |         ^~~~~~~~~~~~~~~~~~~~
/scratch2/dima/zephyr-chipyard-sw-fresh/tools-manual/zephyr-sdk-1.0.0-beta1/gnu/riscv64-zephyr-elf/riscv64-zephyr-elf/sys-include/sys/syslimits.h:68:9: note: this is the location of the previous definition
   68 | #define _POSIX_HOST_NAME_MAX    255
      |         ^~~~~~~~~~~~~~~~~~~~
/scratch2/agustin/zephyr-chipyard-sw/zephyr_ws/zephyr/include/zephyr/posix/posix_limits.h:29:9: warning: "_POSIX_LINK_MAX" redefined
   29 | #define _POSIX_LINK_MAX                     (8)
      |         ^~~~~~~~~~~~~~~
/scratch2/dima/zephyr-chipyard-sw-fresh/tools-manual/zephyr-sdk-1.0.0-beta1/gnu/riscv64-zephyr-elf/riscv64-zephyr-elf/sys-include/sys/syslimits.h:69:9: note: this is the location of the previous definition
   69 | #define _POSIX_LINK_MAX         8
      |         ^~~~~~~~~~~~~~~
/scratch2/agustin/zephyr-chipyard-sw/zephyr_ws/zephyr/include/zephyr/posix/posix_limits.h:30:9: warning: "_POSIX_LOGIN_NAME_MAX" redefined
   30 | #define _POSIX_LOGIN_NAME_MAX               (9)
      |         ^~~~~~~~~~~~~~~~~~~~~
/scratch2/dima/zephyr-chipyard-sw-fresh/tools-manual/zephyr-sdk-1.0.0-beta1/gnu/riscv64-zephyr-elf/riscv64-zephyr-elf/sys-include/sys/syslimits.h:70:9: note: this is the location of the previous definition
   70 | #define _POSIX_LOGIN_NAME_MAX   9
      |         ^~~~~~~~~~~~~~~~~~~~~
/scratch2/agustin/zephyr-chipyard-sw/zephyr_ws/zephyr/include/zephyr/posix/posix_limits.h:31:9: warning: "_POSIX_MAX_CANON" redefined
   31 | #define _POSIX_MAX_CANON                    (255)
      |         ^~~~~~~~~~~~~~~~
/scratch2/dima/zephyr-chipyard-sw-fresh/tools-manual/zephyr-sdk-1.0.0-beta1/gnu/riscv64-zephyr-elf/riscv64-zephyr-elf/sys-include/sys/syslimits.h:71:9: note: this is the location of the previous definition
   71 | #define _POSIX_MAX_CANON        255
      |         ^~~~~~~~~~~~~~~~
/scratch2/agustin/zephyr-chipyard-sw/zephyr_ws/zephyr/include/zephyr/posix/posix_limits.h:32:9: warning: "_POSIX_MAX_INPUT" redefined
   32 | #define _POSIX_MAX_INPUT                    (255)
      |         ^~~~~~~~~~~~~~~~
/scratch2/dima/zephyr-chipyard-sw-fresh/tools-manual/zephyr-sdk-1.0.0-beta1/gnu/riscv64-zephyr-elf/riscv64-zephyr-elf/sys-include/sys/syslimits.h:72:9: note: this is the location of the previous definition
   72 | #define _POSIX_MAX_INPUT        255
      |         ^~~~~~~~~~~~~~~~
/scratch2/agustin/zephyr-chipyard-sw/zephyr_ws/zephyr/include/zephyr/posix/posix_limits.h:33:9: warning: "_POSIX_MQ_OPEN_MAX" redefined
   33 | #define _POSIX_MQ_OPEN_MAX                  (8)
      |         ^~~~~~~~~~~~~~~~~~
/scratch2/dima/zephyr-chipyard-sw-fresh/tools-manual/zephyr-sdk-1.0.0-beta1/gnu/riscv64-zephyr-elf/riscv64-zephyr-elf/sys-include/sys/syslimits.h:73:9: note: this is the location of the previous definition
   73 | #define _POSIX_MQ_OPEN_MAX      8
      |         ^~~~~~~~~~~~~~~~~~
/scratch2/agustin/zephyr-chipyard-sw/zephyr_ws/zephyr/include/zephyr/posix/posix_limits.h:34:9: warning: "_POSIX_MQ_PRIO_MAX" redefined
   34 | #define _POSIX_MQ_PRIO_MAX                  (32)
      |         ^~~~~~~~~~~~~~~~~~
/scratch2/dima/zephyr-chipyard-sw-fresh/tools-manual/zephyr-sdk-1.0.0-beta1/gnu/riscv64-zephyr-elf/riscv64-zephyr-elf/sys-include/sys/syslimits.h:74:9: note: this is the location of the previous definition
   74 | #define _POSIX_MQ_PRIO_MAX      32
      |         ^~~~~~~~~~~~~~~~~~
/scratch2/agustin/zephyr-chipyard-sw/zephyr_ws/zephyr/include/zephyr/posix/posix_limits.h:35:9: warning: "_POSIX_NAME_MAX" redefined
   35 | #define _POSIX_NAME_MAX                     (14)
      |         ^~~~~~~~~~~~~~~
/scratch2/dima/zephyr-chipyard-sw-fresh/tools-manual/zephyr-sdk-1.0.0-beta1/gnu/riscv64-zephyr-elf/riscv64-zephyr-elf/sys-include/sys/syslimits.h:75:9: note: this is the location of the previous definition
   75 | #define _POSIX_NAME_MAX         14
      |         ^~~~~~~~~~~~~~~
/scratch2/agustin/zephyr-chipyard-sw/zephyr_ws/zephyr/include/zephyr/posix/posix_limits.h:36:9: warning: "_POSIX_NGROUPS_MAX" redefined
   36 | #define _POSIX_NGROUPS_MAX                  (8)
      |         ^~~~~~~~~~~~~~~~~~
/scratch2/dima/zephyr-chipyard-sw-fresh/tools-manual/zephyr-sdk-1.0.0-beta1/gnu/riscv64-zephyr-elf/riscv64-zephyr-elf/sys-include/sys/syslimits.h:76:9: note: this is the location of the previous definition
   76 | #define _POSIX_NGROUPS_MAX      0
      |         ^~~~~~~~~~~~~~~~~~
/scratch2/agustin/zephyr-chipyard-sw/zephyr_ws/zephyr/include/zephyr/posix/posix_limits.h:37:9: warning: "_POSIX_OPEN_MAX" redefined
   37 | #define _POSIX_OPEN_MAX                     (20)
      |         ^~~~~~~~~~~~~~~
/scratch2/dima/zephyr-chipyard-sw-fresh/tools-manual/zephyr-sdk-1.0.0-beta1/gnu/riscv64-zephyr-elf/riscv64-zephyr-elf/sys-include/sys/syslimits.h:77:9: note: this is the location of the previous definition
   77 | #define _POSIX_OPEN_MAX         16
      |         ^~~~~~~~~~~~~~~
/scratch2/agustin/zephyr-chipyard-sw/zephyr_ws/zephyr/include/zephyr/posix/posix_limits.h:38:9: warning: "_POSIX_PATH_MAX" redefined
   38 | #define _POSIX_PATH_MAX                     (256)
      |         ^~~~~~~~~~~~~~~
/scratch2/dima/zephyr-chipyard-sw-fresh/tools-manual/zephyr-sdk-1.0.0-beta1/gnu/riscv64-zephyr-elf/riscv64-zephyr-elf/sys-include/sys/syslimits.h:78:9: note: this is the location of the previous definition
   78 | #define _POSIX_PATH_MAX         255
      |         ^~~~~~~~~~~~~~~
/scratch2/agustin/zephyr-chipyard-sw/zephyr_ws/zephyr/include/zephyr/posix/posix_limits.h:39:9: warning: "_POSIX_PIPE_BUF" redefined
   39 | #define _POSIX_PIPE_BUF                     (512)
      |         ^~~~~~~~~~~~~~~
/scratch2/dima/zephyr-chipyard-sw-fresh/tools-manual/zephyr-sdk-1.0.0-beta1/gnu/riscv64-zephyr-elf/riscv64-zephyr-elf/sys-include/sys/syslimits.h:79:9: note: this is the location of the previous definition
   79 | #define _POSIX_PIPE_BUF         512
      |         ^~~~~~~~~~~~~~~
/scratch2/agustin/zephyr-chipyard-sw/zephyr_ws/zephyr/include/zephyr/posix/posix_limits.h:40:9: warning: "_POSIX_RE_DUP_MAX" redefined
   40 | #define _POSIX_RE_DUP_MAX                   (255)
      |         ^~~~~~~~~~~~~~~~~
/scratch2/dima/zephyr-chipyard-sw-fresh/tools-manual/zephyr-sdk-1.0.0-beta1/gnu/riscv64-zephyr-elf/riscv64-zephyr-elf/sys-include/sys/syslimits.h:80:9: note: this is the location of the previous definition
   80 | #define _POSIX_RE_DUP_MAX       255
      |         ^~~~~~~~~~~~~~~~~
/scratch2/agustin/zephyr-chipyard-sw/zephyr_ws/zephyr/include/zephyr/posix/posix_limits.h:41:9: warning: "_POSIX_RTSIG_MAX" redefined
   41 | #define _POSIX_RTSIG_MAX                    (8)
      |         ^~~~~~~~~~~~~~~~
/scratch2/dima/zephyr-chipyard-sw-fresh/tools-manual/zephyr-sdk-1.0.0-beta1/gnu/riscv64-zephyr-elf/riscv64-zephyr-elf/sys-include/sys/syslimits.h:81:9: note: this is the location of the previous definition
   81 | #define _POSIX_RTSIG_MAX        8
      |         ^~~~~~~~~~~~~~~~
/scratch2/agustin/zephyr-chipyard-sw/zephyr_ws/zephyr/include/zephyr/posix/posix_limits.h:42:9: warning: "_POSIX_SEM_NSEMS_MAX" redefined
   42 | #define _POSIX_SEM_NSEMS_MAX                (256)
      |         ^~~~~~~~~~~~~~~~~~~~
/scratch2/dima/zephyr-chipyard-sw-fresh/tools-manual/zephyr-sdk-1.0.0-beta1/gnu/riscv64-zephyr-elf/riscv64-zephyr-elf/sys-include/sys/syslimits.h:82:9: note: this is the location of the previous definition
   82 | #define _POSIX_SEM_NSEMS_MAX    256
      |         ^~~~~~~~~~~~~~~~~~~~
/scratch2/agustin/zephyr-chipyard-sw/zephyr_ws/zephyr/include/zephyr/posix/posix_limits.h:43:9: warning: "_POSIX_SEM_VALUE_MAX" redefined
   43 | #define _POSIX_SEM_VALUE_MAX                (32767)
      |         ^~~~~~~~~~~~~~~~~~~~
/scratch2/dima/zephyr-chipyard-sw-fresh/tools-manual/zephyr-sdk-1.0.0-beta1/gnu/riscv64-zephyr-elf/riscv64-zephyr-elf/sys-include/sys/syslimits.h:83:9: note: this is the location of the previous definition
   83 | #define _POSIX_SEM_VALUE_MAX    32767
      |         ^~~~~~~~~~~~~~~~~~~~
/scratch2/agustin/zephyr-chipyard-sw/zephyr_ws/zephyr/include/zephyr/posix/posix_limits.h:44:9: warning: "_POSIX_SIGQUEUE_MAX" redefined
   44 | #define _POSIX_SIGQUEUE_MAX                 (32)
      |         ^~~~~~~~~~~~~~~~~~~
/scratch2/dima/zephyr-chipyard-sw-fresh/tools-manual/zephyr-sdk-1.0.0-beta1/gnu/riscv64-zephyr-elf/riscv64-zephyr-elf/sys-include/sys/syslimits.h:84:9: note: this is the location of the previous definition
   84 | #define _POSIX_SIGQUEUE_MAX     32
      |         ^~~~~~~~~~~~~~~~~~~
/scratch2/agustin/zephyr-chipyard-sw/zephyr_ws/zephyr/include/zephyr/posix/posix_limits.h:45:9: warning: "_POSIX_SSIZE_MAX" redefined
   45 | #define _POSIX_SSIZE_MAX                    (32767)
      |         ^~~~~~~~~~~~~~~~
/scratch2/dima/zephyr-chipyard-sw-fresh/tools-manual/zephyr-sdk-1.0.0-beta1/gnu/riscv64-zephyr-elf/riscv64-zephyr-elf/sys-include/sys/syslimits.h:85:9: note: this is the location of the previous definition
   85 | #define _POSIX_SSIZE_MAX        32767
      |         ^~~~~~~~~~~~~~~~
/scratch2/agustin/zephyr-chipyard-sw/zephyr_ws/zephyr/include/zephyr/posix/posix_limits.h:46:9: warning: "_POSIX_SS_REPL_MAX" redefined
   46 | #define _POSIX_SS_REPL_MAX                  (4)
      |         ^~~~~~~~~~~~~~~~~~
/scratch2/dima/zephyr-chipyard-sw-fresh/tools-manual/zephyr-sdk-1.0.0-beta1/gnu/riscv64-zephyr-elf/riscv64-zephyr-elf/sys-include/sys/syslimits.h:86:9: note: this is the location of the previous definition
   86 | #define _POSIX_SS_REPL_MAX      4
      |         ^~~~~~~~~~~~~~~~~~
/scratch2/agustin/zephyr-chipyard-sw/zephyr_ws/zephyr/include/zephyr/posix/posix_limits.h:47:9: warning: "_POSIX_STREAM_MAX" redefined
   47 | #define _POSIX_STREAM_MAX                   (8)
      |         ^~~~~~~~~~~~~~~~~
/scratch2/dima/zephyr-chipyard-sw-fresh/tools-manual/zephyr-sdk-1.0.0-beta1/gnu/riscv64-zephyr-elf/riscv64-zephyr-elf/sys-include/sys/syslimits.h:87:9: note: this is the location of the previous definition
   87 | #define _POSIX_STREAM_MAX       8
      |         ^~~~~~~~~~~~~~~~~
/scratch2/agustin/zephyr-chipyard-sw/zephyr_ws/zephyr/include/zephyr/posix/posix_limits.h:48:9: warning: "_POSIX_SYMLINK_MAX" redefined
   48 | #define _POSIX_SYMLINK_MAX                  (255)
      |         ^~~~~~~~~~~~~~~~~~
/scratch2/dima/zephyr-chipyard-sw-fresh/tools-manual/zephyr-sdk-1.0.0-beta1/gnu/riscv64-zephyr-elf/riscv64-zephyr-elf/sys-include/sys/syslimits.h:88:9: note: this is the location of the previous definition
   88 | #define _POSIX_SYMLINK_MAX      255
      |         ^~~~~~~~~~~~~~~~~~
/scratch2/agustin/zephyr-chipyard-sw/zephyr_ws/zephyr/include/zephyr/posix/posix_limits.h:49:9: warning: "_POSIX_SYMLOOP_MAX" redefined
   49 | #define _POSIX_SYMLOOP_MAX                  (8)
      |         ^~~~~~~~~~~~~~~~~~
/scratch2/dima/zephyr-chipyard-sw-fresh/tools-manual/zephyr-sdk-1.0.0-beta1/gnu/riscv64-zephyr-elf/riscv64-zephyr-elf/sys-include/sys/syslimits.h:89:9: note: this is the location of the previous definition
   89 | #define _POSIX_SYMLOOP_MAX      8
      |         ^~~~~~~~~~~~~~~~~~
/scratch2/agustin/zephyr-chipyard-sw/zephyr_ws/zephyr/include/zephyr/posix/posix_limits.h:50:9: warning: "_POSIX_THREAD_DESTRUCTOR_ITERATIONS" redefined
   50 | #define _POSIX_THREAD_DESTRUCTOR_ITERATIONS (4)
      |         ^~~~~~~~~~~~~~~~~~~~~~~~~~~~~~~~~~~
/scratch2/dima/zephyr-chipyard-sw-fresh/tools-manual/zephyr-sdk-1.0.0-beta1/gnu/riscv64-zephyr-elf/riscv64-zephyr-elf/sys-include/sys/syslimits.h:90:9: note: this is the location of the previous definition
   90 | #define _POSIX_THREAD_DESTRUCTOR_ITERATIONS     4
      |         ^~~~~~~~~~~~~~~~~~~~~~~~~~~~~~~~~~~
/scratch2/agustin/zephyr-chipyard-sw/zephyr_ws/zephyr/include/zephyr/posix/posix_limits.h:51:9: warning: "_POSIX_THREAD_KEYS_MAX" redefined
   51 | #define _POSIX_THREAD_KEYS_MAX              (128)
      |         ^~~~~~~~~~~~~~~~~~~~~~
/scratch2/dima/zephyr-chipyard-sw-fresh/tools-manual/zephyr-sdk-1.0.0-beta1/gnu/riscv64-zephyr-elf/riscv64-zephyr-elf/sys-include/sys/syslimits.h:91:9: note: this is the location of the previous definition
   91 | #define _POSIX_THREAD_KEYS_MAX  128
      |         ^~~~~~~~~~~~~~~~~~~~~~
/scratch2/agustin/zephyr-chipyard-sw/zephyr_ws/zephyr/include/zephyr/posix/posix_limits.h:52:9: warning: "_POSIX_THREAD_THREADS_MAX" redefined
   52 | #define _POSIX_THREAD_THREADS_MAX           (64)
      |         ^~~~~~~~~~~~~~~~~~~~~~~~~
/scratch2/dima/zephyr-chipyard-sw-fresh/tools-manual/zephyr-sdk-1.0.0-beta1/gnu/riscv64-zephyr-elf/riscv64-zephyr-elf/sys-include/sys/syslimits.h:92:9: note: this is the location of the previous definition
   92 | #define _POSIX_THREAD_THREADS_MAX       64
      |         ^~~~~~~~~~~~~~~~~~~~~~~~~
/scratch2/agustin/zephyr-chipyard-sw/zephyr_ws/zephyr/include/zephyr/posix/posix_limits.h:53:9: warning: "_POSIX_TIMER_MAX" redefined
   53 | #define _POSIX_TIMER_MAX                    (32)
      |         ^~~~~~~~~~~~~~~~
/scratch2/dima/zephyr-chipyard-sw-fresh/tools-manual/zephyr-sdk-1.0.0-beta1/gnu/riscv64-zephyr-elf/riscv64-zephyr-elf/sys-include/sys/syslimits.h:93:9: note: this is the location of the previous definition
   93 | #define _POSIX_TIMER_MAX        32
      |         ^~~~~~~~~~~~~~~~
/scratch2/agustin/zephyr-chipyard-sw/zephyr_ws/zephyr/include/zephyr/posix/posix_limits.h:54:9: warning: "_POSIX_TRACE_EVENT_NAME_MAX" redefined
   54 | #define _POSIX_TRACE_EVENT_NAME_MAX         (30)
      |         ^~~~~~~~~~~~~~~~~~~~~~~~~~~
/scratch2/dima/zephyr-chipyard-sw-fresh/tools-manual/zephyr-sdk-1.0.0-beta1/gnu/riscv64-zephyr-elf/riscv64-zephyr-elf/sys-include/sys/syslimits.h:94:9: note: this is the location of the previous definition
   94 | #define _POSIX_TRACE_EVENT_NAME_MAX     30
      |         ^~~~~~~~~~~~~~~~~~~~~~~~~~~
/scratch2/agustin/zephyr-chipyard-sw/zephyr_ws/zephyr/include/zephyr/posix/posix_limits.h:55:9: warning: "_POSIX_TRACE_NAME_MAX" redefined
   55 | #define _POSIX_TRACE_NAME_MAX               (8)
      |         ^~~~~~~~~~~~~~~~~~~~~
/scratch2/dima/zephyr-chipyard-sw-fresh/tools-manual/zephyr-sdk-1.0.0-beta1/gnu/riscv64-zephyr-elf/riscv64-zephyr-elf/sys-include/sys/syslimits.h:95:9: note: this is the location of the previous definition
   95 | #define _POSIX_TRACE_NAME_MAX   8
      |         ^~~~~~~~~~~~~~~~~~~~~
/scratch2/agustin/zephyr-chipyard-sw/zephyr_ws/zephyr/include/zephyr/posix/posix_limits.h:56:9: warning: "_POSIX_TRACE_SYS_MAX" redefined
   56 | #define _POSIX_TRACE_SYS_MAX                (8)
      |         ^~~~~~~~~~~~~~~~~~~~
/scratch2/dima/zephyr-chipyard-sw-fresh/tools-manual/zephyr-sdk-1.0.0-beta1/gnu/riscv64-zephyr-elf/riscv64-zephyr-elf/sys-include/sys/syslimits.h:96:9: note: this is the location of the previous definition
   96 | #define _POSIX_TRACE_SYS_MAX    8
      |         ^~~~~~~~~~~~~~~~~~~~
/scratch2/agustin/zephyr-chipyard-sw/zephyr_ws/zephyr/include/zephyr/posix/posix_limits.h:57:9: warning: "_POSIX_TRACE_USER_EVENT_MAX" redefined
   57 | #define _POSIX_TRACE_USER_EVENT_MAX         (32)
      |         ^~~~~~~~~~~~~~~~~~~~~~~~~~~
/scratch2/dima/zephyr-chipyard-sw-fresh/tools-manual/zephyr-sdk-1.0.0-beta1/gnu/riscv64-zephyr-elf/riscv64-zephyr-elf/sys-include/sys/syslimits.h:97:9: note: this is the location of the previous definition
   97 | #define _POSIX_TRACE_USER_EVENT_MAX     32
      |         ^~~~~~~~~~~~~~~~~~~~~~~~~~~
/scratch2/agustin/zephyr-chipyard-sw/zephyr_ws/zephyr/include/zephyr/posix/posix_limits.h:58:9: warning: "_POSIX_TTY_NAME_MAX" redefined
   58 | #define _POSIX_TTY_NAME_MAX                 (9)
      |         ^~~~~~~~~~~~~~~~~~~
/scratch2/dima/zephyr-chipyard-sw-fresh/tools-manual/zephyr-sdk-1.0.0-beta1/gnu/riscv64-zephyr-elf/riscv64-zephyr-elf/sys-include/sys/syslimits.h:98:9: note: this is the location of the previous definition
   98 | #define _POSIX_TTY_NAME_MAX     9
      |         ^~~~~~~~~~~~~~~~~~~
/scratch2/agustin/zephyr-chipyard-sw/zephyr_ws/zephyr/include/zephyr/posix/posix_limits.h:59:9: warning: "_POSIX_TZNAME_MAX" redefined
   59 | #define _POSIX_TZNAME_MAX                   (6)
      |         ^~~~~~~~~~~~~~~~~
/scratch2/dima/zephyr-chipyard-sw-fresh/tools-manual/zephyr-sdk-1.0.0-beta1/gnu/riscv64-zephyr-elf/riscv64-zephyr-elf/sys-include/sys/syslimits.h:99:9: note: this is the location of the previous definition
   99 | #define _POSIX_TZNAME_MAX       3
      |         ^~~~~~~~~~~~~~~~~
/scratch2/agustin/zephyr-chipyard-sw/zephyr_ws/zephyr/include/zephyr/posix/posix_limits.h:60:9: warning: "_POSIX2_BC_BASE_MAX" redefined
   60 | #define _POSIX2_BC_BASE_MAX                 (99)
      |         ^~~~~~~~~~~~~~~~~~~
/scratch2/dima/zephyr-chipyard-sw-fresh/tools-manual/zephyr-sdk-1.0.0-beta1/gnu/riscv64-zephyr-elf/riscv64-zephyr-elf/sys-include/sys/syslimits.h:100:9: note: this is the location of the previous definition
  100 | #define _POSIX2_BC_BASE_MAX     99
      |         ^~~~~~~~~~~~~~~~~~~
/scratch2/agustin/zephyr-chipyard-sw/zephyr_ws/zephyr/include/zephyr/posix/posix_limits.h:61:9: warning: "_POSIX2_BC_DIM_MAX" redefined
   61 | #define _POSIX2_BC_DIM_MAX                  (2048)
      |         ^~~~~~~~~~~~~~~~~~
/scratch2/dima/zephyr-chipyard-sw-fresh/tools-manual/zephyr-sdk-1.0.0-beta1/gnu/riscv64-zephyr-elf/riscv64-zephyr-elf/sys-include/sys/syslimits.h:101:9: note: this is the location of the previous definition
  101 | #define _POSIX2_BC_DIM_MAX      2048
      |         ^~~~~~~~~~~~~~~~~~
/scratch2/agustin/zephyr-chipyard-sw/zephyr_ws/zephyr/include/zephyr/posix/posix_limits.h:62:9: warning: "_POSIX2_BC_SCALE_MAX" redefined
   62 | #define _POSIX2_BC_SCALE_MAX                (99)
      |         ^~~~~~~~~~~~~~~~~~~~
/scratch2/dima/zephyr-chipyard-sw-fresh/tools-manual/zephyr-sdk-1.0.0-beta1/gnu/riscv64-zephyr-elf/riscv64-zephyr-elf/sys-include/sys/syslimits.h:102:9: note: this is the location of the previous definition
  102 | #define _POSIX2_BC_SCALE_MAX    99
      |         ^~~~~~~~~~~~~~~~~~~~
/scratch2/agustin/zephyr-chipyard-sw/zephyr_ws/zephyr/include/zephyr/posix/posix_limits.h:63:9: warning: "_POSIX2_BC_STRING_MAX" redefined
   63 | #define _POSIX2_BC_STRING_MAX               (1000)
      |         ^~~~~~~~~~~~~~~~~~~~~
/scratch2/dima/zephyr-chipyard-sw-fresh/tools-manual/zephyr-sdk-1.0.0-beta1/gnu/riscv64-zephyr-elf/riscv64-zephyr-elf/sys-include/sys/syslimits.h:103:9: note: this is the location of the previous definition
  103 | #define _POSIX2_BC_STRING_MAX   1000
      |         ^~~~~~~~~~~~~~~~~~~~~
/scratch2/agustin/zephyr-chipyard-sw/zephyr_ws/zephyr/include/zephyr/posix/posix_limits.h:64:9: warning: "_POSIX2_CHARCLASS_NAME_MAX" redefined
   64 | #define _POSIX2_CHARCLASS_NAME_MAX          (14)
      |         ^~~~~~~~~~~~~~~~~~~~~~~~~~
/scratch2/dima/zephyr-chipyard-sw-fresh/tools-manual/zephyr-sdk-1.0.0-beta1/gnu/riscv64-zephyr-elf/riscv64-zephyr-elf/sys-include/sys/syslimits.h:104:9: note: this is the location of the previous definition
  104 | #define _POSIX2_CHARCLASS_NAME_MAX      14
      |         ^~~~~~~~~~~~~~~~~~~~~~~~~~
/scratch2/agustin/zephyr-chipyard-sw/zephyr_ws/zephyr/include/zephyr/posix/posix_limits.h:65:9: warning: "_POSIX2_COLL_WEIGHTS_MAX" redefined
   65 | #define _POSIX2_COLL_WEIGHTS_MAX            (2)
      |         ^~~~~~~~~~~~~~~~~~~~~~~~
/scratch2/dima/zephyr-chipyard-sw-fresh/tools-manual/zephyr-sdk-1.0.0-beta1/gnu/riscv64-zephyr-elf/riscv64-zephyr-elf/sys-include/sys/syslimits.h:105:9: note: this is the location of the previous definition
  105 | #define _POSIX2_COLL_WEIGHTS_MAX        2
      |         ^~~~~~~~~~~~~~~~~~~~~~~~
/scratch2/agustin/zephyr-chipyard-sw/zephyr_ws/zephyr/include/zephyr/posix/posix_limits.h:66:9: warning: "_POSIX2_EXPR_NEST_MAX" redefined
   66 | #define _POSIX2_EXPR_NEST_MAX               (32)
      |         ^~~~~~~~~~~~~~~~~~~~~
/scratch2/dima/zephyr-chipyard-sw-fresh/tools-manual/zephyr-sdk-1.0.0-beta1/gnu/riscv64-zephyr-elf/riscv64-zephyr-elf/sys-include/sys/syslimits.h:106:9: note: this is the location of the previous definition
  106 | #define _POSIX2_EXPR_NEST_MAX   32
      |         ^~~~~~~~~~~~~~~~~~~~~
/scratch2/agustin/zephyr-chipyard-sw/zephyr_ws/zephyr/include/zephyr/posix/posix_limits.h:67:9: warning: "_POSIX2_LINE_MAX" redefined
   67 | #define _POSIX2_LINE_MAX                    (2048)
      |         ^~~~~~~~~~~~~~~~
/scratch2/dima/zephyr-chipyard-sw-fresh/tools-manual/zephyr-sdk-1.0.0-beta1/gnu/riscv64-zephyr-elf/riscv64-zephyr-elf/sys-include/sys/syslimits.h:107:9: note: this is the location of the previous definition
  107 | #define _POSIX2_LINE_MAX        2048
      |         ^~~~~~~~~~~~~~~~
/scratch2/agustin/zephyr-chipyard-sw/zephyr_ws/zephyr/include/zephyr/posix/posix_limits.h:83:9: warning: "ARG_MAX" redefined
   83 | #define ARG_MAX                       _POSIX_ARG_MAX
      |         ^~~~~~~
/scratch2/dima/zephyr-chipyard-sw-fresh/tools-manual/zephyr-sdk-1.0.0-beta1/gnu/riscv64-zephyr-elf/riscv64-zephyr-elf/sys-include/sys/syslimits.h:41:9: note: this is the location of the previous definition
   41 | #define ARG_MAX                 65536   /* max bytes for an exec function */
      |         ^~~~~~~
/scratch2/agustin/zephyr-chipyard-sw/zephyr_ws/zephyr/include/zephyr/posix/posix_limits.h:84:9: warning: "ATEXIT_MAX" redefined
   84 | #define ATEXIT_MAX                    (32)
      |         ^~~~~~~~~~
/scratch2/dima/zephyr-chipyard-sw-fresh/tools-manual/zephyr-sdk-1.0.0-beta1/gnu/riscv64-zephyr-elf/riscv64-zephyr-elf/sys-include/sys/syslimits.h:42:9: note: this is the location of the previous definition
   42 | #define ATEXIT_MAX                 32   /* max atexit functions */
      |         ^~~~~~~~~~
/scratch2/agustin/zephyr-chipyard-sw/zephyr_ws/zephyr/include/zephyr/posix/posix_limits.h:93:9: warning: "OPEN_MAX" redefined
   93 | #define OPEN_MAX                      CONFIG_POSIX_OPEN_MAX
      |         ^~~~~~~~
/scratch2/dima/zephyr-chipyard-sw-fresh/tools-manual/zephyr-sdk-1.0.0-beta1/gnu/riscv64-zephyr-elf/riscv64-zephyr-elf/sys-include/sys/syslimits.h:45:9: note: this is the location of the previous definition
   45 | #define OPEN_MAX                   64   /* max open files per process */
      |         ^~~~~~~~
/scratch2/agustin/zephyr-chipyard-sw/zephyr_ws/zephyr/include/zephyr/posix/posix_limits.h:96:9: warning: "PATH_MAX" redefined
   96 | #define PATH_MAX                      _POSIX_PATH_MAX
      |         ^~~~~~~~
/scratch2/dima/zephyr-chipyard-sw-fresh/tools-manual/zephyr-sdk-1.0.0-beta1/gnu/riscv64-zephyr-elf/riscv64-zephyr-elf/sys-include/sys/syslimits.h:53:9: note: this is the location of the previous definition
   53 | #define PATH_MAX                 1024   /* max bytes in pathname */
      |         ^~~~~~~~
/scratch2/agustin/zephyr-chipyard-sw/zephyr_ws/zephyr/include/zephyr/posix/posix_limits.h:114:9: warning: "TZNAME_MAX" redefined
  114 | #define TZNAME_MAX                    _POSIX_TZNAME_MAX
      |         ^~~~~~~~~~
/scratch2/dima/zephyr-chipyard-sw-fresh/tools-manual/zephyr-sdk-1.0.0-beta1/gnu/riscv64-zephyr-elf/riscv64-zephyr-elf/sys-include/sys/syslimits.h:46:9: note: this is the location of the previous definition
   46 | #define TZNAME_MAX                 10   /* max time zone name length */
      |         ^~~~~~~~~~
[138/202] Building C object zephyr/lib/posix/options/CMakeFiles/lib__posix__options.dir/env_common.c.obj
[139/202] Building C object zephyr/lib/posix/options/CMakeFiles/lib__posix__options.dir/rwlock.c.obj
In file included from /scratch2/agustin/zephyr-chipyard-sw/zephyr_ws/zephyr/include/zephyr/posix/sys/sysconf.h:11,
                 from /scratch2/agustin/zephyr-chipyard-sw/zephyr_ws/zephyr/include/zephyr/posix/unistd.h:18,
                 from /scratch2/agustin/zephyr-chipyard-sw/zephyr_ws/zephyr/include/zephyr/posix/pthread.h:15,
                 from /scratch2/agustin/zephyr-chipyard-sw/zephyr_ws/zephyr/lib/posix/options/posix_internal.h:15,
                 from /scratch2/agustin/zephyr-chipyard-sw/zephyr_ws/zephyr/lib/posix/options/rwlock.c:8:
/scratch2/agustin/zephyr-chipyard-sw/zephyr_ws/zephyr/include/zephyr/posix/posix_limits.h:23:9: warning: "_POSIX_AIO_LISTIO_MAX" redefined
   23 | #define _POSIX_AIO_LISTIO_MAX               (2)
      |         ^~~~~~~~~~~~~~~~~~~~~
In file included from /scratch2/dima/zephyr-chipyard-sw-fresh/tools-manual/zephyr-sdk-1.0.0-beta1/gnu/riscv64-zephyr-elf/riscv64-zephyr-elf/sys-include/limits.h:6,
                 from /scratch2/dima/zephyr-chipyard-sw-fresh/tools-manual/zephyr-sdk-1.0.0-beta1/gnu/riscv64-zephyr-elf/lib/gcc/riscv64-zephyr-elf/14.3.0/include/limits.h:210,
                 from /scratch2/dima/zephyr-chipyard-sw-fresh/tools-manual/zephyr-sdk-1.0.0-beta1/gnu/riscv64-zephyr-elf/lib/gcc/riscv64-zephyr-elf/14.3.0/include/syslimits.h:7,
                 from /scratch2/dima/zephyr-chipyard-sw-fresh/tools-manual/zephyr-sdk-1.0.0-beta1/gnu/riscv64-zephyr-elf/lib/gcc/riscv64-zephyr-elf/14.3.0/include/limits.h:34,
                 from /scratch2/agustin/zephyr-chipyard-sw/zephyr_ws/zephyr/include/zephyr/sys/timeutil.h:25,
                 from /scratch2/agustin/zephyr-chipyard-sw/zephyr_ws/zephyr/lib/posix/options/posix_clock.h:17,
                 from /scratch2/agustin/zephyr-chipyard-sw/zephyr_ws/zephyr/lib/posix/options/rwlock.c:7:
/scratch2/dima/zephyr-chipyard-sw-fresh/tools-manual/zephyr-sdk-1.0.0-beta1/gnu/riscv64-zephyr-elf/riscv64-zephyr-elf/sys-include/sys/syslimits.h:63:9: note: this is the location of the previous definition
   63 | #define _POSIX_AIO_LISTIO_MAX   2
      |         ^~~~~~~~~~~~~~~~~~~~~
/scratch2/agustin/zephyr-chipyard-sw/zephyr_ws/zephyr/include/zephyr/posix/posix_limits.h:24:9: warning: "_POSIX_AIO_MAX" redefined
   24 | #define _POSIX_AIO_MAX                      (1)
      |         ^~~~~~~~~~~~~~
/scratch2/dima/zephyr-chipyard-sw-fresh/tools-manual/zephyr-sdk-1.0.0-beta1/gnu/riscv64-zephyr-elf/riscv64-zephyr-elf/sys-include/sys/syslimits.h:64:9: note: this is the location of the previous definition
   64 | #define _POSIX_AIO_MAX          1
      |         ^~~~~~~~~~~~~~
/scratch2/agustin/zephyr-chipyard-sw/zephyr_ws/zephyr/include/zephyr/posix/posix_limits.h:25:9: warning: "_POSIX_ARG_MAX" redefined
   25 | #define _POSIX_ARG_MAX                      (4096)
      |         ^~~~~~~~~~~~~~
/scratch2/dima/zephyr-chipyard-sw-fresh/tools-manual/zephyr-sdk-1.0.0-beta1/gnu/riscv64-zephyr-elf/riscv64-zephyr-elf/sys-include/sys/syslimits.h:65:9: note: this is the location of the previous definition
   65 | #define _POSIX_ARG_MAX          4096
      |         ^~~~~~~~~~~~~~
/scratch2/agustin/zephyr-chipyard-sw/zephyr_ws/zephyr/include/zephyr/posix/posix_limits.h:26:9: warning: "_POSIX_CHILD_MAX" redefined
   26 | #define _POSIX_CHILD_MAX                    (25)
      |         ^~~~~~~~~~~~~~~~
/scratch2/dima/zephyr-chipyard-sw-fresh/tools-manual/zephyr-sdk-1.0.0-beta1/gnu/riscv64-zephyr-elf/riscv64-zephyr-elf/sys-include/sys/syslimits.h:66:9: note: this is the location of the previous definition
   66 | #define _POSIX_CHILD_MAX        6
      |         ^~~~~~~~~~~~~~~~
/scratch2/agustin/zephyr-chipyard-sw/zephyr_ws/zephyr/include/zephyr/posix/posix_limits.h:27:9: warning: "_POSIX_DELAYTIMER_MAX" redefined
   27 | #define _POSIX_DELAYTIMER_MAX               (32)
      |         ^~~~~~~~~~~~~~~~~~~~~
/scratch2/dima/zephyr-chipyard-sw-fresh/tools-manual/zephyr-sdk-1.0.0-beta1/gnu/riscv64-zephyr-elf/riscv64-zephyr-elf/sys-include/sys/syslimits.h:67:9: note: this is the location of the previous definition
   67 | #define _POSIX_DELAYTIMER_MAX   32
      |         ^~~~~~~~~~~~~~~~~~~~~
/scratch2/agustin/zephyr-chipyard-sw/zephyr_ws/zephyr/include/zephyr/posix/posix_limits.h:28:9: warning: "_POSIX_HOST_NAME_MAX" redefined
   28 | #define _POSIX_HOST_NAME_MAX                (255)
      |         ^~~~~~~~~~~~~~~~~~~~
/scratch2/dima/zephyr-chipyard-sw-fresh/tools-manual/zephyr-sdk-1.0.0-beta1/gnu/riscv64-zephyr-elf/riscv64-zephyr-elf/sys-include/sys/syslimits.h:68:9: note: this is the location of the previous definition
   68 | #define _POSIX_HOST_NAME_MAX    255
      |         ^~~~~~~~~~~~~~~~~~~~
/scratch2/agustin/zephyr-chipyard-sw/zephyr_ws/zephyr/include/zephyr/posix/posix_limits.h:29:9: warning: "_POSIX_LINK_MAX" redefined
   29 | #define _POSIX_LINK_MAX                     (8)
      |         ^~~~~~~~~~~~~~~
/scratch2/dima/zephyr-chipyard-sw-fresh/tools-manual/zephyr-sdk-1.0.0-beta1/gnu/riscv64-zephyr-elf/riscv64-zephyr-elf/sys-include/sys/syslimits.h:69:9: note: this is the location of the previous definition
   69 | #define _POSIX_LINK_MAX         8
      |         ^~~~~~~~~~~~~~~
/scratch2/agustin/zephyr-chipyard-sw/zephyr_ws/zephyr/include/zephyr/posix/posix_limits.h:30:9: warning: "_POSIX_LOGIN_NAME_MAX" redefined
   30 | #define _POSIX_LOGIN_NAME_MAX               (9)
      |         ^~~~~~~~~~~~~~~~~~~~~
/scratch2/dima/zephyr-chipyard-sw-fresh/tools-manual/zephyr-sdk-1.0.0-beta1/gnu/riscv64-zephyr-elf/riscv64-zephyr-elf/sys-include/sys/syslimits.h:70:9: note: this is the location of the previous definition
   70 | #define _POSIX_LOGIN_NAME_MAX   9
      |         ^~~~~~~~~~~~~~~~~~~~~
/scratch2/agustin/zephyr-chipyard-sw/zephyr_ws/zephyr/include/zephyr/posix/posix_limits.h:31:9: warning: "_POSIX_MAX_CANON" redefined
   31 | #define _POSIX_MAX_CANON                    (255)
      |         ^~~~~~~~~~~~~~~~
/scratch2/dima/zephyr-chipyard-sw-fresh/tools-manual/zephyr-sdk-1.0.0-beta1/gnu/riscv64-zephyr-elf/riscv64-zephyr-elf/sys-include/sys/syslimits.h:71:9: note: this is the location of the previous definition
   71 | #define _POSIX_MAX_CANON        255
      |         ^~~~~~~~~~~~~~~~
/scratch2/agustin/zephyr-chipyard-sw/zephyr_ws/zephyr/include/zephyr/posix/posix_limits.h:32:9: warning: "_POSIX_MAX_INPUT" redefined
   32 | #define _POSIX_MAX_INPUT                    (255)
      |         ^~~~~~~~~~~~~~~~
/scratch2/dima/zephyr-chipyard-sw-fresh/tools-manual/zephyr-sdk-1.0.0-beta1/gnu/riscv64-zephyr-elf/riscv64-zephyr-elf/sys-include/sys/syslimits.h:72:9: note: this is the location of the previous definition
   72 | #define _POSIX_MAX_INPUT        255
      |         ^~~~~~~~~~~~~~~~
/scratch2/agustin/zephyr-chipyard-sw/zephyr_ws/zephyr/include/zephyr/posix/posix_limits.h:33:9: warning: "_POSIX_MQ_OPEN_MAX" redefined
   33 | #define _POSIX_MQ_OPEN_MAX                  (8)
      |         ^~~~~~~~~~~~~~~~~~
/scratch2/dima/zephyr-chipyard-sw-fresh/tools-manual/zephyr-sdk-1.0.0-beta1/gnu/riscv64-zephyr-elf/riscv64-zephyr-elf/sys-include/sys/syslimits.h:73:9: note: this is the location of the previous definition
   73 | #define _POSIX_MQ_OPEN_MAX      8
      |         ^~~~~~~~~~~~~~~~~~
/scratch2/agustin/zephyr-chipyard-sw/zephyr_ws/zephyr/include/zephyr/posix/posix_limits.h:34:9: warning: "_POSIX_MQ_PRIO_MAX" redefined
   34 | #define _POSIX_MQ_PRIO_MAX                  (32)
      |         ^~~~~~~~~~~~~~~~~~
/scratch2/dima/zephyr-chipyard-sw-fresh/tools-manual/zephyr-sdk-1.0.0-beta1/gnu/riscv64-zephyr-elf/riscv64-zephyr-elf/sys-include/sys/syslimits.h:74:9: note: this is the location of the previous definition
   74 | #define _POSIX_MQ_PRIO_MAX      32
      |         ^~~~~~~~~~~~~~~~~~
/scratch2/agustin/zephyr-chipyard-sw/zephyr_ws/zephyr/include/zephyr/posix/posix_limits.h:35:9: warning: "_POSIX_NAME_MAX" redefined
   35 | #define _POSIX_NAME_MAX                     (14)
      |         ^~~~~~~~~~~~~~~
/scratch2/dima/zephyr-chipyard-sw-fresh/tools-manual/zephyr-sdk-1.0.0-beta1/gnu/riscv64-zephyr-elf/riscv64-zephyr-elf/sys-include/sys/syslimits.h:75:9: note: this is the location of the previous definition
   75 | #define _POSIX_NAME_MAX         14
      |         ^~~~~~~~~~~~~~~
/scratch2/agustin/zephyr-chipyard-sw/zephyr_ws/zephyr/include/zephyr/posix/posix_limits.h:36:9: warning: "_POSIX_NGROUPS_MAX" redefined
   36 | #define _POSIX_NGROUPS_MAX                  (8)
      |         ^~~~~~~~~~~~~~~~~~
/scratch2/dima/zephyr-chipyard-sw-fresh/tools-manual/zephyr-sdk-1.0.0-beta1/gnu/riscv64-zephyr-elf/riscv64-zephyr-elf/sys-include/sys/syslimits.h:76:9: note: this is the location of the previous definition
   76 | #define _POSIX_NGROUPS_MAX      0
      |         ^~~~~~~~~~~~~~~~~~
/scratch2/agustin/zephyr-chipyard-sw/zephyr_ws/zephyr/include/zephyr/posix/posix_limits.h:37:9: warning: "_POSIX_OPEN_MAX" redefined
   37 | #define _POSIX_OPEN_MAX                     (20)
      |         ^~~~~~~~~~~~~~~
/scratch2/dima/zephyr-chipyard-sw-fresh/tools-manual/zephyr-sdk-1.0.0-beta1/gnu/riscv64-zephyr-elf/riscv64-zephyr-elf/sys-include/sys/syslimits.h:77:9: note: this is the location of the previous definition
   77 | #define _POSIX_OPEN_MAX         16
      |         ^~~~~~~~~~~~~~~
/scratch2/agustin/zephyr-chipyard-sw/zephyr_ws/zephyr/include/zephyr/posix/posix_limits.h:38:9: warning: "_POSIX_PATH_MAX" redefined
   38 | #define _POSIX_PATH_MAX                     (256)
      |         ^~~~~~~~~~~~~~~
/scratch2/dima/zephyr-chipyard-sw-fresh/tools-manual/zephyr-sdk-1.0.0-beta1/gnu/riscv64-zephyr-elf/riscv64-zephyr-elf/sys-include/sys/syslimits.h:78:9: note: this is the location of the previous definition
   78 | #define _POSIX_PATH_MAX         255
      |         ^~~~~~~~~~~~~~~
/scratch2/agustin/zephyr-chipyard-sw/zephyr_ws/zephyr/include/zephyr/posix/posix_limits.h:39:9: warning: "_POSIX_PIPE_BUF" redefined
   39 | #define _POSIX_PIPE_BUF                     (512)
      |         ^~~~~~~~~~~~~~~
/scratch2/dima/zephyr-chipyard-sw-fresh/tools-manual/zephyr-sdk-1.0.0-beta1/gnu/riscv64-zephyr-elf/riscv64-zephyr-elf/sys-include/sys/syslimits.h:79:9: note: this is the location of the previous definition
   79 | #define _POSIX_PIPE_BUF         512
      |         ^~~~~~~~~~~~~~~
/scratch2/agustin/zephyr-chipyard-sw/zephyr_ws/zephyr/include/zephyr/posix/posix_limits.h:40:9: warning: "_POSIX_RE_DUP_MAX" redefined
   40 | #define _POSIX_RE_DUP_MAX                   (255)
      |         ^~~~~~~~~~~~~~~~~
/scratch2/dima/zephyr-chipyard-sw-fresh/tools-manual/zephyr-sdk-1.0.0-beta1/gnu/riscv64-zephyr-elf/riscv64-zephyr-elf/sys-include/sys/syslimits.h:80:9: note: this is the location of the previous definition
   80 | #define _POSIX_RE_DUP_MAX       255
      |         ^~~~~~~~~~~~~~~~~
/scratch2/agustin/zephyr-chipyard-sw/zephyr_ws/zephyr/include/zephyr/posix/posix_limits.h:41:9: warning: "_POSIX_RTSIG_MAX" redefined
   41 | #define _POSIX_RTSIG_MAX                    (8)
      |         ^~~~~~~~~~~~~~~~
/scratch2/dima/zephyr-chipyard-sw-fresh/tools-manual/zephyr-sdk-1.0.0-beta1/gnu/riscv64-zephyr-elf/riscv64-zephyr-elf/sys-include/sys/syslimits.h:81:9: note: this is the location of the previous definition
   81 | #define _POSIX_RTSIG_MAX        8
      |         ^~~~~~~~~~~~~~~~
/scratch2/agustin/zephyr-chipyard-sw/zephyr_ws/zephyr/include/zephyr/posix/posix_limits.h:42:9: warning: "_POSIX_SEM_NSEMS_MAX" redefined
   42 | #define _POSIX_SEM_NSEMS_MAX                (256)
      |         ^~~~~~~~~~~~~~~~~~~~
/scratch2/dima/zephyr-chipyard-sw-fresh/tools-manual/zephyr-sdk-1.0.0-beta1/gnu/riscv64-zephyr-elf/riscv64-zephyr-elf/sys-include/sys/syslimits.h:82:9: note: this is the location of the previous definition
   82 | #define _POSIX_SEM_NSEMS_MAX    256
      |         ^~~~~~~~~~~~~~~~~~~~
/scratch2/agustin/zephyr-chipyard-sw/zephyr_ws/zephyr/include/zephyr/posix/posix_limits.h:43:9: warning: "_POSIX_SEM_VALUE_MAX" redefined
   43 | #define _POSIX_SEM_VALUE_MAX                (32767)
      |         ^~~~~~~~~~~~~~~~~~~~
/scratch2/dima/zephyr-chipyard-sw-fresh/tools-manual/zephyr-sdk-1.0.0-beta1/gnu/riscv64-zephyr-elf/riscv64-zephyr-elf/sys-include/sys/syslimits.h:83:9: note: this is the location of the previous definition
   83 | #define _POSIX_SEM_VALUE_MAX    32767
      |         ^~~~~~~~~~~~~~~~~~~~
/scratch2/agustin/zephyr-chipyard-sw/zephyr_ws/zephyr/include/zephyr/posix/posix_limits.h:44:9: warning: "_POSIX_SIGQUEUE_MAX" redefined
   44 | #define _POSIX_SIGQUEUE_MAX                 (32)
      |         ^~~~~~~~~~~~~~~~~~~
/scratch2/dima/zephyr-chipyard-sw-fresh/tools-manual/zephyr-sdk-1.0.0-beta1/gnu/riscv64-zephyr-elf/riscv64-zephyr-elf/sys-include/sys/syslimits.h:84:9: note: this is the location of the previous definition
   84 | #define _POSIX_SIGQUEUE_MAX     32
      |         ^~~~~~~~~~~~~~~~~~~
/scratch2/agustin/zephyr-chipyard-sw/zephyr_ws/zephyr/include/zephyr/posix/posix_limits.h:45:9: warning: "_POSIX_SSIZE_MAX" redefined
   45 | #define _POSIX_SSIZE_MAX                    (32767)
      |         ^~~~~~~~~~~~~~~~
/scratch2/dima/zephyr-chipyard-sw-fresh/tools-manual/zephyr-sdk-1.0.0-beta1/gnu/riscv64-zephyr-elf/riscv64-zephyr-elf/sys-include/sys/syslimits.h:85:9: note: this is the location of the previous definition
   85 | #define _POSIX_SSIZE_MAX        32767
      |         ^~~~~~~~~~~~~~~~
/scratch2/agustin/zephyr-chipyard-sw/zephyr_ws/zephyr/include/zephyr/posix/posix_limits.h:46:9: warning: "_POSIX_SS_REPL_MAX" redefined
   46 | #define _POSIX_SS_REPL_MAX                  (4)
      |         ^~~~~~~~~~~~~~~~~~
/scratch2/dima/zephyr-chipyard-sw-fresh/tools-manual/zephyr-sdk-1.0.0-beta1/gnu/riscv64-zephyr-elf/riscv64-zephyr-elf/sys-include/sys/syslimits.h:86:9: note: this is the location of the previous definition
   86 | #define _POSIX_SS_REPL_MAX      4
      |         ^~~~~~~~~~~~~~~~~~
/scratch2/agustin/zephyr-chipyard-sw/zephyr_ws/zephyr/include/zephyr/posix/posix_limits.h:47:9: warning: "_POSIX_STREAM_MAX" redefined
   47 | #define _POSIX_STREAM_MAX                   (8)
      |         ^~~~~~~~~~~~~~~~~
/scratch2/dima/zephyr-chipyard-sw-fresh/tools-manual/zephyr-sdk-1.0.0-beta1/gnu/riscv64-zephyr-elf/riscv64-zephyr-elf/sys-include/sys/syslimits.h:87:9: note: this is the location of the previous definition
   87 | #define _POSIX_STREAM_MAX       8
      |         ^~~~~~~~~~~~~~~~~
/scratch2/agustin/zephyr-chipyard-sw/zephyr_ws/zephyr/include/zephyr/posix/posix_limits.h:48:9: warning: "_POSIX_SYMLINK_MAX" redefined
   48 | #define _POSIX_SYMLINK_MAX                  (255)
      |         ^~~~~~~~~~~~~~~~~~
/scratch2/dima/zephyr-chipyard-sw-fresh/tools-manual/zephyr-sdk-1.0.0-beta1/gnu/riscv64-zephyr-elf/riscv64-zephyr-elf/sys-include/sys/syslimits.h:88:9: note: this is the location of the previous definition
   88 | #define _POSIX_SYMLINK_MAX      255
      |         ^~~~~~~~~~~~~~~~~~
/scratch2/agustin/zephyr-chipyard-sw/zephyr_ws/zephyr/include/zephyr/posix/posix_limits.h:49:9: warning: "_POSIX_SYMLOOP_MAX" redefined
   49 | #define _POSIX_SYMLOOP_MAX                  (8)
      |         ^~~~~~~~~~~~~~~~~~
/scratch2/dima/zephyr-chipyard-sw-fresh/tools-manual/zephyr-sdk-1.0.0-beta1/gnu/riscv64-zephyr-elf/riscv64-zephyr-elf/sys-include/sys/syslimits.h:89:9: note: this is the location of the previous definition
   89 | #define _POSIX_SYMLOOP_MAX      8
      |         ^~~~~~~~~~~~~~~~~~
/scratch2/agustin/zephyr-chipyard-sw/zephyr_ws/zephyr/include/zephyr/posix/posix_limits.h:50:9: warning: "_POSIX_THREAD_DESTRUCTOR_ITERATIONS" redefined
   50 | #define _POSIX_THREAD_DESTRUCTOR_ITERATIONS (4)
      |         ^~~~~~~~~~~~~~~~~~~~~~~~~~~~~~~~~~~
/scratch2/dima/zephyr-chipyard-sw-fresh/tools-manual/zephyr-sdk-1.0.0-beta1/gnu/riscv64-zephyr-elf/riscv64-zephyr-elf/sys-include/sys/syslimits.h:90:9: note: this is the location of the previous definition
   90 | #define _POSIX_THREAD_DESTRUCTOR_ITERATIONS     4
      |         ^~~~~~~~~~~~~~~~~~~~~~~~~~~~~~~~~~~
/scratch2/agustin/zephyr-chipyard-sw/zephyr_ws/zephyr/include/zephyr/posix/posix_limits.h:51:9: warning: "_POSIX_THREAD_KEYS_MAX" redefined
   51 | #define _POSIX_THREAD_KEYS_MAX              (128)
      |         ^~~~~~~~~~~~~~~~~~~~~~
/scratch2/dima/zephyr-chipyard-sw-fresh/tools-manual/zephyr-sdk-1.0.0-beta1/gnu/riscv64-zephyr-elf/riscv64-zephyr-elf/sys-include/sys/syslimits.h:91:9: note: this is the location of the previous definition
   91 | #define _POSIX_THREAD_KEYS_MAX  128
      |         ^~~~~~~~~~~~~~~~~~~~~~
/scratch2/agustin/zephyr-chipyard-sw/zephyr_ws/zephyr/include/zephyr/posix/posix_limits.h:52:9: warning: "_POSIX_THREAD_THREADS_MAX" redefined
   52 | #define _POSIX_THREAD_THREADS_MAX           (64)
      |         ^~~~~~~~~~~~~~~~~~~~~~~~~
/scratch2/dima/zephyr-chipyard-sw-fresh/tools-manual/zephyr-sdk-1.0.0-beta1/gnu/riscv64-zephyr-elf/riscv64-zephyr-elf/sys-include/sys/syslimits.h:92:9: note: this is the location of the previous definition
   92 | #define _POSIX_THREAD_THREADS_MAX       64
      |         ^~~~~~~~~~~~~~~~~~~~~~~~~
/scratch2/agustin/zephyr-chipyard-sw/zephyr_ws/zephyr/include/zephyr/posix/posix_limits.h:53:9: warning: "_POSIX_TIMER_MAX" redefined
   53 | #define _POSIX_TIMER_MAX                    (32)
      |         ^~~~~~~~~~~~~~~~
/scratch2/dima/zephyr-chipyard-sw-fresh/tools-manual/zephyr-sdk-1.0.0-beta1/gnu/riscv64-zephyr-elf/riscv64-zephyr-elf/sys-include/sys/syslimits.h:93:9: note: this is the location of the previous definition
   93 | #define _POSIX_TIMER_MAX        32
      |         ^~~~~~~~~~~~~~~~
/scratch2/agustin/zephyr-chipyard-sw/zephyr_ws/zephyr/include/zephyr/posix/posix_limits.h:54:9: warning: "_POSIX_TRACE_EVENT_NAME_MAX" redefined
   54 | #define _POSIX_TRACE_EVENT_NAME_MAX         (30)
      |         ^~~~~~~~~~~~~~~~~~~~~~~~~~~
/scratch2/dima/zephyr-chipyard-sw-fresh/tools-manual/zephyr-sdk-1.0.0-beta1/gnu/riscv64-zephyr-elf/riscv64-zephyr-elf/sys-include/sys/syslimits.h:94:9: note: this is the location of the previous definition
   94 | #define _POSIX_TRACE_EVENT_NAME_MAX     30
      |         ^~~~~~~~~~~~~~~~~~~~~~~~~~~
/scratch2/agustin/zephyr-chipyard-sw/zephyr_ws/zephyr/include/zephyr/posix/posix_limits.h:55:9: warning: "_POSIX_TRACE_NAME_MAX" redefined
   55 | #define _POSIX_TRACE_NAME_MAX               (8)
      |         ^~~~~~~~~~~~~~~~~~~~~
/scratch2/dima/zephyr-chipyard-sw-fresh/tools-manual/zephyr-sdk-1.0.0-beta1/gnu/riscv64-zephyr-elf/riscv64-zephyr-elf/sys-include/sys/syslimits.h:95:9: note: this is the location of the previous definition
   95 | #define _POSIX_TRACE_NAME_MAX   8
      |         ^~~~~~~~~~~~~~~~~~~~~
/scratch2/agustin/zephyr-chipyard-sw/zephyr_ws/zephyr/include/zephyr/posix/posix_limits.h:56:9: warning: "_POSIX_TRACE_SYS_MAX" redefined
   56 | #define _POSIX_TRACE_SYS_MAX                (8)
      |         ^~~~~~~~~~~~~~~~~~~~
/scratch2/dima/zephyr-chipyard-sw-fresh/tools-manual/zephyr-sdk-1.0.0-beta1/gnu/riscv64-zephyr-elf/riscv64-zephyr-elf/sys-include/sys/syslimits.h:96:9: note: this is the location of the previous definition
   96 | #define _POSIX_TRACE_SYS_MAX    8
      |         ^~~~~~~~~~~~~~~~~~~~
/scratch2/agustin/zephyr-chipyard-sw/zephyr_ws/zephyr/include/zephyr/posix/posix_limits.h:57:9: warning: "_POSIX_TRACE_USER_EVENT_MAX" redefined
   57 | #define _POSIX_TRACE_USER_EVENT_MAX         (32)
      |         ^~~~~~~~~~~~~~~~~~~~~~~~~~~
/scratch2/dima/zephyr-chipyard-sw-fresh/tools-manual/zephyr-sdk-1.0.0-beta1/gnu/riscv64-zephyr-elf/riscv64-zephyr-elf/sys-include/sys/syslimits.h:97:9: note: this is the location of the previous definition
   97 | #define _POSIX_TRACE_USER_EVENT_MAX     32
      |         ^~~~~~~~~~~~~~~~~~~~~~~~~~~
/scratch2/agustin/zephyr-chipyard-sw/zephyr_ws/zephyr/include/zephyr/posix/posix_limits.h:58:9: warning: "_POSIX_TTY_NAME_MAX" redefined
   58 | #define _POSIX_TTY_NAME_MAX                 (9)
      |         ^~~~~~~~~~~~~~~~~~~
/scratch2/dima/zephyr-chipyard-sw-fresh/tools-manual/zephyr-sdk-1.0.0-beta1/gnu/riscv64-zephyr-elf/riscv64-zephyr-elf/sys-include/sys/syslimits.h:98:9: note: this is the location of the previous definition
   98 | #define _POSIX_TTY_NAME_MAX     9
      |         ^~~~~~~~~~~~~~~~~~~
/scratch2/agustin/zephyr-chipyard-sw/zephyr_ws/zephyr/include/zephyr/posix/posix_limits.h:59:9: warning: "_POSIX_TZNAME_MAX" redefined
   59 | #define _POSIX_TZNAME_MAX                   (6)
      |         ^~~~~~~~~~~~~~~~~
/scratch2/dima/zephyr-chipyard-sw-fresh/tools-manual/zephyr-sdk-1.0.0-beta1/gnu/riscv64-zephyr-elf/riscv64-zephyr-elf/sys-include/sys/syslimits.h:99:9: note: this is the location of the previous definition
   99 | #define _POSIX_TZNAME_MAX       3
      |         ^~~~~~~~~~~~~~~~~
/scratch2/agustin/zephyr-chipyard-sw/zephyr_ws/zephyr/include/zephyr/posix/posix_limits.h:60:9: warning: "_POSIX2_BC_BASE_MAX" redefined
   60 | #define _POSIX2_BC_BASE_MAX                 (99)
      |         ^~~~~~~~~~~~~~~~~~~
/scratch2/dima/zephyr-chipyard-sw-fresh/tools-manual/zephyr-sdk-1.0.0-beta1/gnu/riscv64-zephyr-elf/riscv64-zephyr-elf/sys-include/sys/syslimits.h:100:9: note: this is the location of the previous definition
  100 | #define _POSIX2_BC_BASE_MAX     99
      |         ^~~~~~~~~~~~~~~~~~~
/scratch2/agustin/zephyr-chipyard-sw/zephyr_ws/zephyr/include/zephyr/posix/posix_limits.h:61:9: warning: "_POSIX2_BC_DIM_MAX" redefined
   61 | #define _POSIX2_BC_DIM_MAX                  (2048)
      |         ^~~~~~~~~~~~~~~~~~
/scratch2/dima/zephyr-chipyard-sw-fresh/tools-manual/zephyr-sdk-1.0.0-beta1/gnu/riscv64-zephyr-elf/riscv64-zephyr-elf/sys-include/sys/syslimits.h:101:9: note: this is the location of the previous definition
  101 | #define _POSIX2_BC_DIM_MAX      2048
      |         ^~~~~~~~~~~~~~~~~~
/scratch2/agustin/zephyr-chipyard-sw/zephyr_ws/zephyr/include/zephyr/posix/posix_limits.h:62:9: warning: "_POSIX2_BC_SCALE_MAX" redefined
   62 | #define _POSIX2_BC_SCALE_MAX                (99)
      |         ^~~~~~~~~~~~~~~~~~~~
/scratch2/dima/zephyr-chipyard-sw-fresh/tools-manual/zephyr-sdk-1.0.0-beta1/gnu/riscv64-zephyr-elf/riscv64-zephyr-elf/sys-include/sys/syslimits.h:102:9: note: this is the location of the previous definition
  102 | #define _POSIX2_BC_SCALE_MAX    99
      |         ^~~~~~~~~~~~~~~~~~~~
/scratch2/agustin/zephyr-chipyard-sw/zephyr_ws/zephyr/include/zephyr/posix/posix_limits.h:63:9: warning: "_POSIX2_BC_STRING_MAX" redefined
   63 | #define _POSIX2_BC_STRING_MAX               (1000)
      |         ^~~~~~~~~~~~~~~~~~~~~
/scratch2/dima/zephyr-chipyard-sw-fresh/tools-manual/zephyr-sdk-1.0.0-beta1/gnu/riscv64-zephyr-elf/riscv64-zephyr-elf/sys-include/sys/syslimits.h:103:9: note: this is the location of the previous definition
  103 | #define _POSIX2_BC_STRING_MAX   1000
      |         ^~~~~~~~~~~~~~~~~~~~~
/scratch2/agustin/zephyr-chipyard-sw/zephyr_ws/zephyr/include/zephyr/posix/posix_limits.h:64:9: warning: "_POSIX2_CHARCLASS_NAME_MAX" redefined
   64 | #define _POSIX2_CHARCLASS_NAME_MAX          (14)
      |         ^~~~~~~~~~~~~~~~~~~~~~~~~~
/scratch2/dima/zephyr-chipyard-sw-fresh/tools-manual/zephyr-sdk-1.0.0-beta1/gnu/riscv64-zephyr-elf/riscv64-zephyr-elf/sys-include/sys/syslimits.h:104:9: note: this is the location of the previous definition
  104 | #define _POSIX2_CHARCLASS_NAME_MAX      14
      |         ^~~~~~~~~~~~~~~~~~~~~~~~~~
/scratch2/agustin/zephyr-chipyard-sw/zephyr_ws/zephyr/include/zephyr/posix/posix_limits.h:65:9: warning: "_POSIX2_COLL_WEIGHTS_MAX" redefined
   65 | #define _POSIX2_COLL_WEIGHTS_MAX            (2)
      |         ^~~~~~~~~~~~~~~~~~~~~~~~
/scratch2/dima/zephyr-chipyard-sw-fresh/tools-manual/zephyr-sdk-1.0.0-beta1/gnu/riscv64-zephyr-elf/riscv64-zephyr-elf/sys-include/sys/syslimits.h:105:9: note: this is the location of the previous definition
  105 | #define _POSIX2_COLL_WEIGHTS_MAX        2
      |         ^~~~~~~~~~~~~~~~~~~~~~~~
/scratch2/agustin/zephyr-chipyard-sw/zephyr_ws/zephyr/include/zephyr/posix/posix_limits.h:66:9: warning: "_POSIX2_EXPR_NEST_MAX" redefined
   66 | #define _POSIX2_EXPR_NEST_MAX               (32)
      |         ^~~~~~~~~~~~~~~~~~~~~
/scratch2/dima/zephyr-chipyard-sw-fresh/tools-manual/zephyr-sdk-1.0.0-beta1/gnu/riscv64-zephyr-elf/riscv64-zephyr-elf/sys-include/sys/syslimits.h:106:9: note: this is the location of the previous definition
  106 | #define _POSIX2_EXPR_NEST_MAX   32
      |         ^~~~~~~~~~~~~~~~~~~~~
/scratch2/agustin/zephyr-chipyard-sw/zephyr_ws/zephyr/include/zephyr/posix/posix_limits.h:67:9: warning: "_POSIX2_LINE_MAX" redefined
   67 | #define _POSIX2_LINE_MAX                    (2048)
      |         ^~~~~~~~~~~~~~~~
/scratch2/dima/zephyr-chipyard-sw-fresh/tools-manual/zephyr-sdk-1.0.0-beta1/gnu/riscv64-zephyr-elf/riscv64-zephyr-elf/sys-include/sys/syslimits.h:107:9: note: this is the location of the previous definition
  107 | #define _POSIX2_LINE_MAX        2048
      |         ^~~~~~~~~~~~~~~~
/scratch2/agustin/zephyr-chipyard-sw/zephyr_ws/zephyr/include/zephyr/posix/posix_limits.h:83:9: warning: "ARG_MAX" redefined
   83 | #define ARG_MAX                       _POSIX_ARG_MAX
      |         ^~~~~~~
/scratch2/dima/zephyr-chipyard-sw-fresh/tools-manual/zephyr-sdk-1.0.0-beta1/gnu/riscv64-zephyr-elf/riscv64-zephyr-elf/sys-include/sys/syslimits.h:41:9: note: this is the location of the previous definition
   41 | #define ARG_MAX                 65536   /* max bytes for an exec function */
      |         ^~~~~~~
/scratch2/agustin/zephyr-chipyard-sw/zephyr_ws/zephyr/include/zephyr/posix/posix_limits.h:84:9: warning: "ATEXIT_MAX" redefined
   84 | #define ATEXIT_MAX                    (32)
      |         ^~~~~~~~~~
/scratch2/dima/zephyr-chipyard-sw-fresh/tools-manual/zephyr-sdk-1.0.0-beta1/gnu/riscv64-zephyr-elf/riscv64-zephyr-elf/sys-include/sys/syslimits.h:42:9: note: this is the location of the previous definition
   42 | #define ATEXIT_MAX                 32   /* max atexit functions */
      |         ^~~~~~~~~~
/scratch2/agustin/zephyr-chipyard-sw/zephyr_ws/zephyr/include/zephyr/posix/posix_limits.h:93:9: warning: "OPEN_MAX" redefined
   93 | #define OPEN_MAX                      CONFIG_POSIX_OPEN_MAX
      |         ^~~~~~~~
/scratch2/dima/zephyr-chipyard-sw-fresh/tools-manual/zephyr-sdk-1.0.0-beta1/gnu/riscv64-zephyr-elf/riscv64-zephyr-elf/sys-include/sys/syslimits.h:45:9: note: this is the location of the previous definition
   45 | #define OPEN_MAX                   64   /* max open files per process */
      |         ^~~~~~~~
/scratch2/agustin/zephyr-chipyard-sw/zephyr_ws/zephyr/include/zephyr/posix/posix_limits.h:96:9: warning: "PATH_MAX" redefined
   96 | #define PATH_MAX                      _POSIX_PATH_MAX
      |         ^~~~~~~~
/scratch2/dima/zephyr-chipyard-sw-fresh/tools-manual/zephyr-sdk-1.0.0-beta1/gnu/riscv64-zephyr-elf/riscv64-zephyr-elf/sys-include/sys/syslimits.h:53:9: note: this is the location of the previous definition
   53 | #define PATH_MAX                 1024   /* max bytes in pathname */
      |         ^~~~~~~~
/scratch2/agustin/zephyr-chipyard-sw/zephyr_ws/zephyr/include/zephyr/posix/posix_limits.h:114:9: warning: "TZNAME_MAX" redefined
  114 | #define TZNAME_MAX                    _POSIX_TZNAME_MAX
      |         ^~~~~~~~~~
/scratch2/dima/zephyr-chipyard-sw-fresh/tools-manual/zephyr-sdk-1.0.0-beta1/gnu/riscv64-zephyr-elf/riscv64-zephyr-elf/sys-include/sys/syslimits.h:46:9: note: this is the location of the previous definition
   46 | #define TZNAME_MAX                 10   /* max time zone name length */
      |         ^~~~~~~~~~
[140/202] Building C object zephyr/lib/posix/options/CMakeFiles/lib__posix__options.dir/cond.c.obj
In file included from /scratch2/agustin/zephyr-chipyard-sw/zephyr_ws/zephyr/include/zephyr/posix/sys/sysconf.h:11,
                 from /scratch2/agustin/zephyr-chipyard-sw/zephyr_ws/zephyr/include/zephyr/posix/unistd.h:18,
                 from /scratch2/agustin/zephyr-chipyard-sw/zephyr_ws/zephyr/include/zephyr/posix/pthread.h:15,
                 from /scratch2/agustin/zephyr-chipyard-sw/zephyr_ws/zephyr/lib/posix/options/posix_internal.h:15,
                 from /scratch2/agustin/zephyr-chipyard-sw/zephyr_ws/zephyr/lib/posix/options/cond.c:9:
/scratch2/agustin/zephyr-chipyard-sw/zephyr_ws/zephyr/include/zephyr/posix/posix_limits.h:23:9: warning: "_POSIX_AIO_LISTIO_MAX" redefined
   23 | #define _POSIX_AIO_LISTIO_MAX               (2)
      |         ^~~~~~~~~~~~~~~~~~~~~
In file included from /scratch2/dima/zephyr-chipyard-sw-fresh/tools-manual/zephyr-sdk-1.0.0-beta1/gnu/riscv64-zephyr-elf/riscv64-zephyr-elf/sys-include/limits.h:6,
                 from /scratch2/dima/zephyr-chipyard-sw-fresh/tools-manual/zephyr-sdk-1.0.0-beta1/gnu/riscv64-zephyr-elf/lib/gcc/riscv64-zephyr-elf/14.3.0/include/limits.h:210,
                 from /scratch2/dima/zephyr-chipyard-sw-fresh/tools-manual/zephyr-sdk-1.0.0-beta1/gnu/riscv64-zephyr-elf/lib/gcc/riscv64-zephyr-elf/14.3.0/include/syslimits.h:7,
                 from /scratch2/dima/zephyr-chipyard-sw-fresh/tools-manual/zephyr-sdk-1.0.0-beta1/gnu/riscv64-zephyr-elf/lib/gcc/riscv64-zephyr-elf/14.3.0/include/limits.h:34,
                 from /scratch2/agustin/zephyr-chipyard-sw/zephyr_ws/zephyr/include/zephyr/sys/timeutil.h:25,
                 from /scratch2/agustin/zephyr-chipyard-sw/zephyr_ws/zephyr/lib/posix/options/posix_clock.h:17,
                 from /scratch2/agustin/zephyr-chipyard-sw/zephyr_ws/zephyr/lib/posix/options/cond.c:8:
/scratch2/dima/zephyr-chipyard-sw-fresh/tools-manual/zephyr-sdk-1.0.0-beta1/gnu/riscv64-zephyr-elf/riscv64-zephyr-elf/sys-include/sys/syslimits.h:63:9: note: this is the location of the previous definition
   63 | #define _POSIX_AIO_LISTIO_MAX   2
      |         ^~~~~~~~~~~~~~~~~~~~~
/scratch2/agustin/zephyr-chipyard-sw/zephyr_ws/zephyr/include/zephyr/posix/posix_limits.h:24:9: warning: "_POSIX_AIO_MAX" redefined
   24 | #define _POSIX_AIO_MAX                      (1)
      |         ^~~~~~~~~~~~~~
/scratch2/dima/zephyr-chipyard-sw-fresh/tools-manual/zephyr-sdk-1.0.0-beta1/gnu/riscv64-zephyr-elf/riscv64-zephyr-elf/sys-include/sys/syslimits.h:64:9: note: this is the location of the previous definition
   64 | #define _POSIX_AIO_MAX          1
      |         ^~~~~~~~~~~~~~
/scratch2/agustin/zephyr-chipyard-sw/zephyr_ws/zephyr/include/zephyr/posix/posix_limits.h:25:9: warning: "_POSIX_ARG_MAX" redefined
   25 | #define _POSIX_ARG_MAX                      (4096)
      |         ^~~~~~~~~~~~~~
/scratch2/dima/zephyr-chipyard-sw-fresh/tools-manual/zephyr-sdk-1.0.0-beta1/gnu/riscv64-zephyr-elf/riscv64-zephyr-elf/sys-include/sys/syslimits.h:65:9: note: this is the location of the previous definition
   65 | #define _POSIX_ARG_MAX          4096
      |         ^~~~~~~~~~~~~~
/scratch2/agustin/zephyr-chipyard-sw/zephyr_ws/zephyr/include/zephyr/posix/posix_limits.h:26:9: warning: "_POSIX_CHILD_MAX" redefined
   26 | #define _POSIX_CHILD_MAX                    (25)
      |         ^~~~~~~~~~~~~~~~
/scratch2/dima/zephyr-chipyard-sw-fresh/tools-manual/zephyr-sdk-1.0.0-beta1/gnu/riscv64-zephyr-elf/riscv64-zephyr-elf/sys-include/sys/syslimits.h:66:9: note: this is the location of the previous definition
   66 | #define _POSIX_CHILD_MAX        6
      |         ^~~~~~~~~~~~~~~~
/scratch2/agustin/zephyr-chipyard-sw/zephyr_ws/zephyr/include/zephyr/posix/posix_limits.h:27:9: warning: "_POSIX_DELAYTIMER_MAX" redefined
   27 | #define _POSIX_DELAYTIMER_MAX               (32)
      |         ^~~~~~~~~~~~~~~~~~~~~
/scratch2/dima/zephyr-chipyard-sw-fresh/tools-manual/zephyr-sdk-1.0.0-beta1/gnu/riscv64-zephyr-elf/riscv64-zephyr-elf/sys-include/sys/syslimits.h:67:9: note: this is the location of the previous definition
   67 | #define _POSIX_DELAYTIMER_MAX   32
      |         ^~~~~~~~~~~~~~~~~~~~~
/scratch2/agustin/zephyr-chipyard-sw/zephyr_ws/zephyr/include/zephyr/posix/posix_limits.h:28:9: warning: "_POSIX_HOST_NAME_MAX" redefined
   28 | #define _POSIX_HOST_NAME_MAX                (255)
      |         ^~~~~~~~~~~~~~~~~~~~
/scratch2/dima/zephyr-chipyard-sw-fresh/tools-manual/zephyr-sdk-1.0.0-beta1/gnu/riscv64-zephyr-elf/riscv64-zephyr-elf/sys-include/sys/syslimits.h:68:9: note: this is the location of the previous definition
   68 | #define _POSIX_HOST_NAME_MAX    255
      |         ^~~~~~~~~~~~~~~~~~~~
/scratch2/agustin/zephyr-chipyard-sw/zephyr_ws/zephyr/include/zephyr/posix/posix_limits.h:29:9: warning: "_POSIX_LINK_MAX" redefined
   29 | #define _POSIX_LINK_MAX                     (8)
      |         ^~~~~~~~~~~~~~~
/scratch2/dima/zephyr-chipyard-sw-fresh/tools-manual/zephyr-sdk-1.0.0-beta1/gnu/riscv64-zephyr-elf/riscv64-zephyr-elf/sys-include/sys/syslimits.h:69:9: note: this is the location of the previous definition
   69 | #define _POSIX_LINK_MAX         8
      |         ^~~~~~~~~~~~~~~
/scratch2/agustin/zephyr-chipyard-sw/zephyr_ws/zephyr/include/zephyr/posix/posix_limits.h:30:9: warning: "_POSIX_LOGIN_NAME_MAX" redefined
   30 | #define _POSIX_LOGIN_NAME_MAX               (9)
      |         ^~~~~~~~~~~~~~~~~~~~~
/scratch2/dima/zephyr-chipyard-sw-fresh/tools-manual/zephyr-sdk-1.0.0-beta1/gnu/riscv64-zephyr-elf/riscv64-zephyr-elf/sys-include/sys/syslimits.h:70:9: note: this is the location of the previous definition
   70 | #define _POSIX_LOGIN_NAME_MAX   9
      |         ^~~~~~~~~~~~~~~~~~~~~
/scratch2/agustin/zephyr-chipyard-sw/zephyr_ws/zephyr/include/zephyr/posix/posix_limits.h:31:9: warning: "_POSIX_MAX_CANON" redefined
   31 | #define _POSIX_MAX_CANON                    (255)
      |         ^~~~~~~~~~~~~~~~
/scratch2/dima/zephyr-chipyard-sw-fresh/tools-manual/zephyr-sdk-1.0.0-beta1/gnu/riscv64-zephyr-elf/riscv64-zephyr-elf/sys-include/sys/syslimits.h:71:9: note: this is the location of the previous definition
   71 | #define _POSIX_MAX_CANON        255
      |         ^~~~~~~~~~~~~~~~
/scratch2/agustin/zephyr-chipyard-sw/zephyr_ws/zephyr/include/zephyr/posix/posix_limits.h:32:9: warning: "_POSIX_MAX_INPUT" redefined
   32 | #define _POSIX_MAX_INPUT                    (255)
      |         ^~~~~~~~~~~~~~~~
/scratch2/dima/zephyr-chipyard-sw-fresh/tools-manual/zephyr-sdk-1.0.0-beta1/gnu/riscv64-zephyr-elf/riscv64-zephyr-elf/sys-include/sys/syslimits.h:72:9: note: this is the location of the previous definition
   72 | #define _POSIX_MAX_INPUT        255
      |         ^~~~~~~~~~~~~~~~
/scratch2/agustin/zephyr-chipyard-sw/zephyr_ws/zephyr/include/zephyr/posix/posix_limits.h:33:9: warning: "_POSIX_MQ_OPEN_MAX" redefined
   33 | #define _POSIX_MQ_OPEN_MAX                  (8)
      |         ^~~~~~~~~~~~~~~~~~
/scratch2/dima/zephyr-chipyard-sw-fresh/tools-manual/zephyr-sdk-1.0.0-beta1/gnu/riscv64-zephyr-elf/riscv64-zephyr-elf/sys-include/sys/syslimits.h:73:9: note: this is the location of the previous definition
   73 | #define _POSIX_MQ_OPEN_MAX      8
      |         ^~~~~~~~~~~~~~~~~~
/scratch2/agustin/zephyr-chipyard-sw/zephyr_ws/zephyr/include/zephyr/posix/posix_limits.h:34:9: warning: "_POSIX_MQ_PRIO_MAX" redefined
   34 | #define _POSIX_MQ_PRIO_MAX                  (32)
      |         ^~~~~~~~~~~~~~~~~~
/scratch2/dima/zephyr-chipyard-sw-fresh/tools-manual/zephyr-sdk-1.0.0-beta1/gnu/riscv64-zephyr-elf/riscv64-zephyr-elf/sys-include/sys/syslimits.h:74:9: note: this is the location of the previous definition
   74 | #define _POSIX_MQ_PRIO_MAX      32
      |         ^~~~~~~~~~~~~~~~~~
/scratch2/agustin/zephyr-chipyard-sw/zephyr_ws/zephyr/include/zephyr/posix/posix_limits.h:35:9: warning: "_POSIX_NAME_MAX" redefined
   35 | #define _POSIX_NAME_MAX                     (14)
      |         ^~~~~~~~~~~~~~~
/scratch2/dima/zephyr-chipyard-sw-fresh/tools-manual/zephyr-sdk-1.0.0-beta1/gnu/riscv64-zephyr-elf/riscv64-zephyr-elf/sys-include/sys/syslimits.h:75:9: note: this is the location of the previous definition
   75 | #define _POSIX_NAME_MAX         14
      |         ^~~~~~~~~~~~~~~
/scratch2/agustin/zephyr-chipyard-sw/zephyr_ws/zephyr/include/zephyr/posix/posix_limits.h:36:9: warning: "_POSIX_NGROUPS_MAX" redefined
   36 | #define _POSIX_NGROUPS_MAX                  (8)
      |         ^~~~~~~~~~~~~~~~~~
/scratch2/dima/zephyr-chipyard-sw-fresh/tools-manual/zephyr-sdk-1.0.0-beta1/gnu/riscv64-zephyr-elf/riscv64-zephyr-elf/sys-include/sys/syslimits.h:76:9: note: this is the location of the previous definition
   76 | #define _POSIX_NGROUPS_MAX      0
      |         ^~~~~~~~~~~~~~~~~~
/scratch2/agustin/zephyr-chipyard-sw/zephyr_ws/zephyr/include/zephyr/posix/posix_limits.h:37:9: warning: "_POSIX_OPEN_MAX" redefined
   37 | #define _POSIX_OPEN_MAX                     (20)
      |         ^~~~~~~~~~~~~~~
/scratch2/dima/zephyr-chipyard-sw-fresh/tools-manual/zephyr-sdk-1.0.0-beta1/gnu/riscv64-zephyr-elf/riscv64-zephyr-elf/sys-include/sys/syslimits.h:77:9: note: this is the location of the previous definition
   77 | #define _POSIX_OPEN_MAX         16
      |         ^~~~~~~~~~~~~~~
/scratch2/agustin/zephyr-chipyard-sw/zephyr_ws/zephyr/include/zephyr/posix/posix_limits.h:38:9: warning: "_POSIX_PATH_MAX" redefined
   38 | #define _POSIX_PATH_MAX                     (256)
      |         ^~~~~~~~~~~~~~~
/scratch2/dima/zephyr-chipyard-sw-fresh/tools-manual/zephyr-sdk-1.0.0-beta1/gnu/riscv64-zephyr-elf/riscv64-zephyr-elf/sys-include/sys/syslimits.h:78:9: note: this is the location of the previous definition
   78 | #define _POSIX_PATH_MAX         255
      |         ^~~~~~~~~~~~~~~
/scratch2/agustin/zephyr-chipyard-sw/zephyr_ws/zephyr/include/zephyr/posix/posix_limits.h:39:9: warning: "_POSIX_PIPE_BUF" redefined
   39 | #define _POSIX_PIPE_BUF                     (512)
      |         ^~~~~~~~~~~~~~~
/scratch2/dima/zephyr-chipyard-sw-fresh/tools-manual/zephyr-sdk-1.0.0-beta1/gnu/riscv64-zephyr-elf/riscv64-zephyr-elf/sys-include/sys/syslimits.h:79:9: note: this is the location of the previous definition
   79 | #define _POSIX_PIPE_BUF         512
      |         ^~~~~~~~~~~~~~~
/scratch2/agustin/zephyr-chipyard-sw/zephyr_ws/zephyr/include/zephyr/posix/posix_limits.h:40:9: warning: "_POSIX_RE_DUP_MAX" redefined
   40 | #define _POSIX_RE_DUP_MAX                   (255)
      |         ^~~~~~~~~~~~~~~~~
/scratch2/dima/zephyr-chipyard-sw-fresh/tools-manual/zephyr-sdk-1.0.0-beta1/gnu/riscv64-zephyr-elf/riscv64-zephyr-elf/sys-include/sys/syslimits.h:80:9: note: this is the location of the previous definition
   80 | #define _POSIX_RE_DUP_MAX       255
      |         ^~~~~~~~~~~~~~~~~
/scratch2/agustin/zephyr-chipyard-sw/zephyr_ws/zephyr/include/zephyr/posix/posix_limits.h:41:9: warning: "_POSIX_RTSIG_MAX" redefined
   41 | #define _POSIX_RTSIG_MAX                    (8)
      |         ^~~~~~~~~~~~~~~~
/scratch2/dima/zephyr-chipyard-sw-fresh/tools-manual/zephyr-sdk-1.0.0-beta1/gnu/riscv64-zephyr-elf/riscv64-zephyr-elf/sys-include/sys/syslimits.h:81:9: note: this is the location of the previous definition
   81 | #define _POSIX_RTSIG_MAX        8
      |         ^~~~~~~~~~~~~~~~
/scratch2/agustin/zephyr-chipyard-sw/zephyr_ws/zephyr/include/zephyr/posix/posix_limits.h:42:9: warning: "_POSIX_SEM_NSEMS_MAX" redefined
   42 | #define _POSIX_SEM_NSEMS_MAX                (256)
      |         ^~~~~~~~~~~~~~~~~~~~
/scratch2/dima/zephyr-chipyard-sw-fresh/tools-manual/zephyr-sdk-1.0.0-beta1/gnu/riscv64-zephyr-elf/riscv64-zephyr-elf/sys-include/sys/syslimits.h:82:9: note: this is the location of the previous definition
   82 | #define _POSIX_SEM_NSEMS_MAX    256
      |         ^~~~~~~~~~~~~~~~~~~~
/scratch2/agustin/zephyr-chipyard-sw/zephyr_ws/zephyr/include/zephyr/posix/posix_limits.h:43:9: warning: "_POSIX_SEM_VALUE_MAX" redefined
   43 | #define _POSIX_SEM_VALUE_MAX                (32767)
      |         ^~~~~~~~~~~~~~~~~~~~
/scratch2/dima/zephyr-chipyard-sw-fresh/tools-manual/zephyr-sdk-1.0.0-beta1/gnu/riscv64-zephyr-elf/riscv64-zephyr-elf/sys-include/sys/syslimits.h:83:9: note: this is the location of the previous definition
   83 | #define _POSIX_SEM_VALUE_MAX    32767
      |         ^~~~~~~~~~~~~~~~~~~~
/scratch2/agustin/zephyr-chipyard-sw/zephyr_ws/zephyr/include/zephyr/posix/posix_limits.h:44:9: warning: "_POSIX_SIGQUEUE_MAX" redefined
   44 | #define _POSIX_SIGQUEUE_MAX                 (32)
      |         ^~~~~~~~~~~~~~~~~~~
/scratch2/dima/zephyr-chipyard-sw-fresh/tools-manual/zephyr-sdk-1.0.0-beta1/gnu/riscv64-zephyr-elf/riscv64-zephyr-elf/sys-include/sys/syslimits.h:84:9: note: this is the location of the previous definition
   84 | #define _POSIX_SIGQUEUE_MAX     32
      |         ^~~~~~~~~~~~~~~~~~~
/scratch2/agustin/zephyr-chipyard-sw/zephyr_ws/zephyr/include/zephyr/posix/posix_limits.h:45:9: warning: "_POSIX_SSIZE_MAX" redefined
   45 | #define _POSIX_SSIZE_MAX                    (32767)
      |         ^~~~~~~~~~~~~~~~
/scratch2/dima/zephyr-chipyard-sw-fresh/tools-manual/zephyr-sdk-1.0.0-beta1/gnu/riscv64-zephyr-elf/riscv64-zephyr-elf/sys-include/sys/syslimits.h:85:9: note: this is the location of the previous definition
   85 | #define _POSIX_SSIZE_MAX        32767
      |         ^~~~~~~~~~~~~~~~
/scratch2/agustin/zephyr-chipyard-sw/zephyr_ws/zephyr/include/zephyr/posix/posix_limits.h:46:9: warning: "_POSIX_SS_REPL_MAX" redefined
   46 | #define _POSIX_SS_REPL_MAX                  (4)
      |         ^~~~~~~~~~~~~~~~~~
/scratch2/dima/zephyr-chipyard-sw-fresh/tools-manual/zephyr-sdk-1.0.0-beta1/gnu/riscv64-zephyr-elf/riscv64-zephyr-elf/sys-include/sys/syslimits.h:86:9: note: this is the location of the previous definition
   86 | #define _POSIX_SS_REPL_MAX      4
      |         ^~~~~~~~~~~~~~~~~~
/scratch2/agustin/zephyr-chipyard-sw/zephyr_ws/zephyr/include/zephyr/posix/posix_limits.h:47:9: warning: "_POSIX_STREAM_MAX" redefined
   47 | #define _POSIX_STREAM_MAX                   (8)
      |         ^~~~~~~~~~~~~~~~~
/scratch2/dima/zephyr-chipyard-sw-fresh/tools-manual/zephyr-sdk-1.0.0-beta1/gnu/riscv64-zephyr-elf/riscv64-zephyr-elf/sys-include/sys/syslimits.h:87:9: note: this is the location of the previous definition
   87 | #define _POSIX_STREAM_MAX       8
      |         ^~~~~~~~~~~~~~~~~
/scratch2/agustin/zephyr-chipyard-sw/zephyr_ws/zephyr/include/zephyr/posix/posix_limits.h:48:9: warning: "_POSIX_SYMLINK_MAX" redefined
   48 | #define _POSIX_SYMLINK_MAX                  (255)
      |         ^~~~~~~~~~~~~~~~~~
/scratch2/dima/zephyr-chipyard-sw-fresh/tools-manual/zephyr-sdk-1.0.0-beta1/gnu/riscv64-zephyr-elf/riscv64-zephyr-elf/sys-include/sys/syslimits.h:88:9: note: this is the location of the previous definition
   88 | #define _POSIX_SYMLINK_MAX      255
      |         ^~~~~~~~~~~~~~~~~~
/scratch2/agustin/zephyr-chipyard-sw/zephyr_ws/zephyr/include/zephyr/posix/posix_limits.h:49:9: warning: "_POSIX_SYMLOOP_MAX" redefined
   49 | #define _POSIX_SYMLOOP_MAX                  (8)
      |         ^~~~~~~~~~~~~~~~~~
/scratch2/dima/zephyr-chipyard-sw-fresh/tools-manual/zephyr-sdk-1.0.0-beta1/gnu/riscv64-zephyr-elf/riscv64-zephyr-elf/sys-include/sys/syslimits.h:89:9: note: this is the location of the previous definition
   89 | #define _POSIX_SYMLOOP_MAX      8
      |         ^~~~~~~~~~~~~~~~~~
/scratch2/agustin/zephyr-chipyard-sw/zephyr_ws/zephyr/include/zephyr/posix/posix_limits.h:50:9: warning: "_POSIX_THREAD_DESTRUCTOR_ITERATIONS" redefined
   50 | #define _POSIX_THREAD_DESTRUCTOR_ITERATIONS (4)
      |         ^~~~~~~~~~~~~~~~~~~~~~~~~~~~~~~~~~~
/scratch2/dima/zephyr-chipyard-sw-fresh/tools-manual/zephyr-sdk-1.0.0-beta1/gnu/riscv64-zephyr-elf/riscv64-zephyr-elf/sys-include/sys/syslimits.h:90:9: note: this is the location of the previous definition
   90 | #define _POSIX_THREAD_DESTRUCTOR_ITERATIONS     4
      |         ^~~~~~~~~~~~~~~~~~~~~~~~~~~~~~~~~~~
/scratch2/agustin/zephyr-chipyard-sw/zephyr_ws/zephyr/include/zephyr/posix/posix_limits.h:51:9: warning: "_POSIX_THREAD_KEYS_MAX" redefined
   51 | #define _POSIX_THREAD_KEYS_MAX              (128)
      |         ^~~~~~~~~~~~~~~~~~~~~~
/scratch2/dima/zephyr-chipyard-sw-fresh/tools-manual/zephyr-sdk-1.0.0-beta1/gnu/riscv64-zephyr-elf/riscv64-zephyr-elf/sys-include/sys/syslimits.h:91:9: note: this is the location of the previous definition
   91 | #define _POSIX_THREAD_KEYS_MAX  128
      |         ^~~~~~~~~~~~~~~~~~~~~~
/scratch2/agustin/zephyr-chipyard-sw/zephyr_ws/zephyr/include/zephyr/posix/posix_limits.h:52:9: warning: "_POSIX_THREAD_THREADS_MAX" redefined
   52 | #define _POSIX_THREAD_THREADS_MAX           (64)
      |         ^~~~~~~~~~~~~~~~~~~~~~~~~
/scratch2/dima/zephyr-chipyard-sw-fresh/tools-manual/zephyr-sdk-1.0.0-beta1/gnu/riscv64-zephyr-elf/riscv64-zephyr-elf/sys-include/sys/syslimits.h:92:9: note: this is the location of the previous definition
   92 | #define _POSIX_THREAD_THREADS_MAX       64
      |         ^~~~~~~~~~~~~~~~~~~~~~~~~
/scratch2/agustin/zephyr-chipyard-sw/zephyr_ws/zephyr/include/zephyr/posix/posix_limits.h:53:9: warning: "_POSIX_TIMER_MAX" redefined
   53 | #define _POSIX_TIMER_MAX                    (32)
      |         ^~~~~~~~~~~~~~~~
/scratch2/dima/zephyr-chipyard-sw-fresh/tools-manual/zephyr-sdk-1.0.0-beta1/gnu/riscv64-zephyr-elf/riscv64-zephyr-elf/sys-include/sys/syslimits.h:93:9: note: this is the location of the previous definition
   93 | #define _POSIX_TIMER_MAX        32
      |         ^~~~~~~~~~~~~~~~
/scratch2/agustin/zephyr-chipyard-sw/zephyr_ws/zephyr/include/zephyr/posix/posix_limits.h:54:9: warning: "_POSIX_TRACE_EVENT_NAME_MAX" redefined
   54 | #define _POSIX_TRACE_EVENT_NAME_MAX         (30)
      |         ^~~~~~~~~~~~~~~~~~~~~~~~~~~
/scratch2/dima/zephyr-chipyard-sw-fresh/tools-manual/zephyr-sdk-1.0.0-beta1/gnu/riscv64-zephyr-elf/riscv64-zephyr-elf/sys-include/sys/syslimits.h:94:9: note: this is the location of the previous definition
   94 | #define _POSIX_TRACE_EVENT_NAME_MAX     30
      |         ^~~~~~~~~~~~~~~~~~~~~~~~~~~
/scratch2/agustin/zephyr-chipyard-sw/zephyr_ws/zephyr/include/zephyr/posix/posix_limits.h:55:9: warning: "_POSIX_TRACE_NAME_MAX" redefined
   55 | #define _POSIX_TRACE_NAME_MAX               (8)
      |         ^~~~~~~~~~~~~~~~~~~~~
/scratch2/dima/zephyr-chipyard-sw-fresh/tools-manual/zephyr-sdk-1.0.0-beta1/gnu/riscv64-zephyr-elf/riscv64-zephyr-elf/sys-include/sys/syslimits.h:95:9: note: this is the location of the previous definition
   95 | #define _POSIX_TRACE_NAME_MAX   8
      |         ^~~~~~~~~~~~~~~~~~~~~
/scratch2/agustin/zephyr-chipyard-sw/zephyr_ws/zephyr/include/zephyr/posix/posix_limits.h:56:9: warning: "_POSIX_TRACE_SYS_MAX" redefined
   56 | #define _POSIX_TRACE_SYS_MAX                (8)
      |         ^~~~~~~~~~~~~~~~~~~~
/scratch2/dima/zephyr-chipyard-sw-fresh/tools-manual/zephyr-sdk-1.0.0-beta1/gnu/riscv64-zephyr-elf/riscv64-zephyr-elf/sys-include/sys/syslimits.h:96:9: note: this is the location of the previous definition
   96 | #define _POSIX_TRACE_SYS_MAX    8
      |         ^~~~~~~~~~~~~~~~~~~~
/scratch2/agustin/zephyr-chipyard-sw/zephyr_ws/zephyr/include/zephyr/posix/posix_limits.h:57:9: warning: "_POSIX_TRACE_USER_EVENT_MAX" redefined
   57 | #define _POSIX_TRACE_USER_EVENT_MAX         (32)
      |         ^~~~~~~~~~~~~~~~~~~~~~~~~~~
/scratch2/dima/zephyr-chipyard-sw-fresh/tools-manual/zephyr-sdk-1.0.0-beta1/gnu/riscv64-zephyr-elf/riscv64-zephyr-elf/sys-include/sys/syslimits.h:97:9: note: this is the location of the previous definition
   97 | #define _POSIX_TRACE_USER_EVENT_MAX     32
      |         ^~~~~~~~~~~~~~~~~~~~~~~~~~~
/scratch2/agustin/zephyr-chipyard-sw/zephyr_ws/zephyr/include/zephyr/posix/posix_limits.h:58:9: warning: "_POSIX_TTY_NAME_MAX" redefined
   58 | #define _POSIX_TTY_NAME_MAX                 (9)
      |         ^~~~~~~~~~~~~~~~~~~
/scratch2/dima/zephyr-chipyard-sw-fresh/tools-manual/zephyr-sdk-1.0.0-beta1/gnu/riscv64-zephyr-elf/riscv64-zephyr-elf/sys-include/sys/syslimits.h:98:9: note: this is the location of the previous definition
   98 | #define _POSIX_TTY_NAME_MAX     9
      |         ^~~~~~~~~~~~~~~~~~~
/scratch2/agustin/zephyr-chipyard-sw/zephyr_ws/zephyr/include/zephyr/posix/posix_limits.h:59:9: warning: "_POSIX_TZNAME_MAX" redefined
   59 | #define _POSIX_TZNAME_MAX                   (6)
      |         ^~~~~~~~~~~~~~~~~
/scratch2/dima/zephyr-chipyard-sw-fresh/tools-manual/zephyr-sdk-1.0.0-beta1/gnu/riscv64-zephyr-elf/riscv64-zephyr-elf/sys-include/sys/syslimits.h:99:9: note: this is the location of the previous definition
   99 | #define _POSIX_TZNAME_MAX       3
      |         ^~~~~~~~~~~~~~~~~
/scratch2/agustin/zephyr-chipyard-sw/zephyr_ws/zephyr/include/zephyr/posix/posix_limits.h:60:9: warning: "_POSIX2_BC_BASE_MAX" redefined
   60 | #define _POSIX2_BC_BASE_MAX                 (99)
      |         ^~~~~~~~~~~~~~~~~~~
/scratch2/dima/zephyr-chipyard-sw-fresh/tools-manual/zephyr-sdk-1.0.0-beta1/gnu/riscv64-zephyr-elf/riscv64-zephyr-elf/sys-include/sys/syslimits.h:100:9: note: this is the location of the previous definition
  100 | #define _POSIX2_BC_BASE_MAX     99
      |         ^~~~~~~~~~~~~~~~~~~
/scratch2/agustin/zephyr-chipyard-sw/zephyr_ws/zephyr/include/zephyr/posix/posix_limits.h:61:9: warning: "_POSIX2_BC_DIM_MAX" redefined
   61 | #define _POSIX2_BC_DIM_MAX                  (2048)
      |         ^~~~~~~~~~~~~~~~~~
/scratch2/dima/zephyr-chipyard-sw-fresh/tools-manual/zephyr-sdk-1.0.0-beta1/gnu/riscv64-zephyr-elf/riscv64-zephyr-elf/sys-include/sys/syslimits.h:101:9: note: this is the location of the previous definition
  101 | #define _POSIX2_BC_DIM_MAX      2048
      |         ^~~~~~~~~~~~~~~~~~
/scratch2/agustin/zephyr-chipyard-sw/zephyr_ws/zephyr/include/zephyr/posix/posix_limits.h:62:9: warning: "_POSIX2_BC_SCALE_MAX" redefined
   62 | #define _POSIX2_BC_SCALE_MAX                (99)
      |         ^~~~~~~~~~~~~~~~~~~~
/scratch2/dima/zephyr-chipyard-sw-fresh/tools-manual/zephyr-sdk-1.0.0-beta1/gnu/riscv64-zephyr-elf/riscv64-zephyr-elf/sys-include/sys/syslimits.h:102:9: note: this is the location of the previous definition
  102 | #define _POSIX2_BC_SCALE_MAX    99
      |         ^~~~~~~~~~~~~~~~~~~~
/scratch2/agustin/zephyr-chipyard-sw/zephyr_ws/zephyr/include/zephyr/posix/posix_limits.h:63:9: warning: "_POSIX2_BC_STRING_MAX" redefined
   63 | #define _POSIX2_BC_STRING_MAX               (1000)
      |         ^~~~~~~~~~~~~~~~~~~~~
/scratch2/dima/zephyr-chipyard-sw-fresh/tools-manual/zephyr-sdk-1.0.0-beta1/gnu/riscv64-zephyr-elf/riscv64-zephyr-elf/sys-include/sys/syslimits.h:103:9: note: this is the location of the previous definition
  103 | #define _POSIX2_BC_STRING_MAX   1000
      |         ^~~~~~~~~~~~~~~~~~~~~
/scratch2/agustin/zephyr-chipyard-sw/zephyr_ws/zephyr/include/zephyr/posix/posix_limits.h:64:9: warning: "_POSIX2_CHARCLASS_NAME_MAX" redefined
   64 | #define _POSIX2_CHARCLASS_NAME_MAX          (14)
      |         ^~~~~~~~~~~~~~~~~~~~~~~~~~
/scratch2/dima/zephyr-chipyard-sw-fresh/tools-manual/zephyr-sdk-1.0.0-beta1/gnu/riscv64-zephyr-elf/riscv64-zephyr-elf/sys-include/sys/syslimits.h:104:9: note: this is the location of the previous definition
  104 | #define _POSIX2_CHARCLASS_NAME_MAX      14
      |         ^~~~~~~~~~~~~~~~~~~~~~~~~~
/scratch2/agustin/zephyr-chipyard-sw/zephyr_ws/zephyr/include/zephyr/posix/posix_limits.h:65:9: warning: "_POSIX2_COLL_WEIGHTS_MAX" redefined
   65 | #define _POSIX2_COLL_WEIGHTS_MAX            (2)
      |         ^~~~~~~~~~~~~~~~~~~~~~~~
/scratch2/dima/zephyr-chipyard-sw-fresh/tools-manual/zephyr-sdk-1.0.0-beta1/gnu/riscv64-zephyr-elf/riscv64-zephyr-elf/sys-include/sys/syslimits.h:105:9: note: this is the location of the previous definition
  105 | #define _POSIX2_COLL_WEIGHTS_MAX        2
      |         ^~~~~~~~~~~~~~~~~~~~~~~~
/scratch2/agustin/zephyr-chipyard-sw/zephyr_ws/zephyr/include/zephyr/posix/posix_limits.h:66:9: warning: "_POSIX2_EXPR_NEST_MAX" redefined
   66 | #define _POSIX2_EXPR_NEST_MAX               (32)
      |         ^~~~~~~~~~~~~~~~~~~~~
/scratch2/dima/zephyr-chipyard-sw-fresh/tools-manual/zephyr-sdk-1.0.0-beta1/gnu/riscv64-zephyr-elf/riscv64-zephyr-elf/sys-include/sys/syslimits.h:106:9: note: this is the location of the previous definition
  106 | #define _POSIX2_EXPR_NEST_MAX   32
      |         ^~~~~~~~~~~~~~~~~~~~~
/scratch2/agustin/zephyr-chipyard-sw/zephyr_ws/zephyr/include/zephyr/posix/posix_limits.h:67:9: warning: "_POSIX2_LINE_MAX" redefined
   67 | #define _POSIX2_LINE_MAX                    (2048)
      |         ^~~~~~~~~~~~~~~~
/scratch2/dima/zephyr-chipyard-sw-fresh/tools-manual/zephyr-sdk-1.0.0-beta1/gnu/riscv64-zephyr-elf/riscv64-zephyr-elf/sys-include/sys/syslimits.h:107:9: note: this is the location of the previous definition
  107 | #define _POSIX2_LINE_MAX        2048
      |         ^~~~~~~~~~~~~~~~
/scratch2/agustin/zephyr-chipyard-sw/zephyr_ws/zephyr/include/zephyr/posix/posix_limits.h:83:9: warning: "ARG_MAX" redefined
   83 | #define ARG_MAX                       _POSIX_ARG_MAX
      |         ^~~~~~~
/scratch2/dima/zephyr-chipyard-sw-fresh/tools-manual/zephyr-sdk-1.0.0-beta1/gnu/riscv64-zephyr-elf/riscv64-zephyr-elf/sys-include/sys/syslimits.h:41:9: note: this is the location of the previous definition
   41 | #define ARG_MAX                 65536   /* max bytes for an exec function */
      |         ^~~~~~~
/scratch2/agustin/zephyr-chipyard-sw/zephyr_ws/zephyr/include/zephyr/posix/posix_limits.h:84:9: warning: "ATEXIT_MAX" redefined
   84 | #define ATEXIT_MAX                    (32)
      |         ^~~~~~~~~~
/scratch2/dima/zephyr-chipyard-sw-fresh/tools-manual/zephyr-sdk-1.0.0-beta1/gnu/riscv64-zephyr-elf/riscv64-zephyr-elf/sys-include/sys/syslimits.h:42:9: note: this is the location of the previous definition
   42 | #define ATEXIT_MAX                 32   /* max atexit functions */
      |         ^~~~~~~~~~
/scratch2/agustin/zephyr-chipyard-sw/zephyr_ws/zephyr/include/zephyr/posix/posix_limits.h:93:9: warning: "OPEN_MAX" redefined
   93 | #define OPEN_MAX                      CONFIG_POSIX_OPEN_MAX
      |         ^~~~~~~~
/scratch2/dima/zephyr-chipyard-sw-fresh/tools-manual/zephyr-sdk-1.0.0-beta1/gnu/riscv64-zephyr-elf/riscv64-zephyr-elf/sys-include/sys/syslimits.h:45:9: note: this is the location of the previous definition
   45 | #define OPEN_MAX                   64   /* max open files per process */
      |         ^~~~~~~~
/scratch2/agustin/zephyr-chipyard-sw/zephyr_ws/zephyr/include/zephyr/posix/posix_limits.h:96:9: warning: "PATH_MAX" redefined
   96 | #define PATH_MAX                      _POSIX_PATH_MAX
      |         ^~~~~~~~
/scratch2/dima/zephyr-chipyard-sw-fresh/tools-manual/zephyr-sdk-1.0.0-beta1/gnu/riscv64-zephyr-elf/riscv64-zephyr-elf/sys-include/sys/syslimits.h:53:9: note: this is the location of the previous definition
   53 | #define PATH_MAX                 1024   /* max bytes in pathname */
      |         ^~~~~~~~
/scratch2/agustin/zephyr-chipyard-sw/zephyr_ws/zephyr/include/zephyr/posix/posix_limits.h:114:9: warning: "TZNAME_MAX" redefined
  114 | #define TZNAME_MAX                    _POSIX_TZNAME_MAX
      |         ^~~~~~~~~~
/scratch2/dima/zephyr-chipyard-sw-fresh/tools-manual/zephyr-sdk-1.0.0-beta1/gnu/riscv64-zephyr-elf/riscv64-zephyr-elf/sys-include/sys/syslimits.h:46:9: note: this is the location of the previous definition
   46 | #define TZNAME_MAX                 10   /* max time zone name length */
      |         ^~~~~~~~~~
[141/202] Building C object zephyr/lib/posix/options/CMakeFiles/lib__posix__options.dir/key.c.obj
In file included from /scratch2/agustin/zephyr-chipyard-sw/zephyr_ws/zephyr/include/zephyr/posix/sys/sysconf.h:11,
                 from /scratch2/agustin/zephyr-chipyard-sw/zephyr_ws/zephyr/include/zephyr/posix/unistd.h:18,
                 from /scratch2/agustin/zephyr-chipyard-sw/zephyr_ws/zephyr/include/zephyr/posix/pthread.h:15,
                 from /scratch2/agustin/zephyr-chipyard-sw/zephyr_ws/zephyr/lib/posix/options/posix_internal.h:15,
                 from /scratch2/agustin/zephyr-chipyard-sw/zephyr_ws/zephyr/lib/posix/options/key.c:7:
/scratch2/agustin/zephyr-chipyard-sw/zephyr_ws/zephyr/include/zephyr/posix/posix_limits.h:23:9: warning: "_POSIX_AIO_LISTIO_MAX" redefined
   23 | #define _POSIX_AIO_LISTIO_MAX               (2)
      |         ^~~~~~~~~~~~~~~~~~~~~
In file included from /scratch2/dima/zephyr-chipyard-sw-fresh/tools-manual/zephyr-sdk-1.0.0-beta1/gnu/riscv64-zephyr-elf/riscv64-zephyr-elf/sys-include/limits.h:6,
                 from /scratch2/dima/zephyr-chipyard-sw-fresh/tools-manual/zephyr-sdk-1.0.0-beta1/gnu/riscv64-zephyr-elf/lib/gcc/riscv64-zephyr-elf/14.3.0/include/limits.h:210,
                 from /scratch2/dima/zephyr-chipyard-sw-fresh/tools-manual/zephyr-sdk-1.0.0-beta1/gnu/riscv64-zephyr-elf/lib/gcc/riscv64-zephyr-elf/14.3.0/include/syslimits.h:7,
                 from /scratch2/dima/zephyr-chipyard-sw-fresh/tools-manual/zephyr-sdk-1.0.0-beta1/gnu/riscv64-zephyr-elf/lib/gcc/riscv64-zephyr-elf/14.3.0/include/limits.h:34,
                 from /scratch2/agustin/zephyr-chipyard-sw/zephyr_ws/zephyr/include/zephyr/kernel_includes.h:22,
                 from /scratch2/agustin/zephyr-chipyard-sw/zephyr_ws/zephyr/include/zephyr/kernel.h:17,
                 from /scratch2/agustin/zephyr-chipyard-sw/zephyr_ws/zephyr/lib/posix/options/posix_internal.h:14:
/scratch2/dima/zephyr-chipyard-sw-fresh/tools-manual/zephyr-sdk-1.0.0-beta1/gnu/riscv64-zephyr-elf/riscv64-zephyr-elf/sys-include/sys/syslimits.h:63:9: note: this is the location of the previous definition
   63 | #define _POSIX_AIO_LISTIO_MAX   2
      |         ^~~~~~~~~~~~~~~~~~~~~
/scratch2/agustin/zephyr-chipyard-sw/zephyr_ws/zephyr/include/zephyr/posix/posix_limits.h:24:9: warning: "_POSIX_AIO_MAX" redefined
   24 | #define _POSIX_AIO_MAX                      (1)
      |         ^~~~~~~~~~~~~~
/scratch2/dima/zephyr-chipyard-sw-fresh/tools-manual/zephyr-sdk-1.0.0-beta1/gnu/riscv64-zephyr-elf/riscv64-zephyr-elf/sys-include/sys/syslimits.h:64:9: note: this is the location of the previous definition
   64 | #define _POSIX_AIO_MAX          1
      |         ^~~~~~~~~~~~~~
/scratch2/agustin/zephyr-chipyard-sw/zephyr_ws/zephyr/include/zephyr/posix/posix_limits.h:25:9: warning: "_POSIX_ARG_MAX" redefined
   25 | #define _POSIX_ARG_MAX                      (4096)
      |         ^~~~~~~~~~~~~~
/scratch2/dima/zephyr-chipyard-sw-fresh/tools-manual/zephyr-sdk-1.0.0-beta1/gnu/riscv64-zephyr-elf/riscv64-zephyr-elf/sys-include/sys/syslimits.h:65:9: note: this is the location of the previous definition
   65 | #define _POSIX_ARG_MAX          4096
      |         ^~~~~~~~~~~~~~
/scratch2/agustin/zephyr-chipyard-sw/zephyr_ws/zephyr/include/zephyr/posix/posix_limits.h:26:9: warning: "_POSIX_CHILD_MAX" redefined
   26 | #define _POSIX_CHILD_MAX                    (25)
      |         ^~~~~~~~~~~~~~~~
/scratch2/dima/zephyr-chipyard-sw-fresh/tools-manual/zephyr-sdk-1.0.0-beta1/gnu/riscv64-zephyr-elf/riscv64-zephyr-elf/sys-include/sys/syslimits.h:66:9: note: this is the location of the previous definition
   66 | #define _POSIX_CHILD_MAX        6
      |         ^~~~~~~~~~~~~~~~
/scratch2/agustin/zephyr-chipyard-sw/zephyr_ws/zephyr/include/zephyr/posix/posix_limits.h:27:9: warning: "_POSIX_DELAYTIMER_MAX" redefined
   27 | #define _POSIX_DELAYTIMER_MAX               (32)
      |         ^~~~~~~~~~~~~~~~~~~~~
/scratch2/dima/zephyr-chipyard-sw-fresh/tools-manual/zephyr-sdk-1.0.0-beta1/gnu/riscv64-zephyr-elf/riscv64-zephyr-elf/sys-include/sys/syslimits.h:67:9: note: this is the location of the previous definition
   67 | #define _POSIX_DELAYTIMER_MAX   32
      |         ^~~~~~~~~~~~~~~~~~~~~
/scratch2/agustin/zephyr-chipyard-sw/zephyr_ws/zephyr/include/zephyr/posix/posix_limits.h:28:9: warning: "_POSIX_HOST_NAME_MAX" redefined
   28 | #define _POSIX_HOST_NAME_MAX                (255)
      |         ^~~~~~~~~~~~~~~~~~~~
/scratch2/dima/zephyr-chipyard-sw-fresh/tools-manual/zephyr-sdk-1.0.0-beta1/gnu/riscv64-zephyr-elf/riscv64-zephyr-elf/sys-include/sys/syslimits.h:68:9: note: this is the location of the previous definition
   68 | #define _POSIX_HOST_NAME_MAX    255
      |         ^~~~~~~~~~~~~~~~~~~~
/scratch2/agustin/zephyr-chipyard-sw/zephyr_ws/zephyr/include/zephyr/posix/posix_limits.h:29:9: warning: "_POSIX_LINK_MAX" redefined
   29 | #define _POSIX_LINK_MAX                     (8)
      |         ^~~~~~~~~~~~~~~
/scratch2/dima/zephyr-chipyard-sw-fresh/tools-manual/zephyr-sdk-1.0.0-beta1/gnu/riscv64-zephyr-elf/riscv64-zephyr-elf/sys-include/sys/syslimits.h:69:9: note: this is the location of the previous definition
   69 | #define _POSIX_LINK_MAX         8
      |         ^~~~~~~~~~~~~~~
/scratch2/agustin/zephyr-chipyard-sw/zephyr_ws/zephyr/include/zephyr/posix/posix_limits.h:30:9: warning: "_POSIX_LOGIN_NAME_MAX" redefined
   30 | #define _POSIX_LOGIN_NAME_MAX               (9)
      |         ^~~~~~~~~~~~~~~~~~~~~
/scratch2/dima/zephyr-chipyard-sw-fresh/tools-manual/zephyr-sdk-1.0.0-beta1/gnu/riscv64-zephyr-elf/riscv64-zephyr-elf/sys-include/sys/syslimits.h:70:9: note: this is the location of the previous definition
   70 | #define _POSIX_LOGIN_NAME_MAX   9
      |         ^~~~~~~~~~~~~~~~~~~~~
/scratch2/agustin/zephyr-chipyard-sw/zephyr_ws/zephyr/include/zephyr/posix/posix_limits.h:31:9: warning: "_POSIX_MAX_CANON" redefined
   31 | #define _POSIX_MAX_CANON                    (255)
      |         ^~~~~~~~~~~~~~~~
/scratch2/dima/zephyr-chipyard-sw-fresh/tools-manual/zephyr-sdk-1.0.0-beta1/gnu/riscv64-zephyr-elf/riscv64-zephyr-elf/sys-include/sys/syslimits.h:71:9: note: this is the location of the previous definition
   71 | #define _POSIX_MAX_CANON        255
      |         ^~~~~~~~~~~~~~~~
/scratch2/agustin/zephyr-chipyard-sw/zephyr_ws/zephyr/include/zephyr/posix/posix_limits.h:32:9: warning: "_POSIX_MAX_INPUT" redefined
   32 | #define _POSIX_MAX_INPUT                    (255)
      |         ^~~~~~~~~~~~~~~~
/scratch2/dima/zephyr-chipyard-sw-fresh/tools-manual/zephyr-sdk-1.0.0-beta1/gnu/riscv64-zephyr-elf/riscv64-zephyr-elf/sys-include/sys/syslimits.h:72:9: note: this is the location of the previous definition
   72 | #define _POSIX_MAX_INPUT        255
      |         ^~~~~~~~~~~~~~~~
/scratch2/agustin/zephyr-chipyard-sw/zephyr_ws/zephyr/include/zephyr/posix/posix_limits.h:33:9: warning: "_POSIX_MQ_OPEN_MAX" redefined
   33 | #define _POSIX_MQ_OPEN_MAX                  (8)
      |         ^~~~~~~~~~~~~~~~~~
/scratch2/dima/zephyr-chipyard-sw-fresh/tools-manual/zephyr-sdk-1.0.0-beta1/gnu/riscv64-zephyr-elf/riscv64-zephyr-elf/sys-include/sys/syslimits.h:73:9: note: this is the location of the previous definition
   73 | #define _POSIX_MQ_OPEN_MAX      8
      |         ^~~~~~~~~~~~~~~~~~
/scratch2/agustin/zephyr-chipyard-sw/zephyr_ws/zephyr/include/zephyr/posix/posix_limits.h:34:9: warning: "_POSIX_MQ_PRIO_MAX" redefined
   34 | #define _POSIX_MQ_PRIO_MAX                  (32)
      |         ^~~~~~~~~~~~~~~~~~
/scratch2/dima/zephyr-chipyard-sw-fresh/tools-manual/zephyr-sdk-1.0.0-beta1/gnu/riscv64-zephyr-elf/riscv64-zephyr-elf/sys-include/sys/syslimits.h:74:9: note: this is the location of the previous definition
   74 | #define _POSIX_MQ_PRIO_MAX      32
      |         ^~~~~~~~~~~~~~~~~~
/scratch2/agustin/zephyr-chipyard-sw/zephyr_ws/zephyr/include/zephyr/posix/posix_limits.h:35:9: warning: "_POSIX_NAME_MAX" redefined
   35 | #define _POSIX_NAME_MAX                     (14)
      |         ^~~~~~~~~~~~~~~
/scratch2/dima/zephyr-chipyard-sw-fresh/tools-manual/zephyr-sdk-1.0.0-beta1/gnu/riscv64-zephyr-elf/riscv64-zephyr-elf/sys-include/sys/syslimits.h:75:9: note: this is the location of the previous definition
   75 | #define _POSIX_NAME_MAX         14
      |         ^~~~~~~~~~~~~~~
/scratch2/agustin/zephyr-chipyard-sw/zephyr_ws/zephyr/include/zephyr/posix/posix_limits.h:36:9: warning: "_POSIX_NGROUPS_MAX" redefined
   36 | #define _POSIX_NGROUPS_MAX                  (8)
      |         ^~~~~~~~~~~~~~~~~~
/scratch2/dima/zephyr-chipyard-sw-fresh/tools-manual/zephyr-sdk-1.0.0-beta1/gnu/riscv64-zephyr-elf/riscv64-zephyr-elf/sys-include/sys/syslimits.h:76:9: note: this is the location of the previous definition
   76 | #define _POSIX_NGROUPS_MAX      0
      |         ^~~~~~~~~~~~~~~~~~
/scratch2/agustin/zephyr-chipyard-sw/zephyr_ws/zephyr/include/zephyr/posix/posix_limits.h:37:9: warning: "_POSIX_OPEN_MAX" redefined
   37 | #define _POSIX_OPEN_MAX                     (20)
      |         ^~~~~~~~~~~~~~~
/scratch2/dima/zephyr-chipyard-sw-fresh/tools-manual/zephyr-sdk-1.0.0-beta1/gnu/riscv64-zephyr-elf/riscv64-zephyr-elf/sys-include/sys/syslimits.h:77:9: note: this is the location of the previous definition
   77 | #define _POSIX_OPEN_MAX         16
      |         ^~~~~~~~~~~~~~~
/scratch2/agustin/zephyr-chipyard-sw/zephyr_ws/zephyr/include/zephyr/posix/posix_limits.h:38:9: warning: "_POSIX_PATH_MAX" redefined
   38 | #define _POSIX_PATH_MAX                     (256)
      |         ^~~~~~~~~~~~~~~
/scratch2/dima/zephyr-chipyard-sw-fresh/tools-manual/zephyr-sdk-1.0.0-beta1/gnu/riscv64-zephyr-elf/riscv64-zephyr-elf/sys-include/sys/syslimits.h:78:9: note: this is the location of the previous definition
   78 | #define _POSIX_PATH_MAX         255
      |         ^~~~~~~~~~~~~~~
/scratch2/agustin/zephyr-chipyard-sw/zephyr_ws/zephyr/include/zephyr/posix/posix_limits.h:39:9: warning: "_POSIX_PIPE_BUF" redefined
   39 | #define _POSIX_PIPE_BUF                     (512)
      |         ^~~~~~~~~~~~~~~
/scratch2/dima/zephyr-chipyard-sw-fresh/tools-manual/zephyr-sdk-1.0.0-beta1/gnu/riscv64-zephyr-elf/riscv64-zephyr-elf/sys-include/sys/syslimits.h:79:9: note: this is the location of the previous definition
   79 | #define _POSIX_PIPE_BUF         512
      |         ^~~~~~~~~~~~~~~
/scratch2/agustin/zephyr-chipyard-sw/zephyr_ws/zephyr/include/zephyr/posix/posix_limits.h:40:9: warning: "_POSIX_RE_DUP_MAX" redefined
   40 | #define _POSIX_RE_DUP_MAX                   (255)
      |         ^~~~~~~~~~~~~~~~~
/scratch2/dima/zephyr-chipyard-sw-fresh/tools-manual/zephyr-sdk-1.0.0-beta1/gnu/riscv64-zephyr-elf/riscv64-zephyr-elf/sys-include/sys/syslimits.h:80:9: note: this is the location of the previous definition
   80 | #define _POSIX_RE_DUP_MAX       255
      |         ^~~~~~~~~~~~~~~~~
/scratch2/agustin/zephyr-chipyard-sw/zephyr_ws/zephyr/include/zephyr/posix/posix_limits.h:41:9: warning: "_POSIX_RTSIG_MAX" redefined
   41 | #define _POSIX_RTSIG_MAX                    (8)
      |         ^~~~~~~~~~~~~~~~
/scratch2/dima/zephyr-chipyard-sw-fresh/tools-manual/zephyr-sdk-1.0.0-beta1/gnu/riscv64-zephyr-elf/riscv64-zephyr-elf/sys-include/sys/syslimits.h:81:9: note: this is the location of the previous definition
   81 | #define _POSIX_RTSIG_MAX        8
      |         ^~~~~~~~~~~~~~~~
/scratch2/agustin/zephyr-chipyard-sw/zephyr_ws/zephyr/include/zephyr/posix/posix_limits.h:42:9: warning: "_POSIX_SEM_NSEMS_MAX" redefined
   42 | #define _POSIX_SEM_NSEMS_MAX                (256)
      |         ^~~~~~~~~~~~~~~~~~~~
/scratch2/dima/zephyr-chipyard-sw-fresh/tools-manual/zephyr-sdk-1.0.0-beta1/gnu/riscv64-zephyr-elf/riscv64-zephyr-elf/sys-include/sys/syslimits.h:82:9: note: this is the location of the previous definition
   82 | #define _POSIX_SEM_NSEMS_MAX    256
      |         ^~~~~~~~~~~~~~~~~~~~
/scratch2/agustin/zephyr-chipyard-sw/zephyr_ws/zephyr/include/zephyr/posix/posix_limits.h:43:9: warning: "_POSIX_SEM_VALUE_MAX" redefined
   43 | #define _POSIX_SEM_VALUE_MAX                (32767)
      |         ^~~~~~~~~~~~~~~~~~~~
/scratch2/dima/zephyr-chipyard-sw-fresh/tools-manual/zephyr-sdk-1.0.0-beta1/gnu/riscv64-zephyr-elf/riscv64-zephyr-elf/sys-include/sys/syslimits.h:83:9: note: this is the location of the previous definition
   83 | #define _POSIX_SEM_VALUE_MAX    32767
      |         ^~~~~~~~~~~~~~~~~~~~
/scratch2/agustin/zephyr-chipyard-sw/zephyr_ws/zephyr/include/zephyr/posix/posix_limits.h:44:9: warning: "_POSIX_SIGQUEUE_MAX" redefined
   44 | #define _POSIX_SIGQUEUE_MAX                 (32)
      |         ^~~~~~~~~~~~~~~~~~~
/scratch2/dima/zephyr-chipyard-sw-fresh/tools-manual/zephyr-sdk-1.0.0-beta1/gnu/riscv64-zephyr-elf/riscv64-zephyr-elf/sys-include/sys/syslimits.h:84:9: note: this is the location of the previous definition
   84 | #define _POSIX_SIGQUEUE_MAX     32
      |         ^~~~~~~~~~~~~~~~~~~
/scratch2/agustin/zephyr-chipyard-sw/zephyr_ws/zephyr/include/zephyr/posix/posix_limits.h:45:9: warning: "_POSIX_SSIZE_MAX" redefined
   45 | #define _POSIX_SSIZE_MAX                    (32767)
      |         ^~~~~~~~~~~~~~~~
/scratch2/dima/zephyr-chipyard-sw-fresh/tools-manual/zephyr-sdk-1.0.0-beta1/gnu/riscv64-zephyr-elf/riscv64-zephyr-elf/sys-include/sys/syslimits.h:85:9: note: this is the location of the previous definition
   85 | #define _POSIX_SSIZE_MAX        32767
      |         ^~~~~~~~~~~~~~~~
/scratch2/agustin/zephyr-chipyard-sw/zephyr_ws/zephyr/include/zephyr/posix/posix_limits.h:46:9: warning: "_POSIX_SS_REPL_MAX" redefined
   46 | #define _POSIX_SS_REPL_MAX                  (4)
      |         ^~~~~~~~~~~~~~~~~~
/scratch2/dima/zephyr-chipyard-sw-fresh/tools-manual/zephyr-sdk-1.0.0-beta1/gnu/riscv64-zephyr-elf/riscv64-zephyr-elf/sys-include/sys/syslimits.h:86:9: note: this is the location of the previous definition
   86 | #define _POSIX_SS_REPL_MAX      4
      |         ^~~~~~~~~~~~~~~~~~
/scratch2/agustin/zephyr-chipyard-sw/zephyr_ws/zephyr/include/zephyr/posix/posix_limits.h:47:9: warning: "_POSIX_STREAM_MAX" redefined
   47 | #define _POSIX_STREAM_MAX                   (8)
      |         ^~~~~~~~~~~~~~~~~
/scratch2/dima/zephyr-chipyard-sw-fresh/tools-manual/zephyr-sdk-1.0.0-beta1/gnu/riscv64-zephyr-elf/riscv64-zephyr-elf/sys-include/sys/syslimits.h:87:9: note: this is the location of the previous definition
   87 | #define _POSIX_STREAM_MAX       8
      |         ^~~~~~~~~~~~~~~~~
/scratch2/agustin/zephyr-chipyard-sw/zephyr_ws/zephyr/include/zephyr/posix/posix_limits.h:48:9: warning: "_POSIX_SYMLINK_MAX" redefined
   48 | #define _POSIX_SYMLINK_MAX                  (255)
      |         ^~~~~~~~~~~~~~~~~~
/scratch2/dima/zephyr-chipyard-sw-fresh/tools-manual/zephyr-sdk-1.0.0-beta1/gnu/riscv64-zephyr-elf/riscv64-zephyr-elf/sys-include/sys/syslimits.h:88:9: note: this is the location of the previous definition
   88 | #define _POSIX_SYMLINK_MAX      255
      |         ^~~~~~~~~~~~~~~~~~
/scratch2/agustin/zephyr-chipyard-sw/zephyr_ws/zephyr/include/zephyr/posix/posix_limits.h:49:9: warning: "_POSIX_SYMLOOP_MAX" redefined
   49 | #define _POSIX_SYMLOOP_MAX                  (8)
      |         ^~~~~~~~~~~~~~~~~~
/scratch2/dima/zephyr-chipyard-sw-fresh/tools-manual/zephyr-sdk-1.0.0-beta1/gnu/riscv64-zephyr-elf/riscv64-zephyr-elf/sys-include/sys/syslimits.h:89:9: note: this is the location of the previous definition
   89 | #define _POSIX_SYMLOOP_MAX      8
      |         ^~~~~~~~~~~~~~~~~~
/scratch2/agustin/zephyr-chipyard-sw/zephyr_ws/zephyr/include/zephyr/posix/posix_limits.h:50:9: warning: "_POSIX_THREAD_DESTRUCTOR_ITERATIONS" redefined
   50 | #define _POSIX_THREAD_DESTRUCTOR_ITERATIONS (4)
      |         ^~~~~~~~~~~~~~~~~~~~~~~~~~~~~~~~~~~
/scratch2/dima/zephyr-chipyard-sw-fresh/tools-manual/zephyr-sdk-1.0.0-beta1/gnu/riscv64-zephyr-elf/riscv64-zephyr-elf/sys-include/sys/syslimits.h:90:9: note: this is the location of the previous definition
   90 | #define _POSIX_THREAD_DESTRUCTOR_ITERATIONS     4
      |         ^~~~~~~~~~~~~~~~~~~~~~~~~~~~~~~~~~~
/scratch2/agustin/zephyr-chipyard-sw/zephyr_ws/zephyr/include/zephyr/posix/posix_limits.h:51:9: warning: "_POSIX_THREAD_KEYS_MAX" redefined
   51 | #define _POSIX_THREAD_KEYS_MAX              (128)
      |         ^~~~~~~~~~~~~~~~~~~~~~
/scratch2/dima/zephyr-chipyard-sw-fresh/tools-manual/zephyr-sdk-1.0.0-beta1/gnu/riscv64-zephyr-elf/riscv64-zephyr-elf/sys-include/sys/syslimits.h:91:9: note: this is the location of the previous definition
   91 | #define _POSIX_THREAD_KEYS_MAX  128
      |         ^~~~~~~~~~~~~~~~~~~~~~
/scratch2/agustin/zephyr-chipyard-sw/zephyr_ws/zephyr/include/zephyr/posix/posix_limits.h:52:9: warning: "_POSIX_THREAD_THREADS_MAX" redefined
   52 | #define _POSIX_THREAD_THREADS_MAX           (64)
      |         ^~~~~~~~~~~~~~~~~~~~~~~~~
/scratch2/dima/zephyr-chipyard-sw-fresh/tools-manual/zephyr-sdk-1.0.0-beta1/gnu/riscv64-zephyr-elf/riscv64-zephyr-elf/sys-include/sys/syslimits.h:92:9: note: this is the location of the previous definition
   92 | #define _POSIX_THREAD_THREADS_MAX       64
      |         ^~~~~~~~~~~~~~~~~~~~~~~~~
/scratch2/agustin/zephyr-chipyard-sw/zephyr_ws/zephyr/include/zephyr/posix/posix_limits.h:53:9: warning: "_POSIX_TIMER_MAX" redefined
   53 | #define _POSIX_TIMER_MAX                    (32)
      |         ^~~~~~~~~~~~~~~~
/scratch2/dima/zephyr-chipyard-sw-fresh/tools-manual/zephyr-sdk-1.0.0-beta1/gnu/riscv64-zephyr-elf/riscv64-zephyr-elf/sys-include/sys/syslimits.h:93:9: note: this is the location of the previous definition
   93 | #define _POSIX_TIMER_MAX        32
      |         ^~~~~~~~~~~~~~~~
/scratch2/agustin/zephyr-chipyard-sw/zephyr_ws/zephyr/include/zephyr/posix/posix_limits.h:54:9: warning: "_POSIX_TRACE_EVENT_NAME_MAX" redefined
   54 | #define _POSIX_TRACE_EVENT_NAME_MAX         (30)
      |         ^~~~~~~~~~~~~~~~~~~~~~~~~~~
/scratch2/dima/zephyr-chipyard-sw-fresh/tools-manual/zephyr-sdk-1.0.0-beta1/gnu/riscv64-zephyr-elf/riscv64-zephyr-elf/sys-include/sys/syslimits.h:94:9: note: this is the location of the previous definition
   94 | #define _POSIX_TRACE_EVENT_NAME_MAX     30
      |         ^~~~~~~~~~~~~~~~~~~~~~~~~~~
/scratch2/agustin/zephyr-chipyard-sw/zephyr_ws/zephyr/include/zephyr/posix/posix_limits.h:55:9: warning: "_POSIX_TRACE_NAME_MAX" redefined
   55 | #define _POSIX_TRACE_NAME_MAX               (8)
      |         ^~~~~~~~~~~~~~~~~~~~~
/scratch2/dima/zephyr-chipyard-sw-fresh/tools-manual/zephyr-sdk-1.0.0-beta1/gnu/riscv64-zephyr-elf/riscv64-zephyr-elf/sys-include/sys/syslimits.h:95:9: note: this is the location of the previous definition
   95 | #define _POSIX_TRACE_NAME_MAX   8
      |         ^~~~~~~~~~~~~~~~~~~~~
/scratch2/agustin/zephyr-chipyard-sw/zephyr_ws/zephyr/include/zephyr/posix/posix_limits.h:56:9: warning: "_POSIX_TRACE_SYS_MAX" redefined
   56 | #define _POSIX_TRACE_SYS_MAX                (8)
      |         ^~~~~~~~~~~~~~~~~~~~
/scratch2/dima/zephyr-chipyard-sw-fresh/tools-manual/zephyr-sdk-1.0.0-beta1/gnu/riscv64-zephyr-elf/riscv64-zephyr-elf/sys-include/sys/syslimits.h:96:9: note: this is the location of the previous definition
   96 | #define _POSIX_TRACE_SYS_MAX    8
      |         ^~~~~~~~~~~~~~~~~~~~
/scratch2/agustin/zephyr-chipyard-sw/zephyr_ws/zephyr/include/zephyr/posix/posix_limits.h:57:9: warning: "_POSIX_TRACE_USER_EVENT_MAX" redefined
   57 | #define _POSIX_TRACE_USER_EVENT_MAX         (32)
      |         ^~~~~~~~~~~~~~~~~~~~~~~~~~~
/scratch2/dima/zephyr-chipyard-sw-fresh/tools-manual/zephyr-sdk-1.0.0-beta1/gnu/riscv64-zephyr-elf/riscv64-zephyr-elf/sys-include/sys/syslimits.h:97:9: note: this is the location of the previous definition
   97 | #define _POSIX_TRACE_USER_EVENT_MAX     32
      |         ^~~~~~~~~~~~~~~~~~~~~~~~~~~
/scratch2/agustin/zephyr-chipyard-sw/zephyr_ws/zephyr/include/zephyr/posix/posix_limits.h:58:9: warning: "_POSIX_TTY_NAME_MAX" redefined
   58 | #define _POSIX_TTY_NAME_MAX                 (9)
      |         ^~~~~~~~~~~~~~~~~~~
/scratch2/dima/zephyr-chipyard-sw-fresh/tools-manual/zephyr-sdk-1.0.0-beta1/gnu/riscv64-zephyr-elf/riscv64-zephyr-elf/sys-include/sys/syslimits.h:98:9: note: this is the location of the previous definition
   98 | #define _POSIX_TTY_NAME_MAX     9
      |         ^~~~~~~~~~~~~~~~~~~
/scratch2/agustin/zephyr-chipyard-sw/zephyr_ws/zephyr/include/zephyr/posix/posix_limits.h:59:9: warning: "_POSIX_TZNAME_MAX" redefined
   59 | #define _POSIX_TZNAME_MAX                   (6)
      |         ^~~~~~~~~~~~~~~~~
/scratch2/dima/zephyr-chipyard-sw-fresh/tools-manual/zephyr-sdk-1.0.0-beta1/gnu/riscv64-zephyr-elf/riscv64-zephyr-elf/sys-include/sys/syslimits.h:99:9: note: this is the location of the previous definition
   99 | #define _POSIX_TZNAME_MAX       3
      |         ^~~~~~~~~~~~~~~~~
/scratch2/agustin/zephyr-chipyard-sw/zephyr_ws/zephyr/include/zephyr/posix/posix_limits.h:60:9: warning: "_POSIX2_BC_BASE_MAX" redefined
   60 | #define _POSIX2_BC_BASE_MAX                 (99)
      |         ^~~~~~~~~~~~~~~~~~~
/scratch2/dima/zephyr-chipyard-sw-fresh/tools-manual/zephyr-sdk-1.0.0-beta1/gnu/riscv64-zephyr-elf/riscv64-zephyr-elf/sys-include/sys/syslimits.h:100:9: note: this is the location of the previous definition
  100 | #define _POSIX2_BC_BASE_MAX     99
      |         ^~~~~~~~~~~~~~~~~~~
/scratch2/agustin/zephyr-chipyard-sw/zephyr_ws/zephyr/include/zephyr/posix/posix_limits.h:61:9: warning: "_POSIX2_BC_DIM_MAX" redefined
   61 | #define _POSIX2_BC_DIM_MAX                  (2048)
      |         ^~~~~~~~~~~~~~~~~~
/scratch2/dima/zephyr-chipyard-sw-fresh/tools-manual/zephyr-sdk-1.0.0-beta1/gnu/riscv64-zephyr-elf/riscv64-zephyr-elf/sys-include/sys/syslimits.h:101:9: note: this is the location of the previous definition
  101 | #define _POSIX2_BC_DIM_MAX      2048
      |         ^~~~~~~~~~~~~~~~~~
/scratch2/agustin/zephyr-chipyard-sw/zephyr_ws/zephyr/include/zephyr/posix/posix_limits.h:62:9: warning: "_POSIX2_BC_SCALE_MAX" redefined
   62 | #define _POSIX2_BC_SCALE_MAX                (99)
      |         ^~~~~~~~~~~~~~~~~~~~
/scratch2/dima/zephyr-chipyard-sw-fresh/tools-manual/zephyr-sdk-1.0.0-beta1/gnu/riscv64-zephyr-elf/riscv64-zephyr-elf/sys-include/sys/syslimits.h:102:9: note: this is the location of the previous definition
  102 | #define _POSIX2_BC_SCALE_MAX    99
      |         ^~~~~~~~~~~~~~~~~~~~
/scratch2/agustin/zephyr-chipyard-sw/zephyr_ws/zephyr/include/zephyr/posix/posix_limits.h:63:9: warning: "_POSIX2_BC_STRING_MAX" redefined
   63 | #define _POSIX2_BC_STRING_MAX               (1000)
      |         ^~~~~~~~~~~~~~~~~~~~~
/scratch2/dima/zephyr-chipyard-sw-fresh/tools-manual/zephyr-sdk-1.0.0-beta1/gnu/riscv64-zephyr-elf/riscv64-zephyr-elf/sys-include/sys/syslimits.h:103:9: note: this is the location of the previous definition
  103 | #define _POSIX2_BC_STRING_MAX   1000
      |         ^~~~~~~~~~~~~~~~~~~~~
/scratch2/agustin/zephyr-chipyard-sw/zephyr_ws/zephyr/include/zephyr/posix/posix_limits.h:64:9: warning: "_POSIX2_CHARCLASS_NAME_MAX" redefined
   64 | #define _POSIX2_CHARCLASS_NAME_MAX          (14)
      |         ^~~~~~~~~~~~~~~~~~~~~~~~~~
/scratch2/dima/zephyr-chipyard-sw-fresh/tools-manual/zephyr-sdk-1.0.0-beta1/gnu/riscv64-zephyr-elf/riscv64-zephyr-elf/sys-include/sys/syslimits.h:104:9: note: this is the location of the previous definition
  104 | #define _POSIX2_CHARCLASS_NAME_MAX      14
      |         ^~~~~~~~~~~~~~~~~~~~~~~~~~
/scratch2/agustin/zephyr-chipyard-sw/zephyr_ws/zephyr/include/zephyr/posix/posix_limits.h:65:9: warning: "_POSIX2_COLL_WEIGHTS_MAX" redefined
   65 | #define _POSIX2_COLL_WEIGHTS_MAX            (2)
      |         ^~~~~~~~~~~~~~~~~~~~~~~~
/scratch2/dima/zephyr-chipyard-sw-fresh/tools-manual/zephyr-sdk-1.0.0-beta1/gnu/riscv64-zephyr-elf/riscv64-zephyr-elf/sys-include/sys/syslimits.h:105:9: note: this is the location of the previous definition
  105 | #define _POSIX2_COLL_WEIGHTS_MAX        2
      |         ^~~~~~~~~~~~~~~~~~~~~~~~
/scratch2/agustin/zephyr-chipyard-sw/zephyr_ws/zephyr/include/zephyr/posix/posix_limits.h:66:9: warning: "_POSIX2_EXPR_NEST_MAX" redefined
   66 | #define _POSIX2_EXPR_NEST_MAX               (32)
      |         ^~~~~~~~~~~~~~~~~~~~~
/scratch2/dima/zephyr-chipyard-sw-fresh/tools-manual/zephyr-sdk-1.0.0-beta1/gnu/riscv64-zephyr-elf/riscv64-zephyr-elf/sys-include/sys/syslimits.h:106:9: note: this is the location of the previous definition
  106 | #define _POSIX2_EXPR_NEST_MAX   32
      |         ^~~~~~~~~~~~~~~~~~~~~
/scratch2/agustin/zephyr-chipyard-sw/zephyr_ws/zephyr/include/zephyr/posix/posix_limits.h:67:9: warning: "_POSIX2_LINE_MAX" redefined
   67 | #define _POSIX2_LINE_MAX                    (2048)
      |         ^~~~~~~~~~~~~~~~
/scratch2/dima/zephyr-chipyard-sw-fresh/tools-manual/zephyr-sdk-1.0.0-beta1/gnu/riscv64-zephyr-elf/riscv64-zephyr-elf/sys-include/sys/syslimits.h:107:9: note: this is the location of the previous definition
  107 | #define _POSIX2_LINE_MAX        2048
      |         ^~~~~~~~~~~~~~~~
/scratch2/agustin/zephyr-chipyard-sw/zephyr_ws/zephyr/include/zephyr/posix/posix_limits.h:83:9: warning: "ARG_MAX" redefined
   83 | #define ARG_MAX                       _POSIX_ARG_MAX
      |         ^~~~~~~
/scratch2/dima/zephyr-chipyard-sw-fresh/tools-manual/zephyr-sdk-1.0.0-beta1/gnu/riscv64-zephyr-elf/riscv64-zephyr-elf/sys-include/sys/syslimits.h:41:9: note: this is the location of the previous definition
   41 | #define ARG_MAX                 65536   /* max bytes for an exec function */
      |         ^~~~~~~
/scratch2/agustin/zephyr-chipyard-sw/zephyr_ws/zephyr/include/zephyr/posix/posix_limits.h:84:9: warning: "ATEXIT_MAX" redefined
   84 | #define ATEXIT_MAX                    (32)
      |         ^~~~~~~~~~
/scratch2/dima/zephyr-chipyard-sw-fresh/tools-manual/zephyr-sdk-1.0.0-beta1/gnu/riscv64-zephyr-elf/riscv64-zephyr-elf/sys-include/sys/syslimits.h:42:9: note: this is the location of the previous definition
   42 | #define ATEXIT_MAX                 32   /* max atexit functions */
      |         ^~~~~~~~~~
/scratch2/agustin/zephyr-chipyard-sw/zephyr_ws/zephyr/include/zephyr/posix/posix_limits.h:93:9: warning: "OPEN_MAX" redefined
   93 | #define OPEN_MAX                      CONFIG_POSIX_OPEN_MAX
      |         ^~~~~~~~
/scratch2/dima/zephyr-chipyard-sw-fresh/tools-manual/zephyr-sdk-1.0.0-beta1/gnu/riscv64-zephyr-elf/riscv64-zephyr-elf/sys-include/sys/syslimits.h:45:9: note: this is the location of the previous definition
   45 | #define OPEN_MAX                   64   /* max open files per process */
      |         ^~~~~~~~
/scratch2/agustin/zephyr-chipyard-sw/zephyr_ws/zephyr/include/zephyr/posix/posix_limits.h:96:9: warning: "PATH_MAX" redefined
   96 | #define PATH_MAX                      _POSIX_PATH_MAX
      |         ^~~~~~~~
/scratch2/dima/zephyr-chipyard-sw-fresh/tools-manual/zephyr-sdk-1.0.0-beta1/gnu/riscv64-zephyr-elf/riscv64-zephyr-elf/sys-include/sys/syslimits.h:53:9: note: this is the location of the previous definition
   53 | #define PATH_MAX                 1024   /* max bytes in pathname */
      |         ^~~~~~~~
/scratch2/agustin/zephyr-chipyard-sw/zephyr_ws/zephyr/include/zephyr/posix/posix_limits.h:114:9: warning: "TZNAME_MAX" redefined
  114 | #define TZNAME_MAX                    _POSIX_TZNAME_MAX
      |         ^~~~~~~~~~
/scratch2/dima/zephyr-chipyard-sw-fresh/tools-manual/zephyr-sdk-1.0.0-beta1/gnu/riscv64-zephyr-elf/riscv64-zephyr-elf/sys-include/sys/syslimits.h:46:9: note: this is the location of the previous definition
   46 | #define TZNAME_MAX                 10   /* max time zone name length */
      |         ^~~~~~~~~~
[142/202] Building C object zephyr/drivers/timer/CMakeFiles/drivers__timer.dir/sys_clock_init.c.obj
[143/202] Building C object zephyr/drivers/timer/CMakeFiles/drivers__timer.dir/riscv_machine_timer.c.obj
[144/202] Building C object zephyr/drivers/serial/CMakeFiles/drivers__serial.dir/uart_sifive.c.obj
/scratch2/agustin/zephyr-chipyard-sw/zephyr_ws/zephyr/drivers/serial/uart_sifive.c:328:12: warning: 'uart_sifive_init' defined but not used [-Wunused-function]
  328 | static int uart_sifive_init(const struct device *dev)
      |            ^~~~~~~~~~~~~~~~
[145/202] Linking C static library zephyr/lib/os/zvfs/liblib__os__zvfs.a
[146/202] Building C object zephyr/kernel/CMakeFiles/kernel.dir/errno.c.obj
[147/202] Building C object zephyr/lib/posix/options/CMakeFiles/lib__posix__options.dir/semaphore.c.obj
In file included from /scratch2/agustin/zephyr-chipyard-sw/zephyr_ws/zephyr/include/zephyr/posix/sys/sysconf.h:11,
                 from /scratch2/agustin/zephyr-chipyard-sw/zephyr_ws/zephyr/include/zephyr/posix/unistd.h:18,
                 from /scratch2/agustin/zephyr-chipyard-sw/zephyr_ws/zephyr/include/zephyr/posix/pthread.h:15,
                 from /scratch2/agustin/zephyr-chipyard-sw/zephyr_ws/zephyr/lib/posix/options/semaphore.c:14:
/scratch2/agustin/zephyr-chipyard-sw/zephyr_ws/zephyr/include/zephyr/posix/posix_limits.h:23:9: warning: "_POSIX_AIO_LISTIO_MAX" redefined
   23 | #define _POSIX_AIO_LISTIO_MAX               (2)
      |         ^~~~~~~~~~~~~~~~~~~~~
In file included from /scratch2/dima/zephyr-chipyard-sw-fresh/tools-manual/zephyr-sdk-1.0.0-beta1/gnu/riscv64-zephyr-elf/riscv64-zephyr-elf/sys-include/limits.h:6,
                 from /scratch2/dima/zephyr-chipyard-sw-fresh/tools-manual/zephyr-sdk-1.0.0-beta1/gnu/riscv64-zephyr-elf/lib/gcc/riscv64-zephyr-elf/14.3.0/include/limits.h:210,
                 from /scratch2/dima/zephyr-chipyard-sw-fresh/tools-manual/zephyr-sdk-1.0.0-beta1/gnu/riscv64-zephyr-elf/lib/gcc/riscv64-zephyr-elf/14.3.0/include/syslimits.h:7,
                 from /scratch2/dima/zephyr-chipyard-sw-fresh/tools-manual/zephyr-sdk-1.0.0-beta1/gnu/riscv64-zephyr-elf/lib/gcc/riscv64-zephyr-elf/14.3.0/include/limits.h:34,
                 from /scratch2/agustin/zephyr-chipyard-sw/zephyr_ws/zephyr/include/zephyr/sys/timeutil.h:25,
                 from /scratch2/agustin/zephyr-chipyard-sw/zephyr_ws/zephyr/lib/posix/options/posix_clock.h:17,
                 from /scratch2/agustin/zephyr-chipyard-sw/zephyr_ws/zephyr/lib/posix/options/semaphore.c:8:
/scratch2/dima/zephyr-chipyard-sw-fresh/tools-manual/zephyr-sdk-1.0.0-beta1/gnu/riscv64-zephyr-elf/riscv64-zephyr-elf/sys-include/sys/syslimits.h:63:9: note: this is the location of the previous definition
   63 | #define _POSIX_AIO_LISTIO_MAX   2
      |         ^~~~~~~~~~~~~~~~~~~~~
/scratch2/agustin/zephyr-chipyard-sw/zephyr_ws/zephyr/include/zephyr/posix/posix_limits.h:24:9: warning: "_POSIX_AIO_MAX" redefined
   24 | #define _POSIX_AIO_MAX                      (1)
      |         ^~~~~~~~~~~~~~
/scratch2/dima/zephyr-chipyard-sw-fresh/tools-manual/zephyr-sdk-1.0.0-beta1/gnu/riscv64-zephyr-elf/riscv64-zephyr-elf/sys-include/sys/syslimits.h:64:9: note: this is the location of the previous definition
   64 | #define _POSIX_AIO_MAX          1
      |         ^~~~~~~~~~~~~~
/scratch2/agustin/zephyr-chipyard-sw/zephyr_ws/zephyr/include/zephyr/posix/posix_limits.h:25:9: warning: "_POSIX_ARG_MAX" redefined
   25 | #define _POSIX_ARG_MAX                      (4096)
      |         ^~~~~~~~~~~~~~
/scratch2/dima/zephyr-chipyard-sw-fresh/tools-manual/zephyr-sdk-1.0.0-beta1/gnu/riscv64-zephyr-elf/riscv64-zephyr-elf/sys-include/sys/syslimits.h:65:9: note: this is the location of the previous definition
   65 | #define _POSIX_ARG_MAX          4096
      |         ^~~~~~~~~~~~~~
/scratch2/agustin/zephyr-chipyard-sw/zephyr_ws/zephyr/include/zephyr/posix/posix_limits.h:26:9: warning: "_POSIX_CHILD_MAX" redefined
   26 | #define _POSIX_CHILD_MAX                    (25)
      |         ^~~~~~~~~~~~~~~~
/scratch2/dima/zephyr-chipyard-sw-fresh/tools-manual/zephyr-sdk-1.0.0-beta1/gnu/riscv64-zephyr-elf/riscv64-zephyr-elf/sys-include/sys/syslimits.h:66:9: note: this is the location of the previous definition
   66 | #define _POSIX_CHILD_MAX        6
      |         ^~~~~~~~~~~~~~~~
/scratch2/agustin/zephyr-chipyard-sw/zephyr_ws/zephyr/include/zephyr/posix/posix_limits.h:27:9: warning: "_POSIX_DELAYTIMER_MAX" redefined
   27 | #define _POSIX_DELAYTIMER_MAX               (32)
      |         ^~~~~~~~~~~~~~~~~~~~~
/scratch2/dima/zephyr-chipyard-sw-fresh/tools-manual/zephyr-sdk-1.0.0-beta1/gnu/riscv64-zephyr-elf/riscv64-zephyr-elf/sys-include/sys/syslimits.h:67:9: note: this is the location of the previous definition
   67 | #define _POSIX_DELAYTIMER_MAX   32
      |         ^~~~~~~~~~~~~~~~~~~~~
/scratch2/agustin/zephyr-chipyard-sw/zephyr_ws/zephyr/include/zephyr/posix/posix_limits.h:28:9: warning: "_POSIX_HOST_NAME_MAX" redefined
   28 | #define _POSIX_HOST_NAME_MAX                (255)
      |         ^~~~~~~~~~~~~~~~~~~~
/scratch2/dima/zephyr-chipyard-sw-fresh/tools-manual/zephyr-sdk-1.0.0-beta1/gnu/riscv64-zephyr-elf/riscv64-zephyr-elf/sys-include/sys/syslimits.h:68:9: note: this is the location of the previous definition
   68 | #define _POSIX_HOST_NAME_MAX    255
      |         ^~~~~~~~~~~~~~~~~~~~
/scratch2/agustin/zephyr-chipyard-sw/zephyr_ws/zephyr/include/zephyr/posix/posix_limits.h:29:9: warning: "_POSIX_LINK_MAX" redefined
   29 | #define _POSIX_LINK_MAX                     (8)
      |         ^~~~~~~~~~~~~~~
/scratch2/dima/zephyr-chipyard-sw-fresh/tools-manual/zephyr-sdk-1.0.0-beta1/gnu/riscv64-zephyr-elf/riscv64-zephyr-elf/sys-include/sys/syslimits.h:69:9: note: this is the location of the previous definition
   69 | #define _POSIX_LINK_MAX         8
      |         ^~~~~~~~~~~~~~~
/scratch2/agustin/zephyr-chipyard-sw/zephyr_ws/zephyr/include/zephyr/posix/posix_limits.h:30:9: warning: "_POSIX_LOGIN_NAME_MAX" redefined
   30 | #define _POSIX_LOGIN_NAME_MAX               (9)
      |         ^~~~~~~~~~~~~~~~~~~~~
/scratch2/dima/zephyr-chipyard-sw-fresh/tools-manual/zephyr-sdk-1.0.0-beta1/gnu/riscv64-zephyr-elf/riscv64-zephyr-elf/sys-include/sys/syslimits.h:70:9: note: this is the location of the previous definition
   70 | #define _POSIX_LOGIN_NAME_MAX   9
      |         ^~~~~~~~~~~~~~~~~~~~~
/scratch2/agustin/zephyr-chipyard-sw/zephyr_ws/zephyr/include/zephyr/posix/posix_limits.h:31:9: warning: "_POSIX_MAX_CANON" redefined
   31 | #define _POSIX_MAX_CANON                    (255)
      |         ^~~~~~~~~~~~~~~~
/scratch2/dima/zephyr-chipyard-sw-fresh/tools-manual/zephyr-sdk-1.0.0-beta1/gnu/riscv64-zephyr-elf/riscv64-zephyr-elf/sys-include/sys/syslimits.h:71:9: note: this is the location of the previous definition
   71 | #define _POSIX_MAX_CANON        255
      |         ^~~~~~~~~~~~~~~~
/scratch2/agustin/zephyr-chipyard-sw/zephyr_ws/zephyr/include/zephyr/posix/posix_limits.h:32:9: warning: "_POSIX_MAX_INPUT" redefined
   32 | #define _POSIX_MAX_INPUT                    (255)
      |         ^~~~~~~~~~~~~~~~
/scratch2/dima/zephyr-chipyard-sw-fresh/tools-manual/zephyr-sdk-1.0.0-beta1/gnu/riscv64-zephyr-elf/riscv64-zephyr-elf/sys-include/sys/syslimits.h:72:9: note: this is the location of the previous definition
   72 | #define _POSIX_MAX_INPUT        255
      |         ^~~~~~~~~~~~~~~~
/scratch2/agustin/zephyr-chipyard-sw/zephyr_ws/zephyr/include/zephyr/posix/posix_limits.h:33:9: warning: "_POSIX_MQ_OPEN_MAX" redefined
   33 | #define _POSIX_MQ_OPEN_MAX                  (8)
      |         ^~~~~~~~~~~~~~~~~~
/scratch2/dima/zephyr-chipyard-sw-fresh/tools-manual/zephyr-sdk-1.0.0-beta1/gnu/riscv64-zephyr-elf/riscv64-zephyr-elf/sys-include/sys/syslimits.h:73:9: note: this is the location of the previous definition
   73 | #define _POSIX_MQ_OPEN_MAX      8
      |         ^~~~~~~~~~~~~~~~~~
/scratch2/agustin/zephyr-chipyard-sw/zephyr_ws/zephyr/include/zephyr/posix/posix_limits.h:34:9: warning: "_POSIX_MQ_PRIO_MAX" redefined
   34 | #define _POSIX_MQ_PRIO_MAX                  (32)
      |         ^~~~~~~~~~~~~~~~~~
/scratch2/dima/zephyr-chipyard-sw-fresh/tools-manual/zephyr-sdk-1.0.0-beta1/gnu/riscv64-zephyr-elf/riscv64-zephyr-elf/sys-include/sys/syslimits.h:74:9: note: this is the location of the previous definition
   74 | #define _POSIX_MQ_PRIO_MAX      32
      |         ^~~~~~~~~~~~~~~~~~
/scratch2/agustin/zephyr-chipyard-sw/zephyr_ws/zephyr/include/zephyr/posix/posix_limits.h:35:9: warning: "_POSIX_NAME_MAX" redefined
   35 | #define _POSIX_NAME_MAX                     (14)
      |         ^~~~~~~~~~~~~~~
/scratch2/dima/zephyr-chipyard-sw-fresh/tools-manual/zephyr-sdk-1.0.0-beta1/gnu/riscv64-zephyr-elf/riscv64-zephyr-elf/sys-include/sys/syslimits.h:75:9: note: this is the location of the previous definition
   75 | #define _POSIX_NAME_MAX         14
      |         ^~~~~~~~~~~~~~~
/scratch2/agustin/zephyr-chipyard-sw/zephyr_ws/zephyr/include/zephyr/posix/posix_limits.h:36:9: warning: "_POSIX_NGROUPS_MAX" redefined
   36 | #define _POSIX_NGROUPS_MAX                  (8)
      |         ^~~~~~~~~~~~~~~~~~
/scratch2/dima/zephyr-chipyard-sw-fresh/tools-manual/zephyr-sdk-1.0.0-beta1/gnu/riscv64-zephyr-elf/riscv64-zephyr-elf/sys-include/sys/syslimits.h:76:9: note: this is the location of the previous definition
   76 | #define _POSIX_NGROUPS_MAX      0
      |         ^~~~~~~~~~~~~~~~~~
/scratch2/agustin/zephyr-chipyard-sw/zephyr_ws/zephyr/include/zephyr/posix/posix_limits.h:37:9: warning: "_POSIX_OPEN_MAX" redefined
   37 | #define _POSIX_OPEN_MAX                     (20)
      |         ^~~~~~~~~~~~~~~
/scratch2/dima/zephyr-chipyard-sw-fresh/tools-manual/zephyr-sdk-1.0.0-beta1/gnu/riscv64-zephyr-elf/riscv64-zephyr-elf/sys-include/sys/syslimits.h:77:9: note: this is the location of the previous definition
   77 | #define _POSIX_OPEN_MAX         16
      |         ^~~~~~~~~~~~~~~
/scratch2/agustin/zephyr-chipyard-sw/zephyr_ws/zephyr/include/zephyr/posix/posix_limits.h:38:9: warning: "_POSIX_PATH_MAX" redefined
   38 | #define _POSIX_PATH_MAX                     (256)
      |         ^~~~~~~~~~~~~~~
/scratch2/dima/zephyr-chipyard-sw-fresh/tools-manual/zephyr-sdk-1.0.0-beta1/gnu/riscv64-zephyr-elf/riscv64-zephyr-elf/sys-include/sys/syslimits.h:78:9: note: this is the location of the previous definition
   78 | #define _POSIX_PATH_MAX         255
      |         ^~~~~~~~~~~~~~~
/scratch2/agustin/zephyr-chipyard-sw/zephyr_ws/zephyr/include/zephyr/posix/posix_limits.h:39:9: warning: "_POSIX_PIPE_BUF" redefined
   39 | #define _POSIX_PIPE_BUF                     (512)
      |         ^~~~~~~~~~~~~~~
/scratch2/dima/zephyr-chipyard-sw-fresh/tools-manual/zephyr-sdk-1.0.0-beta1/gnu/riscv64-zephyr-elf/riscv64-zephyr-elf/sys-include/sys/syslimits.h:79:9: note: this is the location of the previous definition
   79 | #define _POSIX_PIPE_BUF         512
      |         ^~~~~~~~~~~~~~~
/scratch2/agustin/zephyr-chipyard-sw/zephyr_ws/zephyr/include/zephyr/posix/posix_limits.h:40:9: warning: "_POSIX_RE_DUP_MAX" redefined
   40 | #define _POSIX_RE_DUP_MAX                   (255)
      |         ^~~~~~~~~~~~~~~~~
/scratch2/dima/zephyr-chipyard-sw-fresh/tools-manual/zephyr-sdk-1.0.0-beta1/gnu/riscv64-zephyr-elf/riscv64-zephyr-elf/sys-include/sys/syslimits.h:80:9: note: this is the location of the previous definition
   80 | #define _POSIX_RE_DUP_MAX       255
      |         ^~~~~~~~~~~~~~~~~
/scratch2/agustin/zephyr-chipyard-sw/zephyr_ws/zephyr/include/zephyr/posix/posix_limits.h:41:9: warning: "_POSIX_RTSIG_MAX" redefined
   41 | #define _POSIX_RTSIG_MAX                    (8)
      |         ^~~~~~~~~~~~~~~~
/scratch2/dima/zephyr-chipyard-sw-fresh/tools-manual/zephyr-sdk-1.0.0-beta1/gnu/riscv64-zephyr-elf/riscv64-zephyr-elf/sys-include/sys/syslimits.h:81:9: note: this is the location of the previous definition
   81 | #define _POSIX_RTSIG_MAX        8
      |         ^~~~~~~~~~~~~~~~
/scratch2/agustin/zephyr-chipyard-sw/zephyr_ws/zephyr/include/zephyr/posix/posix_limits.h:42:9: warning: "_POSIX_SEM_NSEMS_MAX" redefined
   42 | #define _POSIX_SEM_NSEMS_MAX                (256)
      |         ^~~~~~~~~~~~~~~~~~~~
/scratch2/dima/zephyr-chipyard-sw-fresh/tools-manual/zephyr-sdk-1.0.0-beta1/gnu/riscv64-zephyr-elf/riscv64-zephyr-elf/sys-include/sys/syslimits.h:82:9: note: this is the location of the previous definition
   82 | #define _POSIX_SEM_NSEMS_MAX    256
      |         ^~~~~~~~~~~~~~~~~~~~
/scratch2/agustin/zephyr-chipyard-sw/zephyr_ws/zephyr/include/zephyr/posix/posix_limits.h:43:9: warning: "_POSIX_SEM_VALUE_MAX" redefined
   43 | #define _POSIX_SEM_VALUE_MAX                (32767)
      |         ^~~~~~~~~~~~~~~~~~~~
/scratch2/dima/zephyr-chipyard-sw-fresh/tools-manual/zephyr-sdk-1.0.0-beta1/gnu/riscv64-zephyr-elf/riscv64-zephyr-elf/sys-include/sys/syslimits.h:83:9: note: this is the location of the previous definition
   83 | #define _POSIX_SEM_VALUE_MAX    32767
      |         ^~~~~~~~~~~~~~~~~~~~
/scratch2/agustin/zephyr-chipyard-sw/zephyr_ws/zephyr/include/zephyr/posix/posix_limits.h:44:9: warning: "_POSIX_SIGQUEUE_MAX" redefined
   44 | #define _POSIX_SIGQUEUE_MAX                 (32)
      |         ^~~~~~~~~~~~~~~~~~~
/scratch2/dima/zephyr-chipyard-sw-fresh/tools-manual/zephyr-sdk-1.0.0-beta1/gnu/riscv64-zephyr-elf/riscv64-zephyr-elf/sys-include/sys/syslimits.h:84:9: note: this is the location of the previous definition
   84 | #define _POSIX_SIGQUEUE_MAX     32
      |         ^~~~~~~~~~~~~~~~~~~
/scratch2/agustin/zephyr-chipyard-sw/zephyr_ws/zephyr/include/zephyr/posix/posix_limits.h:45:9: warning: "_POSIX_SSIZE_MAX" redefined
   45 | #define _POSIX_SSIZE_MAX                    (32767)
      |         ^~~~~~~~~~~~~~~~
/scratch2/dima/zephyr-chipyard-sw-fresh/tools-manual/zephyr-sdk-1.0.0-beta1/gnu/riscv64-zephyr-elf/riscv64-zephyr-elf/sys-include/sys/syslimits.h:85:9: note: this is the location of the previous definition
   85 | #define _POSIX_SSIZE_MAX        32767
      |         ^~~~~~~~~~~~~~~~
/scratch2/agustin/zephyr-chipyard-sw/zephyr_ws/zephyr/include/zephyr/posix/posix_limits.h:46:9: warning: "_POSIX_SS_REPL_MAX" redefined
   46 | #define _POSIX_SS_REPL_MAX                  (4)
      |         ^~~~~~~~~~~~~~~~~~
/scratch2/dima/zephyr-chipyard-sw-fresh/tools-manual/zephyr-sdk-1.0.0-beta1/gnu/riscv64-zephyr-elf/riscv64-zephyr-elf/sys-include/sys/syslimits.h:86:9: note: this is the location of the previous definition
   86 | #define _POSIX_SS_REPL_MAX      4
      |         ^~~~~~~~~~~~~~~~~~
/scratch2/agustin/zephyr-chipyard-sw/zephyr_ws/zephyr/include/zephyr/posix/posix_limits.h:47:9: warning: "_POSIX_STREAM_MAX" redefined
   47 | #define _POSIX_STREAM_MAX                   (8)
      |         ^~~~~~~~~~~~~~~~~
/scratch2/dima/zephyr-chipyard-sw-fresh/tools-manual/zephyr-sdk-1.0.0-beta1/gnu/riscv64-zephyr-elf/riscv64-zephyr-elf/sys-include/sys/syslimits.h:87:9: note: this is the location of the previous definition
   87 | #define _POSIX_STREAM_MAX       8
      |         ^~~~~~~~~~~~~~~~~
/scratch2/agustin/zephyr-chipyard-sw/zephyr_ws/zephyr/include/zephyr/posix/posix_limits.h:48:9: warning: "_POSIX_SYMLINK_MAX" redefined
   48 | #define _POSIX_SYMLINK_MAX                  (255)
      |         ^~~~~~~~~~~~~~~~~~
/scratch2/dima/zephyr-chipyard-sw-fresh/tools-manual/zephyr-sdk-1.0.0-beta1/gnu/riscv64-zephyr-elf/riscv64-zephyr-elf/sys-include/sys/syslimits.h:88:9: note: this is the location of the previous definition
   88 | #define _POSIX_SYMLINK_MAX      255
      |         ^~~~~~~~~~~~~~~~~~
/scratch2/agustin/zephyr-chipyard-sw/zephyr_ws/zephyr/include/zephyr/posix/posix_limits.h:49:9: warning: "_POSIX_SYMLOOP_MAX" redefined
   49 | #define _POSIX_SYMLOOP_MAX                  (8)
      |         ^~~~~~~~~~~~~~~~~~
/scratch2/dima/zephyr-chipyard-sw-fresh/tools-manual/zephyr-sdk-1.0.0-beta1/gnu/riscv64-zephyr-elf/riscv64-zephyr-elf/sys-include/sys/syslimits.h:89:9: note: this is the location of the previous definition
   89 | #define _POSIX_SYMLOOP_MAX      8
      |         ^~~~~~~~~~~~~~~~~~
/scratch2/agustin/zephyr-chipyard-sw/zephyr_ws/zephyr/include/zephyr/posix/posix_limits.h:50:9: warning: "_POSIX_THREAD_DESTRUCTOR_ITERATIONS" redefined
   50 | #define _POSIX_THREAD_DESTRUCTOR_ITERATIONS (4)
      |         ^~~~~~~~~~~~~~~~~~~~~~~~~~~~~~~~~~~
/scratch2/dima/zephyr-chipyard-sw-fresh/tools-manual/zephyr-sdk-1.0.0-beta1/gnu/riscv64-zephyr-elf/riscv64-zephyr-elf/sys-include/sys/syslimits.h:90:9: note: this is the location of the previous definition
   90 | #define _POSIX_THREAD_DESTRUCTOR_ITERATIONS     4
      |         ^~~~~~~~~~~~~~~~~~~~~~~~~~~~~~~~~~~
/scratch2/agustin/zephyr-chipyard-sw/zephyr_ws/zephyr/include/zephyr/posix/posix_limits.h:51:9: warning: "_POSIX_THREAD_KEYS_MAX" redefined
   51 | #define _POSIX_THREAD_KEYS_MAX              (128)
      |         ^~~~~~~~~~~~~~~~~~~~~~
/scratch2/dima/zephyr-chipyard-sw-fresh/tools-manual/zephyr-sdk-1.0.0-beta1/gnu/riscv64-zephyr-elf/riscv64-zephyr-elf/sys-include/sys/syslimits.h:91:9: note: this is the location of the previous definition
   91 | #define _POSIX_THREAD_KEYS_MAX  128
      |         ^~~~~~~~~~~~~~~~~~~~~~
/scratch2/agustin/zephyr-chipyard-sw/zephyr_ws/zephyr/include/zephyr/posix/posix_limits.h:52:9: warning: "_POSIX_THREAD_THREADS_MAX" redefined
   52 | #define _POSIX_THREAD_THREADS_MAX           (64)
      |         ^~~~~~~~~~~~~~~~~~~~~~~~~
/scratch2/dima/zephyr-chipyard-sw-fresh/tools-manual/zephyr-sdk-1.0.0-beta1/gnu/riscv64-zephyr-elf/riscv64-zephyr-elf/sys-include/sys/syslimits.h:92:9: note: this is the location of the previous definition
   92 | #define _POSIX_THREAD_THREADS_MAX       64
      |         ^~~~~~~~~~~~~~~~~~~~~~~~~
/scratch2/agustin/zephyr-chipyard-sw/zephyr_ws/zephyr/include/zephyr/posix/posix_limits.h:53:9: warning: "_POSIX_TIMER_MAX" redefined
   53 | #define _POSIX_TIMER_MAX                    (32)
      |         ^~~~~~~~~~~~~~~~
/scratch2/dima/zephyr-chipyard-sw-fresh/tools-manual/zephyr-sdk-1.0.0-beta1/gnu/riscv64-zephyr-elf/riscv64-zephyr-elf/sys-include/sys/syslimits.h:93:9: note: this is the location of the previous definition
   93 | #define _POSIX_TIMER_MAX        32
      |         ^~~~~~~~~~~~~~~~
/scratch2/agustin/zephyr-chipyard-sw/zephyr_ws/zephyr/include/zephyr/posix/posix_limits.h:54:9: warning: "_POSIX_TRACE_EVENT_NAME_MAX" redefined
   54 | #define _POSIX_TRACE_EVENT_NAME_MAX         (30)
      |         ^~~~~~~~~~~~~~~~~~~~~~~~~~~
/scratch2/dima/zephyr-chipyard-sw-fresh/tools-manual/zephyr-sdk-1.0.0-beta1/gnu/riscv64-zephyr-elf/riscv64-zephyr-elf/sys-include/sys/syslimits.h:94:9: note: this is the location of the previous definition
   94 | #define _POSIX_TRACE_EVENT_NAME_MAX     30
      |         ^~~~~~~~~~~~~~~~~~~~~~~~~~~
/scratch2/agustin/zephyr-chipyard-sw/zephyr_ws/zephyr/include/zephyr/posix/posix_limits.h:55:9: warning: "_POSIX_TRACE_NAME_MAX" redefined
   55 | #define _POSIX_TRACE_NAME_MAX               (8)
      |         ^~~~~~~~~~~~~~~~~~~~~
/scratch2/dima/zephyr-chipyard-sw-fresh/tools-manual/zephyr-sdk-1.0.0-beta1/gnu/riscv64-zephyr-elf/riscv64-zephyr-elf/sys-include/sys/syslimits.h:95:9: note: this is the location of the previous definition
   95 | #define _POSIX_TRACE_NAME_MAX   8
      |         ^~~~~~~~~~~~~~~~~~~~~
/scratch2/agustin/zephyr-chipyard-sw/zephyr_ws/zephyr/include/zephyr/posix/posix_limits.h:56:9: warning: "_POSIX_TRACE_SYS_MAX" redefined
   56 | #define _POSIX_TRACE_SYS_MAX                (8)
      |         ^~~~~~~~~~~~~~~~~~~~
/scratch2/dima/zephyr-chipyard-sw-fresh/tools-manual/zephyr-sdk-1.0.0-beta1/gnu/riscv64-zephyr-elf/riscv64-zephyr-elf/sys-include/sys/syslimits.h:96:9: note: this is the location of the previous definition
   96 | #define _POSIX_TRACE_SYS_MAX    8
      |         ^~~~~~~~~~~~~~~~~~~~
/scratch2/agustin/zephyr-chipyard-sw/zephyr_ws/zephyr/include/zephyr/posix/posix_limits.h:57:9: warning: "_POSIX_TRACE_USER_EVENT_MAX" redefined
   57 | #define _POSIX_TRACE_USER_EVENT_MAX         (32)
      |         ^~~~~~~~~~~~~~~~~~~~~~~~~~~
/scratch2/dima/zephyr-chipyard-sw-fresh/tools-manual/zephyr-sdk-1.0.0-beta1/gnu/riscv64-zephyr-elf/riscv64-zephyr-elf/sys-include/sys/syslimits.h:97:9: note: this is the location of the previous definition
   97 | #define _POSIX_TRACE_USER_EVENT_MAX     32
      |         ^~~~~~~~~~~~~~~~~~~~~~~~~~~
/scratch2/agustin/zephyr-chipyard-sw/zephyr_ws/zephyr/include/zephyr/posix/posix_limits.h:58:9: warning: "_POSIX_TTY_NAME_MAX" redefined
   58 | #define _POSIX_TTY_NAME_MAX                 (9)
      |         ^~~~~~~~~~~~~~~~~~~
/scratch2/dima/zephyr-chipyard-sw-fresh/tools-manual/zephyr-sdk-1.0.0-beta1/gnu/riscv64-zephyr-elf/riscv64-zephyr-elf/sys-include/sys/syslimits.h:98:9: note: this is the location of the previous definition
   98 | #define _POSIX_TTY_NAME_MAX     9
      |         ^~~~~~~~~~~~~~~~~~~
/scratch2/agustin/zephyr-chipyard-sw/zephyr_ws/zephyr/include/zephyr/posix/posix_limits.h:59:9: warning: "_POSIX_TZNAME_MAX" redefined
   59 | #define _POSIX_TZNAME_MAX                   (6)
      |         ^~~~~~~~~~~~~~~~~
/scratch2/dima/zephyr-chipyard-sw-fresh/tools-manual/zephyr-sdk-1.0.0-beta1/gnu/riscv64-zephyr-elf/riscv64-zephyr-elf/sys-include/sys/syslimits.h:99:9: note: this is the location of the previous definition
   99 | #define _POSIX_TZNAME_MAX       3
      |         ^~~~~~~~~~~~~~~~~
/scratch2/agustin/zephyr-chipyard-sw/zephyr_ws/zephyr/include/zephyr/posix/posix_limits.h:60:9: warning: "_POSIX2_BC_BASE_MAX" redefined
   60 | #define _POSIX2_BC_BASE_MAX                 (99)
      |         ^~~~~~~~~~~~~~~~~~~
/scratch2/dima/zephyr-chipyard-sw-fresh/tools-manual/zephyr-sdk-1.0.0-beta1/gnu/riscv64-zephyr-elf/riscv64-zephyr-elf/sys-include/sys/syslimits.h:100:9: note: this is the location of the previous definition
  100 | #define _POSIX2_BC_BASE_MAX     99
      |         ^~~~~~~~~~~~~~~~~~~
/scratch2/agustin/zephyr-chipyard-sw/zephyr_ws/zephyr/include/zephyr/posix/posix_limits.h:61:9: warning: "_POSIX2_BC_DIM_MAX" redefined
   61 | #define _POSIX2_BC_DIM_MAX                  (2048)
      |         ^~~~~~~~~~~~~~~~~~
/scratch2/dima/zephyr-chipyard-sw-fresh/tools-manual/zephyr-sdk-1.0.0-beta1/gnu/riscv64-zephyr-elf/riscv64-zephyr-elf/sys-include/sys/syslimits.h:101:9: note: this is the location of the previous definition
  101 | #define _POSIX2_BC_DIM_MAX      2048
      |         ^~~~~~~~~~~~~~~~~~
/scratch2/agustin/zephyr-chipyard-sw/zephyr_ws/zephyr/include/zephyr/posix/posix_limits.h:62:9: warning: "_POSIX2_BC_SCALE_MAX" redefined
   62 | #define _POSIX2_BC_SCALE_MAX                (99)
      |         ^~~~~~~~~~~~~~~~~~~~
/scratch2/dima/zephyr-chipyard-sw-fresh/tools-manual/zephyr-sdk-1.0.0-beta1/gnu/riscv64-zephyr-elf/riscv64-zephyr-elf/sys-include/sys/syslimits.h:102:9: note: this is the location of the previous definition
  102 | #define _POSIX2_BC_SCALE_MAX    99
      |         ^~~~~~~~~~~~~~~~~~~~
/scratch2/agustin/zephyr-chipyard-sw/zephyr_ws/zephyr/include/zephyr/posix/posix_limits.h:63:9: warning: "_POSIX2_BC_STRING_MAX" redefined
   63 | #define _POSIX2_BC_STRING_MAX               (1000)
      |         ^~~~~~~~~~~~~~~~~~~~~
/scratch2/dima/zephyr-chipyard-sw-fresh/tools-manual/zephyr-sdk-1.0.0-beta1/gnu/riscv64-zephyr-elf/riscv64-zephyr-elf/sys-include/sys/syslimits.h:103:9: note: this is the location of the previous definition
  103 | #define _POSIX2_BC_STRING_MAX   1000
      |         ^~~~~~~~~~~~~~~~~~~~~
/scratch2/agustin/zephyr-chipyard-sw/zephyr_ws/zephyr/include/zephyr/posix/posix_limits.h:64:9: warning: "_POSIX2_CHARCLASS_NAME_MAX" redefined
   64 | #define _POSIX2_CHARCLASS_NAME_MAX          (14)
      |         ^~~~~~~~~~~~~~~~~~~~~~~~~~
/scratch2/dima/zephyr-chipyard-sw-fresh/tools-manual/zephyr-sdk-1.0.0-beta1/gnu/riscv64-zephyr-elf/riscv64-zephyr-elf/sys-include/sys/syslimits.h:104:9: note: this is the location of the previous definition
  104 | #define _POSIX2_CHARCLASS_NAME_MAX      14
      |         ^~~~~~~~~~~~~~~~~~~~~~~~~~
/scratch2/agustin/zephyr-chipyard-sw/zephyr_ws/zephyr/include/zephyr/posix/posix_limits.h:65:9: warning: "_POSIX2_COLL_WEIGHTS_MAX" redefined
   65 | #define _POSIX2_COLL_WEIGHTS_MAX            (2)
      |         ^~~~~~~~~~~~~~~~~~~~~~~~
/scratch2/dima/zephyr-chipyard-sw-fresh/tools-manual/zephyr-sdk-1.0.0-beta1/gnu/riscv64-zephyr-elf/riscv64-zephyr-elf/sys-include/sys/syslimits.h:105:9: note: this is the location of the previous definition
  105 | #define _POSIX2_COLL_WEIGHTS_MAX        2
      |         ^~~~~~~~~~~~~~~~~~~~~~~~
/scratch2/agustin/zephyr-chipyard-sw/zephyr_ws/zephyr/include/zephyr/posix/posix_limits.h:66:9: warning: "_POSIX2_EXPR_NEST_MAX" redefined
   66 | #define _POSIX2_EXPR_NEST_MAX               (32)
      |         ^~~~~~~~~~~~~~~~~~~~~
/scratch2/dima/zephyr-chipyard-sw-fresh/tools-manual/zephyr-sdk-1.0.0-beta1/gnu/riscv64-zephyr-elf/riscv64-zephyr-elf/sys-include/sys/syslimits.h:106:9: note: this is the location of the previous definition
  106 | #define _POSIX2_EXPR_NEST_MAX   32
      |         ^~~~~~~~~~~~~~~~~~~~~
/scratch2/agustin/zephyr-chipyard-sw/zephyr_ws/zephyr/include/zephyr/posix/posix_limits.h:67:9: warning: "_POSIX2_LINE_MAX" redefined
   67 | #define _POSIX2_LINE_MAX                    (2048)
      |         ^~~~~~~~~~~~~~~~
/scratch2/dima/zephyr-chipyard-sw-fresh/tools-manual/zephyr-sdk-1.0.0-beta1/gnu/riscv64-zephyr-elf/riscv64-zephyr-elf/sys-include/sys/syslimits.h:107:9: note: this is the location of the previous definition
  107 | #define _POSIX2_LINE_MAX        2048
      |         ^~~~~~~~~~~~~~~~
/scratch2/agustin/zephyr-chipyard-sw/zephyr_ws/zephyr/include/zephyr/posix/posix_limits.h:83:9: warning: "ARG_MAX" redefined
   83 | #define ARG_MAX                       _POSIX_ARG_MAX
      |         ^~~~~~~
/scratch2/dima/zephyr-chipyard-sw-fresh/tools-manual/zephyr-sdk-1.0.0-beta1/gnu/riscv64-zephyr-elf/riscv64-zephyr-elf/sys-include/sys/syslimits.h:41:9: note: this is the location of the previous definition
   41 | #define ARG_MAX                 65536   /* max bytes for an exec function */
      |         ^~~~~~~
/scratch2/agustin/zephyr-chipyard-sw/zephyr_ws/zephyr/include/zephyr/posix/posix_limits.h:84:9: warning: "ATEXIT_MAX" redefined
   84 | #define ATEXIT_MAX                    (32)
      |         ^~~~~~~~~~
/scratch2/dima/zephyr-chipyard-sw-fresh/tools-manual/zephyr-sdk-1.0.0-beta1/gnu/riscv64-zephyr-elf/riscv64-zephyr-elf/sys-include/sys/syslimits.h:42:9: note: this is the location of the previous definition
   42 | #define ATEXIT_MAX                 32   /* max atexit functions */
      |         ^~~~~~~~~~
/scratch2/agustin/zephyr-chipyard-sw/zephyr_ws/zephyr/include/zephyr/posix/posix_limits.h:93:9: warning: "OPEN_MAX" redefined
   93 | #define OPEN_MAX                      CONFIG_POSIX_OPEN_MAX
      |         ^~~~~~~~
/scratch2/dima/zephyr-chipyard-sw-fresh/tools-manual/zephyr-sdk-1.0.0-beta1/gnu/riscv64-zephyr-elf/riscv64-zephyr-elf/sys-include/sys/syslimits.h:45:9: note: this is the location of the previous definition
   45 | #define OPEN_MAX                   64   /* max open files per process */
      |         ^~~~~~~~
/scratch2/agustin/zephyr-chipyard-sw/zephyr_ws/zephyr/include/zephyr/posix/posix_limits.h:96:9: warning: "PATH_MAX" redefined
   96 | #define PATH_MAX                      _POSIX_PATH_MAX
      |         ^~~~~~~~
/scratch2/dima/zephyr-chipyard-sw-fresh/tools-manual/zephyr-sdk-1.0.0-beta1/gnu/riscv64-zephyr-elf/riscv64-zephyr-elf/sys-include/sys/syslimits.h:53:9: note: this is the location of the previous definition
   53 | #define PATH_MAX                 1024   /* max bytes in pathname */
      |         ^~~~~~~~
/scratch2/agustin/zephyr-chipyard-sw/zephyr_ws/zephyr/include/zephyr/posix/posix_limits.h:114:9: warning: "TZNAME_MAX" redefined
  114 | #define TZNAME_MAX                    _POSIX_TZNAME_MAX
      |         ^~~~~~~~~~
/scratch2/dima/zephyr-chipyard-sw-fresh/tools-manual/zephyr-sdk-1.0.0-beta1/gnu/riscv64-zephyr-elf/riscv64-zephyr-elf/sys-include/sys/syslimits.h:46:9: note: this is the location of the previous definition
   46 | #define TZNAME_MAX                 10   /* max time zone name length */
      |         ^~~~~~~~~~
[148/202] Building C object zephyr/kernel/CMakeFiles/kernel.dir/busy_wait.c.obj
[149/202] Building C object zephyr/lib/posix/options/CMakeFiles/lib__posix__options.dir/mutex.c.obj
In file included from /scratch2/agustin/zephyr-chipyard-sw/zephyr_ws/zephyr/include/zephyr/posix/sys/sysconf.h:11,
                 from /scratch2/agustin/zephyr-chipyard-sw/zephyr_ws/zephyr/include/zephyr/posix/unistd.h:18,
                 from /scratch2/agustin/zephyr-chipyard-sw/zephyr_ws/zephyr/include/zephyr/posix/pthread.h:15,
                 from /scratch2/agustin/zephyr-chipyard-sw/zephyr_ws/zephyr/lib/posix/options/posix_internal.h:15,
                 from /scratch2/agustin/zephyr-chipyard-sw/zephyr_ws/zephyr/lib/posix/options/mutex.c:9:
/scratch2/agustin/zephyr-chipyard-sw/zephyr_ws/zephyr/include/zephyr/posix/posix_limits.h:23:9: warning: "_POSIX_AIO_LISTIO_MAX" redefined
   23 | #define _POSIX_AIO_LISTIO_MAX               (2)
      |         ^~~~~~~~~~~~~~~~~~~~~
In file included from /scratch2/dima/zephyr-chipyard-sw-fresh/tools-manual/zephyr-sdk-1.0.0-beta1/gnu/riscv64-zephyr-elf/riscv64-zephyr-elf/sys-include/limits.h:6,
                 from /scratch2/dima/zephyr-chipyard-sw-fresh/tools-manual/zephyr-sdk-1.0.0-beta1/gnu/riscv64-zephyr-elf/lib/gcc/riscv64-zephyr-elf/14.3.0/include/limits.h:210,
                 from /scratch2/dima/zephyr-chipyard-sw-fresh/tools-manual/zephyr-sdk-1.0.0-beta1/gnu/riscv64-zephyr-elf/lib/gcc/riscv64-zephyr-elf/14.3.0/include/syslimits.h:7,
                 from /scratch2/dima/zephyr-chipyard-sw-fresh/tools-manual/zephyr-sdk-1.0.0-beta1/gnu/riscv64-zephyr-elf/lib/gcc/riscv64-zephyr-elf/14.3.0/include/limits.h:34,
                 from /scratch2/agustin/zephyr-chipyard-sw/zephyr_ws/zephyr/include/zephyr/sys/timeutil.h:25,
                 from /scratch2/agustin/zephyr-chipyard-sw/zephyr_ws/zephyr/lib/posix/options/posix_clock.h:17,
                 from /scratch2/agustin/zephyr-chipyard-sw/zephyr_ws/zephyr/lib/posix/options/mutex.c:8:
/scratch2/dima/zephyr-chipyard-sw-fresh/tools-manual/zephyr-sdk-1.0.0-beta1/gnu/riscv64-zephyr-elf/riscv64-zephyr-elf/sys-include/sys/syslimits.h:63:9: note: this is the location of the previous definition
   63 | #define _POSIX_AIO_LISTIO_MAX   2
      |         ^~~~~~~~~~~~~~~~~~~~~
/scratch2/agustin/zephyr-chipyard-sw/zephyr_ws/zephyr/include/zephyr/posix/posix_limits.h:24:9: warning: "_POSIX_AIO_MAX" redefined
   24 | #define _POSIX_AIO_MAX                      (1)
      |         ^~~~~~~~~~~~~~
/scratch2/dima/zephyr-chipyard-sw-fresh/tools-manual/zephyr-sdk-1.0.0-beta1/gnu/riscv64-zephyr-elf/riscv64-zephyr-elf/sys-include/sys/syslimits.h:64:9: note: this is the location of the previous definition
   64 | #define _POSIX_AIO_MAX          1
      |         ^~~~~~~~~~~~~~
/scratch2/agustin/zephyr-chipyard-sw/zephyr_ws/zephyr/include/zephyr/posix/posix_limits.h:25:9: warning: "_POSIX_ARG_MAX" redefined
   25 | #define _POSIX_ARG_MAX                      (4096)
      |         ^~~~~~~~~~~~~~
/scratch2/dima/zephyr-chipyard-sw-fresh/tools-manual/zephyr-sdk-1.0.0-beta1/gnu/riscv64-zephyr-elf/riscv64-zephyr-elf/sys-include/sys/syslimits.h:65:9: note: this is the location of the previous definition
   65 | #define _POSIX_ARG_MAX          4096
      |         ^~~~~~~~~~~~~~
/scratch2/agustin/zephyr-chipyard-sw/zephyr_ws/zephyr/include/zephyr/posix/posix_limits.h:26:9: warning: "_POSIX_CHILD_MAX" redefined
   26 | #define _POSIX_CHILD_MAX                    (25)
      |         ^~~~~~~~~~~~~~~~
/scratch2/dima/zephyr-chipyard-sw-fresh/tools-manual/zephyr-sdk-1.0.0-beta1/gnu/riscv64-zephyr-elf/riscv64-zephyr-elf/sys-include/sys/syslimits.h:66:9: note: this is the location of the previous definition
   66 | #define _POSIX_CHILD_MAX        6
      |         ^~~~~~~~~~~~~~~~
/scratch2/agustin/zephyr-chipyard-sw/zephyr_ws/zephyr/include/zephyr/posix/posix_limits.h:27:9: warning: "_POSIX_DELAYTIMER_MAX" redefined
   27 | #define _POSIX_DELAYTIMER_MAX               (32)
      |         ^~~~~~~~~~~~~~~~~~~~~
/scratch2/dima/zephyr-chipyard-sw-fresh/tools-manual/zephyr-sdk-1.0.0-beta1/gnu/riscv64-zephyr-elf/riscv64-zephyr-elf/sys-include/sys/syslimits.h:67:9: note: this is the location of the previous definition
   67 | #define _POSIX_DELAYTIMER_MAX   32
      |         ^~~~~~~~~~~~~~~~~~~~~
/scratch2/agustin/zephyr-chipyard-sw/zephyr_ws/zephyr/include/zephyr/posix/posix_limits.h:28:9: warning: "_POSIX_HOST_NAME_MAX" redefined
   28 | #define _POSIX_HOST_NAME_MAX                (255)
      |         ^~~~~~~~~~~~~~~~~~~~
/scratch2/dima/zephyr-chipyard-sw-fresh/tools-manual/zephyr-sdk-1.0.0-beta1/gnu/riscv64-zephyr-elf/riscv64-zephyr-elf/sys-include/sys/syslimits.h:68:9: note: this is the location of the previous definition
   68 | #define _POSIX_HOST_NAME_MAX    255
      |         ^~~~~~~~~~~~~~~~~~~~
/scratch2/agustin/zephyr-chipyard-sw/zephyr_ws/zephyr/include/zephyr/posix/posix_limits.h:29:9: warning: "_POSIX_LINK_MAX" redefined
   29 | #define _POSIX_LINK_MAX                     (8)
      |         ^~~~~~~~~~~~~~~
/scratch2/dima/zephyr-chipyard-sw-fresh/tools-manual/zephyr-sdk-1.0.0-beta1/gnu/riscv64-zephyr-elf/riscv64-zephyr-elf/sys-include/sys/syslimits.h:69:9: note: this is the location of the previous definition
   69 | #define _POSIX_LINK_MAX         8
      |         ^~~~~~~~~~~~~~~
/scratch2/agustin/zephyr-chipyard-sw/zephyr_ws/zephyr/include/zephyr/posix/posix_limits.h:30:9: warning: "_POSIX_LOGIN_NAME_MAX" redefined
   30 | #define _POSIX_LOGIN_NAME_MAX               (9)
      |         ^~~~~~~~~~~~~~~~~~~~~
/scratch2/dima/zephyr-chipyard-sw-fresh/tools-manual/zephyr-sdk-1.0.0-beta1/gnu/riscv64-zephyr-elf/riscv64-zephyr-elf/sys-include/sys/syslimits.h:70:9: note: this is the location of the previous definition
   70 | #define _POSIX_LOGIN_NAME_MAX   9
      |         ^~~~~~~~~~~~~~~~~~~~~
/scratch2/agustin/zephyr-chipyard-sw/zephyr_ws/zephyr/include/zephyr/posix/posix_limits.h:31:9: warning: "_POSIX_MAX_CANON" redefined
   31 | #define _POSIX_MAX_CANON                    (255)
      |         ^~~~~~~~~~~~~~~~
/scratch2/dima/zephyr-chipyard-sw-fresh/tools-manual/zephyr-sdk-1.0.0-beta1/gnu/riscv64-zephyr-elf/riscv64-zephyr-elf/sys-include/sys/syslimits.h:71:9: note: this is the location of the previous definition
   71 | #define _POSIX_MAX_CANON        255
      |         ^~~~~~~~~~~~~~~~
/scratch2/agustin/zephyr-chipyard-sw/zephyr_ws/zephyr/include/zephyr/posix/posix_limits.h:32:9: warning: "_POSIX_MAX_INPUT" redefined
   32 | #define _POSIX_MAX_INPUT                    (255)
      |         ^~~~~~~~~~~~~~~~
/scratch2/dima/zephyr-chipyard-sw-fresh/tools-manual/zephyr-sdk-1.0.0-beta1/gnu/riscv64-zephyr-elf/riscv64-zephyr-elf/sys-include/sys/syslimits.h:72:9: note: this is the location of the previous definition
   72 | #define _POSIX_MAX_INPUT        255
      |         ^~~~~~~~~~~~~~~~
/scratch2/agustin/zephyr-chipyard-sw/zephyr_ws/zephyr/include/zephyr/posix/posix_limits.h:33:9: warning: "_POSIX_MQ_OPEN_MAX" redefined
   33 | #define _POSIX_MQ_OPEN_MAX                  (8)
      |         ^~~~~~~~~~~~~~~~~~
/scratch2/dima/zephyr-chipyard-sw-fresh/tools-manual/zephyr-sdk-1.0.0-beta1/gnu/riscv64-zephyr-elf/riscv64-zephyr-elf/sys-include/sys/syslimits.h:73:9: note: this is the location of the previous definition
   73 | #define _POSIX_MQ_OPEN_MAX      8
      |         ^~~~~~~~~~~~~~~~~~
/scratch2/agustin/zephyr-chipyard-sw/zephyr_ws/zephyr/include/zephyr/posix/posix_limits.h:34:9: warning: "_POSIX_MQ_PRIO_MAX" redefined
   34 | #define _POSIX_MQ_PRIO_MAX                  (32)
      |         ^~~~~~~~~~~~~~~~~~
/scratch2/dima/zephyr-chipyard-sw-fresh/tools-manual/zephyr-sdk-1.0.0-beta1/gnu/riscv64-zephyr-elf/riscv64-zephyr-elf/sys-include/sys/syslimits.h:74:9: note: this is the location of the previous definition
   74 | #define _POSIX_MQ_PRIO_MAX      32
      |         ^~~~~~~~~~~~~~~~~~
/scratch2/agustin/zephyr-chipyard-sw/zephyr_ws/zephyr/include/zephyr/posix/posix_limits.h:35:9: warning: "_POSIX_NAME_MAX" redefined
   35 | #define _POSIX_NAME_MAX                     (14)
      |         ^~~~~~~~~~~~~~~
/scratch2/dima/zephyr-chipyard-sw-fresh/tools-manual/zephyr-sdk-1.0.0-beta1/gnu/riscv64-zephyr-elf/riscv64-zephyr-elf/sys-include/sys/syslimits.h:75:9: note: this is the location of the previous definition
   75 | #define _POSIX_NAME_MAX         14
      |         ^~~~~~~~~~~~~~~
/scratch2/agustin/zephyr-chipyard-sw/zephyr_ws/zephyr/include/zephyr/posix/posix_limits.h:36:9: warning: "_POSIX_NGROUPS_MAX" redefined
   36 | #define _POSIX_NGROUPS_MAX                  (8)
      |         ^~~~~~~~~~~~~~~~~~
/scratch2/dima/zephyr-chipyard-sw-fresh/tools-manual/zephyr-sdk-1.0.0-beta1/gnu/riscv64-zephyr-elf/riscv64-zephyr-elf/sys-include/sys/syslimits.h:76:9: note: this is the location of the previous definition
   76 | #define _POSIX_NGROUPS_MAX      0
      |         ^~~~~~~~~~~~~~~~~~
/scratch2/agustin/zephyr-chipyard-sw/zephyr_ws/zephyr/include/zephyr/posix/posix_limits.h:37:9: warning: "_POSIX_OPEN_MAX" redefined
   37 | #define _POSIX_OPEN_MAX                     (20)
      |         ^~~~~~~~~~~~~~~
/scratch2/dima/zephyr-chipyard-sw-fresh/tools-manual/zephyr-sdk-1.0.0-beta1/gnu/riscv64-zephyr-elf/riscv64-zephyr-elf/sys-include/sys/syslimits.h:77:9: note: this is the location of the previous definition
   77 | #define _POSIX_OPEN_MAX         16
      |         ^~~~~~~~~~~~~~~
/scratch2/agustin/zephyr-chipyard-sw/zephyr_ws/zephyr/include/zephyr/posix/posix_limits.h:38:9: warning: "_POSIX_PATH_MAX" redefined
   38 | #define _POSIX_PATH_MAX                     (256)
      |         ^~~~~~~~~~~~~~~
/scratch2/dima/zephyr-chipyard-sw-fresh/tools-manual/zephyr-sdk-1.0.0-beta1/gnu/riscv64-zephyr-elf/riscv64-zephyr-elf/sys-include/sys/syslimits.h:78:9: note: this is the location of the previous definition
   78 | #define _POSIX_PATH_MAX         255
      |         ^~~~~~~~~~~~~~~
/scratch2/agustin/zephyr-chipyard-sw/zephyr_ws/zephyr/include/zephyr/posix/posix_limits.h:39:9: warning: "_POSIX_PIPE_BUF" redefined
   39 | #define _POSIX_PIPE_BUF                     (512)
      |         ^~~~~~~~~~~~~~~
/scratch2/dima/zephyr-chipyard-sw-fresh/tools-manual/zephyr-sdk-1.0.0-beta1/gnu/riscv64-zephyr-elf/riscv64-zephyr-elf/sys-include/sys/syslimits.h:79:9: note: this is the location of the previous definition
   79 | #define _POSIX_PIPE_BUF         512
      |         ^~~~~~~~~~~~~~~
/scratch2/agustin/zephyr-chipyard-sw/zephyr_ws/zephyr/include/zephyr/posix/posix_limits.h:40:9: warning: "_POSIX_RE_DUP_MAX" redefined
   40 | #define _POSIX_RE_DUP_MAX                   (255)
      |         ^~~~~~~~~~~~~~~~~
/scratch2/dima/zephyr-chipyard-sw-fresh/tools-manual/zephyr-sdk-1.0.0-beta1/gnu/riscv64-zephyr-elf/riscv64-zephyr-elf/sys-include/sys/syslimits.h:80:9: note: this is the location of the previous definition
   80 | #define _POSIX_RE_DUP_MAX       255
      |         ^~~~~~~~~~~~~~~~~
/scratch2/agustin/zephyr-chipyard-sw/zephyr_ws/zephyr/include/zephyr/posix/posix_limits.h:41:9: warning: "_POSIX_RTSIG_MAX" redefined
   41 | #define _POSIX_RTSIG_MAX                    (8)
      |         ^~~~~~~~~~~~~~~~
/scratch2/dima/zephyr-chipyard-sw-fresh/tools-manual/zephyr-sdk-1.0.0-beta1/gnu/riscv64-zephyr-elf/riscv64-zephyr-elf/sys-include/sys/syslimits.h:81:9: note: this is the location of the previous definition
   81 | #define _POSIX_RTSIG_MAX        8
      |         ^~~~~~~~~~~~~~~~
/scratch2/agustin/zephyr-chipyard-sw/zephyr_ws/zephyr/include/zephyr/posix/posix_limits.h:42:9: warning: "_POSIX_SEM_NSEMS_MAX" redefined
   42 | #define _POSIX_SEM_NSEMS_MAX                (256)
      |         ^~~~~~~~~~~~~~~~~~~~
/scratch2/dima/zephyr-chipyard-sw-fresh/tools-manual/zephyr-sdk-1.0.0-beta1/gnu/riscv64-zephyr-elf/riscv64-zephyr-elf/sys-include/sys/syslimits.h:82:9: note: this is the location of the previous definition
   82 | #define _POSIX_SEM_NSEMS_MAX    256
      |         ^~~~~~~~~~~~~~~~~~~~
/scratch2/agustin/zephyr-chipyard-sw/zephyr_ws/zephyr/include/zephyr/posix/posix_limits.h:43:9: warning: "_POSIX_SEM_VALUE_MAX" redefined
   43 | #define _POSIX_SEM_VALUE_MAX                (32767)
      |         ^~~~~~~~~~~~~~~~~~~~
/scratch2/dima/zephyr-chipyard-sw-fresh/tools-manual/zephyr-sdk-1.0.0-beta1/gnu/riscv64-zephyr-elf/riscv64-zephyr-elf/sys-include/sys/syslimits.h:83:9: note: this is the location of the previous definition
   83 | #define _POSIX_SEM_VALUE_MAX    32767
      |         ^~~~~~~~~~~~~~~~~~~~
/scratch2/agustin/zephyr-chipyard-sw/zephyr_ws/zephyr/include/zephyr/posix/posix_limits.h:44:9: warning: "_POSIX_SIGQUEUE_MAX" redefined
   44 | #define _POSIX_SIGQUEUE_MAX                 (32)
      |         ^~~~~~~~~~~~~~~~~~~
/scratch2/dima/zephyr-chipyard-sw-fresh/tools-manual/zephyr-sdk-1.0.0-beta1/gnu/riscv64-zephyr-elf/riscv64-zephyr-elf/sys-include/sys/syslimits.h:84:9: note: this is the location of the previous definition
   84 | #define _POSIX_SIGQUEUE_MAX     32
      |         ^~~~~~~~~~~~~~~~~~~
/scratch2/agustin/zephyr-chipyard-sw/zephyr_ws/zephyr/include/zephyr/posix/posix_limits.h:45:9: warning: "_POSIX_SSIZE_MAX" redefined
   45 | #define _POSIX_SSIZE_MAX                    (32767)
      |         ^~~~~~~~~~~~~~~~
/scratch2/dima/zephyr-chipyard-sw-fresh/tools-manual/zephyr-sdk-1.0.0-beta1/gnu/riscv64-zephyr-elf/riscv64-zephyr-elf/sys-include/sys/syslimits.h:85:9: note: this is the location of the previous definition
   85 | #define _POSIX_SSIZE_MAX        32767
      |         ^~~~~~~~~~~~~~~~
/scratch2/agustin/zephyr-chipyard-sw/zephyr_ws/zephyr/include/zephyr/posix/posix_limits.h:46:9: warning: "_POSIX_SS_REPL_MAX" redefined
   46 | #define _POSIX_SS_REPL_MAX                  (4)
      |         ^~~~~~~~~~~~~~~~~~
/scratch2/dima/zephyr-chipyard-sw-fresh/tools-manual/zephyr-sdk-1.0.0-beta1/gnu/riscv64-zephyr-elf/riscv64-zephyr-elf/sys-include/sys/syslimits.h:86:9: note: this is the location of the previous definition
   86 | #define _POSIX_SS_REPL_MAX      4
      |         ^~~~~~~~~~~~~~~~~~
/scratch2/agustin/zephyr-chipyard-sw/zephyr_ws/zephyr/include/zephyr/posix/posix_limits.h:47:9: warning: "_POSIX_STREAM_MAX" redefined
   47 | #define _POSIX_STREAM_MAX                   (8)
      |         ^~~~~~~~~~~~~~~~~
/scratch2/dima/zephyr-chipyard-sw-fresh/tools-manual/zephyr-sdk-1.0.0-beta1/gnu/riscv64-zephyr-elf/riscv64-zephyr-elf/sys-include/sys/syslimits.h:87:9: note: this is the location of the previous definition
   87 | #define _POSIX_STREAM_MAX       8
      |         ^~~~~~~~~~~~~~~~~
/scratch2/agustin/zephyr-chipyard-sw/zephyr_ws/zephyr/include/zephyr/posix/posix_limits.h:48:9: warning: "_POSIX_SYMLINK_MAX" redefined
   48 | #define _POSIX_SYMLINK_MAX                  (255)
      |         ^~~~~~~~~~~~~~~~~~
/scratch2/dima/zephyr-chipyard-sw-fresh/tools-manual/zephyr-sdk-1.0.0-beta1/gnu/riscv64-zephyr-elf/riscv64-zephyr-elf/sys-include/sys/syslimits.h:88:9: note: this is the location of the previous definition
   88 | #define _POSIX_SYMLINK_MAX      255
      |         ^~~~~~~~~~~~~~~~~~
/scratch2/agustin/zephyr-chipyard-sw/zephyr_ws/zephyr/include/zephyr/posix/posix_limits.h:49:9: warning: "_POSIX_SYMLOOP_MAX" redefined
   49 | #define _POSIX_SYMLOOP_MAX                  (8)
      |         ^~~~~~~~~~~~~~~~~~
/scratch2/dima/zephyr-chipyard-sw-fresh/tools-manual/zephyr-sdk-1.0.0-beta1/gnu/riscv64-zephyr-elf/riscv64-zephyr-elf/sys-include/sys/syslimits.h:89:9: note: this is the location of the previous definition
   89 | #define _POSIX_SYMLOOP_MAX      8
      |         ^~~~~~~~~~~~~~~~~~
/scratch2/agustin/zephyr-chipyard-sw/zephyr_ws/zephyr/include/zephyr/posix/posix_limits.h:50:9: warning: "_POSIX_THREAD_DESTRUCTOR_ITERATIONS" redefined
   50 | #define _POSIX_THREAD_DESTRUCTOR_ITERATIONS (4)
      |         ^~~~~~~~~~~~~~~~~~~~~~~~~~~~~~~~~~~
/scratch2/dima/zephyr-chipyard-sw-fresh/tools-manual/zephyr-sdk-1.0.0-beta1/gnu/riscv64-zephyr-elf/riscv64-zephyr-elf/sys-include/sys/syslimits.h:90:9: note: this is the location of the previous definition
   90 | #define _POSIX_THREAD_DESTRUCTOR_ITERATIONS     4
      |         ^~~~~~~~~~~~~~~~~~~~~~~~~~~~~~~~~~~
/scratch2/agustin/zephyr-chipyard-sw/zephyr_ws/zephyr/include/zephyr/posix/posix_limits.h:51:9: warning: "_POSIX_THREAD_KEYS_MAX" redefined
   51 | #define _POSIX_THREAD_KEYS_MAX              (128)
      |         ^~~~~~~~~~~~~~~~~~~~~~
/scratch2/dima/zephyr-chipyard-sw-fresh/tools-manual/zephyr-sdk-1.0.0-beta1/gnu/riscv64-zephyr-elf/riscv64-zephyr-elf/sys-include/sys/syslimits.h:91:9: note: this is the location of the previous definition
   91 | #define _POSIX_THREAD_KEYS_MAX  128
      |         ^~~~~~~~~~~~~~~~~~~~~~
/scratch2/agustin/zephyr-chipyard-sw/zephyr_ws/zephyr/include/zephyr/posix/posix_limits.h:52:9: warning: "_POSIX_THREAD_THREADS_MAX" redefined
   52 | #define _POSIX_THREAD_THREADS_MAX           (64)
      |         ^~~~~~~~~~~~~~~~~~~~~~~~~
/scratch2/dima/zephyr-chipyard-sw-fresh/tools-manual/zephyr-sdk-1.0.0-beta1/gnu/riscv64-zephyr-elf/riscv64-zephyr-elf/sys-include/sys/syslimits.h:92:9: note: this is the location of the previous definition
   92 | #define _POSIX_THREAD_THREADS_MAX       64
      |         ^~~~~~~~~~~~~~~~~~~~~~~~~
/scratch2/agustin/zephyr-chipyard-sw/zephyr_ws/zephyr/include/zephyr/posix/posix_limits.h:53:9: warning: "_POSIX_TIMER_MAX" redefined
   53 | #define _POSIX_TIMER_MAX                    (32)
      |         ^~~~~~~~~~~~~~~~
/scratch2/dima/zephyr-chipyard-sw-fresh/tools-manual/zephyr-sdk-1.0.0-beta1/gnu/riscv64-zephyr-elf/riscv64-zephyr-elf/sys-include/sys/syslimits.h:93:9: note: this is the location of the previous definition
   93 | #define _POSIX_TIMER_MAX        32
      |         ^~~~~~~~~~~~~~~~
/scratch2/agustin/zephyr-chipyard-sw/zephyr_ws/zephyr/include/zephyr/posix/posix_limits.h:54:9: warning: "_POSIX_TRACE_EVENT_NAME_MAX" redefined
   54 | #define _POSIX_TRACE_EVENT_NAME_MAX         (30)
      |         ^~~~~~~~~~~~~~~~~~~~~~~~~~~
/scratch2/dima/zephyr-chipyard-sw-fresh/tools-manual/zephyr-sdk-1.0.0-beta1/gnu/riscv64-zephyr-elf/riscv64-zephyr-elf/sys-include/sys/syslimits.h:94:9: note: this is the location of the previous definition
   94 | #define _POSIX_TRACE_EVENT_NAME_MAX     30
      |         ^~~~~~~~~~~~~~~~~~~~~~~~~~~
/scratch2/agustin/zephyr-chipyard-sw/zephyr_ws/zephyr/include/zephyr/posix/posix_limits.h:55:9: warning: "_POSIX_TRACE_NAME_MAX" redefined
   55 | #define _POSIX_TRACE_NAME_MAX               (8)
      |         ^~~~~~~~~~~~~~~~~~~~~
/scratch2/dima/zephyr-chipyard-sw-fresh/tools-manual/zephyr-sdk-1.0.0-beta1/gnu/riscv64-zephyr-elf/riscv64-zephyr-elf/sys-include/sys/syslimits.h:95:9: note: this is the location of the previous definition
   95 | #define _POSIX_TRACE_NAME_MAX   8
      |         ^~~~~~~~~~~~~~~~~~~~~
/scratch2/agustin/zephyr-chipyard-sw/zephyr_ws/zephyr/include/zephyr/posix/posix_limits.h:56:9: warning: "_POSIX_TRACE_SYS_MAX" redefined
   56 | #define _POSIX_TRACE_SYS_MAX                (8)
      |         ^~~~~~~~~~~~~~~~~~~~
/scratch2/dima/zephyr-chipyard-sw-fresh/tools-manual/zephyr-sdk-1.0.0-beta1/gnu/riscv64-zephyr-elf/riscv64-zephyr-elf/sys-include/sys/syslimits.h:96:9: note: this is the location of the previous definition
   96 | #define _POSIX_TRACE_SYS_MAX    8
      |         ^~~~~~~~~~~~~~~~~~~~
/scratch2/agustin/zephyr-chipyard-sw/zephyr_ws/zephyr/include/zephyr/posix/posix_limits.h:57:9: warning: "_POSIX_TRACE_USER_EVENT_MAX" redefined
   57 | #define _POSIX_TRACE_USER_EVENT_MAX         (32)
      |         ^~~~~~~~~~~~~~~~~~~~~~~~~~~
/scratch2/dima/zephyr-chipyard-sw-fresh/tools-manual/zephyr-sdk-1.0.0-beta1/gnu/riscv64-zephyr-elf/riscv64-zephyr-elf/sys-include/sys/syslimits.h:97:9: note: this is the location of the previous definition
   97 | #define _POSIX_TRACE_USER_EVENT_MAX     32
      |         ^~~~~~~~~~~~~~~~~~~~~~~~~~~
/scratch2/agustin/zephyr-chipyard-sw/zephyr_ws/zephyr/include/zephyr/posix/posix_limits.h:58:9: warning: "_POSIX_TTY_NAME_MAX" redefined
   58 | #define _POSIX_TTY_NAME_MAX                 (9)
      |         ^~~~~~~~~~~~~~~~~~~
/scratch2/dima/zephyr-chipyard-sw-fresh/tools-manual/zephyr-sdk-1.0.0-beta1/gnu/riscv64-zephyr-elf/riscv64-zephyr-elf/sys-include/sys/syslimits.h:98:9: note: this is the location of the previous definition
   98 | #define _POSIX_TTY_NAME_MAX     9
      |         ^~~~~~~~~~~~~~~~~~~
/scratch2/agustin/zephyr-chipyard-sw/zephyr_ws/zephyr/include/zephyr/posix/posix_limits.h:59:9: warning: "_POSIX_TZNAME_MAX" redefined
   59 | #define _POSIX_TZNAME_MAX                   (6)
      |         ^~~~~~~~~~~~~~~~~
/scratch2/dima/zephyr-chipyard-sw-fresh/tools-manual/zephyr-sdk-1.0.0-beta1/gnu/riscv64-zephyr-elf/riscv64-zephyr-elf/sys-include/sys/syslimits.h:99:9: note: this is the location of the previous definition
   99 | #define _POSIX_TZNAME_MAX       3
      |         ^~~~~~~~~~~~~~~~~
/scratch2/agustin/zephyr-chipyard-sw/zephyr_ws/zephyr/include/zephyr/posix/posix_limits.h:60:9: warning: "_POSIX2_BC_BASE_MAX" redefined
   60 | #define _POSIX2_BC_BASE_MAX                 (99)
      |         ^~~~~~~~~~~~~~~~~~~
/scratch2/dima/zephyr-chipyard-sw-fresh/tools-manual/zephyr-sdk-1.0.0-beta1/gnu/riscv64-zephyr-elf/riscv64-zephyr-elf/sys-include/sys/syslimits.h:100:9: note: this is the location of the previous definition
  100 | #define _POSIX2_BC_BASE_MAX     99
      |         ^~~~~~~~~~~~~~~~~~~
/scratch2/agustin/zephyr-chipyard-sw/zephyr_ws/zephyr/include/zephyr/posix/posix_limits.h:61:9: warning: "_POSIX2_BC_DIM_MAX" redefined
   61 | #define _POSIX2_BC_DIM_MAX                  (2048)
      |         ^~~~~~~~~~~~~~~~~~
/scratch2/dima/zephyr-chipyard-sw-fresh/tools-manual/zephyr-sdk-1.0.0-beta1/gnu/riscv64-zephyr-elf/riscv64-zephyr-elf/sys-include/sys/syslimits.h:101:9: note: this is the location of the previous definition
  101 | #define _POSIX2_BC_DIM_MAX      2048
      |         ^~~~~~~~~~~~~~~~~~
/scratch2/agustin/zephyr-chipyard-sw/zephyr_ws/zephyr/include/zephyr/posix/posix_limits.h:62:9: warning: "_POSIX2_BC_SCALE_MAX" redefined
   62 | #define _POSIX2_BC_SCALE_MAX                (99)
      |         ^~~~~~~~~~~~~~~~~~~~
/scratch2/dima/zephyr-chipyard-sw-fresh/tools-manual/zephyr-sdk-1.0.0-beta1/gnu/riscv64-zephyr-elf/riscv64-zephyr-elf/sys-include/sys/syslimits.h:102:9: note: this is the location of the previous definition
  102 | #define _POSIX2_BC_SCALE_MAX    99
      |         ^~~~~~~~~~~~~~~~~~~~
/scratch2/agustin/zephyr-chipyard-sw/zephyr_ws/zephyr/include/zephyr/posix/posix_limits.h:63:9: warning: "_POSIX2_BC_STRING_MAX" redefined
   63 | #define _POSIX2_BC_STRING_MAX               (1000)
      |         ^~~~~~~~~~~~~~~~~~~~~
/scratch2/dima/zephyr-chipyard-sw-fresh/tools-manual/zephyr-sdk-1.0.0-beta1/gnu/riscv64-zephyr-elf/riscv64-zephyr-elf/sys-include/sys/syslimits.h:103:9: note: this is the location of the previous definition
  103 | #define _POSIX2_BC_STRING_MAX   1000
      |         ^~~~~~~~~~~~~~~~~~~~~
/scratch2/agustin/zephyr-chipyard-sw/zephyr_ws/zephyr/include/zephyr/posix/posix_limits.h:64:9: warning: "_POSIX2_CHARCLASS_NAME_MAX" redefined
   64 | #define _POSIX2_CHARCLASS_NAME_MAX          (14)
      |         ^~~~~~~~~~~~~~~~~~~~~~~~~~
/scratch2/dima/zephyr-chipyard-sw-fresh/tools-manual/zephyr-sdk-1.0.0-beta1/gnu/riscv64-zephyr-elf/riscv64-zephyr-elf/sys-include/sys/syslimits.h:104:9: note: this is the location of the previous definition
  104 | #define _POSIX2_CHARCLASS_NAME_MAX      14
      |         ^~~~~~~~~~~~~~~~~~~~~~~~~~
/scratch2/agustin/zephyr-chipyard-sw/zephyr_ws/zephyr/include/zephyr/posix/posix_limits.h:65:9: warning: "_POSIX2_COLL_WEIGHTS_MAX" redefined
   65 | #define _POSIX2_COLL_WEIGHTS_MAX            (2)
      |         ^~~~~~~~~~~~~~~~~~~~~~~~
/scratch2/dima/zephyr-chipyard-sw-fresh/tools-manual/zephyr-sdk-1.0.0-beta1/gnu/riscv64-zephyr-elf/riscv64-zephyr-elf/sys-include/sys/syslimits.h:105:9: note: this is the location of the previous definition
  105 | #define _POSIX2_COLL_WEIGHTS_MAX        2
      |         ^~~~~~~~~~~~~~~~~~~~~~~~
/scratch2/agustin/zephyr-chipyard-sw/zephyr_ws/zephyr/include/zephyr/posix/posix_limits.h:66:9: warning: "_POSIX2_EXPR_NEST_MAX" redefined
   66 | #define _POSIX2_EXPR_NEST_MAX               (32)
      |         ^~~~~~~~~~~~~~~~~~~~~
/scratch2/dima/zephyr-chipyard-sw-fresh/tools-manual/zephyr-sdk-1.0.0-beta1/gnu/riscv64-zephyr-elf/riscv64-zephyr-elf/sys-include/sys/syslimits.h:106:9: note: this is the location of the previous definition
  106 | #define _POSIX2_EXPR_NEST_MAX   32
      |         ^~~~~~~~~~~~~~~~~~~~~
/scratch2/agustin/zephyr-chipyard-sw/zephyr_ws/zephyr/include/zephyr/posix/posix_limits.h:67:9: warning: "_POSIX2_LINE_MAX" redefined
   67 | #define _POSIX2_LINE_MAX                    (2048)
      |         ^~~~~~~~~~~~~~~~
/scratch2/dima/zephyr-chipyard-sw-fresh/tools-manual/zephyr-sdk-1.0.0-beta1/gnu/riscv64-zephyr-elf/riscv64-zephyr-elf/sys-include/sys/syslimits.h:107:9: note: this is the location of the previous definition
  107 | #define _POSIX2_LINE_MAX        2048
      |         ^~~~~~~~~~~~~~~~
/scratch2/agustin/zephyr-chipyard-sw/zephyr_ws/zephyr/include/zephyr/posix/posix_limits.h:83:9: warning: "ARG_MAX" redefined
   83 | #define ARG_MAX                       _POSIX_ARG_MAX
      |         ^~~~~~~
/scratch2/dima/zephyr-chipyard-sw-fresh/tools-manual/zephyr-sdk-1.0.0-beta1/gnu/riscv64-zephyr-elf/riscv64-zephyr-elf/sys-include/sys/syslimits.h:41:9: note: this is the location of the previous definition
   41 | #define ARG_MAX                 65536   /* max bytes for an exec function */
      |         ^~~~~~~
/scratch2/agustin/zephyr-chipyard-sw/zephyr_ws/zephyr/include/zephyr/posix/posix_limits.h:84:9: warning: "ATEXIT_MAX" redefined
   84 | #define ATEXIT_MAX                    (32)
      |         ^~~~~~~~~~
/scratch2/dima/zephyr-chipyard-sw-fresh/tools-manual/zephyr-sdk-1.0.0-beta1/gnu/riscv64-zephyr-elf/riscv64-zephyr-elf/sys-include/sys/syslimits.h:42:9: note: this is the location of the previous definition
   42 | #define ATEXIT_MAX                 32   /* max atexit functions */
      |         ^~~~~~~~~~
/scratch2/agustin/zephyr-chipyard-sw/zephyr_ws/zephyr/include/zephyr/posix/posix_limits.h:93:9: warning: "OPEN_MAX" redefined
   93 | #define OPEN_MAX                      CONFIG_POSIX_OPEN_MAX
      |         ^~~~~~~~
/scratch2/dima/zephyr-chipyard-sw-fresh/tools-manual/zephyr-sdk-1.0.0-beta1/gnu/riscv64-zephyr-elf/riscv64-zephyr-elf/sys-include/sys/syslimits.h:45:9: note: this is the location of the previous definition
   45 | #define OPEN_MAX                   64   /* max open files per process */
      |         ^~~~~~~~
/scratch2/agustin/zephyr-chipyard-sw/zephyr_ws/zephyr/include/zephyr/posix/posix_limits.h:96:9: warning: "PATH_MAX" redefined
   96 | #define PATH_MAX                      _POSIX_PATH_MAX
      |         ^~~~~~~~
/scratch2/dima/zephyr-chipyard-sw-fresh/tools-manual/zephyr-sdk-1.0.0-beta1/gnu/riscv64-zephyr-elf/riscv64-zephyr-elf/sys-include/sys/syslimits.h:53:9: note: this is the location of the previous definition
   53 | #define PATH_MAX                 1024   /* max bytes in pathname */
      |         ^~~~~~~~
/scratch2/agustin/zephyr-chipyard-sw/zephyr_ws/zephyr/include/zephyr/posix/posix_limits.h:114:9: warning: "TZNAME_MAX" redefined
  114 | #define TZNAME_MAX                    _POSIX_TZNAME_MAX
      |         ^~~~~~~~~~
/scratch2/dima/zephyr-chipyard-sw-fresh/tools-manual/zephyr-sdk-1.0.0-beta1/gnu/riscv64-zephyr-elf/riscv64-zephyr-elf/sys-include/sys/syslimits.h:46:9: note: this is the location of the previous definition
   46 | #define TZNAME_MAX                 10   /* max time zone name length */
      |         ^~~~~~~~~~
[150/202] Building C object zephyr/subsys/fs/CMakeFiles/subsys__fs.dir/fs.c.obj
[151/202] Building C object zephyr/lib/posix/options/CMakeFiles/lib__posix__options.dir/shm.c.obj
In file included from /scratch2/agustin/zephyr-chipyard-sw/zephyr_ws/zephyr/include/zephyr/posix/sys/sysconf.h:11,
                 from /scratch2/agustin/zephyr-chipyard-sw/zephyr_ws/zephyr/include/zephyr/posix/unistd.h:18,
                 from /scratch2/agustin/zephyr-chipyard-sw/zephyr_ws/zephyr/lib/posix/options/shm.c:18:
/scratch2/agustin/zephyr-chipyard-sw/zephyr_ws/zephyr/include/zephyr/posix/posix_limits.h:23:9: warning: "_POSIX_AIO_LISTIO_MAX" redefined
   23 | #define _POSIX_AIO_LISTIO_MAX               (2)
      |         ^~~~~~~~~~~~~~~~~~~~~
In file included from /scratch2/dima/zephyr-chipyard-sw-fresh/tools-manual/zephyr-sdk-1.0.0-beta1/gnu/riscv64-zephyr-elf/riscv64-zephyr-elf/sys-include/limits.h:6,
                 from /scratch2/dima/zephyr-chipyard-sw-fresh/tools-manual/zephyr-sdk-1.0.0-beta1/gnu/riscv64-zephyr-elf/lib/gcc/riscv64-zephyr-elf/14.3.0/include/limits.h:210,
                 from /scratch2/dima/zephyr-chipyard-sw-fresh/tools-manual/zephyr-sdk-1.0.0-beta1/gnu/riscv64-zephyr-elf/lib/gcc/riscv64-zephyr-elf/14.3.0/include/syslimits.h:7,
                 from /scratch2/dima/zephyr-chipyard-sw-fresh/tools-manual/zephyr-sdk-1.0.0-beta1/gnu/riscv64-zephyr-elf/lib/gcc/riscv64-zephyr-elf/14.3.0/include/limits.h:34,
                 from /scratch2/agustin/zephyr-chipyard-sw/zephyr_ws/zephyr/include/zephyr/kernel_includes.h:22,
                 from /scratch2/agustin/zephyr-chipyard-sw/zephyr_ws/zephyr/include/zephyr/kernel.h:17,
                 from /scratch2/agustin/zephyr-chipyard-sw/zephyr_ws/zephyr/kernel/include/kernel_arch_interface.h:20,
                 from /scratch2/agustin/zephyr-chipyard-sw/zephyr_ws/zephyr/lib/posix/options/shm.c:13:
/scratch2/dima/zephyr-chipyard-sw-fresh/tools-manual/zephyr-sdk-1.0.0-beta1/gnu/riscv64-zephyr-elf/riscv64-zephyr-elf/sys-include/sys/syslimits.h:63:9: note: this is the location of the previous definition
   63 | #define _POSIX_AIO_LISTIO_MAX   2
      |         ^~~~~~~~~~~~~~~~~~~~~
/scratch2/agustin/zephyr-chipyard-sw/zephyr_ws/zephyr/include/zephyr/posix/posix_limits.h:24:9: warning: "_POSIX_AIO_MAX" redefined
   24 | #define _POSIX_AIO_MAX                      (1)
      |         ^~~~~~~~~~~~~~
/scratch2/dima/zephyr-chipyard-sw-fresh/tools-manual/zephyr-sdk-1.0.0-beta1/gnu/riscv64-zephyr-elf/riscv64-zephyr-elf/sys-include/sys/syslimits.h:64:9: note: this is the location of the previous definition
   64 | #define _POSIX_AIO_MAX          1
      |         ^~~~~~~~~~~~~~
/scratch2/agustin/zephyr-chipyard-sw/zephyr_ws/zephyr/include/zephyr/posix/posix_limits.h:25:9: warning: "_POSIX_ARG_MAX" redefined
   25 | #define _POSIX_ARG_MAX                      (4096)
      |         ^~~~~~~~~~~~~~
/scratch2/dima/zephyr-chipyard-sw-fresh/tools-manual/zephyr-sdk-1.0.0-beta1/gnu/riscv64-zephyr-elf/riscv64-zephyr-elf/sys-include/sys/syslimits.h:65:9: note: this is the location of the previous definition
   65 | #define _POSIX_ARG_MAX          4096
      |         ^~~~~~~~~~~~~~
/scratch2/agustin/zephyr-chipyard-sw/zephyr_ws/zephyr/include/zephyr/posix/posix_limits.h:26:9: warning: "_POSIX_CHILD_MAX" redefined
   26 | #define _POSIX_CHILD_MAX                    (25)
      |         ^~~~~~~~~~~~~~~~
/scratch2/dima/zephyr-chipyard-sw-fresh/tools-manual/zephyr-sdk-1.0.0-beta1/gnu/riscv64-zephyr-elf/riscv64-zephyr-elf/sys-include/sys/syslimits.h:66:9: note: this is the location of the previous definition
   66 | #define _POSIX_CHILD_MAX        6
      |         ^~~~~~~~~~~~~~~~
/scratch2/agustin/zephyr-chipyard-sw/zephyr_ws/zephyr/include/zephyr/posix/posix_limits.h:27:9: warning: "_POSIX_DELAYTIMER_MAX" redefined
   27 | #define _POSIX_DELAYTIMER_MAX               (32)
      |         ^~~~~~~~~~~~~~~~~~~~~
/scratch2/dima/zephyr-chipyard-sw-fresh/tools-manual/zephyr-sdk-1.0.0-beta1/gnu/riscv64-zephyr-elf/riscv64-zephyr-elf/sys-include/sys/syslimits.h:67:9: note: this is the location of the previous definition
   67 | #define _POSIX_DELAYTIMER_MAX   32
      |         ^~~~~~~~~~~~~~~~~~~~~
/scratch2/agustin/zephyr-chipyard-sw/zephyr_ws/zephyr/include/zephyr/posix/posix_limits.h:28:9: warning: "_POSIX_HOST_NAME_MAX" redefined
   28 | #define _POSIX_HOST_NAME_MAX                (255)
      |         ^~~~~~~~~~~~~~~~~~~~
/scratch2/dima/zephyr-chipyard-sw-fresh/tools-manual/zephyr-sdk-1.0.0-beta1/gnu/riscv64-zephyr-elf/riscv64-zephyr-elf/sys-include/sys/syslimits.h:68:9: note: this is the location of the previous definition
   68 | #define _POSIX_HOST_NAME_MAX    255
      |         ^~~~~~~~~~~~~~~~~~~~
/scratch2/agustin/zephyr-chipyard-sw/zephyr_ws/zephyr/include/zephyr/posix/posix_limits.h:29:9: warning: "_POSIX_LINK_MAX" redefined
   29 | #define _POSIX_LINK_MAX                     (8)
      |         ^~~~~~~~~~~~~~~
/scratch2/dima/zephyr-chipyard-sw-fresh/tools-manual/zephyr-sdk-1.0.0-beta1/gnu/riscv64-zephyr-elf/riscv64-zephyr-elf/sys-include/sys/syslimits.h:69:9: note: this is the location of the previous definition
   69 | #define _POSIX_LINK_MAX         8
      |         ^~~~~~~~~~~~~~~
/scratch2/agustin/zephyr-chipyard-sw/zephyr_ws/zephyr/include/zephyr/posix/posix_limits.h:30:9: warning: "_POSIX_LOGIN_NAME_MAX" redefined
   30 | #define _POSIX_LOGIN_NAME_MAX               (9)
      |         ^~~~~~~~~~~~~~~~~~~~~
/scratch2/dima/zephyr-chipyard-sw-fresh/tools-manual/zephyr-sdk-1.0.0-beta1/gnu/riscv64-zephyr-elf/riscv64-zephyr-elf/sys-include/sys/syslimits.h:70:9: note: this is the location of the previous definition
   70 | #define _POSIX_LOGIN_NAME_MAX   9
      |         ^~~~~~~~~~~~~~~~~~~~~
/scratch2/agustin/zephyr-chipyard-sw/zephyr_ws/zephyr/include/zephyr/posix/posix_limits.h:31:9: warning: "_POSIX_MAX_CANON" redefined
   31 | #define _POSIX_MAX_CANON                    (255)
      |         ^~~~~~~~~~~~~~~~
/scratch2/dima/zephyr-chipyard-sw-fresh/tools-manual/zephyr-sdk-1.0.0-beta1/gnu/riscv64-zephyr-elf/riscv64-zephyr-elf/sys-include/sys/syslimits.h:71:9: note: this is the location of the previous definition
   71 | #define _POSIX_MAX_CANON        255
      |         ^~~~~~~~~~~~~~~~
/scratch2/agustin/zephyr-chipyard-sw/zephyr_ws/zephyr/include/zephyr/posix/posix_limits.h:32:9: warning: "_POSIX_MAX_INPUT" redefined
   32 | #define _POSIX_MAX_INPUT                    (255)
      |         ^~~~~~~~~~~~~~~~
/scratch2/dima/zephyr-chipyard-sw-fresh/tools-manual/zephyr-sdk-1.0.0-beta1/gnu/riscv64-zephyr-elf/riscv64-zephyr-elf/sys-include/sys/syslimits.h:72:9: note: this is the location of the previous definition
   72 | #define _POSIX_MAX_INPUT        255
      |         ^~~~~~~~~~~~~~~~
/scratch2/agustin/zephyr-chipyard-sw/zephyr_ws/zephyr/include/zephyr/posix/posix_limits.h:33:9: warning: "_POSIX_MQ_OPEN_MAX" redefined
   33 | #define _POSIX_MQ_OPEN_MAX                  (8)
      |         ^~~~~~~~~~~~~~~~~~
/scratch2/dima/zephyr-chipyard-sw-fresh/tools-manual/zephyr-sdk-1.0.0-beta1/gnu/riscv64-zephyr-elf/riscv64-zephyr-elf/sys-include/sys/syslimits.h:73:9: note: this is the location of the previous definition
   73 | #define _POSIX_MQ_OPEN_MAX      8
      |         ^~~~~~~~~~~~~~~~~~
/scratch2/agustin/zephyr-chipyard-sw/zephyr_ws/zephyr/include/zephyr/posix/posix_limits.h:34:9: warning: "_POSIX_MQ_PRIO_MAX" redefined
   34 | #define _POSIX_MQ_PRIO_MAX                  (32)
      |         ^~~~~~~~~~~~~~~~~~
/scratch2/dima/zephyr-chipyard-sw-fresh/tools-manual/zephyr-sdk-1.0.0-beta1/gnu/riscv64-zephyr-elf/riscv64-zephyr-elf/sys-include/sys/syslimits.h:74:9: note: this is the location of the previous definition
   74 | #define _POSIX_MQ_PRIO_MAX      32
      |         ^~~~~~~~~~~~~~~~~~
/scratch2/agustin/zephyr-chipyard-sw/zephyr_ws/zephyr/include/zephyr/posix/posix_limits.h:35:9: warning: "_POSIX_NAME_MAX" redefined
   35 | #define _POSIX_NAME_MAX                     (14)
      |         ^~~~~~~~~~~~~~~
/scratch2/dima/zephyr-chipyard-sw-fresh/tools-manual/zephyr-sdk-1.0.0-beta1/gnu/riscv64-zephyr-elf/riscv64-zephyr-elf/sys-include/sys/syslimits.h:75:9: note: this is the location of the previous definition
   75 | #define _POSIX_NAME_MAX         14
      |         ^~~~~~~~~~~~~~~
/scratch2/agustin/zephyr-chipyard-sw/zephyr_ws/zephyr/include/zephyr/posix/posix_limits.h:36:9: warning: "_POSIX_NGROUPS_MAX" redefined
   36 | #define _POSIX_NGROUPS_MAX                  (8)
      |         ^~~~~~~~~~~~~~~~~~
/scratch2/dima/zephyr-chipyard-sw-fresh/tools-manual/zephyr-sdk-1.0.0-beta1/gnu/riscv64-zephyr-elf/riscv64-zephyr-elf/sys-include/sys/syslimits.h:76:9: note: this is the location of the previous definition
   76 | #define _POSIX_NGROUPS_MAX      0
      |         ^~~~~~~~~~~~~~~~~~
/scratch2/agustin/zephyr-chipyard-sw/zephyr_ws/zephyr/include/zephyr/posix/posix_limits.h:37:9: warning: "_POSIX_OPEN_MAX" redefined
   37 | #define _POSIX_OPEN_MAX                     (20)
      |         ^~~~~~~~~~~~~~~
/scratch2/dima/zephyr-chipyard-sw-fresh/tools-manual/zephyr-sdk-1.0.0-beta1/gnu/riscv64-zephyr-elf/riscv64-zephyr-elf/sys-include/sys/syslimits.h:77:9: note: this is the location of the previous definition
   77 | #define _POSIX_OPEN_MAX         16
      |         ^~~~~~~~~~~~~~~
/scratch2/agustin/zephyr-chipyard-sw/zephyr_ws/zephyr/include/zephyr/posix/posix_limits.h:38:9: warning: "_POSIX_PATH_MAX" redefined
   38 | #define _POSIX_PATH_MAX                     (256)
      |         ^~~~~~~~~~~~~~~
/scratch2/dima/zephyr-chipyard-sw-fresh/tools-manual/zephyr-sdk-1.0.0-beta1/gnu/riscv64-zephyr-elf/riscv64-zephyr-elf/sys-include/sys/syslimits.h:78:9: note: this is the location of the previous definition
   78 | #define _POSIX_PATH_MAX         255
      |         ^~~~~~~~~~~~~~~
/scratch2/agustin/zephyr-chipyard-sw/zephyr_ws/zephyr/include/zephyr/posix/posix_limits.h:39:9: warning: "_POSIX_PIPE_BUF" redefined
   39 | #define _POSIX_PIPE_BUF                     (512)
      |         ^~~~~~~~~~~~~~~
/scratch2/dima/zephyr-chipyard-sw-fresh/tools-manual/zephyr-sdk-1.0.0-beta1/gnu/riscv64-zephyr-elf/riscv64-zephyr-elf/sys-include/sys/syslimits.h:79:9: note: this is the location of the previous definition
   79 | #define _POSIX_PIPE_BUF         512
      |         ^~~~~~~~~~~~~~~
/scratch2/agustin/zephyr-chipyard-sw/zephyr_ws/zephyr/include/zephyr/posix/posix_limits.h:40:9: warning: "_POSIX_RE_DUP_MAX" redefined
   40 | #define _POSIX_RE_DUP_MAX                   (255)
      |         ^~~~~~~~~~~~~~~~~
/scratch2/dima/zephyr-chipyard-sw-fresh/tools-manual/zephyr-sdk-1.0.0-beta1/gnu/riscv64-zephyr-elf/riscv64-zephyr-elf/sys-include/sys/syslimits.h:80:9: note: this is the location of the previous definition
   80 | #define _POSIX_RE_DUP_MAX       255
      |         ^~~~~~~~~~~~~~~~~
/scratch2/agustin/zephyr-chipyard-sw/zephyr_ws/zephyr/include/zephyr/posix/posix_limits.h:41:9: warning: "_POSIX_RTSIG_MAX" redefined
   41 | #define _POSIX_RTSIG_MAX                    (8)
      |         ^~~~~~~~~~~~~~~~
/scratch2/dima/zephyr-chipyard-sw-fresh/tools-manual/zephyr-sdk-1.0.0-beta1/gnu/riscv64-zephyr-elf/riscv64-zephyr-elf/sys-include/sys/syslimits.h:81:9: note: this is the location of the previous definition
   81 | #define _POSIX_RTSIG_MAX        8
      |         ^~~~~~~~~~~~~~~~
/scratch2/agustin/zephyr-chipyard-sw/zephyr_ws/zephyr/include/zephyr/posix/posix_limits.h:42:9: warning: "_POSIX_SEM_NSEMS_MAX" redefined
   42 | #define _POSIX_SEM_NSEMS_MAX                (256)
      |         ^~~~~~~~~~~~~~~~~~~~
/scratch2/dima/zephyr-chipyard-sw-fresh/tools-manual/zephyr-sdk-1.0.0-beta1/gnu/riscv64-zephyr-elf/riscv64-zephyr-elf/sys-include/sys/syslimits.h:82:9: note: this is the location of the previous definition
   82 | #define _POSIX_SEM_NSEMS_MAX    256
      |         ^~~~~~~~~~~~~~~~~~~~
/scratch2/agustin/zephyr-chipyard-sw/zephyr_ws/zephyr/include/zephyr/posix/posix_limits.h:43:9: warning: "_POSIX_SEM_VALUE_MAX" redefined
   43 | #define _POSIX_SEM_VALUE_MAX                (32767)
      |         ^~~~~~~~~~~~~~~~~~~~
/scratch2/dima/zephyr-chipyard-sw-fresh/tools-manual/zephyr-sdk-1.0.0-beta1/gnu/riscv64-zephyr-elf/riscv64-zephyr-elf/sys-include/sys/syslimits.h:83:9: note: this is the location of the previous definition
   83 | #define _POSIX_SEM_VALUE_MAX    32767
      |         ^~~~~~~~~~~~~~~~~~~~
/scratch2/agustin/zephyr-chipyard-sw/zephyr_ws/zephyr/include/zephyr/posix/posix_limits.h:44:9: warning: "_POSIX_SIGQUEUE_MAX" redefined
   44 | #define _POSIX_SIGQUEUE_MAX                 (32)
      |         ^~~~~~~~~~~~~~~~~~~
/scratch2/dima/zephyr-chipyard-sw-fresh/tools-manual/zephyr-sdk-1.0.0-beta1/gnu/riscv64-zephyr-elf/riscv64-zephyr-elf/sys-include/sys/syslimits.h:84:9: note: this is the location of the previous definition
   84 | #define _POSIX_SIGQUEUE_MAX     32
      |         ^~~~~~~~~~~~~~~~~~~
/scratch2/agustin/zephyr-chipyard-sw/zephyr_ws/zephyr/include/zephyr/posix/posix_limits.h:45:9: warning: "_POSIX_SSIZE_MAX" redefined
   45 | #define _POSIX_SSIZE_MAX                    (32767)
      |         ^~~~~~~~~~~~~~~~
/scratch2/dima/zephyr-chipyard-sw-fresh/tools-manual/zephyr-sdk-1.0.0-beta1/gnu/riscv64-zephyr-elf/riscv64-zephyr-elf/sys-include/sys/syslimits.h:85:9: note: this is the location of the previous definition
   85 | #define _POSIX_SSIZE_MAX        32767
      |         ^~~~~~~~~~~~~~~~
/scratch2/agustin/zephyr-chipyard-sw/zephyr_ws/zephyr/include/zephyr/posix/posix_limits.h:46:9: warning: "_POSIX_SS_REPL_MAX" redefined
   46 | #define _POSIX_SS_REPL_MAX                  (4)
      |         ^~~~~~~~~~~~~~~~~~
/scratch2/dima/zephyr-chipyard-sw-fresh/tools-manual/zephyr-sdk-1.0.0-beta1/gnu/riscv64-zephyr-elf/riscv64-zephyr-elf/sys-include/sys/syslimits.h:86:9: note: this is the location of the previous definition
   86 | #define _POSIX_SS_REPL_MAX      4
      |         ^~~~~~~~~~~~~~~~~~
/scratch2/agustin/zephyr-chipyard-sw/zephyr_ws/zephyr/include/zephyr/posix/posix_limits.h:47:9: warning: "_POSIX_STREAM_MAX" redefined
   47 | #define _POSIX_STREAM_MAX                   (8)
      |         ^~~~~~~~~~~~~~~~~
/scratch2/dima/zephyr-chipyard-sw-fresh/tools-manual/zephyr-sdk-1.0.0-beta1/gnu/riscv64-zephyr-elf/riscv64-zephyr-elf/sys-include/sys/syslimits.h:87:9: note: this is the location of the previous definition
   87 | #define _POSIX_STREAM_MAX       8
      |         ^~~~~~~~~~~~~~~~~
/scratch2/agustin/zephyr-chipyard-sw/zephyr_ws/zephyr/include/zephyr/posix/posix_limits.h:48:9: warning: "_POSIX_SYMLINK_MAX" redefined
   48 | #define _POSIX_SYMLINK_MAX                  (255)
      |         ^~~~~~~~~~~~~~~~~~
/scratch2/dima/zephyr-chipyard-sw-fresh/tools-manual/zephyr-sdk-1.0.0-beta1/gnu/riscv64-zephyr-elf/riscv64-zephyr-elf/sys-include/sys/syslimits.h:88:9: note: this is the location of the previous definition
   88 | #define _POSIX_SYMLINK_MAX      255
      |         ^~~~~~~~~~~~~~~~~~
/scratch2/agustin/zephyr-chipyard-sw/zephyr_ws/zephyr/include/zephyr/posix/posix_limits.h:49:9: warning: "_POSIX_SYMLOOP_MAX" redefined
   49 | #define _POSIX_SYMLOOP_MAX                  (8)
      |         ^~~~~~~~~~~~~~~~~~
/scratch2/dima/zephyr-chipyard-sw-fresh/tools-manual/zephyr-sdk-1.0.0-beta1/gnu/riscv64-zephyr-elf/riscv64-zephyr-elf/sys-include/sys/syslimits.h:89:9: note: this is the location of the previous definition
   89 | #define _POSIX_SYMLOOP_MAX      8
      |         ^~~~~~~~~~~~~~~~~~
/scratch2/agustin/zephyr-chipyard-sw/zephyr_ws/zephyr/include/zephyr/posix/posix_limits.h:50:9: warning: "_POSIX_THREAD_DESTRUCTOR_ITERATIONS" redefined
   50 | #define _POSIX_THREAD_DESTRUCTOR_ITERATIONS (4)
      |         ^~~~~~~~~~~~~~~~~~~~~~~~~~~~~~~~~~~
/scratch2/dima/zephyr-chipyard-sw-fresh/tools-manual/zephyr-sdk-1.0.0-beta1/gnu/riscv64-zephyr-elf/riscv64-zephyr-elf/sys-include/sys/syslimits.h:90:9: note: this is the location of the previous definition
   90 | #define _POSIX_THREAD_DESTRUCTOR_ITERATIONS     4
      |         ^~~~~~~~~~~~~~~~~~~~~~~~~~~~~~~~~~~
/scratch2/agustin/zephyr-chipyard-sw/zephyr_ws/zephyr/include/zephyr/posix/posix_limits.h:51:9: warning: "_POSIX_THREAD_KEYS_MAX" redefined
   51 | #define _POSIX_THREAD_KEYS_MAX              (128)
      |         ^~~~~~~~~~~~~~~~~~~~~~
/scratch2/dima/zephyr-chipyard-sw-fresh/tools-manual/zephyr-sdk-1.0.0-beta1/gnu/riscv64-zephyr-elf/riscv64-zephyr-elf/sys-include/sys/syslimits.h:91:9: note: this is the location of the previous definition
   91 | #define _POSIX_THREAD_KEYS_MAX  128
      |         ^~~~~~~~~~~~~~~~~~~~~~
/scratch2/agustin/zephyr-chipyard-sw/zephyr_ws/zephyr/include/zephyr/posix/posix_limits.h:52:9: warning: "_POSIX_THREAD_THREADS_MAX" redefined
   52 | #define _POSIX_THREAD_THREADS_MAX           (64)
      |         ^~~~~~~~~~~~~~~~~~~~~~~~~
/scratch2/dima/zephyr-chipyard-sw-fresh/tools-manual/zephyr-sdk-1.0.0-beta1/gnu/riscv64-zephyr-elf/riscv64-zephyr-elf/sys-include/sys/syslimits.h:92:9: note: this is the location of the previous definition
   92 | #define _POSIX_THREAD_THREADS_MAX       64
      |         ^~~~~~~~~~~~~~~~~~~~~~~~~
/scratch2/agustin/zephyr-chipyard-sw/zephyr_ws/zephyr/include/zephyr/posix/posix_limits.h:53:9: warning: "_POSIX_TIMER_MAX" redefined
   53 | #define _POSIX_TIMER_MAX                    (32)
      |         ^~~~~~~~~~~~~~~~
/scratch2/dima/zephyr-chipyard-sw-fresh/tools-manual/zephyr-sdk-1.0.0-beta1/gnu/riscv64-zephyr-elf/riscv64-zephyr-elf/sys-include/sys/syslimits.h:93:9: note: this is the location of the previous definition
   93 | #define _POSIX_TIMER_MAX        32
      |         ^~~~~~~~~~~~~~~~
/scratch2/agustin/zephyr-chipyard-sw/zephyr_ws/zephyr/include/zephyr/posix/posix_limits.h:54:9: warning: "_POSIX_TRACE_EVENT_NAME_MAX" redefined
   54 | #define _POSIX_TRACE_EVENT_NAME_MAX         (30)
      |         ^~~~~~~~~~~~~~~~~~~~~~~~~~~
/scratch2/dima/zephyr-chipyard-sw-fresh/tools-manual/zephyr-sdk-1.0.0-beta1/gnu/riscv64-zephyr-elf/riscv64-zephyr-elf/sys-include/sys/syslimits.h:94:9: note: this is the location of the previous definition
   94 | #define _POSIX_TRACE_EVENT_NAME_MAX     30
      |         ^~~~~~~~~~~~~~~~~~~~~~~~~~~
/scratch2/agustin/zephyr-chipyard-sw/zephyr_ws/zephyr/include/zephyr/posix/posix_limits.h:55:9: warning: "_POSIX_TRACE_NAME_MAX" redefined
   55 | #define _POSIX_TRACE_NAME_MAX               (8)
      |         ^~~~~~~~~~~~~~~~~~~~~
/scratch2/dima/zephyr-chipyard-sw-fresh/tools-manual/zephyr-sdk-1.0.0-beta1/gnu/riscv64-zephyr-elf/riscv64-zephyr-elf/sys-include/sys/syslimits.h:95:9: note: this is the location of the previous definition
   95 | #define _POSIX_TRACE_NAME_MAX   8
      |         ^~~~~~~~~~~~~~~~~~~~~
/scratch2/agustin/zephyr-chipyard-sw/zephyr_ws/zephyr/include/zephyr/posix/posix_limits.h:56:9: warning: "_POSIX_TRACE_SYS_MAX" redefined
   56 | #define _POSIX_TRACE_SYS_MAX                (8)
      |         ^~~~~~~~~~~~~~~~~~~~
/scratch2/dima/zephyr-chipyard-sw-fresh/tools-manual/zephyr-sdk-1.0.0-beta1/gnu/riscv64-zephyr-elf/riscv64-zephyr-elf/sys-include/sys/syslimits.h:96:9: note: this is the location of the previous definition
   96 | #define _POSIX_TRACE_SYS_MAX    8
      |         ^~~~~~~~~~~~~~~~~~~~
/scratch2/agustin/zephyr-chipyard-sw/zephyr_ws/zephyr/include/zephyr/posix/posix_limits.h:57:9: warning: "_POSIX_TRACE_USER_EVENT_MAX" redefined
   57 | #define _POSIX_TRACE_USER_EVENT_MAX         (32)
      |         ^~~~~~~~~~~~~~~~~~~~~~~~~~~
/scratch2/dima/zephyr-chipyard-sw-fresh/tools-manual/zephyr-sdk-1.0.0-beta1/gnu/riscv64-zephyr-elf/riscv64-zephyr-elf/sys-include/sys/syslimits.h:97:9: note: this is the location of the previous definition
   97 | #define _POSIX_TRACE_USER_EVENT_MAX     32
      |         ^~~~~~~~~~~~~~~~~~~~~~~~~~~
/scratch2/agustin/zephyr-chipyard-sw/zephyr_ws/zephyr/include/zephyr/posix/posix_limits.h:58:9: warning: "_POSIX_TTY_NAME_MAX" redefined
   58 | #define _POSIX_TTY_NAME_MAX                 (9)
      |         ^~~~~~~~~~~~~~~~~~~
/scratch2/dima/zephyr-chipyard-sw-fresh/tools-manual/zephyr-sdk-1.0.0-beta1/gnu/riscv64-zephyr-elf/riscv64-zephyr-elf/sys-include/sys/syslimits.h:98:9: note: this is the location of the previous definition
   98 | #define _POSIX_TTY_NAME_MAX     9
      |         ^~~~~~~~~~~~~~~~~~~
/scratch2/agustin/zephyr-chipyard-sw/zephyr_ws/zephyr/include/zephyr/posix/posix_limits.h:59:9: warning: "_POSIX_TZNAME_MAX" redefined
   59 | #define _POSIX_TZNAME_MAX                   (6)
      |         ^~~~~~~~~~~~~~~~~
/scratch2/dima/zephyr-chipyard-sw-fresh/tools-manual/zephyr-sdk-1.0.0-beta1/gnu/riscv64-zephyr-elf/riscv64-zephyr-elf/sys-include/sys/syslimits.h:99:9: note: this is the location of the previous definition
   99 | #define _POSIX_TZNAME_MAX       3
      |         ^~~~~~~~~~~~~~~~~
/scratch2/agustin/zephyr-chipyard-sw/zephyr_ws/zephyr/include/zephyr/posix/posix_limits.h:60:9: warning: "_POSIX2_BC_BASE_MAX" redefined
   60 | #define _POSIX2_BC_BASE_MAX                 (99)
      |         ^~~~~~~~~~~~~~~~~~~
/scratch2/dima/zephyr-chipyard-sw-fresh/tools-manual/zephyr-sdk-1.0.0-beta1/gnu/riscv64-zephyr-elf/riscv64-zephyr-elf/sys-include/sys/syslimits.h:100:9: note: this is the location of the previous definition
  100 | #define _POSIX2_BC_BASE_MAX     99
      |         ^~~~~~~~~~~~~~~~~~~
/scratch2/agustin/zephyr-chipyard-sw/zephyr_ws/zephyr/include/zephyr/posix/posix_limits.h:61:9: warning: "_POSIX2_BC_DIM_MAX" redefined
   61 | #define _POSIX2_BC_DIM_MAX                  (2048)
      |         ^~~~~~~~~~~~~~~~~~
/scratch2/dima/zephyr-chipyard-sw-fresh/tools-manual/zephyr-sdk-1.0.0-beta1/gnu/riscv64-zephyr-elf/riscv64-zephyr-elf/sys-include/sys/syslimits.h:101:9: note: this is the location of the previous definition
  101 | #define _POSIX2_BC_DIM_MAX      2048
      |         ^~~~~~~~~~~~~~~~~~
/scratch2/agustin/zephyr-chipyard-sw/zephyr_ws/zephyr/include/zephyr/posix/posix_limits.h:62:9: warning: "_POSIX2_BC_SCALE_MAX" redefined
   62 | #define _POSIX2_BC_SCALE_MAX                (99)
      |         ^~~~~~~~~~~~~~~~~~~~
/scratch2/dima/zephyr-chipyard-sw-fresh/tools-manual/zephyr-sdk-1.0.0-beta1/gnu/riscv64-zephyr-elf/riscv64-zephyr-elf/sys-include/sys/syslimits.h:102:9: note: this is the location of the previous definition
  102 | #define _POSIX2_BC_SCALE_MAX    99
      |         ^~~~~~~~~~~~~~~~~~~~
/scratch2/agustin/zephyr-chipyard-sw/zephyr_ws/zephyr/include/zephyr/posix/posix_limits.h:63:9: warning: "_POSIX2_BC_STRING_MAX" redefined
   63 | #define _POSIX2_BC_STRING_MAX               (1000)
      |         ^~~~~~~~~~~~~~~~~~~~~
/scratch2/dima/zephyr-chipyard-sw-fresh/tools-manual/zephyr-sdk-1.0.0-beta1/gnu/riscv64-zephyr-elf/riscv64-zephyr-elf/sys-include/sys/syslimits.h:103:9: note: this is the location of the previous definition
  103 | #define _POSIX2_BC_STRING_MAX   1000
      |         ^~~~~~~~~~~~~~~~~~~~~
/scratch2/agustin/zephyr-chipyard-sw/zephyr_ws/zephyr/include/zephyr/posix/posix_limits.h:64:9: warning: "_POSIX2_CHARCLASS_NAME_MAX" redefined
   64 | #define _POSIX2_CHARCLASS_NAME_MAX          (14)
      |         ^~~~~~~~~~~~~~~~~~~~~~~~~~
/scratch2/dima/zephyr-chipyard-sw-fresh/tools-manual/zephyr-sdk-1.0.0-beta1/gnu/riscv64-zephyr-elf/riscv64-zephyr-elf/sys-include/sys/syslimits.h:104:9: note: this is the location of the previous definition
  104 | #define _POSIX2_CHARCLASS_NAME_MAX      14
      |         ^~~~~~~~~~~~~~~~~~~~~~~~~~
/scratch2/agustin/zephyr-chipyard-sw/zephyr_ws/zephyr/include/zephyr/posix/posix_limits.h:65:9: warning: "_POSIX2_COLL_WEIGHTS_MAX" redefined
   65 | #define _POSIX2_COLL_WEIGHTS_MAX            (2)
      |         ^~~~~~~~~~~~~~~~~~~~~~~~
/scratch2/dima/zephyr-chipyard-sw-fresh/tools-manual/zephyr-sdk-1.0.0-beta1/gnu/riscv64-zephyr-elf/riscv64-zephyr-elf/sys-include/sys/syslimits.h:105:9: note: this is the location of the previous definition
  105 | #define _POSIX2_COLL_WEIGHTS_MAX        2
      |         ^~~~~~~~~~~~~~~~~~~~~~~~
/scratch2/agustin/zephyr-chipyard-sw/zephyr_ws/zephyr/include/zephyr/posix/posix_limits.h:66:9: warning: "_POSIX2_EXPR_NEST_MAX" redefined
   66 | #define _POSIX2_EXPR_NEST_MAX               (32)
      |         ^~~~~~~~~~~~~~~~~~~~~
/scratch2/dima/zephyr-chipyard-sw-fresh/tools-manual/zephyr-sdk-1.0.0-beta1/gnu/riscv64-zephyr-elf/riscv64-zephyr-elf/sys-include/sys/syslimits.h:106:9: note: this is the location of the previous definition
  106 | #define _POSIX2_EXPR_NEST_MAX   32
      |         ^~~~~~~~~~~~~~~~~~~~~
/scratch2/agustin/zephyr-chipyard-sw/zephyr_ws/zephyr/include/zephyr/posix/posix_limits.h:67:9: warning: "_POSIX2_LINE_MAX" redefined
   67 | #define _POSIX2_LINE_MAX                    (2048)
      |         ^~~~~~~~~~~~~~~~
/scratch2/dima/zephyr-chipyard-sw-fresh/tools-manual/zephyr-sdk-1.0.0-beta1/gnu/riscv64-zephyr-elf/riscv64-zephyr-elf/sys-include/sys/syslimits.h:107:9: note: this is the location of the previous definition
  107 | #define _POSIX2_LINE_MAX        2048
      |         ^~~~~~~~~~~~~~~~
/scratch2/agustin/zephyr-chipyard-sw/zephyr_ws/zephyr/include/zephyr/posix/posix_limits.h:83:9: warning: "ARG_MAX" redefined
   83 | #define ARG_MAX                       _POSIX_ARG_MAX
      |         ^~~~~~~
/scratch2/dima/zephyr-chipyard-sw-fresh/tools-manual/zephyr-sdk-1.0.0-beta1/gnu/riscv64-zephyr-elf/riscv64-zephyr-elf/sys-include/sys/syslimits.h:41:9: note: this is the location of the previous definition
   41 | #define ARG_MAX                 65536   /* max bytes for an exec function */
      |         ^~~~~~~
/scratch2/agustin/zephyr-chipyard-sw/zephyr_ws/zephyr/include/zephyr/posix/posix_limits.h:84:9: warning: "ATEXIT_MAX" redefined
   84 | #define ATEXIT_MAX                    (32)
      |         ^~~~~~~~~~
/scratch2/dima/zephyr-chipyard-sw-fresh/tools-manual/zephyr-sdk-1.0.0-beta1/gnu/riscv64-zephyr-elf/riscv64-zephyr-elf/sys-include/sys/syslimits.h:42:9: note: this is the location of the previous definition
   42 | #define ATEXIT_MAX                 32   /* max atexit functions */
      |         ^~~~~~~~~~
/scratch2/agustin/zephyr-chipyard-sw/zephyr_ws/zephyr/include/zephyr/posix/posix_limits.h:93:9: warning: "OPEN_MAX" redefined
   93 | #define OPEN_MAX                      CONFIG_POSIX_OPEN_MAX
      |         ^~~~~~~~
/scratch2/dima/zephyr-chipyard-sw-fresh/tools-manual/zephyr-sdk-1.0.0-beta1/gnu/riscv64-zephyr-elf/riscv64-zephyr-elf/sys-include/sys/syslimits.h:45:9: note: this is the location of the previous definition
   45 | #define OPEN_MAX                   64   /* max open files per process */
      |         ^~~~~~~~
/scratch2/agustin/zephyr-chipyard-sw/zephyr_ws/zephyr/include/zephyr/posix/posix_limits.h:96:9: warning: "PATH_MAX" redefined
   96 | #define PATH_MAX                      _POSIX_PATH_MAX
      |         ^~~~~~~~
/scratch2/dima/zephyr-chipyard-sw-fresh/tools-manual/zephyr-sdk-1.0.0-beta1/gnu/riscv64-zephyr-elf/riscv64-zephyr-elf/sys-include/sys/syslimits.h:53:9: note: this is the location of the previous definition
   53 | #define PATH_MAX                 1024   /* max bytes in pathname */
      |         ^~~~~~~~
/scratch2/agustin/zephyr-chipyard-sw/zephyr_ws/zephyr/include/zephyr/posix/posix_limits.h:114:9: warning: "TZNAME_MAX" redefined
  114 | #define TZNAME_MAX                    _POSIX_TZNAME_MAX
      |         ^~~~~~~~~~
/scratch2/dima/zephyr-chipyard-sw-fresh/tools-manual/zephyr-sdk-1.0.0-beta1/gnu/riscv64-zephyr-elf/riscv64-zephyr-elf/sys-include/sys/syslimits.h:46:9: note: this is the location of the previous definition
   46 | #define TZNAME_MAX                 10   /* max time zone name length */
      |         ^~~~~~~~~~
[152/202] Building C object zephyr/drivers/serial/CMakeFiles/drivers__serial.dir/uart_htif.c.obj
[153/202] Linking C static library zephyr/drivers/timer/libdrivers__timer.a
[154/202] Building C object zephyr/kernel/CMakeFiles/kernel.dir/float.c.obj
[155/202] Linking C static library zephyr/libzephyr.a
[156/202] Building C object zephyr/kernel/CMakeFiles/kernel.dir/fatal.c.obj
[157/202] Linking C static library zephyr/subsys/fs/libsubsys__fs.a
[158/202] Building C object zephyr/kernel/CMakeFiles/kernel.dir/device.c.obj
[159/202] Linking C static library zephyr/drivers/serial/libdrivers__serial.a
[160/202] Building C object zephyr/kernel/CMakeFiles/kernel.dir/system_work_q.c.obj
[161/202] Building C object zephyr/kernel/CMakeFiles/kernel.dir/kheap.c.obj
[162/202] Building C object CMakeFiles/modelblaster_yolov8_nano_gemmini_q31_objs.dir/scratch2/agustin/ModelBlaster/examples/yolov8_nano/int8/generated/gemmini_q31/kernels.c.obj
/scratch2/agustin/ModelBlaster/examples/yolov8_nano/int8/generated/gemmini_q31/kernels.c: In function 'kernel_conv2d_s8_yolov8_nano_gemmini_q31':
/scratch2/agustin/ModelBlaster/examples/yolov8_nano/int8/generated/gemmini_q31/kernels.c:187:19: warning: unused variable 'ws_output' [-Wunused-variable]
  187 |     static elem_t ws_output [WS_BYTES]     __attribute__((aligned(64)));
      |                   ^~~~~~~~~
[163/202] Building C object zephyr/kernel/CMakeFiles/kernel.dir/cpu_mask.c.obj
[164/202] Building C object zephyr/kernel/CMakeFiles/kernel.dir/idle.c.obj
[165/202] Building C object zephyr/kernel/CMakeFiles/kernel.dir/mem_slab.c.obj
[166/202] Building C object zephyr/kernel/CMakeFiles/kernel.dir/timeslicing.c.obj
[167/202] Building C object zephyr/lib/posix/options/CMakeFiles/lib__posix__options.dir/timer.c.obj
In file included from /scratch2/agustin/zephyr-chipyard-sw/zephyr_ws/zephyr/include/zephyr/posix/sys/sysconf.h:11,
                 from /scratch2/agustin/zephyr-chipyard-sw/zephyr_ws/zephyr/include/zephyr/posix/unistd.h:18,
                 from /scratch2/agustin/zephyr-chipyard-sw/zephyr_ws/zephyr/include/zephyr/posix/pthread.h:15,
                 from /scratch2/agustin/zephyr-chipyard-sw/zephyr_ws/zephyr/lib/posix/options/timer.c:19:
/scratch2/agustin/zephyr-chipyard-sw/zephyr_ws/zephyr/include/zephyr/posix/posix_limits.h:23:9: warning: "_POSIX_AIO_LISTIO_MAX" redefined
   23 | #define _POSIX_AIO_LISTIO_MAX               (2)
      |         ^~~~~~~~~~~~~~~~~~~~~
In file included from /scratch2/dima/zephyr-chipyard-sw-fresh/tools-manual/zephyr-sdk-1.0.0-beta1/gnu/riscv64-zephyr-elf/riscv64-zephyr-elf/sys-include/limits.h:6,
                 from /scratch2/dima/zephyr-chipyard-sw-fresh/tools-manual/zephyr-sdk-1.0.0-beta1/gnu/riscv64-zephyr-elf/lib/gcc/riscv64-zephyr-elf/14.3.0/include/limits.h:210,
                 from /scratch2/dima/zephyr-chipyard-sw-fresh/tools-manual/zephyr-sdk-1.0.0-beta1/gnu/riscv64-zephyr-elf/lib/gcc/riscv64-zephyr-elf/14.3.0/include/syslimits.h:7,
                 from /scratch2/dima/zephyr-chipyard-sw-fresh/tools-manual/zephyr-sdk-1.0.0-beta1/gnu/riscv64-zephyr-elf/lib/gcc/riscv64-zephyr-elf/14.3.0/include/limits.h:34,
                 from /scratch2/agustin/zephyr-chipyard-sw/zephyr_ws/zephyr/include/zephyr/sys/timeutil.h:25,
                 from /scratch2/agustin/zephyr-chipyard-sw/zephyr_ws/zephyr/lib/posix/options/posix_clock.h:17,
                 from /scratch2/agustin/zephyr-chipyard-sw/zephyr_ws/zephyr/lib/posix/options/timer.c:11:
/scratch2/dima/zephyr-chipyard-sw-fresh/tools-manual/zephyr-sdk-1.0.0-beta1/gnu/riscv64-zephyr-elf/riscv64-zephyr-elf/sys-include/sys/syslimits.h:63:9: note: this is the location of the previous definition
   63 | #define _POSIX_AIO_LISTIO_MAX   2
      |         ^~~~~~~~~~~~~~~~~~~~~
/scratch2/agustin/zephyr-chipyard-sw/zephyr_ws/zephyr/include/zephyr/posix/posix_limits.h:24:9: warning: "_POSIX_AIO_MAX" redefined
   24 | #define _POSIX_AIO_MAX                      (1)
      |         ^~~~~~~~~~~~~~
/scratch2/dima/zephyr-chipyard-sw-fresh/tools-manual/zephyr-sdk-1.0.0-beta1/gnu/riscv64-zephyr-elf/riscv64-zephyr-elf/sys-include/sys/syslimits.h:64:9: note: this is the location of the previous definition
   64 | #define _POSIX_AIO_MAX          1
      |         ^~~~~~~~~~~~~~
/scratch2/agustin/zephyr-chipyard-sw/zephyr_ws/zephyr/include/zephyr/posix/posix_limits.h:25:9: warning: "_POSIX_ARG_MAX" redefined
   25 | #define _POSIX_ARG_MAX                      (4096)
      |         ^~~~~~~~~~~~~~
/scratch2/dima/zephyr-chipyard-sw-fresh/tools-manual/zephyr-sdk-1.0.0-beta1/gnu/riscv64-zephyr-elf/riscv64-zephyr-elf/sys-include/sys/syslimits.h:65:9: note: this is the location of the previous definition
   65 | #define _POSIX_ARG_MAX          4096
      |         ^~~~~~~~~~~~~~
/scratch2/agustin/zephyr-chipyard-sw/zephyr_ws/zephyr/include/zephyr/posix/posix_limits.h:26:9: warning: "_POSIX_CHILD_MAX" redefined
   26 | #define _POSIX_CHILD_MAX                    (25)
      |         ^~~~~~~~~~~~~~~~
/scratch2/dima/zephyr-chipyard-sw-fresh/tools-manual/zephyr-sdk-1.0.0-beta1/gnu/riscv64-zephyr-elf/riscv64-zephyr-elf/sys-include/sys/syslimits.h:66:9: note: this is the location of the previous definition
   66 | #define _POSIX_CHILD_MAX        6
      |         ^~~~~~~~~~~~~~~~
/scratch2/agustin/zephyr-chipyard-sw/zephyr_ws/zephyr/include/zephyr/posix/posix_limits.h:27:9: warning: "_POSIX_DELAYTIMER_MAX" redefined
   27 | #define _POSIX_DELAYTIMER_MAX               (32)
      |         ^~~~~~~~~~~~~~~~~~~~~
/scratch2/dima/zephyr-chipyard-sw-fresh/tools-manual/zephyr-sdk-1.0.0-beta1/gnu/riscv64-zephyr-elf/riscv64-zephyr-elf/sys-include/sys/syslimits.h:67:9: note: this is the location of the previous definition
   67 | #define _POSIX_DELAYTIMER_MAX   32
      |         ^~~~~~~~~~~~~~~~~~~~~
/scratch2/agustin/zephyr-chipyard-sw/zephyr_ws/zephyr/include/zephyr/posix/posix_limits.h:28:9: warning: "_POSIX_HOST_NAME_MAX" redefined
   28 | #define _POSIX_HOST_NAME_MAX                (255)
      |         ^~~~~~~~~~~~~~~~~~~~
/scratch2/dima/zephyr-chipyard-sw-fresh/tools-manual/zephyr-sdk-1.0.0-beta1/gnu/riscv64-zephyr-elf/riscv64-zephyr-elf/sys-include/sys/syslimits.h:68:9: note: this is the location of the previous definition
   68 | #define _POSIX_HOST_NAME_MAX    255
      |         ^~~~~~~~~~~~~~~~~~~~
/scratch2/agustin/zephyr-chipyard-sw/zephyr_ws/zephyr/include/zephyr/posix/posix_limits.h:29:9: warning: "_POSIX_LINK_MAX" redefined
   29 | #define _POSIX_LINK_MAX                     (8)
      |         ^~~~~~~~~~~~~~~
/scratch2/dima/zephyr-chipyard-sw-fresh/tools-manual/zephyr-sdk-1.0.0-beta1/gnu/riscv64-zephyr-elf/riscv64-zephyr-elf/sys-include/sys/syslimits.h:69:9: note: this is the location of the previous definition
   69 | #define _POSIX_LINK_MAX         8
      |         ^~~~~~~~~~~~~~~
/scratch2/agustin/zephyr-chipyard-sw/zephyr_ws/zephyr/include/zephyr/posix/posix_limits.h:30:9: warning: "_POSIX_LOGIN_NAME_MAX" redefined
   30 | #define _POSIX_LOGIN_NAME_MAX               (9)
      |         ^~~~~~~~~~~~~~~~~~~~~
/scratch2/dima/zephyr-chipyard-sw-fresh/tools-manual/zephyr-sdk-1.0.0-beta1/gnu/riscv64-zephyr-elf/riscv64-zephyr-elf/sys-include/sys/syslimits.h:70:9: note: this is the location of the previous definition
   70 | #define _POSIX_LOGIN_NAME_MAX   9
      |         ^~~~~~~~~~~~~~~~~~~~~
/scratch2/agustin/zephyr-chipyard-sw/zephyr_ws/zephyr/include/zephyr/posix/posix_limits.h:31:9: warning: "_POSIX_MAX_CANON" redefined
   31 | #define _POSIX_MAX_CANON                    (255)
      |         ^~~~~~~~~~~~~~~~
/scratch2/dima/zephyr-chipyard-sw-fresh/tools-manual/zephyr-sdk-1.0.0-beta1/gnu/riscv64-zephyr-elf/riscv64-zephyr-elf/sys-include/sys/syslimits.h:71:9: note: this is the location of the previous definition
   71 | #define _POSIX_MAX_CANON        255
      |         ^~~~~~~~~~~~~~~~
/scratch2/agustin/zephyr-chipyard-sw/zephyr_ws/zephyr/include/zephyr/posix/posix_limits.h:32:9: warning: "_POSIX_MAX_INPUT" redefined
   32 | #define _POSIX_MAX_INPUT                    (255)
      |         ^~~~~~~~~~~~~~~~
/scratch2/dima/zephyr-chipyard-sw-fresh/tools-manual/zephyr-sdk-1.0.0-beta1/gnu/riscv64-zephyr-elf/riscv64-zephyr-elf/sys-include/sys/syslimits.h:72:9: note: this is the location of the previous definition
   72 | #define _POSIX_MAX_INPUT        255
      |         ^~~~~~~~~~~~~~~~
/scratch2/agustin/zephyr-chipyard-sw/zephyr_ws/zephyr/include/zephyr/posix/posix_limits.h:33:9: warning: "_POSIX_MQ_OPEN_MAX" redefined
   33 | #define _POSIX_MQ_OPEN_MAX                  (8)
      |         ^~~~~~~~~~~~~~~~~~
/scratch2/dima/zephyr-chipyard-sw-fresh/tools-manual/zephyr-sdk-1.0.0-beta1/gnu/riscv64-zephyr-elf/riscv64-zephyr-elf/sys-include/sys/syslimits.h:73:9: note: this is the location of the previous definition
   73 | #define _POSIX_MQ_OPEN_MAX      8
      |         ^~~~~~~~~~~~~~~~~~
/scratch2/agustin/zephyr-chipyard-sw/zephyr_ws/zephyr/include/zephyr/posix/posix_limits.h:34:9: warning: "_POSIX_MQ_PRIO_MAX" redefined
   34 | #define _POSIX_MQ_PRIO_MAX                  (32)
      |         ^~~~~~~~~~~~~~~~~~
/scratch2/dima/zephyr-chipyard-sw-fresh/tools-manual/zephyr-sdk-1.0.0-beta1/gnu/riscv64-zephyr-elf/riscv64-zephyr-elf/sys-include/sys/syslimits.h:74:9: note: this is the location of the previous definition
   74 | #define _POSIX_MQ_PRIO_MAX      32
      |         ^~~~~~~~~~~~~~~~~~
/scratch2/agustin/zephyr-chipyard-sw/zephyr_ws/zephyr/include/zephyr/posix/posix_limits.h:35:9: warning: "_POSIX_NAME_MAX" redefined
   35 | #define _POSIX_NAME_MAX                     (14)
      |         ^~~~~~~~~~~~~~~
/scratch2/dima/zephyr-chipyard-sw-fresh/tools-manual/zephyr-sdk-1.0.0-beta1/gnu/riscv64-zephyr-elf/riscv64-zephyr-elf/sys-include/sys/syslimits.h:75:9: note: this is the location of the previous definition
   75 | #define _POSIX_NAME_MAX         14
      |         ^~~~~~~~~~~~~~~
/scratch2/agustin/zephyr-chipyard-sw/zephyr_ws/zephyr/include/zephyr/posix/posix_limits.h:36:9: warning: "_POSIX_NGROUPS_MAX" redefined
   36 | #define _POSIX_NGROUPS_MAX                  (8)
      |         ^~~~~~~~~~~~~~~~~~
/scratch2/dima/zephyr-chipyard-sw-fresh/tools-manual/zephyr-sdk-1.0.0-beta1/gnu/riscv64-zephyr-elf/riscv64-zephyr-elf/sys-include/sys/syslimits.h:76:9: note: this is the location of the previous definition
   76 | #define _POSIX_NGROUPS_MAX      0
      |         ^~~~~~~~~~~~~~~~~~
/scratch2/agustin/zephyr-chipyard-sw/zephyr_ws/zephyr/include/zephyr/posix/posix_limits.h:37:9: warning: "_POSIX_OPEN_MAX" redefined
   37 | #define _POSIX_OPEN_MAX                     (20)
      |         ^~~~~~~~~~~~~~~
/scratch2/dima/zephyr-chipyard-sw-fresh/tools-manual/zephyr-sdk-1.0.0-beta1/gnu/riscv64-zephyr-elf/riscv64-zephyr-elf/sys-include/sys/syslimits.h:77:9: note: this is the location of the previous definition
   77 | #define _POSIX_OPEN_MAX         16
      |         ^~~~~~~~~~~~~~~
/scratch2/agustin/zephyr-chipyard-sw/zephyr_ws/zephyr/include/zephyr/posix/posix_limits.h:38:9: warning: "_POSIX_PATH_MAX" redefined
   38 | #define _POSIX_PATH_MAX                     (256)
      |         ^~~~~~~~~~~~~~~
/scratch2/dima/zephyr-chipyard-sw-fresh/tools-manual/zephyr-sdk-1.0.0-beta1/gnu/riscv64-zephyr-elf/riscv64-zephyr-elf/sys-include/sys/syslimits.h:78:9: note: this is the location of the previous definition
   78 | #define _POSIX_PATH_MAX         255
      |         ^~~~~~~~~~~~~~~
/scratch2/agustin/zephyr-chipyard-sw/zephyr_ws/zephyr/include/zephyr/posix/posix_limits.h:39:9: warning: "_POSIX_PIPE_BUF" redefined
   39 | #define _POSIX_PIPE_BUF                     (512)
      |         ^~~~~~~~~~~~~~~
/scratch2/dima/zephyr-chipyard-sw-fresh/tools-manual/zephyr-sdk-1.0.0-beta1/gnu/riscv64-zephyr-elf/riscv64-zephyr-elf/sys-include/sys/syslimits.h:79:9: note: this is the location of the previous definition
   79 | #define _POSIX_PIPE_BUF         512
      |         ^~~~~~~~~~~~~~~
/scratch2/agustin/zephyr-chipyard-sw/zephyr_ws/zephyr/include/zephyr/posix/posix_limits.h:40:9: warning: "_POSIX_RE_DUP_MAX" redefined
   40 | #define _POSIX_RE_DUP_MAX                   (255)
      |         ^~~~~~~~~~~~~~~~~
/scratch2/dima/zephyr-chipyard-sw-fresh/tools-manual/zephyr-sdk-1.0.0-beta1/gnu/riscv64-zephyr-elf/riscv64-zephyr-elf/sys-include/sys/syslimits.h:80:9: note: this is the location of the previous definition
   80 | #define _POSIX_RE_DUP_MAX       255
      |         ^~~~~~~~~~~~~~~~~
/scratch2/agustin/zephyr-chipyard-sw/zephyr_ws/zephyr/include/zephyr/posix/posix_limits.h:41:9: warning: "_POSIX_RTSIG_MAX" redefined
   41 | #define _POSIX_RTSIG_MAX                    (8)
      |         ^~~~~~~~~~~~~~~~
/scratch2/dima/zephyr-chipyard-sw-fresh/tools-manual/zephyr-sdk-1.0.0-beta1/gnu/riscv64-zephyr-elf/riscv64-zephyr-elf/sys-include/sys/syslimits.h:81:9: note: this is the location of the previous definition
   81 | #define _POSIX_RTSIG_MAX        8
      |         ^~~~~~~~~~~~~~~~
/scratch2/agustin/zephyr-chipyard-sw/zephyr_ws/zephyr/include/zephyr/posix/posix_limits.h:42:9: warning: "_POSIX_SEM_NSEMS_MAX" redefined
   42 | #define _POSIX_SEM_NSEMS_MAX                (256)
      |         ^~~~~~~~~~~~~~~~~~~~
/scratch2/dima/zephyr-chipyard-sw-fresh/tools-manual/zephyr-sdk-1.0.0-beta1/gnu/riscv64-zephyr-elf/riscv64-zephyr-elf/sys-include/sys/syslimits.h:82:9: note: this is the location of the previous definition
   82 | #define _POSIX_SEM_NSEMS_MAX    256
      |         ^~~~~~~~~~~~~~~~~~~~
/scratch2/agustin/zephyr-chipyard-sw/zephyr_ws/zephyr/include/zephyr/posix/posix_limits.h:43:9: warning: "_POSIX_SEM_VALUE_MAX" redefined
   43 | #define _POSIX_SEM_VALUE_MAX                (32767)
      |         ^~~~~~~~~~~~~~~~~~~~
/scratch2/dima/zephyr-chipyard-sw-fresh/tools-manual/zephyr-sdk-1.0.0-beta1/gnu/riscv64-zephyr-elf/riscv64-zephyr-elf/sys-include/sys/syslimits.h:83:9: note: this is the location of the previous definition
   83 | #define _POSIX_SEM_VALUE_MAX    32767
      |         ^~~~~~~~~~~~~~~~~~~~
/scratch2/agustin/zephyr-chipyard-sw/zephyr_ws/zephyr/include/zephyr/posix/posix_limits.h:44:9: warning: "_POSIX_SIGQUEUE_MAX" redefined
   44 | #define _POSIX_SIGQUEUE_MAX                 (32)
      |         ^~~~~~~~~~~~~~~~~~~
/scratch2/dima/zephyr-chipyard-sw-fresh/tools-manual/zephyr-sdk-1.0.0-beta1/gnu/riscv64-zephyr-elf/riscv64-zephyr-elf/sys-include/sys/syslimits.h:84:9: note: this is the location of the previous definition
   84 | #define _POSIX_SIGQUEUE_MAX     32
      |         ^~~~~~~~~~~~~~~~~~~
/scratch2/agustin/zephyr-chipyard-sw/zephyr_ws/zephyr/include/zephyr/posix/posix_limits.h:45:9: warning: "_POSIX_SSIZE_MAX" redefined
   45 | #define _POSIX_SSIZE_MAX                    (32767)
      |         ^~~~~~~~~~~~~~~~
/scratch2/dima/zephyr-chipyard-sw-fresh/tools-manual/zephyr-sdk-1.0.0-beta1/gnu/riscv64-zephyr-elf/riscv64-zephyr-elf/sys-include/sys/syslimits.h:85:9: note: this is the location of the previous definition
   85 | #define _POSIX_SSIZE_MAX        32767
      |         ^~~~~~~~~~~~~~~~
/scratch2/agustin/zephyr-chipyard-sw/zephyr_ws/zephyr/include/zephyr/posix/posix_limits.h:46:9: warning: "_POSIX_SS_REPL_MAX" redefined
   46 | #define _POSIX_SS_REPL_MAX                  (4)
      |         ^~~~~~~~~~~~~~~~~~
/scratch2/dima/zephyr-chipyard-sw-fresh/tools-manual/zephyr-sdk-1.0.0-beta1/gnu/riscv64-zephyr-elf/riscv64-zephyr-elf/sys-include/sys/syslimits.h:86:9: note: this is the location of the previous definition
   86 | #define _POSIX_SS_REPL_MAX      4
      |         ^~~~~~~~~~~~~~~~~~
/scratch2/agustin/zephyr-chipyard-sw/zephyr_ws/zephyr/include/zephyr/posix/posix_limits.h:47:9: warning: "_POSIX_STREAM_MAX" redefined
   47 | #define _POSIX_STREAM_MAX                   (8)
      |         ^~~~~~~~~~~~~~~~~
/scratch2/dima/zephyr-chipyard-sw-fresh/tools-manual/zephyr-sdk-1.0.0-beta1/gnu/riscv64-zephyr-elf/riscv64-zephyr-elf/sys-include/sys/syslimits.h:87:9: note: this is the location of the previous definition
   87 | #define _POSIX_STREAM_MAX       8
      |         ^~~~~~~~~~~~~~~~~
/scratch2/agustin/zephyr-chipyard-sw/zephyr_ws/zephyr/include/zephyr/posix/posix_limits.h:48:9: warning: "_POSIX_SYMLINK_MAX" redefined
   48 | #define _POSIX_SYMLINK_MAX                  (255)
      |         ^~~~~~~~~~~~~~~~~~
/scratch2/dima/zephyr-chipyard-sw-fresh/tools-manual/zephyr-sdk-1.0.0-beta1/gnu/riscv64-zephyr-elf/riscv64-zephyr-elf/sys-include/sys/syslimits.h:88:9: note: this is the location of the previous definition
   88 | #define _POSIX_SYMLINK_MAX      255
      |         ^~~~~~~~~~~~~~~~~~
/scratch2/agustin/zephyr-chipyard-sw/zephyr_ws/zephyr/include/zephyr/posix/posix_limits.h:49:9: warning: "_POSIX_SYMLOOP_MAX" redefined
   49 | #define _POSIX_SYMLOOP_MAX                  (8)
      |         ^~~~~~~~~~~~~~~~~~
/scratch2/dima/zephyr-chipyard-sw-fresh/tools-manual/zephyr-sdk-1.0.0-beta1/gnu/riscv64-zephyr-elf/riscv64-zephyr-elf/sys-include/sys/syslimits.h:89:9: note: this is the location of the previous definition
   89 | #define _POSIX_SYMLOOP_MAX      8
      |         ^~~~~~~~~~~~~~~~~~
/scratch2/agustin/zephyr-chipyard-sw/zephyr_ws/zephyr/include/zephyr/posix/posix_limits.h:50:9: warning: "_POSIX_THREAD_DESTRUCTOR_ITERATIONS" redefined
   50 | #define _POSIX_THREAD_DESTRUCTOR_ITERATIONS (4)
      |         ^~~~~~~~~~~~~~~~~~~~~~~~~~~~~~~~~~~
/scratch2/dima/zephyr-chipyard-sw-fresh/tools-manual/zephyr-sdk-1.0.0-beta1/gnu/riscv64-zephyr-elf/riscv64-zephyr-elf/sys-include/sys/syslimits.h:90:9: note: this is the location of the previous definition
   90 | #define _POSIX_THREAD_DESTRUCTOR_ITERATIONS     4
      |         ^~~~~~~~~~~~~~~~~~~~~~~~~~~~~~~~~~~
/scratch2/agustin/zephyr-chipyard-sw/zephyr_ws/zephyr/include/zephyr/posix/posix_limits.h:51:9: warning: "_POSIX_THREAD_KEYS_MAX" redefined
   51 | #define _POSIX_THREAD_KEYS_MAX              (128)
      |         ^~~~~~~~~~~~~~~~~~~~~~
/scratch2/dima/zephyr-chipyard-sw-fresh/tools-manual/zephyr-sdk-1.0.0-beta1/gnu/riscv64-zephyr-elf/riscv64-zephyr-elf/sys-include/sys/syslimits.h:91:9: note: this is the location of the previous definition
   91 | #define _POSIX_THREAD_KEYS_MAX  128
      |         ^~~~~~~~~~~~~~~~~~~~~~
/scratch2/agustin/zephyr-chipyard-sw/zephyr_ws/zephyr/include/zephyr/posix/posix_limits.h:52:9: warning: "_POSIX_THREAD_THREADS_MAX" redefined
   52 | #define _POSIX_THREAD_THREADS_MAX           (64)
      |         ^~~~~~~~~~~~~~~~~~~~~~~~~
/scratch2/dima/zephyr-chipyard-sw-fresh/tools-manual/zephyr-sdk-1.0.0-beta1/gnu/riscv64-zephyr-elf/riscv64-zephyr-elf/sys-include/sys/syslimits.h:92:9: note: this is the location of the previous definition
   92 | #define _POSIX_THREAD_THREADS_MAX       64
      |         ^~~~~~~~~~~~~~~~~~~~~~~~~
/scratch2/agustin/zephyr-chipyard-sw/zephyr_ws/zephyr/include/zephyr/posix/posix_limits.h:53:9: warning: "_POSIX_TIMER_MAX" redefined
   53 | #define _POSIX_TIMER_MAX                    (32)
      |         ^~~~~~~~~~~~~~~~
/scratch2/dima/zephyr-chipyard-sw-fresh/tools-manual/zephyr-sdk-1.0.0-beta1/gnu/riscv64-zephyr-elf/riscv64-zephyr-elf/sys-include/sys/syslimits.h:93:9: note: this is the location of the previous definition
   93 | #define _POSIX_TIMER_MAX        32
      |         ^~~~~~~~~~~~~~~~
/scratch2/agustin/zephyr-chipyard-sw/zephyr_ws/zephyr/include/zephyr/posix/posix_limits.h:54:9: warning: "_POSIX_TRACE_EVENT_NAME_MAX" redefined
   54 | #define _POSIX_TRACE_EVENT_NAME_MAX         (30)
      |         ^~~~~~~~~~~~~~~~~~~~~~~~~~~
/scratch2/dima/zephyr-chipyard-sw-fresh/tools-manual/zephyr-sdk-1.0.0-beta1/gnu/riscv64-zephyr-elf/riscv64-zephyr-elf/sys-include/sys/syslimits.h:94:9: note: this is the location of the previous definition
   94 | #define _POSIX_TRACE_EVENT_NAME_MAX     30
      |         ^~~~~~~~~~~~~~~~~~~~~~~~~~~
/scratch2/agustin/zephyr-chipyard-sw/zephyr_ws/zephyr/include/zephyr/posix/posix_limits.h:55:9: warning: "_POSIX_TRACE_NAME_MAX" redefined
   55 | #define _POSIX_TRACE_NAME_MAX               (8)
      |         ^~~~~~~~~~~~~~~~~~~~~
/scratch2/dima/zephyr-chipyard-sw-fresh/tools-manual/zephyr-sdk-1.0.0-beta1/gnu/riscv64-zephyr-elf/riscv64-zephyr-elf/sys-include/sys/syslimits.h:95:9: note: this is the location of the previous definition
   95 | #define _POSIX_TRACE_NAME_MAX   8
      |         ^~~~~~~~~~~~~~~~~~~~~
/scratch2/agustin/zephyr-chipyard-sw/zephyr_ws/zephyr/include/zephyr/posix/posix_limits.h:56:9: warning: "_POSIX_TRACE_SYS_MAX" redefined
   56 | #define _POSIX_TRACE_SYS_MAX                (8)
      |         ^~~~~~~~~~~~~~~~~~~~
/scratch2/dima/zephyr-chipyard-sw-fresh/tools-manual/zephyr-sdk-1.0.0-beta1/gnu/riscv64-zephyr-elf/riscv64-zephyr-elf/sys-include/sys/syslimits.h:96:9: note: this is the location of the previous definition
   96 | #define _POSIX_TRACE_SYS_MAX    8
      |         ^~~~~~~~~~~~~~~~~~~~
/scratch2/agustin/zephyr-chipyard-sw/zephyr_ws/zephyr/include/zephyr/posix/posix_limits.h:57:9: warning: "_POSIX_TRACE_USER_EVENT_MAX" redefined
   57 | #define _POSIX_TRACE_USER_EVENT_MAX         (32)
      |         ^~~~~~~~~~~~~~~~~~~~~~~~~~~
/scratch2/dima/zephyr-chipyard-sw-fresh/tools-manual/zephyr-sdk-1.0.0-beta1/gnu/riscv64-zephyr-elf/riscv64-zephyr-elf/sys-include/sys/syslimits.h:97:9: note: this is the location of the previous definition
   97 | #define _POSIX_TRACE_USER_EVENT_MAX     32
      |         ^~~~~~~~~~~~~~~~~~~~~~~~~~~
/scratch2/agustin/zephyr-chipyard-sw/zephyr_ws/zephyr/include/zephyr/posix/posix_limits.h:58:9: warning: "_POSIX_TTY_NAME_MAX" redefined
   58 | #define _POSIX_TTY_NAME_MAX                 (9)
      |         ^~~~~~~~~~~~~~~~~~~
/scratch2/dima/zephyr-chipyard-sw-fresh/tools-manual/zephyr-sdk-1.0.0-beta1/gnu/riscv64-zephyr-elf/riscv64-zephyr-elf/sys-include/sys/syslimits.h:98:9: note: this is the location of the previous definition
   98 | #define _POSIX_TTY_NAME_MAX     9
      |         ^~~~~~~~~~~~~~~~~~~
/scratch2/agustin/zephyr-chipyard-sw/zephyr_ws/zephyr/include/zephyr/posix/posix_limits.h:59:9: warning: "_POSIX_TZNAME_MAX" redefined
   59 | #define _POSIX_TZNAME_MAX                   (6)
      |         ^~~~~~~~~~~~~~~~~
/scratch2/dima/zephyr-chipyard-sw-fresh/tools-manual/zephyr-sdk-1.0.0-beta1/gnu/riscv64-zephyr-elf/riscv64-zephyr-elf/sys-include/sys/syslimits.h:99:9: note: this is the location of the previous definition
   99 | #define _POSIX_TZNAME_MAX       3
      |         ^~~~~~~~~~~~~~~~~
/scratch2/agustin/zephyr-chipyard-sw/zephyr_ws/zephyr/include/zephyr/posix/posix_limits.h:60:9: warning: "_POSIX2_BC_BASE_MAX" redefined
   60 | #define _POSIX2_BC_BASE_MAX                 (99)
      |         ^~~~~~~~~~~~~~~~~~~
/scratch2/dima/zephyr-chipyard-sw-fresh/tools-manual/zephyr-sdk-1.0.0-beta1/gnu/riscv64-zephyr-elf/riscv64-zephyr-elf/sys-include/sys/syslimits.h:100:9: note: this is the location of the previous definition
  100 | #define _POSIX2_BC_BASE_MAX     99
      |         ^~~~~~~~~~~~~~~~~~~
/scratch2/agustin/zephyr-chipyard-sw/zephyr_ws/zephyr/include/zephyr/posix/posix_limits.h:61:9: warning: "_POSIX2_BC_DIM_MAX" redefined
   61 | #define _POSIX2_BC_DIM_MAX                  (2048)
      |         ^~~~~~~~~~~~~~~~~~
/scratch2/dima/zephyr-chipyard-sw-fresh/tools-manual/zephyr-sdk-1.0.0-beta1/gnu/riscv64-zephyr-elf/riscv64-zephyr-elf/sys-include/sys/syslimits.h:101:9: note: this is the location of the previous definition
  101 | #define _POSIX2_BC_DIM_MAX      2048
      |         ^~~~~~~~~~~~~~~~~~
/scratch2/agustin/zephyr-chipyard-sw/zephyr_ws/zephyr/include/zephyr/posix/posix_limits.h:62:9: warning: "_POSIX2_BC_SCALE_MAX" redefined
   62 | #define _POSIX2_BC_SCALE_MAX                (99)
      |         ^~~~~~~~~~~~~~~~~~~~
/scratch2/dima/zephyr-chipyard-sw-fresh/tools-manual/zephyr-sdk-1.0.0-beta1/gnu/riscv64-zephyr-elf/riscv64-zephyr-elf/sys-include/sys/syslimits.h:102:9: note: this is the location of the previous definition
  102 | #define _POSIX2_BC_SCALE_MAX    99
      |         ^~~~~~~~~~~~~~~~~~~~
/scratch2/agustin/zephyr-chipyard-sw/zephyr_ws/zephyr/include/zephyr/posix/posix_limits.h:63:9: warning: "_POSIX2_BC_STRING_MAX" redefined
   63 | #define _POSIX2_BC_STRING_MAX               (1000)
      |         ^~~~~~~~~~~~~~~~~~~~~
/scratch2/dima/zephyr-chipyard-sw-fresh/tools-manual/zephyr-sdk-1.0.0-beta1/gnu/riscv64-zephyr-elf/riscv64-zephyr-elf/sys-include/sys/syslimits.h:103:9: note: this is the location of the previous definition
  103 | #define _POSIX2_BC_STRING_MAX   1000
      |         ^~~~~~~~~~~~~~~~~~~~~
/scratch2/agustin/zephyr-chipyard-sw/zephyr_ws/zephyr/include/zephyr/posix/posix_limits.h:64:9: warning: "_POSIX2_CHARCLASS_NAME_MAX" redefined
   64 | #define _POSIX2_CHARCLASS_NAME_MAX          (14)
      |         ^~~~~~~~~~~~~~~~~~~~~~~~~~
/scratch2/dima/zephyr-chipyard-sw-fresh/tools-manual/zephyr-sdk-1.0.0-beta1/gnu/riscv64-zephyr-elf/riscv64-zephyr-elf/sys-include/sys/syslimits.h:104:9: note: this is the location of the previous definition
  104 | #define _POSIX2_CHARCLASS_NAME_MAX      14
      |         ^~~~~~~~~~~~~~~~~~~~~~~~~~
/scratch2/agustin/zephyr-chipyard-sw/zephyr_ws/zephyr/include/zephyr/posix/posix_limits.h:65:9: warning: "_POSIX2_COLL_WEIGHTS_MAX" redefined
   65 | #define _POSIX2_COLL_WEIGHTS_MAX            (2)
      |         ^~~~~~~~~~~~~~~~~~~~~~~~
/scratch2/dima/zephyr-chipyard-sw-fresh/tools-manual/zephyr-sdk-1.0.0-beta1/gnu/riscv64-zephyr-elf/riscv64-zephyr-elf/sys-include/sys/syslimits.h:105:9: note: this is the location of the previous definition
  105 | #define _POSIX2_COLL_WEIGHTS_MAX        2
      |         ^~~~~~~~~~~~~~~~~~~~~~~~
/scratch2/agustin/zephyr-chipyard-sw/zephyr_ws/zephyr/include/zephyr/posix/posix_limits.h:66:9: warning: "_POSIX2_EXPR_NEST_MAX" redefined
   66 | #define _POSIX2_EXPR_NEST_MAX               (32)
      |         ^~~~~~~~~~~~~~~~~~~~~
/scratch2/dima/zephyr-chipyard-sw-fresh/tools-manual/zephyr-sdk-1.0.0-beta1/gnu/riscv64-zephyr-elf/riscv64-zephyr-elf/sys-include/sys/syslimits.h:106:9: note: this is the location of the previous definition
  106 | #define _POSIX2_EXPR_NEST_MAX   32
      |         ^~~~~~~~~~~~~~~~~~~~~
/scratch2/agustin/zephyr-chipyard-sw/zephyr_ws/zephyr/include/zephyr/posix/posix_limits.h:67:9: warning: "_POSIX2_LINE_MAX" redefined
   67 | #define _POSIX2_LINE_MAX                    (2048)
      |         ^~~~~~~~~~~~~~~~
/scratch2/dima/zephyr-chipyard-sw-fresh/tools-manual/zephyr-sdk-1.0.0-beta1/gnu/riscv64-zephyr-elf/riscv64-zephyr-elf/sys-include/sys/syslimits.h:107:9: note: this is the location of the previous definition
  107 | #define _POSIX2_LINE_MAX        2048
      |         ^~~~~~~~~~~~~~~~
/scratch2/agustin/zephyr-chipyard-sw/zephyr_ws/zephyr/include/zephyr/posix/posix_limits.h:83:9: warning: "ARG_MAX" redefined
   83 | #define ARG_MAX                       _POSIX_ARG_MAX
      |         ^~~~~~~
/scratch2/dima/zephyr-chipyard-sw-fresh/tools-manual/zephyr-sdk-1.0.0-beta1/gnu/riscv64-zephyr-elf/riscv64-zephyr-elf/sys-include/sys/syslimits.h:41:9: note: this is the location of the previous definition
   41 | #define ARG_MAX                 65536   /* max bytes for an exec function */
      |         ^~~~~~~
/scratch2/agustin/zephyr-chipyard-sw/zephyr_ws/zephyr/include/zephyr/posix/posix_limits.h:84:9: warning: "ATEXIT_MAX" redefined
   84 | #define ATEXIT_MAX                    (32)
      |         ^~~~~~~~~~
/scratch2/dima/zephyr-chipyard-sw-fresh/tools-manual/zephyr-sdk-1.0.0-beta1/gnu/riscv64-zephyr-elf/riscv64-zephyr-elf/sys-include/sys/syslimits.h:42:9: note: this is the location of the previous definition
   42 | #define ATEXIT_MAX                 32   /* max atexit functions */
      |         ^~~~~~~~~~
/scratch2/agustin/zephyr-chipyard-sw/zephyr_ws/zephyr/include/zephyr/posix/posix_limits.h:93:9: warning: "OPEN_MAX" redefined
   93 | #define OPEN_MAX                      CONFIG_POSIX_OPEN_MAX
      |         ^~~~~~~~
/scratch2/dima/zephyr-chipyard-sw-fresh/tools-manual/zephyr-sdk-1.0.0-beta1/gnu/riscv64-zephyr-elf/riscv64-zephyr-elf/sys-include/sys/syslimits.h:45:9: note: this is the location of the previous definition
   45 | #define OPEN_MAX                   64   /* max open files per process */
      |         ^~~~~~~~
/scratch2/agustin/zephyr-chipyard-sw/zephyr_ws/zephyr/include/zephyr/posix/posix_limits.h:96:9: warning: "PATH_MAX" redefined
   96 | #define PATH_MAX                      _POSIX_PATH_MAX
      |         ^~~~~~~~
/scratch2/dima/zephyr-chipyard-sw-fresh/tools-manual/zephyr-sdk-1.0.0-beta1/gnu/riscv64-zephyr-elf/riscv64-zephyr-elf/sys-include/sys/syslimits.h:53:9: note: this is the location of the previous definition
   53 | #define PATH_MAX                 1024   /* max bytes in pathname */
      |         ^~~~~~~~
/scratch2/agustin/zephyr-chipyard-sw/zephyr_ws/zephyr/include/zephyr/posix/posix_limits.h:114:9: warning: "TZNAME_MAX" redefined
  114 | #define TZNAME_MAX                    _POSIX_TZNAME_MAX
      |         ^~~~~~~~~~
/scratch2/dima/zephyr-chipyard-sw-fresh/tools-manual/zephyr-sdk-1.0.0-beta1/gnu/riscv64-zephyr-elf/riscv64-zephyr-elf/sys-include/sys/syslimits.h:46:9: note: this is the location of the previous definition
   46 | #define TZNAME_MAX                 10   /* max time zone name length */
      |         ^~~~~~~~~~
[168/202] Building C object zephyr/kernel/CMakeFiles/kernel.dir/sem.c.obj
[169/202] Building C object zephyr/kernel/CMakeFiles/kernel.dir/mailbox.c.obj
[170/202] Building C object zephyr/kernel/CMakeFiles/kernel.dir/stack.c.obj
[171/202] Building C object zephyr/kernel/CMakeFiles/kernel.dir/thread.c.obj
[172/202] Building C object zephyr/kernel/CMakeFiles/kernel.dir/condvar.c.obj
[173/202] Building C object zephyr/kernel/CMakeFiles/kernel.dir/ipi.c.obj
[174/202] Building C object zephyr/kernel/CMakeFiles/kernel.dir/mutex.c.obj
[175/202] Building C object zephyr/kernel/CMakeFiles/kernel.dir/thread_monitor.c.obj
[176/202] Building C object zephyr/kernel/CMakeFiles/kernel.dir/dynamic.c.obj
[177/202] Building C object zephyr/kernel/CMakeFiles/kernel.dir/init.c.obj
[178/202] Building C object zephyr/kernel/CMakeFiles/kernel.dir/pipe.c.obj
[179/202] Building C object zephyr/kernel/CMakeFiles/kernel.dir/queue.c.obj
[180/202] Building C object zephyr/kernel/CMakeFiles/kernel.dir/timer.c.obj
[181/202] Building C object zephyr/kernel/CMakeFiles/kernel.dir/events.c.obj
[182/202] Building C object zephyr/kernel/CMakeFiles/kernel.dir/mempool.c.obj
[183/202] Building C object zephyr/kernel/CMakeFiles/kernel.dir/usage.c.obj
[184/202] Building C object zephyr/kernel/CMakeFiles/kernel.dir/smp.c.obj
[185/202] Building C object zephyr/kernel/CMakeFiles/kernel.dir/msg_q.c.obj
[186/202] Building C object zephyr/kernel/CMakeFiles/kernel.dir/timeout.c.obj
[187/202] Building C object zephyr/kernel/CMakeFiles/kernel.dir/poll.c.obj
[188/202] Building C object zephyr/kernel/CMakeFiles/kernel.dir/work.c.obj
[189/202] Building C object zephyr/lib/posix/options/CMakeFiles/lib__posix__options.dir/pthread.c.obj
In file included from /scratch2/agustin/zephyr-chipyard-sw/zephyr_ws/zephyr/include/zephyr/posix/sys/sysconf.h:11,
                 from /scratch2/agustin/zephyr-chipyard-sw/zephyr_ws/zephyr/include/zephyr/posix/unistd.h:18,
                 from /scratch2/agustin/zephyr-chipyard-sw/zephyr_ws/zephyr/include/zephyr/posix/pthread.h:15,
                 from /scratch2/agustin/zephyr-chipyard-sw/zephyr_ws/zephyr/lib/posix/options/posix_internal.h:15,
                 from /scratch2/agustin/zephyr-chipyard-sw/zephyr_ws/zephyr/lib/posix/options/pthread.c:9:
/scratch2/agustin/zephyr-chipyard-sw/zephyr_ws/zephyr/include/zephyr/posix/posix_limits.h:23:9: warning: "_POSIX_AIO_LISTIO_MAX" redefined
   23 | #define _POSIX_AIO_LISTIO_MAX               (2)
      |         ^~~~~~~~~~~~~~~~~~~~~
In file included from /scratch2/dima/zephyr-chipyard-sw-fresh/tools-manual/zephyr-sdk-1.0.0-beta1/gnu/riscv64-zephyr-elf/riscv64-zephyr-elf/sys-include/limits.h:6,
                 from /scratch2/dima/zephyr-chipyard-sw-fresh/tools-manual/zephyr-sdk-1.0.0-beta1/gnu/riscv64-zephyr-elf/lib/gcc/riscv64-zephyr-elf/14.3.0/include/limits.h:210,
                 from /scratch2/dima/zephyr-chipyard-sw-fresh/tools-manual/zephyr-sdk-1.0.0-beta1/gnu/riscv64-zephyr-elf/lib/gcc/riscv64-zephyr-elf/14.3.0/include/syslimits.h:7,
                 from /scratch2/dima/zephyr-chipyard-sw-fresh/tools-manual/zephyr-sdk-1.0.0-beta1/gnu/riscv64-zephyr-elf/lib/gcc/riscv64-zephyr-elf/14.3.0/include/limits.h:34,
                 from /scratch2/agustin/zephyr-chipyard-sw/zephyr_ws/zephyr/include/zephyr/sys/timeutil.h:25,
                 from /scratch2/agustin/zephyr-chipyard-sw/zephyr_ws/zephyr/lib/posix/options/posix_clock.h:17,
                 from /scratch2/agustin/zephyr-chipyard-sw/zephyr_ws/zephyr/lib/posix/options/pthread.c:8:
/scratch2/dima/zephyr-chipyard-sw-fresh/tools-manual/zephyr-sdk-1.0.0-beta1/gnu/riscv64-zephyr-elf/riscv64-zephyr-elf/sys-include/sys/syslimits.h:63:9: note: this is the location of the previous definition
   63 | #define _POSIX_AIO_LISTIO_MAX   2
      |         ^~~~~~~~~~~~~~~~~~~~~
/scratch2/agustin/zephyr-chipyard-sw/zephyr_ws/zephyr/include/zephyr/posix/posix_limits.h:24:9: warning: "_POSIX_AIO_MAX" redefined
   24 | #define _POSIX_AIO_MAX                      (1)
      |         ^~~~~~~~~~~~~~
/scratch2/dima/zephyr-chipyard-sw-fresh/tools-manual/zephyr-sdk-1.0.0-beta1/gnu/riscv64-zephyr-elf/riscv64-zephyr-elf/sys-include/sys/syslimits.h:64:9: note: this is the location of the previous definition
   64 | #define _POSIX_AIO_MAX          1
      |         ^~~~~~~~~~~~~~
/scratch2/agustin/zephyr-chipyard-sw/zephyr_ws/zephyr/include/zephyr/posix/posix_limits.h:25:9: warning: "_POSIX_ARG_MAX" redefined
   25 | #define _POSIX_ARG_MAX                      (4096)
      |         ^~~~~~~~~~~~~~
/scratch2/dima/zephyr-chipyard-sw-fresh/tools-manual/zephyr-sdk-1.0.0-beta1/gnu/riscv64-zephyr-elf/riscv64-zephyr-elf/sys-include/sys/syslimits.h:65:9: note: this is the location of the previous definition
   65 | #define _POSIX_ARG_MAX          4096
      |         ^~~~~~~~~~~~~~
/scratch2/agustin/zephyr-chipyard-sw/zephyr_ws/zephyr/include/zephyr/posix/posix_limits.h:26:9: warning: "_POSIX_CHILD_MAX" redefined
   26 | #define _POSIX_CHILD_MAX                    (25)
      |         ^~~~~~~~~~~~~~~~
/scratch2/dima/zephyr-chipyard-sw-fresh/tools-manual/zephyr-sdk-1.0.0-beta1/gnu/riscv64-zephyr-elf/riscv64-zephyr-elf/sys-include/sys/syslimits.h:66:9: note: this is the location of the previous definition
   66 | #define _POSIX_CHILD_MAX        6
      |         ^~~~~~~~~~~~~~~~
/scratch2/agustin/zephyr-chipyard-sw/zephyr_ws/zephyr/include/zephyr/posix/posix_limits.h:27:9: warning: "_POSIX_DELAYTIMER_MAX" redefined
   27 | #define _POSIX_DELAYTIMER_MAX               (32)
      |         ^~~~~~~~~~~~~~~~~~~~~
/scratch2/dima/zephyr-chipyard-sw-fresh/tools-manual/zephyr-sdk-1.0.0-beta1/gnu/riscv64-zephyr-elf/riscv64-zephyr-elf/sys-include/sys/syslimits.h:67:9: note: this is the location of the previous definition
   67 | #define _POSIX_DELAYTIMER_MAX   32
      |         ^~~~~~~~~~~~~~~~~~~~~
/scratch2/agustin/zephyr-chipyard-sw/zephyr_ws/zephyr/include/zephyr/posix/posix_limits.h:28:9: warning: "_POSIX_HOST_NAME_MAX" redefined
   28 | #define _POSIX_HOST_NAME_MAX                (255)
      |         ^~~~~~~~~~~~~~~~~~~~
/scratch2/dima/zephyr-chipyard-sw-fresh/tools-manual/zephyr-sdk-1.0.0-beta1/gnu/riscv64-zephyr-elf/riscv64-zephyr-elf/sys-include/sys/syslimits.h:68:9: note: this is the location of the previous definition
   68 | #define _POSIX_HOST_NAME_MAX    255
      |         ^~~~~~~~~~~~~~~~~~~~
/scratch2/agustin/zephyr-chipyard-sw/zephyr_ws/zephyr/include/zephyr/posix/posix_limits.h:29:9: warning: "_POSIX_LINK_MAX" redefined
   29 | #define _POSIX_LINK_MAX                     (8)
      |         ^~~~~~~~~~~~~~~
/scratch2/dima/zephyr-chipyard-sw-fresh/tools-manual/zephyr-sdk-1.0.0-beta1/gnu/riscv64-zephyr-elf/riscv64-zephyr-elf/sys-include/sys/syslimits.h:69:9: note: this is the location of the previous definition
   69 | #define _POSIX_LINK_MAX         8
      |         ^~~~~~~~~~~~~~~
/scratch2/agustin/zephyr-chipyard-sw/zephyr_ws/zephyr/include/zephyr/posix/posix_limits.h:30:9: warning: "_POSIX_LOGIN_NAME_MAX" redefined
   30 | #define _POSIX_LOGIN_NAME_MAX               (9)
      |         ^~~~~~~~~~~~~~~~~~~~~
/scratch2/dima/zephyr-chipyard-sw-fresh/tools-manual/zephyr-sdk-1.0.0-beta1/gnu/riscv64-zephyr-elf/riscv64-zephyr-elf/sys-include/sys/syslimits.h:70:9: note: this is the location of the previous definition
   70 | #define _POSIX_LOGIN_NAME_MAX   9
      |         ^~~~~~~~~~~~~~~~~~~~~
/scratch2/agustin/zephyr-chipyard-sw/zephyr_ws/zephyr/include/zephyr/posix/posix_limits.h:31:9: warning: "_POSIX_MAX_CANON" redefined
   31 | #define _POSIX_MAX_CANON                    (255)
      |         ^~~~~~~~~~~~~~~~
/scratch2/dima/zephyr-chipyard-sw-fresh/tools-manual/zephyr-sdk-1.0.0-beta1/gnu/riscv64-zephyr-elf/riscv64-zephyr-elf/sys-include/sys/syslimits.h:71:9: note: this is the location of the previous definition
   71 | #define _POSIX_MAX_CANON        255
      |         ^~~~~~~~~~~~~~~~
/scratch2/agustin/zephyr-chipyard-sw/zephyr_ws/zephyr/include/zephyr/posix/posix_limits.h:32:9: warning: "_POSIX_MAX_INPUT" redefined
   32 | #define _POSIX_MAX_INPUT                    (255)
      |         ^~~~~~~~~~~~~~~~
/scratch2/dima/zephyr-chipyard-sw-fresh/tools-manual/zephyr-sdk-1.0.0-beta1/gnu/riscv64-zephyr-elf/riscv64-zephyr-elf/sys-include/sys/syslimits.h:72:9: note: this is the location of the previous definition
   72 | #define _POSIX_MAX_INPUT        255
      |         ^~~~~~~~~~~~~~~~
/scratch2/agustin/zephyr-chipyard-sw/zephyr_ws/zephyr/include/zephyr/posix/posix_limits.h:33:9: warning: "_POSIX_MQ_OPEN_MAX" redefined
   33 | #define _POSIX_MQ_OPEN_MAX                  (8)
      |         ^~~~~~~~~~~~~~~~~~
/scratch2/dima/zephyr-chipyard-sw-fresh/tools-manual/zephyr-sdk-1.0.0-beta1/gnu/riscv64-zephyr-elf/riscv64-zephyr-elf/sys-include/sys/syslimits.h:73:9: note: this is the location of the previous definition
   73 | #define _POSIX_MQ_OPEN_MAX      8
      |         ^~~~~~~~~~~~~~~~~~
/scratch2/agustin/zephyr-chipyard-sw/zephyr_ws/zephyr/include/zephyr/posix/posix_limits.h:34:9: warning: "_POSIX_MQ_PRIO_MAX" redefined
   34 | #define _POSIX_MQ_PRIO_MAX                  (32)
      |         ^~~~~~~~~~~~~~~~~~
/scratch2/dima/zephyr-chipyard-sw-fresh/tools-manual/zephyr-sdk-1.0.0-beta1/gnu/riscv64-zephyr-elf/riscv64-zephyr-elf/sys-include/sys/syslimits.h:74:9: note: this is the location of the previous definition
   74 | #define _POSIX_MQ_PRIO_MAX      32
      |         ^~~~~~~~~~~~~~~~~~
/scratch2/agustin/zephyr-chipyard-sw/zephyr_ws/zephyr/include/zephyr/posix/posix_limits.h:35:9: warning: "_POSIX_NAME_MAX" redefined
   35 | #define _POSIX_NAME_MAX                     (14)
      |         ^~~~~~~~~~~~~~~
/scratch2/dima/zephyr-chipyard-sw-fresh/tools-manual/zephyr-sdk-1.0.0-beta1/gnu/riscv64-zephyr-elf/riscv64-zephyr-elf/sys-include/sys/syslimits.h:75:9: note: this is the location of the previous definition
   75 | #define _POSIX_NAME_MAX         14
      |         ^~~~~~~~~~~~~~~
/scratch2/agustin/zephyr-chipyard-sw/zephyr_ws/zephyr/include/zephyr/posix/posix_limits.h:36:9: warning: "_POSIX_NGROUPS_MAX" redefined
   36 | #define _POSIX_NGROUPS_MAX                  (8)
      |         ^~~~~~~~~~~~~~~~~~
/scratch2/dima/zephyr-chipyard-sw-fresh/tools-manual/zephyr-sdk-1.0.0-beta1/gnu/riscv64-zephyr-elf/riscv64-zephyr-elf/sys-include/sys/syslimits.h:76:9: note: this is the location of the previous definition
   76 | #define _POSIX_NGROUPS_MAX      0
      |         ^~~~~~~~~~~~~~~~~~
/scratch2/agustin/zephyr-chipyard-sw/zephyr_ws/zephyr/include/zephyr/posix/posix_limits.h:37:9: warning: "_POSIX_OPEN_MAX" redefined
   37 | #define _POSIX_OPEN_MAX                     (20)
      |         ^~~~~~~~~~~~~~~
/scratch2/dima/zephyr-chipyard-sw-fresh/tools-manual/zephyr-sdk-1.0.0-beta1/gnu/riscv64-zephyr-elf/riscv64-zephyr-elf/sys-include/sys/syslimits.h:77:9: note: this is the location of the previous definition
   77 | #define _POSIX_OPEN_MAX         16
      |         ^~~~~~~~~~~~~~~
/scratch2/agustin/zephyr-chipyard-sw/zephyr_ws/zephyr/include/zephyr/posix/posix_limits.h:38:9: warning: "_POSIX_PATH_MAX" redefined
   38 | #define _POSIX_PATH_MAX                     (256)
      |         ^~~~~~~~~~~~~~~
/scratch2/dima/zephyr-chipyard-sw-fresh/tools-manual/zephyr-sdk-1.0.0-beta1/gnu/riscv64-zephyr-elf/riscv64-zephyr-elf/sys-include/sys/syslimits.h:78:9: note: this is the location of the previous definition
   78 | #define _POSIX_PATH_MAX         255
      |         ^~~~~~~~~~~~~~~
/scratch2/agustin/zephyr-chipyard-sw/zephyr_ws/zephyr/include/zephyr/posix/posix_limits.h:39:9: warning: "_POSIX_PIPE_BUF" redefined
   39 | #define _POSIX_PIPE_BUF                     (512)
      |         ^~~~~~~~~~~~~~~
/scratch2/dima/zephyr-chipyard-sw-fresh/tools-manual/zephyr-sdk-1.0.0-beta1/gnu/riscv64-zephyr-elf/riscv64-zephyr-elf/sys-include/sys/syslimits.h:79:9: note: this is the location of the previous definition
   79 | #define _POSIX_PIPE_BUF         512
      |         ^~~~~~~~~~~~~~~
/scratch2/agustin/zephyr-chipyard-sw/zephyr_ws/zephyr/include/zephyr/posix/posix_limits.h:40:9: warning: "_POSIX_RE_DUP_MAX" redefined
   40 | #define _POSIX_RE_DUP_MAX                   (255)
      |         ^~~~~~~~~~~~~~~~~
/scratch2/dima/zephyr-chipyard-sw-fresh/tools-manual/zephyr-sdk-1.0.0-beta1/gnu/riscv64-zephyr-elf/riscv64-zephyr-elf/sys-include/sys/syslimits.h:80:9: note: this is the location of the previous definition
   80 | #define _POSIX_RE_DUP_MAX       255
      |         ^~~~~~~~~~~~~~~~~
/scratch2/agustin/zephyr-chipyard-sw/zephyr_ws/zephyr/include/zephyr/posix/posix_limits.h:41:9: warning: "_POSIX_RTSIG_MAX" redefined
   41 | #define _POSIX_RTSIG_MAX                    (8)
      |         ^~~~~~~~~~~~~~~~
/scratch2/dima/zephyr-chipyard-sw-fresh/tools-manual/zephyr-sdk-1.0.0-beta1/gnu/riscv64-zephyr-elf/riscv64-zephyr-elf/sys-include/sys/syslimits.h:81:9: note: this is the location of the previous definition
   81 | #define _POSIX_RTSIG_MAX        8
      |         ^~~~~~~~~~~~~~~~
/scratch2/agustin/zephyr-chipyard-sw/zephyr_ws/zephyr/include/zephyr/posix/posix_limits.h:42:9: warning: "_POSIX_SEM_NSEMS_MAX" redefined
   42 | #define _POSIX_SEM_NSEMS_MAX                (256)
      |         ^~~~~~~~~~~~~~~~~~~~
/scratch2/dima/zephyr-chipyard-sw-fresh/tools-manual/zephyr-sdk-1.0.0-beta1/gnu/riscv64-zephyr-elf/riscv64-zephyr-elf/sys-include/sys/syslimits.h:82:9: note: this is the location of the previous definition
   82 | #define _POSIX_SEM_NSEMS_MAX    256
      |         ^~~~~~~~~~~~~~~~~~~~
/scratch2/agustin/zephyr-chipyard-sw/zephyr_ws/zephyr/include/zephyr/posix/posix_limits.h:43:9: warning: "_POSIX_SEM_VALUE_MAX" redefined
   43 | #define _POSIX_SEM_VALUE_MAX                (32767)
      |         ^~~~~~~~~~~~~~~~~~~~
/scratch2/dima/zephyr-chipyard-sw-fresh/tools-manual/zephyr-sdk-1.0.0-beta1/gnu/riscv64-zephyr-elf/riscv64-zephyr-elf/sys-include/sys/syslimits.h:83:9: note: this is the location of the previous definition
   83 | #define _POSIX_SEM_VALUE_MAX    32767
      |         ^~~~~~~~~~~~~~~~~~~~
/scratch2/agustin/zephyr-chipyard-sw/zephyr_ws/zephyr/include/zephyr/posix/posix_limits.h:44:9: warning: "_POSIX_SIGQUEUE_MAX" redefined
   44 | #define _POSIX_SIGQUEUE_MAX                 (32)
      |         ^~~~~~~~~~~~~~~~~~~
/scratch2/dima/zephyr-chipyard-sw-fresh/tools-manual/zephyr-sdk-1.0.0-beta1/gnu/riscv64-zephyr-elf/riscv64-zephyr-elf/sys-include/sys/syslimits.h:84:9: note: this is the location of the previous definition
   84 | #define _POSIX_SIGQUEUE_MAX     32
      |         ^~~~~~~~~~~~~~~~~~~
/scratch2/agustin/zephyr-chipyard-sw/zephyr_ws/zephyr/include/zephyr/posix/posix_limits.h:45:9: warning: "_POSIX_SSIZE_MAX" redefined
   45 | #define _POSIX_SSIZE_MAX                    (32767)
      |         ^~~~~~~~~~~~~~~~
/scratch2/dima/zephyr-chipyard-sw-fresh/tools-manual/zephyr-sdk-1.0.0-beta1/gnu/riscv64-zephyr-elf/riscv64-zephyr-elf/sys-include/sys/syslimits.h:85:9: note: this is the location of the previous definition
   85 | #define _POSIX_SSIZE_MAX        32767
      |         ^~~~~~~~~~~~~~~~
/scratch2/agustin/zephyr-chipyard-sw/zephyr_ws/zephyr/include/zephyr/posix/posix_limits.h:46:9: warning: "_POSIX_SS_REPL_MAX" redefined
   46 | #define _POSIX_SS_REPL_MAX                  (4)
      |         ^~~~~~~~~~~~~~~~~~
/scratch2/dima/zephyr-chipyard-sw-fresh/tools-manual/zephyr-sdk-1.0.0-beta1/gnu/riscv64-zephyr-elf/riscv64-zephyr-elf/sys-include/sys/syslimits.h:86:9: note: this is the location of the previous definition
   86 | #define _POSIX_SS_REPL_MAX      4
      |         ^~~~~~~~~~~~~~~~~~
/scratch2/agustin/zephyr-chipyard-sw/zephyr_ws/zephyr/include/zephyr/posix/posix_limits.h:47:9: warning: "_POSIX_STREAM_MAX" redefined
   47 | #define _POSIX_STREAM_MAX                   (8)
      |         ^~~~~~~~~~~~~~~~~
/scratch2/dima/zephyr-chipyard-sw-fresh/tools-manual/zephyr-sdk-1.0.0-beta1/gnu/riscv64-zephyr-elf/riscv64-zephyr-elf/sys-include/sys/syslimits.h:87:9: note: this is the location of the previous definition
   87 | #define _POSIX_STREAM_MAX       8
      |         ^~~~~~~~~~~~~~~~~
/scratch2/agustin/zephyr-chipyard-sw/zephyr_ws/zephyr/include/zephyr/posix/posix_limits.h:48:9: warning: "_POSIX_SYMLINK_MAX" redefined
   48 | #define _POSIX_SYMLINK_MAX                  (255)
      |         ^~~~~~~~~~~~~~~~~~
/scratch2/dima/zephyr-chipyard-sw-fresh/tools-manual/zephyr-sdk-1.0.0-beta1/gnu/riscv64-zephyr-elf/riscv64-zephyr-elf/sys-include/sys/syslimits.h:88:9: note: this is the location of the previous definition
   88 | #define _POSIX_SYMLINK_MAX      255
      |         ^~~~~~~~~~~~~~~~~~
/scratch2/agustin/zephyr-chipyard-sw/zephyr_ws/zephyr/include/zephyr/posix/posix_limits.h:49:9: warning: "_POSIX_SYMLOOP_MAX" redefined
   49 | #define _POSIX_SYMLOOP_MAX                  (8)
      |         ^~~~~~~~~~~~~~~~~~
/scratch2/dima/zephyr-chipyard-sw-fresh/tools-manual/zephyr-sdk-1.0.0-beta1/gnu/riscv64-zephyr-elf/riscv64-zephyr-elf/sys-include/sys/syslimits.h:89:9: note: this is the location of the previous definition
   89 | #define _POSIX_SYMLOOP_MAX      8
      |         ^~~~~~~~~~~~~~~~~~
/scratch2/agustin/zephyr-chipyard-sw/zephyr_ws/zephyr/include/zephyr/posix/posix_limits.h:50:9: warning: "_POSIX_THREAD_DESTRUCTOR_ITERATIONS" redefined
   50 | #define _POSIX_THREAD_DESTRUCTOR_ITERATIONS (4)
      |         ^~~~~~~~~~~~~~~~~~~~~~~~~~~~~~~~~~~
/scratch2/dima/zephyr-chipyard-sw-fresh/tools-manual/zephyr-sdk-1.0.0-beta1/gnu/riscv64-zephyr-elf/riscv64-zephyr-elf/sys-include/sys/syslimits.h:90:9: note: this is the location of the previous definition
   90 | #define _POSIX_THREAD_DESTRUCTOR_ITERATIONS     4
      |         ^~~~~~~~~~~~~~~~~~~~~~~~~~~~~~~~~~~
/scratch2/agustin/zephyr-chipyard-sw/zephyr_ws/zephyr/include/zephyr/posix/posix_limits.h:51:9: warning: "_POSIX_THREAD_KEYS_MAX" redefined
   51 | #define _POSIX_THREAD_KEYS_MAX              (128)
      |         ^~~~~~~~~~~~~~~~~~~~~~
/scratch2/dima/zephyr-chipyard-sw-fresh/tools-manual/zephyr-sdk-1.0.0-beta1/gnu/riscv64-zephyr-elf/riscv64-zephyr-elf/sys-include/sys/syslimits.h:91:9: note: this is the location of the previous definition
   91 | #define _POSIX_THREAD_KEYS_MAX  128
      |         ^~~~~~~~~~~~~~~~~~~~~~
/scratch2/agustin/zephyr-chipyard-sw/zephyr_ws/zephyr/include/zephyr/posix/posix_limits.h:52:9: warning: "_POSIX_THREAD_THREADS_MAX" redefined
   52 | #define _POSIX_THREAD_THREADS_MAX           (64)
      |         ^~~~~~~~~~~~~~~~~~~~~~~~~
/scratch2/dima/zephyr-chipyard-sw-fresh/tools-manual/zephyr-sdk-1.0.0-beta1/gnu/riscv64-zephyr-elf/riscv64-zephyr-elf/sys-include/sys/syslimits.h:92:9: note: this is the location of the previous definition
   92 | #define _POSIX_THREAD_THREADS_MAX       64
      |         ^~~~~~~~~~~~~~~~~~~~~~~~~
/scratch2/agustin/zephyr-chipyard-sw/zephyr_ws/zephyr/include/zephyr/posix/posix_limits.h:53:9: warning: "_POSIX_TIMER_MAX" redefined
   53 | #define _POSIX_TIMER_MAX                    (32)
      |         ^~~~~~~~~~~~~~~~
/scratch2/dima/zephyr-chipyard-sw-fresh/tools-manual/zephyr-sdk-1.0.0-beta1/gnu/riscv64-zephyr-elf/riscv64-zephyr-elf/sys-include/sys/syslimits.h:93:9: note: this is the location of the previous definition
   93 | #define _POSIX_TIMER_MAX        32
      |         ^~~~~~~~~~~~~~~~
/scratch2/agustin/zephyr-chipyard-sw/zephyr_ws/zephyr/include/zephyr/posix/posix_limits.h:54:9: warning: "_POSIX_TRACE_EVENT_NAME_MAX" redefined
   54 | #define _POSIX_TRACE_EVENT_NAME_MAX         (30)
      |         ^~~~~~~~~~~~~~~~~~~~~~~~~~~
/scratch2/dima/zephyr-chipyard-sw-fresh/tools-manual/zephyr-sdk-1.0.0-beta1/gnu/riscv64-zephyr-elf/riscv64-zephyr-elf/sys-include/sys/syslimits.h:94:9: note: this is the location of the previous definition
   94 | #define _POSIX_TRACE_EVENT_NAME_MAX     30
      |         ^~~~~~~~~~~~~~~~~~~~~~~~~~~
/scratch2/agustin/zephyr-chipyard-sw/zephyr_ws/zephyr/include/zephyr/posix/posix_limits.h:55:9: warning: "_POSIX_TRACE_NAME_MAX" redefined
   55 | #define _POSIX_TRACE_NAME_MAX               (8)
      |         ^~~~~~~~~~~~~~~~~~~~~
/scratch2/dima/zephyr-chipyard-sw-fresh/tools-manual/zephyr-sdk-1.0.0-beta1/gnu/riscv64-zephyr-elf/riscv64-zephyr-elf/sys-include/sys/syslimits.h:95:9: note: this is the location of the previous definition
   95 | #define _POSIX_TRACE_NAME_MAX   8
      |         ^~~~~~~~~~~~~~~~~~~~~
/scratch2/agustin/zephyr-chipyard-sw/zephyr_ws/zephyr/include/zephyr/posix/posix_limits.h:56:9: warning: "_POSIX_TRACE_SYS_MAX" redefined
   56 | #define _POSIX_TRACE_SYS_MAX                (8)
      |         ^~~~~~~~~~~~~~~~~~~~
/scratch2/dima/zephyr-chipyard-sw-fresh/tools-manual/zephyr-sdk-1.0.0-beta1/gnu/riscv64-zephyr-elf/riscv64-zephyr-elf/sys-include/sys/syslimits.h:96:9: note: this is the location of the previous definition
   96 | #define _POSIX_TRACE_SYS_MAX    8
      |         ^~~~~~~~~~~~~~~~~~~~
/scratch2/agustin/zephyr-chipyard-sw/zephyr_ws/zephyr/include/zephyr/posix/posix_limits.h:57:9: warning: "_POSIX_TRACE_USER_EVENT_MAX" redefined
   57 | #define _POSIX_TRACE_USER_EVENT_MAX         (32)
      |         ^~~~~~~~~~~~~~~~~~~~~~~~~~~
/scratch2/dima/zephyr-chipyard-sw-fresh/tools-manual/zephyr-sdk-1.0.0-beta1/gnu/riscv64-zephyr-elf/riscv64-zephyr-elf/sys-include/sys/syslimits.h:97:9: note: this is the location of the previous definition
   97 | #define _POSIX_TRACE_USER_EVENT_MAX     32
      |         ^~~~~~~~~~~~~~~~~~~~~~~~~~~
/scratch2/agustin/zephyr-chipyard-sw/zephyr_ws/zephyr/include/zephyr/posix/posix_limits.h:58:9: warning: "_POSIX_TTY_NAME_MAX" redefined
   58 | #define _POSIX_TTY_NAME_MAX                 (9)
      |         ^~~~~~~~~~~~~~~~~~~
/scratch2/dima/zephyr-chipyard-sw-fresh/tools-manual/zephyr-sdk-1.0.0-beta1/gnu/riscv64-zephyr-elf/riscv64-zephyr-elf/sys-include/sys/syslimits.h:98:9: note: this is the location of the previous definition
   98 | #define _POSIX_TTY_NAME_MAX     9
      |         ^~~~~~~~~~~~~~~~~~~
/scratch2/agustin/zephyr-chipyard-sw/zephyr_ws/zephyr/include/zephyr/posix/posix_limits.h:59:9: warning: "_POSIX_TZNAME_MAX" redefined
   59 | #define _POSIX_TZNAME_MAX                   (6)
      |         ^~~~~~~~~~~~~~~~~
/scratch2/dima/zephyr-chipyard-sw-fresh/tools-manual/zephyr-sdk-1.0.0-beta1/gnu/riscv64-zephyr-elf/riscv64-zephyr-elf/sys-include/sys/syslimits.h:99:9: note: this is the location of the previous definition
   99 | #define _POSIX_TZNAME_MAX       3
      |         ^~~~~~~~~~~~~~~~~
/scratch2/agustin/zephyr-chipyard-sw/zephyr_ws/zephyr/include/zephyr/posix/posix_limits.h:60:9: warning: "_POSIX2_BC_BASE_MAX" redefined
   60 | #define _POSIX2_BC_BASE_MAX                 (99)
      |         ^~~~~~~~~~~~~~~~~~~
/scratch2/dima/zephyr-chipyard-sw-fresh/tools-manual/zephyr-sdk-1.0.0-beta1/gnu/riscv64-zephyr-elf/riscv64-zephyr-elf/sys-include/sys/syslimits.h:100:9: note: this is the location of the previous definition
  100 | #define _POSIX2_BC_BASE_MAX     99
      |         ^~~~~~~~~~~~~~~~~~~
/scratch2/agustin/zephyr-chipyard-sw/zephyr_ws/zephyr/include/zephyr/posix/posix_limits.h:61:9: warning: "_POSIX2_BC_DIM_MAX" redefined
   61 | #define _POSIX2_BC_DIM_MAX                  (2048)
      |         ^~~~~~~~~~~~~~~~~~
/scratch2/dima/zephyr-chipyard-sw-fresh/tools-manual/zephyr-sdk-1.0.0-beta1/gnu/riscv64-zephyr-elf/riscv64-zephyr-elf/sys-include/sys/syslimits.h:101:9: note: this is the location of the previous definition
  101 | #define _POSIX2_BC_DIM_MAX      2048
      |         ^~~~~~~~~~~~~~~~~~
/scratch2/agustin/zephyr-chipyard-sw/zephyr_ws/zephyr/include/zephyr/posix/posix_limits.h:62:9: warning: "_POSIX2_BC_SCALE_MAX" redefined
   62 | #define _POSIX2_BC_SCALE_MAX                (99)
      |         ^~~~~~~~~~~~~~~~~~~~
/scratch2/dima/zephyr-chipyard-sw-fresh/tools-manual/zephyr-sdk-1.0.0-beta1/gnu/riscv64-zephyr-elf/riscv64-zephyr-elf/sys-include/sys/syslimits.h:102:9: note: this is the location of the previous definition
  102 | #define _POSIX2_BC_SCALE_MAX    99
      |         ^~~~~~~~~~~~~~~~~~~~
/scratch2/agustin/zephyr-chipyard-sw/zephyr_ws/zephyr/include/zephyr/posix/posix_limits.h:63:9: warning: "_POSIX2_BC_STRING_MAX" redefined
   63 | #define _POSIX2_BC_STRING_MAX               (1000)
      |         ^~~~~~~~~~~~~~~~~~~~~
/scratch2/dima/zephyr-chipyard-sw-fresh/tools-manual/zephyr-sdk-1.0.0-beta1/gnu/riscv64-zephyr-elf/riscv64-zephyr-elf/sys-include/sys/syslimits.h:103:9: note: this is the location of the previous definition
  103 | #define _POSIX2_BC_STRING_MAX   1000
      |         ^~~~~~~~~~~~~~~~~~~~~
/scratch2/agustin/zephyr-chipyard-sw/zephyr_ws/zephyr/include/zephyr/posix/posix_limits.h:64:9: warning: "_POSIX2_CHARCLASS_NAME_MAX" redefined
   64 | #define _POSIX2_CHARCLASS_NAME_MAX          (14)
      |         ^~~~~~~~~~~~~~~~~~~~~~~~~~
/scratch2/dima/zephyr-chipyard-sw-fresh/tools-manual/zephyr-sdk-1.0.0-beta1/gnu/riscv64-zephyr-elf/riscv64-zephyr-elf/sys-include/sys/syslimits.h:104:9: note: this is the location of the previous definition
  104 | #define _POSIX2_CHARCLASS_NAME_MAX      14
      |         ^~~~~~~~~~~~~~~~~~~~~~~~~~
/scratch2/agustin/zephyr-chipyard-sw/zephyr_ws/zephyr/include/zephyr/posix/posix_limits.h:65:9: warning: "_POSIX2_COLL_WEIGHTS_MAX" redefined
   65 | #define _POSIX2_COLL_WEIGHTS_MAX            (2)
      |         ^~~~~~~~~~~~~~~~~~~~~~~~
/scratch2/dima/zephyr-chipyard-sw-fresh/tools-manual/zephyr-sdk-1.0.0-beta1/gnu/riscv64-zephyr-elf/riscv64-zephyr-elf/sys-include/sys/syslimits.h:105:9: note: this is the location of the previous definition
  105 | #define _POSIX2_COLL_WEIGHTS_MAX        2
      |         ^~~~~~~~~~~~~~~~~~~~~~~~
/scratch2/agustin/zephyr-chipyard-sw/zephyr_ws/zephyr/include/zephyr/posix/posix_limits.h:66:9: warning: "_POSIX2_EXPR_NEST_MAX" redefined
   66 | #define _POSIX2_EXPR_NEST_MAX               (32)
      |         ^~~~~~~~~~~~~~~~~~~~~
/scratch2/dima/zephyr-chipyard-sw-fresh/tools-manual/zephyr-sdk-1.0.0-beta1/gnu/riscv64-zephyr-elf/riscv64-zephyr-elf/sys-include/sys/syslimits.h:106:9: note: this is the location of the previous definition
  106 | #define _POSIX2_EXPR_NEST_MAX   32
      |         ^~~~~~~~~~~~~~~~~~~~~
/scratch2/agustin/zephyr-chipyard-sw/zephyr_ws/zephyr/include/zephyr/posix/posix_limits.h:67:9: warning: "_POSIX2_LINE_MAX" redefined
   67 | #define _POSIX2_LINE_MAX                    (2048)
      |         ^~~~~~~~~~~~~~~~
/scratch2/dima/zephyr-chipyard-sw-fresh/tools-manual/zephyr-sdk-1.0.0-beta1/gnu/riscv64-zephyr-elf/riscv64-zephyr-elf/sys-include/sys/syslimits.h:107:9: note: this is the location of the previous definition
  107 | #define _POSIX2_LINE_MAX        2048
      |         ^~~~~~~~~~~~~~~~
/scratch2/agustin/zephyr-chipyard-sw/zephyr_ws/zephyr/include/zephyr/posix/posix_limits.h:83:9: warning: "ARG_MAX" redefined
   83 | #define ARG_MAX                       _POSIX_ARG_MAX
      |         ^~~~~~~
/scratch2/dima/zephyr-chipyard-sw-fresh/tools-manual/zephyr-sdk-1.0.0-beta1/gnu/riscv64-zephyr-elf/riscv64-zephyr-elf/sys-include/sys/syslimits.h:41:9: note: this is the location of the previous definition
   41 | #define ARG_MAX                 65536   /* max bytes for an exec function */
      |         ^~~~~~~
/scratch2/agustin/zephyr-chipyard-sw/zephyr_ws/zephyr/include/zephyr/posix/posix_limits.h:84:9: warning: "ATEXIT_MAX" redefined
   84 | #define ATEXIT_MAX                    (32)
      |         ^~~~~~~~~~
/scratch2/dima/zephyr-chipyard-sw-fresh/tools-manual/zephyr-sdk-1.0.0-beta1/gnu/riscv64-zephyr-elf/riscv64-zephyr-elf/sys-include/sys/syslimits.h:42:9: note: this is the location of the previous definition
   42 | #define ATEXIT_MAX                 32   /* max atexit functions */
      |         ^~~~~~~~~~
/scratch2/agustin/zephyr-chipyard-sw/zephyr_ws/zephyr/include/zephyr/posix/posix_limits.h:93:9: warning: "OPEN_MAX" redefined
   93 | #define OPEN_MAX                      CONFIG_POSIX_OPEN_MAX
      |         ^~~~~~~~
/scratch2/dima/zephyr-chipyard-sw-fresh/tools-manual/zephyr-sdk-1.0.0-beta1/gnu/riscv64-zephyr-elf/riscv64-zephyr-elf/sys-include/sys/syslimits.h:45:9: note: this is the location of the previous definition
   45 | #define OPEN_MAX                   64   /* max open files per process */
      |         ^~~~~~~~
/scratch2/agustin/zephyr-chipyard-sw/zephyr_ws/zephyr/include/zephyr/posix/posix_limits.h:96:9: warning: "PATH_MAX" redefined
   96 | #define PATH_MAX                      _POSIX_PATH_MAX
      |         ^~~~~~~~
/scratch2/dima/zephyr-chipyard-sw-fresh/tools-manual/zephyr-sdk-1.0.0-beta1/gnu/riscv64-zephyr-elf/riscv64-zephyr-elf/sys-include/sys/syslimits.h:53:9: note: this is the location of the previous definition
   53 | #define PATH_MAX                 1024   /* max bytes in pathname */
      |         ^~~~~~~~
/scratch2/agustin/zephyr-chipyard-sw/zephyr_ws/zephyr/include/zephyr/posix/posix_limits.h:114:9: warning: "TZNAME_MAX" redefined
  114 | #define TZNAME_MAX                    _POSIX_TZNAME_MAX
      |         ^~~~~~~~~~
/scratch2/dima/zephyr-chipyard-sw-fresh/tools-manual/zephyr-sdk-1.0.0-beta1/gnu/riscv64-zephyr-elf/riscv64-zephyr-elf/sys-include/sys/syslimits.h:46:9: note: this is the location of the previous definition
   46 | #define TZNAME_MAX                 10   /* max time zone name length */
      |         ^~~~~~~~~~
[190/202] Linking C static library zephyr/lib/posix/options/liblib__posix__options.a
[191/202] Building C object zephyr/kernel/CMakeFiles/kernel.dir/sched.c.obj
[192/202] Building C object CMakeFiles/modelblaster_yolov8_nano_rvv_opu_objs.dir/scratch2/agustin/ModelBlaster/examples/yolov8_nano/int8/generated/rvv_opu/model.c.obj
[193/202] Building C object CMakeFiles/modelblaster_yolov8_nano_gemmini_q31_objs.dir/scratch2/agustin/ModelBlaster/examples/yolov8_nano/int8/generated/gemmini_q31/model.c.obj
[194/202] Linking C static library zephyr/kernel/libkernel.a
[195/202] Building C object CMakeFiles/modelblaster_yolov8_nano_weights_obj.dir/scratch2/agustin/ModelBlaster/examples/yolov8_nano/int8/generated/gemmini_q31/weights.c.obj
[196/202] Linking C static library app/libapp.a
[197/202] Linking C executable zephyr/zephyr_pre0.elf
[198/202] Generating linker.cmd
[199/202] Generating isr_tables.c, isr_tables_vt.ld, isr_tables_swi.ld
[200/202] Building C object zephyr/CMakeFiles/zephyr_final.dir/misc/empty_file.c.obj
[201/202] Building C object zephyr/CMakeFiles/zephyr_final.dir/isr_tables.c.obj
[202/202] Linking C executable zephyr/zephyr.elf
Memory region         Used Size  Region Size  %age Used
             RAM:    84641496 B       256 MB     31.53%
        IDT_LIST:           0 B         4 KB      0.00%
Generating files from /scratch2/agustin/ModelBlaster/examples/xpurt_demo/int8/build/gemmini_q31_rvv_opu_firesim/zephyr/zephyr.elf for board: chipyard_riscv64
MODELBLASTER_STAGE_END:build:9.507
MODELBLASTER_STAGE_BEGIN:run
[xpurt] firesim + verify
firesim: runworkload (waiting for 1 MODELBLASTER_WALL_CYCLES marker)
Traceback (most recent call last):
  File "/scratch2/agustin/chipyard/.conda-env/lib/python3.10/runpy.py", line 196, in _run_module_as_main
    return _run_code(code, main_globals, None,
  File "/scratch2/agustin/chipyard/.conda-env/lib/python3.10/runpy.py", line 86, in _run_code
    exec(code, run_globals)
  File "/scratch2/agustin/ModelBlaster/validation/firesim_runner.py", line 788, in <module>
    sys.exit(main())
  File "/scratch2/agustin/ModelBlaster/validation/firesim_runner.py", line 720, in main
    out = run_firesim(
  File "/scratch2/agustin/ModelBlaster/validation/firesim_runner.py", line 479, in run_firesim
    raise RuntimeError(
RuntimeError: firesim-queue submit returned rc=1.
--- last 2KB of `firesim-queue submit` log ---
[firesim-queue] job_id=266 state=QUEUED phase=PENDING
[firesim-queue] job_id=266 still QUEUED: 0 jobs ahead; running: id=262 user=agustin
[firesim-queue] job_id=266 still QUEUED: 0 jobs ahead; running: id=262 user=agustin
[firesim-queue] job_id=266 still QUEUED: 0 jobs ahead; running: id=262 user=agustin
[firesim-queue] job_id=266 still QUEUED: 0 jobs ahead; running: id=262 user=agustin
[firesim-queue] job_id=266 still QUEUED: 0 jobs ahead; running: id=262 user=agustin
[firesim-queue] job_id=266 still QUEUED: 0 jobs ahead; running: id=262 user=agustin
[firesim-queue] job_id=266 still QUEUED: 0 jobs ahead; running: id=262 user=agustin
[firesim-queue] job_id=266 state=CANCELLED phase=PENDING
[firesim-queue] job_id=266 terminal state=CANCELLED exit_code=None
[firesim-queue] job_id=266 kind=runworkload-full user=agustin priority=10 project=modelblaster state=QUEUED
[firesim-queue]   chipyard=/scratch2/agustin/chipyard
[firesim-queue]   workload=modelblaster-firesim bootbinary=zephyr0-zephyr.elf
[firesim-queue]   stage_from=/scratch2/agustin/ModelBlaster/examples/xpurt_demo/int8/build/gemmini_q31_rvv_opu_firesim/zephyr/zephyr.elf
[firesim-queue]   timeout=0s
[firesim-queue]   ETA 380s (median of 78 exact past runs)

