[1/5] extract_graph (quant=int8) -> /scratch2/agustin/ModelBlaster/examples/yolov8_nano/int8/generated
MODELBLASTER_STAGE_BEGIN:extract
  (skipped — IR present at /scratch2/agustin/ModelBlaster/examples/yolov8_nano/int8/generated; set FORCE_EXTRACT=1 to re-run)
MODELBLASTER_STAGE_END:extract:0.001
[2/5] generate_skeleton (backend=rvv_opu) -> /scratch2/agustin/ModelBlaster/examples/yolov8_nano/int8/generated/rvv_opu
MODELBLASTER_STAGE_BEGIN:generate_skeleton
wrote /scratch2/agustin/ModelBlaster/examples/yolov8_nano/int8/generated/rvv_opu/weights.h
wrote /scratch2/agustin/ModelBlaster/examples/yolov8_nano/int8/generated/rvv_opu/weights.c
wrote /scratch2/agustin/ModelBlaster/examples/yolov8_nano/int8/generated/rvv_opu/model.h
wrote /scratch2/agustin/ModelBlaster/examples/yolov8_nano/int8/generated/rvv_opu/model.c
wrote /scratch2/agustin/ModelBlaster/examples/yolov8_nano/int8/generated/rvv_opu/buffers.c
wrote /scratch2/agustin/ModelBlaster/examples/yolov8_nano/int8/generated/rvv_opu/test_io.h
MODELBLASTER_STAGE_END:generate_skeleton:0.688
[3/5] generate_kernels (backend=reference target=rvv_opu quant=int8 optimize=0) -> /scratch2/agustin/ModelBlaster/examples/yolov8_nano/int8/generated/rvv_opu
MODELBLASTER_STAGE_BEGIN:generate_kernels
backend=reference  target=rvv_opu  ops=['add_s8', 'batchnorm2d_silu_s8', 'cat2_c1_s8', 'cat3_c1_s8', 'cat4_c1_s8', 'conv2d_s8', 'maxpool2d_s8', 'upsample_nearest_s8']
wrote /scratch2/agustin/ModelBlaster/examples/yolov8_nano/int8/generated/rvv_opu/kernels.h
wrote /scratch2/agustin/ModelBlaster/examples/yolov8_nano/int8/generated/rvv_opu/kernels.c  (source=reference target=rvv_opu)
wrote /scratch2/agustin/ModelBlaster/examples/yolov8_nano/int8/generated/rvv_opu/kernel_picks.json
MODELBLASTER_STAGE_END:generate_kernels:0.176
[4/5] west build (board=chipyard_riscv64/rocketchip_virt_riscv64) -> /scratch2/agustin/ModelBlaster/examples/yolov8_nano/int8/build/rvv_opu_firesim
MODELBLASTER_STAGE_BEGIN:build
-- west build: making build dir /scratch2/agustin/ModelBlaster/examples/yolov8_nano/int8/build/rvv_opu_firesim pristine
-- west build: generating a build system
Loading Zephyr default modules (Zephyr base).
-- Application: /scratch2/agustin/ModelBlaster/harness
-- CMake version: 3.28.3
-- Found Python3: /scratch2/agustin/chipyard/.conda-env/bin/python3.10 (found suitable version "3.10.14", minimum required is "3.10") found components: Interpreter 
-- Cache files will be written to: /home/agustin/.cache/zephyr
-- Zephyr version: 4.2.99 (/scratch2/agustin/zephyr-chipyard-sw/zephyr_ws/zephyr)
-- Found west (found suitable version "1.3.0", minimum required is "0.14.0")
-- Board: chipyard_riscv64, qualifiers: rocketchip_virt_riscv64
-- Found host-tools: zephyr 1.0.0 (/scratch2/dima/zephyr-chipyard-sw-fresh/tools-manual/zephyr-sdk-1.0.0-beta1)
-- Found toolchain: zephyr 1.0.0 (/scratch2/dima/zephyr-chipyard-sw-fresh/tools-manual/zephyr-sdk-1.0.0-beta1)
-- Found Dtc: /scratch2/dima/zephyr-chipyard-sw-fresh/tools-manual/zephyr-sdk-1.0.0-beta1/hosttools/sysroots/x86_64-pokysdk-linux/usr/bin/dtc (found suitable version "1.7.0", minimum required is "1.4.6") 
-- Found BOARD.dts: /scratch2/agustin/zephyr-chipyard-sw/zephyr_ws/zephyr/boards/chipyard/riscv64/chipyard_riscv64.dts
-- Found devicetree overlay: /scratch2/agustin/ModelBlaster/harness/boards/chipyard_riscv64.overlay
node '/uart' compatible 'ucb,htif' has unknown vendor prefix 'ucb'
-- Generated zephyr.dts: /scratch2/agustin/ModelBlaster/examples/yolov8_nano/int8/build/rvv_opu_firesim/zephyr/zephyr.dts
-- Generated pickled edt: /scratch2/agustin/ModelBlaster/examples/yolov8_nano/int8/build/rvv_opu_firesim/zephyr/edt.pickle
-- Generated devicetree_generated.h: /scratch2/agustin/ModelBlaster/examples/yolov8_nano/int8/build/rvv_opu_firesim/zephyr/include/generated/zephyr/devicetree_generated.h
/scratch2/agustin/ModelBlaster/examples/yolov8_nano/int8/build/rvv_opu_firesim/zephyr/zephyr.dts:213.25-216.4: Warning (unit_address_format): /memory@08000000: unit name should not have leading 0s

warning: PRIVILEGED_STACK_SIZE (defined at soc/cdns/sample_controller32/Kconfig.defconfig:8,
soc/andestech/ae350/Kconfig.defconfig.ae350:15, arch/x86/Kconfig:495, arch/xtensa/Kconfig:250,
arch/arm64/core/Kconfig:132, arch/Kconfig:340) was assigned the value '2048' but got the value ''.
Check these unsatisfied dependencies: (SOC_XTENSA_SAMPLE_CONTROLLER32 || ((SOC_ANDES_AE350 ||
SOC_ANDES_AE350_CLIC) && SOC_SERIES_ANDES_AE350 && SOC_FAMILY_ANDES_V5) || X86 || (XTENSA_MMU &&
CPU_HAS_MMU && XTENSA) || ARM64 || USERSPACE) (=n). See
http://docs.zephyrproject.org/latest/kconfig.html#CONFIG_PRIVILEGED_STACK_SIZE and/or look up
PRIVILEGED_STACK_SIZE in the menuconfig/guiconfig interface. The Application Development Primer,
Setting Configuration Values, and Kconfig - Tips and Best Practices sections of the manual might be
helpful too.


warning: Deprecated symbol SCHED_DUMB is enabled.

Parsing /scratch2/agustin/ModelBlaster/harness/Kconfig
Loaded configuration '/scratch2/agustin/zephyr-chipyard-sw/zephyr_ws/zephyr/boards/chipyard/riscv64/chipyard_riscv64_defconfig'
Merged configuration '/scratch2/agustin/ModelBlaster/harness/prj.conf'
Merged configuration '/scratch2/agustin/ModelBlaster/harness/backends/rvv_opu.conf'
Merged configuration '/scratch2/agustin/ModelBlaster/harness/backends/firesim_chipyard.conf'
Configuration saved to '/scratch2/agustin/ModelBlaster/examples/yolov8_nano/int8/build/rvv_opu_firesim/zephyr/.config'
Kconfig header saved to '/scratch2/agustin/ModelBlaster/examples/yolov8_nano/int8/build/rvv_opu_firesim/zephyr/include/generated/zephyr/autoconf.h'
-- RISCV_V_KERNEL_ONLY=y: global -march=rv64imafdc_zicsr_zifencei (V stripped); per-file -march=rv64imafdcv_zicsr_zifencei
-- Found GnuLd: /scratch2/dima/zephyr-chipyard-sw-fresh/tools-manual/zephyr-sdk-1.0.0-beta1/gnu/riscv64-zephyr-elf/riscv64-zephyr-elf/bin/ld.bfd (found version "2.43.1") 
-- The C compiler identification is GNU 14.3.0
-- The CXX compiler identification is GNU 14.3.0
-- The ASM compiler identification is GNU
-- Found assembler: /scratch2/dima/zephyr-chipyard-sw-fresh/tools-manual/zephyr-sdk-1.0.0-beta1/gnu/riscv64-zephyr-elf/bin/riscv64-zephyr-elf-gcc
-- Found gen_kobject_list: /scratch2/agustin/zephyr-chipyard-sw/zephyr_ws/zephyr/scripts/build/gen_kobject_list.py
-- modelblaster harness MODEL_DIR=/scratch2/agustin/ModelBlaster/examples/yolov8_nano/int8/generated/rvv_opu  backend=rvv_opu
-- modelblaster harness kernel cflags=-march=rv64gcv;-mabi=lp64d;-isystem/scratch2/agustin/ModelBlaster/cores/saturn_opu/include;-DMODELBLASTER_SATURN_OPU=1
-- Configuring done (3.9s)
-- Generating done (0.0s)
-- Build files have been written to: /scratch2/agustin/ModelBlaster/examples/yolov8_nano/int8/build/rvv_opu_firesim
-- west build: building application
[1/139] Preparing syscall dependency handling

[2/139] Generating misc/generated/syscalls_subdirs.trigger
[3/139] Generating misc/generated/syscalls.json, misc/generated/struct_tags.json
[4/139] Generating include/generated/device-api-sections.ld, include/generated/device-api-sections.cmake
[5/139] Generating include/generated/zephyr/syscall_dispatch.c, include/generated/zephyr/syscall_exports_llext.c, syscall_weakdefs_llext.c, include/generated/zephyr/syscall_list.h
[6/139] Generating include/generated/zephyr/driver-validation.h
[7/139] Generating include/generated/zephyr/kobj-types-enum.h, include/generated/zephyr/otype-to-str.h, include/generated/zephyr/otype-to-size.h
[8/139] Building C object zephyr/CMakeFiles/offsets.dir/arch/riscv/core/offsets/offsets.c.obj
[9/139] Generating include/generated/zephyr/offsets.h
[10/139] Generating include/generated/zephyr/version.h
-- Zephyr version: 4.2.99 (/scratch2/agustin/zephyr-chipyard-sw/zephyr_ws/zephyr), build: 852bb170cc56
[11/139] Building ASM object CMakeFiles/app.dir/scratch2/agustin/ModelBlaster/examples/yolov8_nano/int8/generated/rvv_opu/test_io.S.obj
[12/139] Building ASM object zephyr/CMakeFiles/zephyr.dir/soc/common/riscv-privileged/vector.S.obj
[13/139] Building C object CMakeFiles/app.dir/scratch2/agustin/ModelBlaster/examples/yolov8_nano/int8/generated/rvv_opu/buffers.c.obj
[14/139] Building C object zephyr/CMakeFiles/zephyr.dir/lib/utils/last_section_id.c.obj
[15/139] Building ASM object zephyr/arch/arch/riscv/core/CMakeFiles/arch__riscv__core.dir/fpu.S.obj
[16/139] Building ASM object zephyr/CMakeFiles/zephyr.dir/soc/common/riscv-privileged/soc_irq.S.obj
[17/139] Building ASM object zephyr/arch/arch/riscv/core/CMakeFiles/arch__riscv__core.dir/switch.S.obj
[18/139] Generating linker_zephyr_pre0.cmd
[19/139] Building C object zephyr/CMakeFiles/zephyr.dir/soc/rocketchip/virt_riscv/common/tacit/tacit.c.obj
In file included from /scratch2/agustin/zephyr-chipyard-sw/zephyr_ws/zephyr/soc/rocketchip/virt_riscv/common/tacit/tacit.c:6:
/scratch2/agustin/zephyr-chipyard-sw/zephyr_ws/zephyr/soc/rocketchip/virt_riscv/common/tacit/tacit.h: In function 'l_trace_encoder_get':
/scratch2/agustin/zephyr-chipyard-sw/zephyr_ws/zephyr/soc/rocketchip/virt_riscv/common/tacit/tacit.h:50:10: warning: cast to pointer from integer of different size [-Wint-to-pointer-cast]
   50 |   return (LTraceEncoderType *)(L_TRACE_ENCODER_BASE_ADDRESS + hart_id * 0x1000);
      |          ^
/scratch2/agustin/zephyr-chipyard-sw/zephyr_ws/zephyr/soc/rocketchip/virt_riscv/common/tacit/tacit.h: In function 'l_trace_sink_dma_get':
/scratch2/agustin/zephyr-chipyard-sw/zephyr_ws/zephyr/soc/rocketchip/virt_riscv/common/tacit/tacit.h:54:10: warning: cast to pointer from integer of different size [-Wint-to-pointer-cast]
   54 |   return (LTraceSinkDmaType *)(L_TRACE_SINK_DMA_BASE_ADDRESS + hart_id * 0x1000);
      |          ^
[20/139] Building C object zephyr/CMakeFiles/zephyr.dir/misc/generated/configs.c.obj
[21/139] Building C object zephyr/CMakeFiles/zephyr.dir/lib/utils/dec.c.obj
[22/139] Building C object zephyr/arch/arch/riscv/core/CMakeFiles/arch__riscv__core.dir/prep_c.c.obj
[23/139] Building C object zephyr/CMakeFiles/zephyr.dir/lib/utils/bitmask.c.obj
[24/139] Building C object zephyr/arch/common/CMakeFiles/arch__common.dir/init.c.obj
[25/139] Building C object zephyr/arch/common/CMakeFiles/arch__common.dir/sw_isr_common.c.obj
[26/139] Building C object zephyr/CMakeFiles/zephyr.dir/lib/libc/validate_libc.c.obj
[27/139] Building C object zephyr/CMakeFiles/zephyr.dir/soc/common/riscv-privileged/soc_common_irq.c.obj
[28/139] Building C object zephyr/arch/common/CMakeFiles/isr_tables.dir/isr_tables.c.obj
[29/139] Building C object zephyr/CMakeFiles/zephyr.dir/lib/os/assert.c.obj
[30/139] Building ASM object zephyr/arch/arch/riscv/core/CMakeFiles/arch__riscv__core.dir/reset.S.obj
[31/139] Building C object zephyr/CMakeFiles/zephyr.dir/subsys/tracing/tracing_none.c.obj
[32/139] Building C object zephyr/arch/arch/riscv/core/CMakeFiles/arch__riscv__core.dir/reboot.c.obj
[33/139] Building ASM object zephyr/arch/arch/riscv/core/CMakeFiles/arch__riscv__core.dir/isr.S.obj
[34/139] Building C object CMakeFiles/app.dir/src/main.c.obj
[35/139] Building C object zephyr/CMakeFiles/zephyr.dir/lib/os/sem.c.obj
[36/139] Building C object zephyr/CMakeFiles/zephyr.dir/lib/os/reboot.c.obj
[37/139] Building C object zephyr/CMakeFiles/zephyr.dir/lib/utils/hex.c.obj
[38/139] Building C object zephyr/CMakeFiles/zephyr_pre0.dir/misc/empty_file.c.obj
[39/139] Building C object zephyr/CMakeFiles/zephyr.dir/lib/os/thread_entry.c.obj
[40/139] Building C object zephyr/arch/common/CMakeFiles/arch__common.dir/multilevel_irq.c.obj
[41/139] Building C object zephyr/arch/common/CMakeFiles/arch__common.dir/timing.c.obj
[42/139] Building C object zephyr/arch/arch/riscv/core/CMakeFiles/arch__riscv__core.dir/ipi.c.obj
[43/139] Building C object zephyr/arch/arch/riscv/core/CMakeFiles/arch__riscv__core.dir/irq_manage.c.obj
[44/139] Building C object zephyr/CMakeFiles/zephyr.dir/lib/os/printk.c.obj
[45/139] Building C object zephyr/arch/arch/riscv/core/CMakeFiles/arch__riscv__core.dir/fatal.c.obj
[46/139] Building C object zephyr/CMakeFiles/zephyr.dir/soc/rocketchip/virt_riscv/common/soc.c.obj
[47/139] Building C object zephyr/arch/arch/riscv/core/CMakeFiles/arch__riscv__core.dir/smp.c.obj
[48/139] Building C object zephyr/arch/arch/riscv/core/CMakeFiles/arch__riscv__core.dir/tls.c.obj
[49/139] Linking C static library zephyr/arch/common/libisr_tables.a
[50/139] Building C object zephyr/CMakeFiles/zephyr.dir/lib/utils/timeutil.c.obj
[51/139] Building C object zephyr/arch/arch/riscv/core/CMakeFiles/arch__riscv__core.dir/cpu_idle.c.obj
[52/139] Building C object zephyr/arch/arch/riscv/core/CMakeFiles/arch__riscv__core.dir/v.c.obj
[53/139] Building C object zephyr/arch/arch/riscv/core/CMakeFiles/arch__riscv__core.dir/ipi_clint.c.obj
[54/139] Building C object zephyr/arch/arch/riscv/core/CMakeFiles/arch__riscv__core.dir/thread.c.obj
[55/139] Building C object zephyr/arch/arch/riscv/core/CMakeFiles/arch__riscv__core.dir/fpu.c.obj
[56/139] Building C object zephyr/CMakeFiles/zephyr.dir/lib/utils/ring_buffer.c.obj
[57/139] Building C object zephyr/CMakeFiles/zephyr.dir/lib/os/clock.c.obj
[58/139] Building C object zephyr/lib/libc/common/CMakeFiles/lib__libc__common.dir/source/time/time.c.obj
[59/139] Building C object zephyr/lib/libc/picolibc/CMakeFiles/lib__libc__picolibc.dir/cbprintf.c.obj
[60/139] Building C object zephyr/lib/libc/picolibc/CMakeFiles/lib__libc__picolibc.dir/assert.c.obj
[61/139] Building C object zephyr/lib/libc/common/CMakeFiles/lib__libc__common.dir/source/stdlib/abort.c.obj
[62/139] Building C object zephyr/arch/arch/riscv/core/CMakeFiles/arch__riscv__core.dir/stacktrace.c.obj
[63/139] Linking C static library zephyr/arch/common/libarch__common.a
[64/139] Building C object zephyr/kernel/CMakeFiles/kernel.dir/version.c.obj
[65/139] Building C object zephyr/lib/posix/c_lib_ext/CMakeFiles/lib__posix__c_lib_ext.dir/getentropy.c.obj
In file included from /scratch2/agustin/zephyr-chipyard-sw/zephyr_ws/zephyr/include/zephyr/posix/sys/sysconf.h:11,
                 from /scratch2/agustin/zephyr-chipyard-sw/zephyr_ws/zephyr/include/zephyr/posix/unistd.h:18,
                 from /scratch2/agustin/zephyr-chipyard-sw/zephyr_ws/zephyr/lib/posix/c_lib_ext/getentropy.c:11:
/scratch2/agustin/zephyr-chipyard-sw/zephyr_ws/zephyr/include/zephyr/posix/posix_limits.h:23:9: warning: "_POSIX_AIO_LISTIO_MAX" redefined
   23 | #define _POSIX_AIO_LISTIO_MAX               (2)
      |         ^~~~~~~~~~~~~~~~~~~~~
In file included from /scratch2/dima/zephyr-chipyard-sw-fresh/tools-manual/zephyr-sdk-1.0.0-beta1/gnu/riscv64-zephyr-elf/riscv64-zephyr-elf/sys-include/limits.h:6,
                 from /scratch2/dima/zephyr-chipyard-sw-fresh/tools-manual/zephyr-sdk-1.0.0-beta1/gnu/riscv64-zephyr-elf/lib/gcc/riscv64-zephyr-elf/14.3.0/include/limits.h:210,
                 from /scratch2/dima/zephyr-chipyard-sw-fresh/tools-manual/zephyr-sdk-1.0.0-beta1/gnu/riscv64-zephyr-elf/lib/gcc/riscv64-zephyr-elf/14.3.0/include/syslimits.h:7,
                 from /scratch2/dima/zephyr-chipyard-sw-fresh/tools-manual/zephyr-sdk-1.0.0-beta1/gnu/riscv64-zephyr-elf/lib/gcc/riscv64-zephyr-elf/14.3.0/include/limits.h:34,
                 from /scratch2/agustin/zephyr-chipyard-sw/zephyr_ws/zephyr/include/zephyr/kernel_includes.h:22,
                 from /scratch2/agustin/zephyr-chipyard-sw/zephyr_ws/zephyr/include/zephyr/kernel.h:17,
                 from /scratch2/agustin/zephyr-chipyard-sw/zephyr_ws/zephyr/lib/posix/c_lib_ext/getentropy.c:10:
/scratch2/dima/zephyr-chipyard-sw-fresh/tools-manual/zephyr-sdk-1.0.0-beta1/gnu/riscv64-zephyr-elf/riscv64-zephyr-elf/sys-include/sys/syslimits.h:63:9: note: this is the location of the previous definition
   63 | #define _POSIX_AIO_LISTIO_MAX   2
      |         ^~~~~~~~~~~~~~~~~~~~~
/scratch2/agustin/zephyr-chipyard-sw/zephyr_ws/zephyr/include/zephyr/posix/posix_limits.h:24:9: warning: "_POSIX_AIO_MAX" redefined
   24 | #define _POSIX_AIO_MAX                      (1)
      |         ^~~~~~~~~~~~~~
/scratch2/dima/zephyr-chipyard-sw-fresh/tools-manual/zephyr-sdk-1.0.0-beta1/gnu/riscv64-zephyr-elf/riscv64-zephyr-elf/sys-include/sys/syslimits.h:64:9: note: this is the location of the previous definition
   64 | #define _POSIX_AIO_MAX          1
      |         ^~~~~~~~~~~~~~
/scratch2/agustin/zephyr-chipyard-sw/zephyr_ws/zephyr/include/zephyr/posix/posix_limits.h:25:9: warning: "_POSIX_ARG_MAX" redefined
   25 | #define _POSIX_ARG_MAX                      (4096)
      |         ^~~~~~~~~~~~~~
/scratch2/dima/zephyr-chipyard-sw-fresh/tools-manual/zephyr-sdk-1.0.0-beta1/gnu/riscv64-zephyr-elf/riscv64-zephyr-elf/sys-include/sys/syslimits.h:65:9: note: this is the location of the previous definition
   65 | #define _POSIX_ARG_MAX          4096
      |         ^~~~~~~~~~~~~~
/scratch2/agustin/zephyr-chipyard-sw/zephyr_ws/zephyr/include/zephyr/posix/posix_limits.h:26:9: warning: "_POSIX_CHILD_MAX" redefined
   26 | #define _POSIX_CHILD_MAX                    (25)
      |         ^~~~~~~~~~~~~~~~
/scratch2/dima/zephyr-chipyard-sw-fresh/tools-manual/zephyr-sdk-1.0.0-beta1/gnu/riscv64-zephyr-elf/riscv64-zephyr-elf/sys-include/sys/syslimits.h:66:9: note: this is the location of the previous definition
   66 | #define _POSIX_CHILD_MAX        6
      |         ^~~~~~~~~~~~~~~~
/scratch2/agustin/zephyr-chipyard-sw/zephyr_ws/zephyr/include/zephyr/posix/posix_limits.h:27:9: warning: "_POSIX_DELAYTIMER_MAX" redefined
   27 | #define _POSIX_DELAYTIMER_MAX               (32)
      |         ^~~~~~~~~~~~~~~~~~~~~
/scratch2/dima/zephyr-chipyard-sw-fresh/tools-manual/zephyr-sdk-1.0.0-beta1/gnu/riscv64-zephyr-elf/riscv64-zephyr-elf/sys-include/sys/syslimits.h:67:9: note: this is the location of the previous definition
   67 | #define _POSIX_DELAYTIMER_MAX   32
      |         ^~~~~~~~~~~~~~~~~~~~~
/scratch2/agustin/zephyr-chipyard-sw/zephyr_ws/zephyr/include/zephyr/posix/posix_limits.h:28:9: warning: "_POSIX_HOST_NAME_MAX" redefined
   28 | #define _POSIX_HOST_NAME_MAX                (255)
      |         ^~~~~~~~~~~~~~~~~~~~
/scratch2/dima/zephyr-chipyard-sw-fresh/tools-manual/zephyr-sdk-1.0.0-beta1/gnu/riscv64-zephyr-elf/riscv64-zephyr-elf/sys-include/sys/syslimits.h:68:9: note: this is the location of the previous definition
   68 | #define _POSIX_HOST_NAME_MAX    255
      |         ^~~~~~~~~~~~~~~~~~~~
/scratch2/agustin/zephyr-chipyard-sw/zephyr_ws/zephyr/include/zephyr/posix/posix_limits.h:29:9: warning: "_POSIX_LINK_MAX" redefined
   29 | #define _POSIX_LINK_MAX                     (8)
      |         ^~~~~~~~~~~~~~~
/scratch2/dima/zephyr-chipyard-sw-fresh/tools-manual/zephyr-sdk-1.0.0-beta1/gnu/riscv64-zephyr-elf/riscv64-zephyr-elf/sys-include/sys/syslimits.h:69:9: note: this is the location of the previous definition
   69 | #define _POSIX_LINK_MAX         8
      |         ^~~~~~~~~~~~~~~
/scratch2/agustin/zephyr-chipyard-sw/zephyr_ws/zephyr/include/zephyr/posix/posix_limits.h:30:9: warning: "_POSIX_LOGIN_NAME_MAX" redefined
   30 | #define _POSIX_LOGIN_NAME_MAX               (9)
      |         ^~~~~~~~~~~~~~~~~~~~~
/scratch2/dima/zephyr-chipyard-sw-fresh/tools-manual/zephyr-sdk-1.0.0-beta1/gnu/riscv64-zephyr-elf/riscv64-zephyr-elf/sys-include/sys/syslimits.h:70:9: note: this is the location of the previous definition
   70 | #define _POSIX_LOGIN_NAME_MAX   9
      |         ^~~~~~~~~~~~~~~~~~~~~
/scratch2/agustin/zephyr-chipyard-sw/zephyr_ws/zephyr/include/zephyr/posix/posix_limits.h:31:9: warning: "_POSIX_MAX_CANON" redefined
   31 | #define _POSIX_MAX_CANON                    (255)
      |         ^~~~~~~~~~~~~~~~
/scratch2/dima/zephyr-chipyard-sw-fresh/tools-manual/zephyr-sdk-1.0.0-beta1/gnu/riscv64-zephyr-elf/riscv64-zephyr-elf/sys-include/sys/syslimits.h:71:9: note: this is the location of the previous definition
   71 | #define _POSIX_MAX_CANON        255
      |         ^~~~~~~~~~~~~~~~
/scratch2/agustin/zephyr-chipyard-sw/zephyr_ws/zephyr/include/zephyr/posix/posix_limits.h:32:9: warning: "_POSIX_MAX_INPUT" redefined
   32 | #define _POSIX_MAX_INPUT                    (255)
      |         ^~~~~~~~~~~~~~~~
/scratch2/dima/zephyr-chipyard-sw-fresh/tools-manual/zephyr-sdk-1.0.0-beta1/gnu/riscv64-zephyr-elf/riscv64-zephyr-elf/sys-include/sys/syslimits.h:72:9: note: this is the location of the previous definition
   72 | #define _POSIX_MAX_INPUT        255
      |         ^~~~~~~~~~~~~~~~
/scratch2/agustin/zephyr-chipyard-sw/zephyr_ws/zephyr/include/zephyr/posix/posix_limits.h:33:9: warning: "_POSIX_MQ_OPEN_MAX" redefined
   33 | #define _POSIX_MQ_OPEN_MAX                  (8)
      |         ^~~~~~~~~~~~~~~~~~
/scratch2/dima/zephyr-chipyard-sw-fresh/tools-manual/zephyr-sdk-1.0.0-beta1/gnu/riscv64-zephyr-elf/riscv64-zephyr-elf/sys-include/sys/syslimits.h:73:9: note: this is the location of the previous definition
   73 | #define _POSIX_MQ_OPEN_MAX      8
      |         ^~~~~~~~~~~~~~~~~~
/scratch2/agustin/zephyr-chipyard-sw/zephyr_ws/zephyr/include/zephyr/posix/posix_limits.h:34:9: warning: "_POSIX_MQ_PRIO_MAX" redefined
   34 | #define _POSIX_MQ_PRIO_MAX                  (32)
      |         ^~~~~~~~~~~~~~~~~~
/scratch2/dima/zephyr-chipyard-sw-fresh/tools-manual/zephyr-sdk-1.0.0-beta1/gnu/riscv64-zephyr-elf/riscv64-zephyr-elf/sys-include/sys/syslimits.h:74:9: note: this is the location of the previous definition
   74 | #define _POSIX_MQ_PRIO_MAX      32
      |         ^~~~~~~~~~~~~~~~~~
/scratch2/agustin/zephyr-chipyard-sw/zephyr_ws/zephyr/include/zephyr/posix/posix_limits.h:35:9: warning: "_POSIX_NAME_MAX" redefined
   35 | #define _POSIX_NAME_MAX                     (14)
      |         ^~~~~~~~~~~~~~~
/scratch2/dima/zephyr-chipyard-sw-fresh/tools-manual/zephyr-sdk-1.0.0-beta1/gnu/riscv64-zephyr-elf/riscv64-zephyr-elf/sys-include/sys/syslimits.h:75:9: note: this is the location of the previous definition
   75 | #define _POSIX_NAME_MAX         14
      |         ^~~~~~~~~~~~~~~
/scratch2/agustin/zephyr-chipyard-sw/zephyr_ws/zephyr/include/zephyr/posix/posix_limits.h:36:9: warning: "_POSIX_NGROUPS_MAX" redefined
   36 | #define _POSIX_NGROUPS_MAX                  (8)
      |         ^~~~~~~~~~~~~~~~~~
/scratch2/dima/zephyr-chipyard-sw-fresh/tools-manual/zephyr-sdk-1.0.0-beta1/gnu/riscv64-zephyr-elf/riscv64-zephyr-elf/sys-include/sys/syslimits.h:76:9: note: this is the location of the previous definition
   76 | #define _POSIX_NGROUPS_MAX      0
      |         ^~~~~~~~~~~~~~~~~~
/scratch2/agustin/zephyr-chipyard-sw/zephyr_ws/zephyr/include/zephyr/posix/posix_limits.h:37:9: warning: "_POSIX_OPEN_MAX" redefined
   37 | #define _POSIX_OPEN_MAX                     (20)
      |         ^~~~~~~~~~~~~~~
/scratch2/dima/zephyr-chipyard-sw-fresh/tools-manual/zephyr-sdk-1.0.0-beta1/gnu/riscv64-zephyr-elf/riscv64-zephyr-elf/sys-include/sys/syslimits.h:77:9: note: this is the location of the previous definition
   77 | #define _POSIX_OPEN_MAX         16
      |         ^~~~~~~~~~~~~~~
/scratch2/agustin/zephyr-chipyard-sw/zephyr_ws/zephyr/include/zephyr/posix/posix_limits.h:38:9: warning: "_POSIX_PATH_MAX" redefined
   38 | #define _POSIX_PATH_MAX                     (256)
      |         ^~~~~~~~~~~~~~~
/scratch2/dima/zephyr-chipyard-sw-fresh/tools-manual/zephyr-sdk-1.0.0-beta1/gnu/riscv64-zephyr-elf/riscv64-zephyr-elf/sys-include/sys/syslimits.h:78:9: note: this is the location of the previous definition
   78 | #define _POSIX_PATH_MAX         255
      |         ^~~~~~~~~~~~~~~
/scratch2/agustin/zephyr-chipyard-sw/zephyr_ws/zephyr/include/zephyr/posix/posix_limits.h:39:9: warning: "_POSIX_PIPE_BUF" redefined
   39 | #define _POSIX_PIPE_BUF                     (512)
      |         ^~~~~~~~~~~~~~~
/scratch2/dima/zephyr-chipyard-sw-fresh/tools-manual/zephyr-sdk-1.0.0-beta1/gnu/riscv64-zephyr-elf/riscv64-zephyr-elf/sys-include/sys/syslimits.h:79:9: note: this is the location of the previous definition
   79 | #define _POSIX_PIPE_BUF         512
      |         ^~~~~~~~~~~~~~~
/scratch2/agustin/zephyr-chipyard-sw/zephyr_ws/zephyr/include/zephyr/posix/posix_limits.h:40:9: warning: "_POSIX_RE_DUP_MAX" redefined
   40 | #define _POSIX_RE_DUP_MAX                   (255)
      |         ^~~~~~~~~~~~~~~~~
/scratch2/dima/zephyr-chipyard-sw-fresh/tools-manual/zephyr-sdk-1.0.0-beta1/gnu/riscv64-zephyr-elf/riscv64-zephyr-elf/sys-include/sys/syslimits.h:80:9: note: this is the location of the previous definition
   80 | #define _POSIX_RE_DUP_MAX       255
      |         ^~~~~~~~~~~~~~~~~
/scratch2/agustin/zephyr-chipyard-sw/zephyr_ws/zephyr/include/zephyr/posix/posix_limits.h:41:9: warning: "_POSIX_RTSIG_MAX" redefined
   41 | #define _POSIX_RTSIG_MAX                    (8)
      |         ^~~~~~~~~~~~~~~~
/scratch2/dima/zephyr-chipyard-sw-fresh/tools-manual/zephyr-sdk-1.0.0-beta1/gnu/riscv64-zephyr-elf/riscv64-zephyr-elf/sys-include/sys/syslimits.h:81:9: note: this is the location of the previous definition
   81 | #define _POSIX_RTSIG_MAX        8
      |         ^~~~~~~~~~~~~~~~
/scratch2/agustin/zephyr-chipyard-sw/zephyr_ws/zephyr/include/zephyr/posix/posix_limits.h:42:9: warning: "_POSIX_SEM_NSEMS_MAX" redefined
   42 | #define _POSIX_SEM_NSEMS_MAX                (256)
      |         ^~~~~~~~~~~~~~~~~~~~
/scratch2/dima/zephyr-chipyard-sw-fresh/tools-manual/zephyr-sdk-1.0.0-beta1/gnu/riscv64-zephyr-elf/riscv64-zephyr-elf/sys-include/sys/syslimits.h:82:9: note: this is the location of the previous definition
   82 | #define _POSIX_SEM_NSEMS_MAX    256
      |         ^~~~~~~~~~~~~~~~~~~~
/scratch2/agustin/zephyr-chipyard-sw/zephyr_ws/zephyr/include/zephyr/posix/posix_limits.h:43:9: warning: "_POSIX_SEM_VALUE_MAX" redefined
   43 | #define _POSIX_SEM_VALUE_MAX                (32767)
      |         ^~~~~~~~~~~~~~~~~~~~
/scratch2/dima/zephyr-chipyard-sw-fresh/tools-manual/zephyr-sdk-1.0.0-beta1/gnu/riscv64-zephyr-elf/riscv64-zephyr-elf/sys-include/sys/syslimits.h:83:9: note: this is the location of the previous definition
   83 | #define _POSIX_SEM_VALUE_MAX    32767
      |         ^~~~~~~~~~~~~~~~~~~~
/scratch2/agustin/zephyr-chipyard-sw/zephyr_ws/zephyr/include/zephyr/posix/posix_limits.h:44:9: warning: "_POSIX_SIGQUEUE_MAX" redefined
   44 | #define _POSIX_SIGQUEUE_MAX                 (32)
      |         ^~~~~~~~~~~~~~~~~~~
/scratch2/dima/zephyr-chipyard-sw-fresh/tools-manual/zephyr-sdk-1.0.0-beta1/gnu/riscv64-zephyr-elf/riscv64-zephyr-elf/sys-include/sys/syslimits.h:84:9: note: this is the location of the previous definition
   84 | #define _POSIX_SIGQUEUE_MAX     32
      |         ^~~~~~~~~~~~~~~~~~~
/scratch2/agustin/zephyr-chipyard-sw/zephyr_ws/zephyr/include/zephyr/posix/posix_limits.h:45:9: warning: "_POSIX_SSIZE_MAX" redefined
   45 | #define _POSIX_SSIZE_MAX                    (32767)
      |         ^~~~~~~~~~~~~~~~
/scratch2/dima/zephyr-chipyard-sw-fresh/tools-manual/zephyr-sdk-1.0.0-beta1/gnu/riscv64-zephyr-elf/riscv64-zephyr-elf/sys-include/sys/syslimits.h:85:9: note: this is the location of the previous definition
   85 | #define _POSIX_SSIZE_MAX        32767
      |         ^~~~~~~~~~~~~~~~
/scratch2/agustin/zephyr-chipyard-sw/zephyr_ws/zephyr/include/zephyr/posix/posix_limits.h:46:9: warning: "_POSIX_SS_REPL_MAX" redefined
   46 | #define _POSIX_SS_REPL_MAX                  (4)
      |         ^~~~~~~~~~~~~~~~~~
/scratch2/dima/zephyr-chipyard-sw-fresh/tools-manual/zephyr-sdk-1.0.0-beta1/gnu/riscv64-zephyr-elf/riscv64-zephyr-elf/sys-include/sys/syslimits.h:86:9: note: this is the location of the previous definition
   86 | #define _POSIX_SS_REPL_MAX      4
      |         ^~~~~~~~~~~~~~~~~~
/scratch2/agustin/zephyr-chipyard-sw/zephyr_ws/zephyr/include/zephyr/posix/posix_limits.h:47:9: warning: "_POSIX_STREAM_MAX" redefined
   47 | #define _POSIX_STREAM_MAX                   (8)
      |         ^~~~~~~~~~~~~~~~~
/scratch2/dima/zephyr-chipyard-sw-fresh/tools-manual/zephyr-sdk-1.0.0-beta1/gnu/riscv64-zephyr-elf/riscv64-zephyr-elf/sys-include/sys/syslimits.h:87:9: note: this is the location of the previous definition
   87 | #define _POSIX_STREAM_MAX       8
      |         ^~~~~~~~~~~~~~~~~
/scratch2/agustin/zephyr-chipyard-sw/zephyr_ws/zephyr/include/zephyr/posix/posix_limits.h:48:9: warning: "_POSIX_SYMLINK_MAX" redefined
   48 | #define _POSIX_SYMLINK_MAX                  (255)
      |         ^~~~~~~~~~~~~~~~~~
/scratch2/dima/zephyr-chipyard-sw-fresh/tools-manual/zephyr-sdk-1.0.0-beta1/gnu/riscv64-zephyr-elf/riscv64-zephyr-elf/sys-include/sys/syslimits.h:88:9: note: this is the location of the previous definition
   88 | #define _POSIX_SYMLINK_MAX      255
      |         ^~~~~~~~~~~~~~~~~~
/scratch2/agustin/zephyr-chipyard-sw/zephyr_ws/zephyr/include/zephyr/posix/posix_limits.h:49:9: warning: "_POSIX_SYMLOOP_MAX" redefined
   49 | #define _POSIX_SYMLOOP_MAX                  (8)
      |         ^~~~~~~~~~~~~~~~~~
/scratch2/dima/zephyr-chipyard-sw-fresh/tools-manual/zephyr-sdk-1.0.0-beta1/gnu/riscv64-zephyr-elf/riscv64-zephyr-elf/sys-include/sys/syslimits.h:89:9: note: this is the location of the previous definition
   89 | #define _POSIX_SYMLOOP_MAX      8
      |         ^~~~~~~~~~~~~~~~~~
/scratch2/agustin/zephyr-chipyard-sw/zephyr_ws/zephyr/include/zephyr/posix/posix_limits.h:50:9: warning: "_POSIX_THREAD_DESTRUCTOR_ITERATIONS" redefined
   50 | #define _POSIX_THREAD_DESTRUCTOR_ITERATIONS (4)
      |         ^~~~~~~~~~~~~~~~~~~~~~~~~~~~~~~~~~~
/scratch2/dima/zephyr-chipyard-sw-fresh/tools-manual/zephyr-sdk-1.0.0-beta1/gnu/riscv64-zephyr-elf/riscv64-zephyr-elf/sys-include/sys/syslimits.h:90:9: note: this is the location of the previous definition
   90 | #define _POSIX_THREAD_DESTRUCTOR_ITERATIONS     4
      |         ^~~~~~~~~~~~~~~~~~~~~~~~~~~~~~~~~~~
/scratch2/agustin/zephyr-chipyard-sw/zephyr_ws/zephyr/include/zephyr/posix/posix_limits.h:51:9: warning: "_POSIX_THREAD_KEYS_MAX" redefined
   51 | #define _POSIX_THREAD_KEYS_MAX              (128)
      |         ^~~~~~~~~~~~~~~~~~~~~~
/scratch2/dima/zephyr-chipyard-sw-fresh/tools-manual/zephyr-sdk-1.0.0-beta1/gnu/riscv64-zephyr-elf/riscv64-zephyr-elf/sys-include/sys/syslimits.h:91:9: note: this is the location of the previous definition
   91 | #define _POSIX_THREAD_KEYS_MAX  128
      |         ^~~~~~~~~~~~~~~~~~~~~~
/scratch2/agustin/zephyr-chipyard-sw/zephyr_ws/zephyr/include/zephyr/posix/posix_limits.h:52:9: warning: "_POSIX_THREAD_THREADS_MAX" redefined
   52 | #define _POSIX_THREAD_THREADS_MAX           (64)
      |         ^~~~~~~~~~~~~~~~~~~~~~~~~
/scratch2/dima/zephyr-chipyard-sw-fresh/tools-manual/zephyr-sdk-1.0.0-beta1/gnu/riscv64-zephyr-elf/riscv64-zephyr-elf/sys-include/sys/syslimits.h:92:9: note: this is the location of the previous definition
   92 | #define _POSIX_THREAD_THREADS_MAX       64
      |         ^~~~~~~~~~~~~~~~~~~~~~~~~
/scratch2/agustin/zephyr-chipyard-sw/zephyr_ws/zephyr/include/zephyr/posix/posix_limits.h:53:9: warning: "_POSIX_TIMER_MAX" redefined
   53 | #define _POSIX_TIMER_MAX                    (32)
      |         ^~~~~~~~~~~~~~~~
/scratch2/dima/zephyr-chipyard-sw-fresh/tools-manual/zephyr-sdk-1.0.0-beta1/gnu/riscv64-zephyr-elf/riscv64-zephyr-elf/sys-include/sys/syslimits.h:93:9: note: this is the location of the previous definition
   93 | #define _POSIX_TIMER_MAX        32
      |         ^~~~~~~~~~~~~~~~
/scratch2/agustin/zephyr-chipyard-sw/zephyr_ws/zephyr/include/zephyr/posix/posix_limits.h:54:9: warning: "_POSIX_TRACE_EVENT_NAME_MAX" redefined
   54 | #define _POSIX_TRACE_EVENT_NAME_MAX         (30)
      |         ^~~~~~~~~~~~~~~~~~~~~~~~~~~
/scratch2/dima/zephyr-chipyard-sw-fresh/tools-manual/zephyr-sdk-1.0.0-beta1/gnu/riscv64-zephyr-elf/riscv64-zephyr-elf/sys-include/sys/syslimits.h:94:9: note: this is the location of the previous definition
   94 | #define _POSIX_TRACE_EVENT_NAME_MAX     30
      |         ^~~~~~~~~~~~~~~~~~~~~~~~~~~
/scratch2/agustin/zephyr-chipyard-sw/zephyr_ws/zephyr/include/zephyr/posix/posix_limits.h:55:9: warning: "_POSIX_TRACE_NAME_MAX" redefined
   55 | #define _POSIX_TRACE_NAME_MAX               (8)
      |         ^~~~~~~~~~~~~~~~~~~~~
/scratch2/dima/zephyr-chipyard-sw-fresh/tools-manual/zephyr-sdk-1.0.0-beta1/gnu/riscv64-zephyr-elf/riscv64-zephyr-elf/sys-include/sys/syslimits.h:95:9: note: this is the location of the previous definition
   95 | #define _POSIX_TRACE_NAME_MAX   8
      |         ^~~~~~~~~~~~~~~~~~~~~
/scratch2/agustin/zephyr-chipyard-sw/zephyr_ws/zephyr/include/zephyr/posix/posix_limits.h:56:9: warning: "_POSIX_TRACE_SYS_MAX" redefined
   56 | #define _POSIX_TRACE_SYS_MAX                (8)
      |         ^~~~~~~~~~~~~~~~~~~~
/scratch2/dima/zephyr-chipyard-sw-fresh/tools-manual/zephyr-sdk-1.0.0-beta1/gnu/riscv64-zephyr-elf/riscv64-zephyr-elf/sys-include/sys/syslimits.h:96:9: note: this is the location of the previous definition
   96 | #define _POSIX_TRACE_SYS_MAX    8
      |         ^~~~~~~~~~~~~~~~~~~~
/scratch2/agustin/zephyr-chipyard-sw/zephyr_ws/zephyr/include/zephyr/posix/posix_limits.h:57:9: warning: "_POSIX_TRACE_USER_EVENT_MAX" redefined
   57 | #define _POSIX_TRACE_USER_EVENT_MAX         (32)
      |         ^~~~~~~~~~~~~~~~~~~~~~~~~~~
/scratch2/dima/zephyr-chipyard-sw-fresh/tools-manual/zephyr-sdk-1.0.0-beta1/gnu/riscv64-zephyr-elf/riscv64-zephyr-elf/sys-include/sys/syslimits.h:97:9: note: this is the location of the previous definition
   97 | #define _POSIX_TRACE_USER_EVENT_MAX     32
      |         ^~~~~~~~~~~~~~~~~~~~~~~~~~~
/scratch2/agustin/zephyr-chipyard-sw/zephyr_ws/zephyr/include/zephyr/posix/posix_limits.h:58:9: warning: "_POSIX_TTY_NAME_MAX" redefined
   58 | #define _POSIX_TTY_NAME_MAX                 (9)
      |         ^~~~~~~~~~~~~~~~~~~
/scratch2/dima/zephyr-chipyard-sw-fresh/tools-manual/zephyr-sdk-1.0.0-beta1/gnu/riscv64-zephyr-elf/riscv64-zephyr-elf/sys-include/sys/syslimits.h:98:9: note: this is the location of the previous definition
   98 | #define _POSIX_TTY_NAME_MAX     9
      |         ^~~~~~~~~~~~~~~~~~~
/scratch2/agustin/zephyr-chipyard-sw/zephyr_ws/zephyr/include/zephyr/posix/posix_limits.h:59:9: warning: "_POSIX_TZNAME_MAX" redefined
   59 | #define _POSIX_TZNAME_MAX                   (6)
      |         ^~~~~~~~~~~~~~~~~
/scratch2/dima/zephyr-chipyard-sw-fresh/tools-manual/zephyr-sdk-1.0.0-beta1/gnu/riscv64-zephyr-elf/riscv64-zephyr-elf/sys-include/sys/syslimits.h:99:9: note: this is the location of the previous definition
   99 | #define _POSIX_TZNAME_MAX       3
      |         ^~~~~~~~~~~~~~~~~
/scratch2/agustin/zephyr-chipyard-sw/zephyr_ws/zephyr/include/zephyr/posix/posix_limits.h:60:9: warning: "_POSIX2_BC_BASE_MAX" redefined
   60 | #define _POSIX2_BC_BASE_MAX                 (99)
      |         ^~~~~~~~~~~~~~~~~~~
/scratch2/dima/zephyr-chipyard-sw-fresh/tools-manual/zephyr-sdk-1.0.0-beta1/gnu/riscv64-zephyr-elf/riscv64-zephyr-elf/sys-include/sys/syslimits.h:100:9: note: this is the location of the previous definition
  100 | #define _POSIX2_BC_BASE_MAX     99
      |         ^~~~~~~~~~~~~~~~~~~
/scratch2/agustin/zephyr-chipyard-sw/zephyr_ws/zephyr/include/zephyr/posix/posix_limits.h:61:9: warning: "_POSIX2_BC_DIM_MAX" redefined
   61 | #define _POSIX2_BC_DIM_MAX                  (2048)
      |         ^~~~~~~~~~~~~~~~~~
/scratch2/dima/zephyr-chipyard-sw-fresh/tools-manual/zephyr-sdk-1.0.0-beta1/gnu/riscv64-zephyr-elf/riscv64-zephyr-elf/sys-include/sys/syslimits.h:101:9: note: this is the location of the previous definition
  101 | #define _POSIX2_BC_DIM_MAX      2048
      |         ^~~~~~~~~~~~~~~~~~
/scratch2/agustin/zephyr-chipyard-sw/zephyr_ws/zephyr/include/zephyr/posix/posix_limits.h:62:9: warning: "_POSIX2_BC_SCALE_MAX" redefined
   62 | #define _POSIX2_BC_SCALE_MAX                (99)
      |         ^~~~~~~~~~~~~~~~~~~~
/scratch2/dima/zephyr-chipyard-sw-fresh/tools-manual/zephyr-sdk-1.0.0-beta1/gnu/riscv64-zephyr-elf/riscv64-zephyr-elf/sys-include/sys/syslimits.h:102:9: note: this is the location of the previous definition
  102 | #define _POSIX2_BC_SCALE_MAX    99
      |         ^~~~~~~~~~~~~~~~~~~~
/scratch2/agustin/zephyr-chipyard-sw/zephyr_ws/zephyr/include/zephyr/posix/posix_limits.h:63:9: warning: "_POSIX2_BC_STRING_MAX" redefined
   63 | #define _POSIX2_BC_STRING_MAX               (1000)
      |         ^~~~~~~~~~~~~~~~~~~~~
/scratch2/dima/zephyr-chipyard-sw-fresh/tools-manual/zephyr-sdk-1.0.0-beta1/gnu/riscv64-zephyr-elf/riscv64-zephyr-elf/sys-include/sys/syslimits.h:103:9: note: this is the location of the previous definition
  103 | #define _POSIX2_BC_STRING_MAX   1000
      |         ^~~~~~~~~~~~~~~~~~~~~
/scratch2/agustin/zephyr-chipyard-sw/zephyr_ws/zephyr/include/zephyr/posix/posix_limits.h:64:9: warning: "_POSIX2_CHARCLASS_NAME_MAX" redefined
   64 | #define _POSIX2_CHARCLASS_NAME_MAX          (14)
      |         ^~~~~~~~~~~~~~~~~~~~~~~~~~
/scratch2/dima/zephyr-chipyard-sw-fresh/tools-manual/zephyr-sdk-1.0.0-beta1/gnu/riscv64-zephyr-elf/riscv64-zephyr-elf/sys-include/sys/syslimits.h:104:9: note: this is the location of the previous definition
  104 | #define _POSIX2_CHARCLASS_NAME_MAX      14
      |         ^~~~~~~~~~~~~~~~~~~~~~~~~~
/scratch2/agustin/zephyr-chipyard-sw/zephyr_ws/zephyr/include/zephyr/posix/posix_limits.h:65:9: warning: "_POSIX2_COLL_WEIGHTS_MAX" redefined
   65 | #define _POSIX2_COLL_WEIGHTS_MAX            (2)
      |         ^~~~~~~~~~~~~~~~~~~~~~~~
/scratch2/dima/zephyr-chipyard-sw-fresh/tools-manual/zephyr-sdk-1.0.0-beta1/gnu/riscv64-zephyr-elf/riscv64-zephyr-elf/sys-include/sys/syslimits.h:105:9: note: this is the location of the previous definition
  105 | #define _POSIX2_COLL_WEIGHTS_MAX        2
      |         ^~~~~~~~~~~~~~~~~~~~~~~~
/scratch2/agustin/zephyr-chipyard-sw/zephyr_ws/zephyr/include/zephyr/posix/posix_limits.h:66:9: warning: "_POSIX2_EXPR_NEST_MAX" redefined
   66 | #define _POSIX2_EXPR_NEST_MAX               (32)
      |         ^~~~~~~~~~~~~~~~~~~~~
/scratch2/dima/zephyr-chipyard-sw-fresh/tools-manual/zephyr-sdk-1.0.0-beta1/gnu/riscv64-zephyr-elf/riscv64-zephyr-elf/sys-include/sys/syslimits.h:106:9: note: this is the location of the previous definition
  106 | #define _POSIX2_EXPR_NEST_MAX   32
      |         ^~~~~~~~~~~~~~~~~~~~~
/scratch2/agustin/zephyr-chipyard-sw/zephyr_ws/zephyr/include/zephyr/posix/posix_limits.h:67:9: warning: "_POSIX2_LINE_MAX" redefined
   67 | #define _POSIX2_LINE_MAX                    (2048)
      |         ^~~~~~~~~~~~~~~~
/scratch2/dima/zephyr-chipyard-sw-fresh/tools-manual/zephyr-sdk-1.0.0-beta1/gnu/riscv64-zephyr-elf/riscv64-zephyr-elf/sys-include/sys/syslimits.h:107:9: note: this is the location of the previous definition
  107 | #define _POSIX2_LINE_MAX        2048
      |         ^~~~~~~~~~~~~~~~
/scratch2/agustin/zephyr-chipyard-sw/zephyr_ws/zephyr/include/zephyr/posix/posix_limits.h:83:9: warning: "ARG_MAX" redefined
   83 | #define ARG_MAX                       _POSIX_ARG_MAX
      |         ^~~~~~~
/scratch2/dima/zephyr-chipyard-sw-fresh/tools-manual/zephyr-sdk-1.0.0-beta1/gnu/riscv64-zephyr-elf/riscv64-zephyr-elf/sys-include/sys/syslimits.h:41:9: note: this is the location of the previous definition
   41 | #define ARG_MAX                 65536   /* max bytes for an exec function */
      |         ^~~~~~~
/scratch2/agustin/zephyr-chipyard-sw/zephyr_ws/zephyr/include/zephyr/posix/posix_limits.h:84:9: warning: "ATEXIT_MAX" redefined
   84 | #define ATEXIT_MAX                    (32)
      |         ^~~~~~~~~~
/scratch2/dima/zephyr-chipyard-sw-fresh/tools-manual/zephyr-sdk-1.0.0-beta1/gnu/riscv64-zephyr-elf/riscv64-zephyr-elf/sys-include/sys/syslimits.h:42:9: note: this is the location of the previous definition
   42 | #define ATEXIT_MAX                 32   /* max atexit functions */
      |         ^~~~~~~~~~
/scratch2/agustin/zephyr-chipyard-sw/zephyr_ws/zephyr/include/zephyr/posix/posix_limits.h:93:9: warning: "OPEN_MAX" redefined
   93 | #define OPEN_MAX                      CONFIG_POSIX_OPEN_MAX
      |         ^~~~~~~~
/scratch2/dima/zephyr-chipyard-sw-fresh/tools-manual/zephyr-sdk-1.0.0-beta1/gnu/riscv64-zephyr-elf/riscv64-zephyr-elf/sys-include/sys/syslimits.h:45:9: note: this is the location of the previous definition
   45 | #define OPEN_MAX                   64   /* max open files per process */
      |         ^~~~~~~~
/scratch2/agustin/zephyr-chipyard-sw/zephyr_ws/zephyr/include/zephyr/posix/posix_limits.h:96:9: warning: "PATH_MAX" redefined
   96 | #define PATH_MAX                      _POSIX_PATH_MAX
      |         ^~~~~~~~
/scratch2/dima/zephyr-chipyard-sw-fresh/tools-manual/zephyr-sdk-1.0.0-beta1/gnu/riscv64-zephyr-elf/riscv64-zephyr-elf/sys-include/sys/syslimits.h:53:9: note: this is the location of the previous definition
   53 | #define PATH_MAX                 1024   /* max bytes in pathname */
      |         ^~~~~~~~
/scratch2/agustin/zephyr-chipyard-sw/zephyr_ws/zephyr/include/zephyr/posix/posix_limits.h:114:9: warning: "TZNAME_MAX" redefined
  114 | #define TZNAME_MAX                    _POSIX_TZNAME_MAX
      |         ^~~~~~~~~~
/scratch2/dima/zephyr-chipyard-sw-fresh/tools-manual/zephyr-sdk-1.0.0-beta1/gnu/riscv64-zephyr-elf/riscv64-zephyr-elf/sys-include/sys/syslimits.h:46:9: note: this is the location of the previous definition
   46 | #define TZNAME_MAX                 10   /* max time zone name length */
      |         ^~~~~~~~~~
[66/139] Building C object zephyr/lib/libc/picolibc/CMakeFiles/lib__libc__picolibc.dir/exit.c.obj
[67/139] Building C object zephyr/kernel/CMakeFiles/kernel.dir/banner.c.obj
[68/139] Building C object zephyr/subsys/timing/CMakeFiles/subsys__timing.dir/timing.c.obj
[69/139] Building C object zephyr/lib/libc/picolibc/CMakeFiles/lib__libc__picolibc.dir/errno_wrap.c.obj
[70/139] Building C object zephyr/kernel/CMakeFiles/kernel.dir/main_weak.c.obj
[71/139] Building C object zephyr/lib/libc/common/CMakeFiles/lib__libc__common.dir/source/stdlib/malloc.c.obj
[72/139] Building C object zephyr/drivers/timer/CMakeFiles/drivers__timer.dir/sys_clock_init.c.obj
[73/139] Building C object zephyr/lib/libc/picolibc/CMakeFiles/lib__libc__picolibc.dir/chk_fail.c.obj
[74/139] Building C object zephyr/lib/posix/c_lib_ext/CMakeFiles/lib__posix__c_lib_ext.dir/getopt/getopt_common.c.obj
[75/139] Building C object zephyr/drivers/serial/CMakeFiles/drivers__serial.dir/uart_htif.c.obj
[76/139] Building C object zephyr/drivers/timer/CMakeFiles/drivers__timer.dir/riscv_machine_timer.c.obj
[77/139] Building C object zephyr/lib/libc/picolibc/CMakeFiles/lib__libc__picolibc.dir/locks.c.obj
[78/139] Building C object zephyr/lib/posix/c_lib_ext/CMakeFiles/lib__posix__c_lib_ext.dir/getopt/getopt.c.obj
In file included from /scratch2/agustin/zephyr-chipyard-sw/zephyr_ws/zephyr/include/zephyr/posix/sys/sysconf.h:11,
                 from /scratch2/agustin/zephyr-chipyard-sw/zephyr_ws/zephyr/include/zephyr/posix/unistd.h:18,
                 from /scratch2/agustin/zephyr-chipyard-sw/zephyr_ws/zephyr/lib/posix/c_lib_ext/getopt/getopt.c:36:
/scratch2/agustin/zephyr-chipyard-sw/zephyr_ws/zephyr/include/zephyr/posix/posix_limits.h:23:9: warning: "_POSIX_AIO_LISTIO_MAX" redefined
   23 | #define _POSIX_AIO_LISTIO_MAX               (2)
      |         ^~~~~~~~~~~~~~~~~~~~~
In file included from /scratch2/dima/zephyr-chipyard-sw-fresh/tools-manual/zephyr-sdk-1.0.0-beta1/gnu/riscv64-zephyr-elf/riscv64-zephyr-elf/sys-include/limits.h:6,
                 from /scratch2/dima/zephyr-chipyard-sw-fresh/tools-manual/zephyr-sdk-1.0.0-beta1/gnu/riscv64-zephyr-elf/lib/gcc/riscv64-zephyr-elf/14.3.0/include/limits.h:210,
                 from /scratch2/dima/zephyr-chipyard-sw-fresh/tools-manual/zephyr-sdk-1.0.0-beta1/gnu/riscv64-zephyr-elf/lib/gcc/riscv64-zephyr-elf/14.3.0/include/syslimits.h:7,
                 from /scratch2/dima/zephyr-chipyard-sw-fresh/tools-manual/zephyr-sdk-1.0.0-beta1/gnu/riscv64-zephyr-elf/lib/gcc/riscv64-zephyr-elf/14.3.0/include/limits.h:34,
                 from /scratch2/agustin/zephyr-chipyard-sw/zephyr_ws/zephyr/include/zephyr/kernel_includes.h:22,
                 from /scratch2/agustin/zephyr-chipyard-sw/zephyr_ws/zephyr/include/zephyr/kernel.h:17,
                 from /scratch2/agustin/zephyr-chipyard-sw/zephyr_ws/zephyr/include/zephyr/posix/posix_types.h:30,
                 from /scratch2/agustin/zephyr-chipyard-sw/zephyr_ws/zephyr/include/zephyr/posix/unistd.h:11:
/scratch2/dima/zephyr-chipyard-sw-fresh/tools-manual/zephyr-sdk-1.0.0-beta1/gnu/riscv64-zephyr-elf/riscv64-zephyr-elf/sys-include/sys/syslimits.h:63:9: note: this is the location of the previous definition
   63 | #define _POSIX_AIO_LISTIO_MAX   2
      |         ^~~~~~~~~~~~~~~~~~~~~
/scratch2/agustin/zephyr-chipyard-sw/zephyr_ws/zephyr/include/zephyr/posix/posix_limits.h:24:9: warning: "_POSIX_AIO_MAX" redefined
   24 | #define _POSIX_AIO_MAX                      (1)
      |         ^~~~~~~~~~~~~~
/scratch2/dima/zephyr-chipyard-sw-fresh/tools-manual/zephyr-sdk-1.0.0-beta1/gnu/riscv64-zephyr-elf/riscv64-zephyr-elf/sys-include/sys/syslimits.h:64:9: note: this is the location of the previous definition
   64 | #define _POSIX_AIO_MAX          1
      |         ^~~~~~~~~~~~~~
/scratch2/agustin/zephyr-chipyard-sw/zephyr_ws/zephyr/include/zephyr/posix/posix_limits.h:25:9: warning: "_POSIX_ARG_MAX" redefined
   25 | #define _POSIX_ARG_MAX                      (4096)
      |         ^~~~~~~~~~~~~~
/scratch2/dima/zephyr-chipyard-sw-fresh/tools-manual/zephyr-sdk-1.0.0-beta1/gnu/riscv64-zephyr-elf/riscv64-zephyr-elf/sys-include/sys/syslimits.h:65:9: note: this is the location of the previous definition
   65 | #define _POSIX_ARG_MAX          4096
      |         ^~~~~~~~~~~~~~
/scratch2/agustin/zephyr-chipyard-sw/zephyr_ws/zephyr/include/zephyr/posix/posix_limits.h:26:9: warning: "_POSIX_CHILD_MAX" redefined
   26 | #define _POSIX_CHILD_MAX                    (25)
      |         ^~~~~~~~~~~~~~~~
/scratch2/dima/zephyr-chipyard-sw-fresh/tools-manual/zephyr-sdk-1.0.0-beta1/gnu/riscv64-zephyr-elf/riscv64-zephyr-elf/sys-include/sys/syslimits.h:66:9: note: this is the location of the previous definition
   66 | #define _POSIX_CHILD_MAX        6
      |         ^~~~~~~~~~~~~~~~
/scratch2/agustin/zephyr-chipyard-sw/zephyr_ws/zephyr/include/zephyr/posix/posix_limits.h:27:9: warning: "_POSIX_DELAYTIMER_MAX" redefined
   27 | #define _POSIX_DELAYTIMER_MAX               (32)
      |         ^~~~~~~~~~~~~~~~~~~~~
/scratch2/dima/zephyr-chipyard-sw-fresh/tools-manual/zephyr-sdk-1.0.0-beta1/gnu/riscv64-zephyr-elf/riscv64-zephyr-elf/sys-include/sys/syslimits.h:67:9: note: this is the location of the previous definition
   67 | #define _POSIX_DELAYTIMER_MAX   32
      |         ^~~~~~~~~~~~~~~~~~~~~
/scratch2/agustin/zephyr-chipyard-sw/zephyr_ws/zephyr/include/zephyr/posix/posix_limits.h:28:9: warning: "_POSIX_HOST_NAME_MAX" redefined
   28 | #define _POSIX_HOST_NAME_MAX                (255)
      |         ^~~~~~~~~~~~~~~~~~~~
/scratch2/dima/zephyr-chipyard-sw-fresh/tools-manual/zephyr-sdk-1.0.0-beta1/gnu/riscv64-zephyr-elf/riscv64-zephyr-elf/sys-include/sys/syslimits.h:68:9: note: this is the location of the previous definition
   68 | #define _POSIX_HOST_NAME_MAX    255
      |         ^~~~~~~~~~~~~~~~~~~~
/scratch2/agustin/zephyr-chipyard-sw/zephyr_ws/zephyr/include/zephyr/posix/posix_limits.h:29:9: warning: "_POSIX_LINK_MAX" redefined
   29 | #define _POSIX_LINK_MAX                     (8)
      |         ^~~~~~~~~~~~~~~
/scratch2/dima/zephyr-chipyard-sw-fresh/tools-manual/zephyr-sdk-1.0.0-beta1/gnu/riscv64-zephyr-elf/riscv64-zephyr-elf/sys-include/sys/syslimits.h:69:9: note: this is the location of the previous definition
   69 | #define _POSIX_LINK_MAX         8
      |         ^~~~~~~~~~~~~~~
/scratch2/agustin/zephyr-chipyard-sw/zephyr_ws/zephyr/include/zephyr/posix/posix_limits.h:30:9: warning: "_POSIX_LOGIN_NAME_MAX" redefined
   30 | #define _POSIX_LOGIN_NAME_MAX               (9)
      |         ^~~~~~~~~~~~~~~~~~~~~
/scratch2/dima/zephyr-chipyard-sw-fresh/tools-manual/zephyr-sdk-1.0.0-beta1/gnu/riscv64-zephyr-elf/riscv64-zephyr-elf/sys-include/sys/syslimits.h:70:9: note: this is the location of the previous definition
   70 | #define _POSIX_LOGIN_NAME_MAX   9
      |         ^~~~~~~~~~~~~~~~~~~~~
/scratch2/agustin/zephyr-chipyard-sw/zephyr_ws/zephyr/include/zephyr/posix/posix_limits.h:31:9: warning: "_POSIX_MAX_CANON" redefined
   31 | #define _POSIX_MAX_CANON                    (255)
      |         ^~~~~~~~~~~~~~~~
/scratch2/dima/zephyr-chipyard-sw-fresh/tools-manual/zephyr-sdk-1.0.0-beta1/gnu/riscv64-zephyr-elf/riscv64-zephyr-elf/sys-include/sys/syslimits.h:71:9: note: this is the location of the previous definition
   71 | #define _POSIX_MAX_CANON        255
      |         ^~~~~~~~~~~~~~~~
/scratch2/agustin/zephyr-chipyard-sw/zephyr_ws/zephyr/include/zephyr/posix/posix_limits.h:32:9: warning: "_POSIX_MAX_INPUT" redefined
   32 | #define _POSIX_MAX_INPUT                    (255)
      |         ^~~~~~~~~~~~~~~~
/scratch2/dima/zephyr-chipyard-sw-fresh/tools-manual/zephyr-sdk-1.0.0-beta1/gnu/riscv64-zephyr-elf/riscv64-zephyr-elf/sys-include/sys/syslimits.h:72:9: note: this is the location of the previous definition
   72 | #define _POSIX_MAX_INPUT        255
      |         ^~~~~~~~~~~~~~~~
/scratch2/agustin/zephyr-chipyard-sw/zephyr_ws/zephyr/include/zephyr/posix/posix_limits.h:33:9: warning: "_POSIX_MQ_OPEN_MAX" redefined
   33 | #define _POSIX_MQ_OPEN_MAX                  (8)
      |         ^~~~~~~~~~~~~~~~~~
/scratch2/dima/zephyr-chipyard-sw-fresh/tools-manual/zephyr-sdk-1.0.0-beta1/gnu/riscv64-zephyr-elf/riscv64-zephyr-elf/sys-include/sys/syslimits.h:73:9: note: this is the location of the previous definition
   73 | #define _POSIX_MQ_OPEN_MAX      8
      |         ^~~~~~~~~~~~~~~~~~
/scratch2/agustin/zephyr-chipyard-sw/zephyr_ws/zephyr/include/zephyr/posix/posix_limits.h:34:9: warning: "_POSIX_MQ_PRIO_MAX" redefined
   34 | #define _POSIX_MQ_PRIO_MAX                  (32)
      |         ^~~~~~~~~~~~~~~~~~
/scratch2/dima/zephyr-chipyard-sw-fresh/tools-manual/zephyr-sdk-1.0.0-beta1/gnu/riscv64-zephyr-elf/riscv64-zephyr-elf/sys-include/sys/syslimits.h:74:9: note: this is the location of the previous definition
   74 | #define _POSIX_MQ_PRIO_MAX      32
      |         ^~~~~~~~~~~~~~~~~~
/scratch2/agustin/zephyr-chipyard-sw/zephyr_ws/zephyr/include/zephyr/posix/posix_limits.h:35:9: warning: "_POSIX_NAME_MAX" redefined
   35 | #define _POSIX_NAME_MAX                     (14)
      |         ^~~~~~~~~~~~~~~
/scratch2/dima/zephyr-chipyard-sw-fresh/tools-manual/zephyr-sdk-1.0.0-beta1/gnu/riscv64-zephyr-elf/riscv64-zephyr-elf/sys-include/sys/syslimits.h:75:9: note: this is the location of the previous definition
   75 | #define _POSIX_NAME_MAX         14
      |         ^~~~~~~~~~~~~~~
/scratch2/agustin/zephyr-chipyard-sw/zephyr_ws/zephyr/include/zephyr/posix/posix_limits.h:36:9: warning: "_POSIX_NGROUPS_MAX" redefined
   36 | #define _POSIX_NGROUPS_MAX                  (8)
      |         ^~~~~~~~~~~~~~~~~~
/scratch2/dima/zephyr-chipyard-sw-fresh/tools-manual/zephyr-sdk-1.0.0-beta1/gnu/riscv64-zephyr-elf/riscv64-zephyr-elf/sys-include/sys/syslimits.h:76:9: note: this is the location of the previous definition
   76 | #define _POSIX_NGROUPS_MAX      0
      |         ^~~~~~~~~~~~~~~~~~
/scratch2/agustin/zephyr-chipyard-sw/zephyr_ws/zephyr/include/zephyr/posix/posix_limits.h:37:9: warning: "_POSIX_OPEN_MAX" redefined
   37 | #define _POSIX_OPEN_MAX                     (20)
      |         ^~~~~~~~~~~~~~~
/scratch2/dima/zephyr-chipyard-sw-fresh/tools-manual/zephyr-sdk-1.0.0-beta1/gnu/riscv64-zephyr-elf/riscv64-zephyr-elf/sys-include/sys/syslimits.h:77:9: note: this is the location of the previous definition
   77 | #define _POSIX_OPEN_MAX         16
      |         ^~~~~~~~~~~~~~~
/scratch2/agustin/zephyr-chipyard-sw/zephyr_ws/zephyr/include/zephyr/posix/posix_limits.h:38:9: warning: "_POSIX_PATH_MAX" redefined
   38 | #define _POSIX_PATH_MAX                     (256)
      |         ^~~~~~~~~~~~~~~
/scratch2/dima/zephyr-chipyard-sw-fresh/tools-manual/zephyr-sdk-1.0.0-beta1/gnu/riscv64-zephyr-elf/riscv64-zephyr-elf/sys-include/sys/syslimits.h:78:9: note: this is the location of the previous definition
   78 | #define _POSIX_PATH_MAX         255
      |         ^~~~~~~~~~~~~~~
/scratch2/agustin/zephyr-chipyard-sw/zephyr_ws/zephyr/include/zephyr/posix/posix_limits.h:39:9: warning: "_POSIX_PIPE_BUF" redefined
   39 | #define _POSIX_PIPE_BUF                     (512)
      |         ^~~~~~~~~~~~~~~
/scratch2/dima/zephyr-chipyard-sw-fresh/tools-manual/zephyr-sdk-1.0.0-beta1/gnu/riscv64-zephyr-elf/riscv64-zephyr-elf/sys-include/sys/syslimits.h:79:9: note: this is the location of the previous definition
   79 | #define _POSIX_PIPE_BUF         512
      |         ^~~~~~~~~~~~~~~
/scratch2/agustin/zephyr-chipyard-sw/zephyr_ws/zephyr/include/zephyr/posix/posix_limits.h:40:9: warning: "_POSIX_RE_DUP_MAX" redefined
   40 | #define _POSIX_RE_DUP_MAX                   (255)
      |         ^~~~~~~~~~~~~~~~~
/scratch2/dima/zephyr-chipyard-sw-fresh/tools-manual/zephyr-sdk-1.0.0-beta1/gnu/riscv64-zephyr-elf/riscv64-zephyr-elf/sys-include/sys/syslimits.h:80:9: note: this is the location of the previous definition
   80 | #define _POSIX_RE_DUP_MAX       255
      |         ^~~~~~~~~~~~~~~~~
/scratch2/agustin/zephyr-chipyard-sw/zephyr_ws/zephyr/include/zephyr/posix/posix_limits.h:41:9: warning: "_POSIX_RTSIG_MAX" redefined
   41 | #define _POSIX_RTSIG_MAX                    (8)
      |         ^~~~~~~~~~~~~~~~
/scratch2/dima/zephyr-chipyard-sw-fresh/tools-manual/zephyr-sdk-1.0.0-beta1/gnu/riscv64-zephyr-elf/riscv64-zephyr-elf/sys-include/sys/syslimits.h:81:9: note: this is the location of the previous definition
   81 | #define _POSIX_RTSIG_MAX        8
      |         ^~~~~~~~~~~~~~~~
/scratch2/agustin/zephyr-chipyard-sw/zephyr_ws/zephyr/include/zephyr/posix/posix_limits.h:42:9: warning: "_POSIX_SEM_NSEMS_MAX" redefined
   42 | #define _POSIX_SEM_NSEMS_MAX                (256)
      |         ^~~~~~~~~~~~~~~~~~~~
/scratch2/dima/zephyr-chipyard-sw-fresh/tools-manual/zephyr-sdk-1.0.0-beta1/gnu/riscv64-zephyr-elf/riscv64-zephyr-elf/sys-include/sys/syslimits.h:82:9: note: this is the location of the previous definition
   82 | #define _POSIX_SEM_NSEMS_MAX    256
      |         ^~~~~~~~~~~~~~~~~~~~
/scratch2/agustin/zephyr-chipyard-sw/zephyr_ws/zephyr/include/zephyr/posix/posix_limits.h:43:9: warning: "_POSIX_SEM_VALUE_MAX" redefined
   43 | #define _POSIX_SEM_VALUE_MAX                (32767)
      |         ^~~~~~~~~~~~~~~~~~~~
/scratch2/dima/zephyr-chipyard-sw-fresh/tools-manual/zephyr-sdk-1.0.0-beta1/gnu/riscv64-zephyr-elf/riscv64-zephyr-elf/sys-include/sys/syslimits.h:83:9: note: this is the location of the previous definition
   83 | #define _POSIX_SEM_VALUE_MAX    32767
      |         ^~~~~~~~~~~~~~~~~~~~
/scratch2/agustin/zephyr-chipyard-sw/zephyr_ws/zephyr/include/zephyr/posix/posix_limits.h:44:9: warning: "_POSIX_SIGQUEUE_MAX" redefined
   44 | #define _POSIX_SIGQUEUE_MAX                 (32)
      |         ^~~~~~~~~~~~~~~~~~~
/scratch2/dima/zephyr-chipyard-sw-fresh/tools-manual/zephyr-sdk-1.0.0-beta1/gnu/riscv64-zephyr-elf/riscv64-zephyr-elf/sys-include/sys/syslimits.h:84:9: note: this is the location of the previous definition
   84 | #define _POSIX_SIGQUEUE_MAX     32
      |         ^~~~~~~~~~~~~~~~~~~
/scratch2/agustin/zephyr-chipyard-sw/zephyr_ws/zephyr/include/zephyr/posix/posix_limits.h:45:9: warning: "_POSIX_SSIZE_MAX" redefined
   45 | #define _POSIX_SSIZE_MAX                    (32767)
      |         ^~~~~~~~~~~~~~~~
/scratch2/dima/zephyr-chipyard-sw-fresh/tools-manual/zephyr-sdk-1.0.0-beta1/gnu/riscv64-zephyr-elf/riscv64-zephyr-elf/sys-include/sys/syslimits.h:85:9: note: this is the location of the previous definition
   85 | #define _POSIX_SSIZE_MAX        32767
      |         ^~~~~~~~~~~~~~~~
/scratch2/agustin/zephyr-chipyard-sw/zephyr_ws/zephyr/include/zephyr/posix/posix_limits.h:46:9: warning: "_POSIX_SS_REPL_MAX" redefined
   46 | #define _POSIX_SS_REPL_MAX                  (4)
      |         ^~~~~~~~~~~~~~~~~~
/scratch2/dima/zephyr-chipyard-sw-fresh/tools-manual/zephyr-sdk-1.0.0-beta1/gnu/riscv64-zephyr-elf/riscv64-zephyr-elf/sys-include/sys/syslimits.h:86:9: note: this is the location of the previous definition
   86 | #define _POSIX_SS_REPL_MAX      4
      |         ^~~~~~~~~~~~~~~~~~
/scratch2/agustin/zephyr-chipyard-sw/zephyr_ws/zephyr/include/zephyr/posix/posix_limits.h:47:9: warning: "_POSIX_STREAM_MAX" redefined
   47 | #define _POSIX_STREAM_MAX                   (8)
      |         ^~~~~~~~~~~~~~~~~
/scratch2/dima/zephyr-chipyard-sw-fresh/tools-manual/zephyr-sdk-1.0.0-beta1/gnu/riscv64-zephyr-elf/riscv64-zephyr-elf/sys-include/sys/syslimits.h:87:9: note: this is the location of the previous definition
   87 | #define _POSIX_STREAM_MAX       8
      |         ^~~~~~~~~~~~~~~~~
/scratch2/agustin/zephyr-chipyard-sw/zephyr_ws/zephyr/include/zephyr/posix/posix_limits.h:48:9: warning: "_POSIX_SYMLINK_MAX" redefined
   48 | #define _POSIX_SYMLINK_MAX                  (255)
      |         ^~~~~~~~~~~~~~~~~~
/scratch2/dima/zephyr-chipyard-sw-fresh/tools-manual/zephyr-sdk-1.0.0-beta1/gnu/riscv64-zephyr-elf/riscv64-zephyr-elf/sys-include/sys/syslimits.h:88:9: note: this is the location of the previous definition
   88 | #define _POSIX_SYMLINK_MAX      255
      |         ^~~~~~~~~~~~~~~~~~
/scratch2/agustin/zephyr-chipyard-sw/zephyr_ws/zephyr/include/zephyr/posix/posix_limits.h:49:9: warning: "_POSIX_SYMLOOP_MAX" redefined
   49 | #define _POSIX_SYMLOOP_MAX                  (8)
      |         ^~~~~~~~~~~~~~~~~~
/scratch2/dima/zephyr-chipyard-sw-fresh/tools-manual/zephyr-sdk-1.0.0-beta1/gnu/riscv64-zephyr-elf/riscv64-zephyr-elf/sys-include/sys/syslimits.h:89:9: note: this is the location of the previous definition
   89 | #define _POSIX_SYMLOOP_MAX      8
      |         ^~~~~~~~~~~~~~~~~~
/scratch2/agustin/zephyr-chipyard-sw/zephyr_ws/zephyr/include/zephyr/posix/posix_limits.h:50:9: warning: "_POSIX_THREAD_DESTRUCTOR_ITERATIONS" redefined
   50 | #define _POSIX_THREAD_DESTRUCTOR_ITERATIONS (4)
      |         ^~~~~~~~~~~~~~~~~~~~~~~~~~~~~~~~~~~
/scratch2/dima/zephyr-chipyard-sw-fresh/tools-manual/zephyr-sdk-1.0.0-beta1/gnu/riscv64-zephyr-elf/riscv64-zephyr-elf/sys-include/sys/syslimits.h:90:9: note: this is the location of the previous definition
   90 | #define _POSIX_THREAD_DESTRUCTOR_ITERATIONS     4
      |         ^~~~~~~~~~~~~~~~~~~~~~~~~~~~~~~~~~~
/scratch2/agustin/zephyr-chipyard-sw/zephyr_ws/zephyr/include/zephyr/posix/posix_limits.h:51:9: warning: "_POSIX_THREAD_KEYS_MAX" redefined
   51 | #define _POSIX_THREAD_KEYS_MAX              (128)
      |         ^~~~~~~~~~~~~~~~~~~~~~
/scratch2/dima/zephyr-chipyard-sw-fresh/tools-manual/zephyr-sdk-1.0.0-beta1/gnu/riscv64-zephyr-elf/riscv64-zephyr-elf/sys-include/sys/syslimits.h:91:9: note: this is the location of the previous definition
   91 | #define _POSIX_THREAD_KEYS_MAX  128
      |         ^~~~~~~~~~~~~~~~~~~~~~
/scratch2/agustin/zephyr-chipyard-sw/zephyr_ws/zephyr/include/zephyr/posix/posix_limits.h:52:9: warning: "_POSIX_THREAD_THREADS_MAX" redefined
   52 | #define _POSIX_THREAD_THREADS_MAX           (64)
      |         ^~~~~~~~~~~~~~~~~~~~~~~~~
/scratch2/dima/zephyr-chipyard-sw-fresh/tools-manual/zephyr-sdk-1.0.0-beta1/gnu/riscv64-zephyr-elf/riscv64-zephyr-elf/sys-include/sys/syslimits.h:92:9: note: this is the location of the previous definition
   92 | #define _POSIX_THREAD_THREADS_MAX       64
      |         ^~~~~~~~~~~~~~~~~~~~~~~~~
/scratch2/agustin/zephyr-chipyard-sw/zephyr_ws/zephyr/include/zephyr/posix/posix_limits.h:53:9: warning: "_POSIX_TIMER_MAX" redefined
   53 | #define _POSIX_TIMER_MAX                    (32)
      |         ^~~~~~~~~~~~~~~~
/scratch2/dima/zephyr-chipyard-sw-fresh/tools-manual/zephyr-sdk-1.0.0-beta1/gnu/riscv64-zephyr-elf/riscv64-zephyr-elf/sys-include/sys/syslimits.h:93:9: note: this is the location of the previous definition
   93 | #define _POSIX_TIMER_MAX        32
      |         ^~~~~~~~~~~~~~~~
/scratch2/agustin/zephyr-chipyard-sw/zephyr_ws/zephyr/include/zephyr/posix/posix_limits.h:54:9: warning: "_POSIX_TRACE_EVENT_NAME_MAX" redefined
   54 | #define _POSIX_TRACE_EVENT_NAME_MAX         (30)
      |         ^~~~~~~~~~~~~~~~~~~~~~~~~~~
/scratch2/dima/zephyr-chipyard-sw-fresh/tools-manual/zephyr-sdk-1.0.0-beta1/gnu/riscv64-zephyr-elf/riscv64-zephyr-elf/sys-include/sys/syslimits.h:94:9: note: this is the location of the previous definition
   94 | #define _POSIX_TRACE_EVENT_NAME_MAX     30
      |         ^~~~~~~~~~~~~~~~~~~~~~~~~~~
/scratch2/agustin/zephyr-chipyard-sw/zephyr_ws/zephyr/include/zephyr/posix/posix_limits.h:55:9: warning: "_POSIX_TRACE_NAME_MAX" redefined
   55 | #define _POSIX_TRACE_NAME_MAX               (8)
      |         ^~~~~~~~~~~~~~~~~~~~~
/scratch2/dima/zephyr-chipyard-sw-fresh/tools-manual/zephyr-sdk-1.0.0-beta1/gnu/riscv64-zephyr-elf/riscv64-zephyr-elf/sys-include/sys/syslimits.h:95:9: note: this is the location of the previous definition
   95 | #define _POSIX_TRACE_NAME_MAX   8
      |         ^~~~~~~~~~~~~~~~~~~~~
/scratch2/agustin/zephyr-chipyard-sw/zephyr_ws/zephyr/include/zephyr/posix/posix_limits.h:56:9: warning: "_POSIX_TRACE_SYS_MAX" redefined
   56 | #define _POSIX_TRACE_SYS_MAX                (8)
      |         ^~~~~~~~~~~~~~~~~~~~
/scratch2/dima/zephyr-chipyard-sw-fresh/tools-manual/zephyr-sdk-1.0.0-beta1/gnu/riscv64-zephyr-elf/riscv64-zephyr-elf/sys-include/sys/syslimits.h:96:9: note: this is the location of the previous definition
   96 | #define _POSIX_TRACE_SYS_MAX    8
      |         ^~~~~~~~~~~~~~~~~~~~
/scratch2/agustin/zephyr-chipyard-sw/zephyr_ws/zephyr/include/zephyr/posix/posix_limits.h:57:9: warning: "_POSIX_TRACE_USER_EVENT_MAX" redefined
   57 | #define _POSIX_TRACE_USER_EVENT_MAX         (32)
      |         ^~~~~~~~~~~~~~~~~~~~~~~~~~~
/scratch2/dima/zephyr-chipyard-sw-fresh/tools-manual/zephyr-sdk-1.0.0-beta1/gnu/riscv64-zephyr-elf/riscv64-zephyr-elf/sys-include/sys/syslimits.h:97:9: note: this is the location of the previous definition
   97 | #define _POSIX_TRACE_USER_EVENT_MAX     32
      |         ^~~~~~~~~~~~~~~~~~~~~~~~~~~
/scratch2/agustin/zephyr-chipyard-sw/zephyr_ws/zephyr/include/zephyr/posix/posix_limits.h:58:9: warning: "_POSIX_TTY_NAME_MAX" redefined
   58 | #define _POSIX_TTY_NAME_MAX                 (9)
      |         ^~~~~~~~~~~~~~~~~~~
/scratch2/dima/zephyr-chipyard-sw-fresh/tools-manual/zephyr-sdk-1.0.0-beta1/gnu/riscv64-zephyr-elf/riscv64-zephyr-elf/sys-include/sys/syslimits.h:98:9: note: this is the location of the previous definition
   98 | #define _POSIX_TTY_NAME_MAX     9
      |         ^~~~~~~~~~~~~~~~~~~
/scratch2/agustin/zephyr-chipyard-sw/zephyr_ws/zephyr/include/zephyr/posix/posix_limits.h:59:9: warning: "_POSIX_TZNAME_MAX" redefined
   59 | #define _POSIX_TZNAME_MAX                   (6)
      |         ^~~~~~~~~~~~~~~~~
/scratch2/dima/zephyr-chipyard-sw-fresh/tools-manual/zephyr-sdk-1.0.0-beta1/gnu/riscv64-zephyr-elf/riscv64-zephyr-elf/sys-include/sys/syslimits.h:99:9: note: this is the location of the previous definition
   99 | #define _POSIX_TZNAME_MAX       3
      |         ^~~~~~~~~~~~~~~~~
/scratch2/agustin/zephyr-chipyard-sw/zephyr_ws/zephyr/include/zephyr/posix/posix_limits.h:60:9: warning: "_POSIX2_BC_BASE_MAX" redefined
   60 | #define _POSIX2_BC_BASE_MAX                 (99)
      |         ^~~~~~~~~~~~~~~~~~~
/scratch2/dima/zephyr-chipyard-sw-fresh/tools-manual/zephyr-sdk-1.0.0-beta1/gnu/riscv64-zephyr-elf/riscv64-zephyr-elf/sys-include/sys/syslimits.h:100:9: note: this is the location of the previous definition
  100 | #define _POSIX2_BC_BASE_MAX     99
      |         ^~~~~~~~~~~~~~~~~~~
/scratch2/agustin/zephyr-chipyard-sw/zephyr_ws/zephyr/include/zephyr/posix/posix_limits.h:61:9: warning: "_POSIX2_BC_DIM_MAX" redefined
   61 | #define _POSIX2_BC_DIM_MAX                  (2048)
      |         ^~~~~~~~~~~~~~~~~~
/scratch2/dima/zephyr-chipyard-sw-fresh/tools-manual/zephyr-sdk-1.0.0-beta1/gnu/riscv64-zephyr-elf/riscv64-zephyr-elf/sys-include/sys/syslimits.h:101:9: note: this is the location of the previous definition
  101 | #define _POSIX2_BC_DIM_MAX      2048
      |         ^~~~~~~~~~~~~~~~~~
/scratch2/agustin/zephyr-chipyard-sw/zephyr_ws/zephyr/include/zephyr/posix/posix_limits.h:62:9: warning: "_POSIX2_BC_SCALE_MAX" redefined
   62 | #define _POSIX2_BC_SCALE_MAX                (99)
      |         ^~~~~~~~~~~~~~~~~~~~
/scratch2/dima/zephyr-chipyard-sw-fresh/tools-manual/zephyr-sdk-1.0.0-beta1/gnu/riscv64-zephyr-elf/riscv64-zephyr-elf/sys-include/sys/syslimits.h:102:9: note: this is the location of the previous definition
  102 | #define _POSIX2_BC_SCALE_MAX    99
      |         ^~~~~~~~~~~~~~~~~~~~
/scratch2/agustin/zephyr-chipyard-sw/zephyr_ws/zephyr/include/zephyr/posix/posix_limits.h:63:9: warning: "_POSIX2_BC_STRING_MAX" redefined
   63 | #define _POSIX2_BC_STRING_MAX               (1000)
      |         ^~~~~~~~~~~~~~~~~~~~~
/scratch2/dima/zephyr-chipyard-sw-fresh/tools-manual/zephyr-sdk-1.0.0-beta1/gnu/riscv64-zephyr-elf/riscv64-zephyr-elf/sys-include/sys/syslimits.h:103:9: note: this is the location of the previous definition
  103 | #define _POSIX2_BC_STRING_MAX   1000
      |         ^~~~~~~~~~~~~~~~~~~~~
/scratch2/agustin/zephyr-chipyard-sw/zephyr_ws/zephyr/include/zephyr/posix/posix_limits.h:64:9: warning: "_POSIX2_CHARCLASS_NAME_MAX" redefined
   64 | #define _POSIX2_CHARCLASS_NAME_MAX          (14)
      |         ^~~~~~~~~~~~~~~~~~~~~~~~~~
/scratch2/dima/zephyr-chipyard-sw-fresh/tools-manual/zephyr-sdk-1.0.0-beta1/gnu/riscv64-zephyr-elf/riscv64-zephyr-elf/sys-include/sys/syslimits.h:104:9: note: this is the location of the previous definition
  104 | #define _POSIX2_CHARCLASS_NAME_MAX      14
      |         ^~~~~~~~~~~~~~~~~~~~~~~~~~
/scratch2/agustin/zephyr-chipyard-sw/zephyr_ws/zephyr/include/zephyr/posix/posix_limits.h:65:9: warning: "_POSIX2_COLL_WEIGHTS_MAX" redefined
   65 | #define _POSIX2_COLL_WEIGHTS_MAX            (2)
      |         ^~~~~~~~~~~~~~~~~~~~~~~~
/scratch2/dima/zephyr-chipyard-sw-fresh/tools-manual/zephyr-sdk-1.0.0-beta1/gnu/riscv64-zephyr-elf/riscv64-zephyr-elf/sys-include/sys/syslimits.h:105:9: note: this is the location of the previous definition
  105 | #define _POSIX2_COLL_WEIGHTS_MAX        2
      |         ^~~~~~~~~~~~~~~~~~~~~~~~
/scratch2/agustin/zephyr-chipyard-sw/zephyr_ws/zephyr/include/zephyr/posix/posix_limits.h:66:9: warning: "_POSIX2_EXPR_NEST_MAX" redefined
   66 | #define _POSIX2_EXPR_NEST_MAX               (32)
      |         ^~~~~~~~~~~~~~~~~~~~~
/scratch2/dima/zephyr-chipyard-sw-fresh/tools-manual/zephyr-sdk-1.0.0-beta1/gnu/riscv64-zephyr-elf/riscv64-zephyr-elf/sys-include/sys/syslimits.h:106:9: note: this is the location of the previous definition
  106 | #define _POSIX2_EXPR_NEST_MAX   32
      |         ^~~~~~~~~~~~~~~~~~~~~
/scratch2/agustin/zephyr-chipyard-sw/zephyr_ws/zephyr/include/zephyr/posix/posix_limits.h:67:9: warning: "_POSIX2_LINE_MAX" redefined
   67 | #define _POSIX2_LINE_MAX                    (2048)
      |         ^~~~~~~~~~~~~~~~
/scratch2/dima/zephyr-chipyard-sw-fresh/tools-manual/zephyr-sdk-1.0.0-beta1/gnu/riscv64-zephyr-elf/riscv64-zephyr-elf/sys-include/sys/syslimits.h:107:9: note: this is the location of the previous definition
  107 | #define _POSIX2_LINE_MAX        2048
      |         ^~~~~~~~~~~~~~~~
/scratch2/agustin/zephyr-chipyard-sw/zephyr_ws/zephyr/include/zephyr/posix/posix_limits.h:83:9: warning: "ARG_MAX" redefined
   83 | #define ARG_MAX                       _POSIX_ARG_MAX
      |         ^~~~~~~
/scratch2/dima/zephyr-chipyard-sw-fresh/tools-manual/zephyr-sdk-1.0.0-beta1/gnu/riscv64-zephyr-elf/riscv64-zephyr-elf/sys-include/sys/syslimits.h:41:9: note: this is the location of the previous definition
   41 | #define ARG_MAX                 65536   /* max bytes for an exec function */
      |         ^~~~~~~
/scratch2/agustin/zephyr-chipyard-sw/zephyr_ws/zephyr/include/zephyr/posix/posix_limits.h:84:9: warning: "ATEXIT_MAX" redefined
   84 | #define ATEXIT_MAX                    (32)
      |         ^~~~~~~~~~
/scratch2/dima/zephyr-chipyard-sw-fresh/tools-manual/zephyr-sdk-1.0.0-beta1/gnu/riscv64-zephyr-elf/riscv64-zephyr-elf/sys-include/sys/syslimits.h:42:9: note: this is the location of the previous definition
   42 | #define ATEXIT_MAX                 32   /* max atexit functions */
      |         ^~~~~~~~~~
/scratch2/agustin/zephyr-chipyard-sw/zephyr_ws/zephyr/include/zephyr/posix/posix_limits.h:93:9: warning: "OPEN_MAX" redefined
   93 | #define OPEN_MAX                      CONFIG_POSIX_OPEN_MAX
      |         ^~~~~~~~
/scratch2/dima/zephyr-chipyard-sw-fresh/tools-manual/zephyr-sdk-1.0.0-beta1/gnu/riscv64-zephyr-elf/riscv64-zephyr-elf/sys-include/sys/syslimits.h:45:9: note: this is the location of the previous definition
   45 | #define OPEN_MAX                   64   /* max open files per process */
      |         ^~~~~~~~
/scratch2/agustin/zephyr-chipyard-sw/zephyr_ws/zephyr/include/zephyr/posix/posix_limits.h:96:9: warning: "PATH_MAX" redefined
   96 | #define PATH_MAX                      _POSIX_PATH_MAX
      |         ^~~~~~~~
/scratch2/dima/zephyr-chipyard-sw-fresh/tools-manual/zephyr-sdk-1.0.0-beta1/gnu/riscv64-zephyr-elf/riscv64-zephyr-elf/sys-include/sys/syslimits.h:53:9: note: this is the location of the previous definition
   53 | #define PATH_MAX                 1024   /* max bytes in pathname */
      |         ^~~~~~~~
/scratch2/agustin/zephyr-chipyard-sw/zephyr_ws/zephyr/include/zephyr/posix/posix_limits.h:114:9: warning: "TZNAME_MAX" redefined
  114 | #define TZNAME_MAX                    _POSIX_TZNAME_MAX
      |         ^~~~~~~~~~
/scratch2/dima/zephyr-chipyard-sw-fresh/tools-manual/zephyr-sdk-1.0.0-beta1/gnu/riscv64-zephyr-elf/riscv64-zephyr-elf/sys-include/sys/syslimits.h:46:9: note: this is the location of the previous definition
   46 | #define TZNAME_MAX                 10   /* max time zone name length */
      |         ^~~~~~~~~~
[79/139] Building C object zephyr/drivers/console/CMakeFiles/drivers__console.dir/uart_console.c.obj
[80/139] Building C object zephyr/lib/libc/picolibc/CMakeFiles/lib__libc__picolibc.dir/stdio.c.obj
[81/139] Building C object zephyr/kernel/CMakeFiles/kernel.dir/float.c.obj
[82/139] Linking C static library zephyr/subsys/timing/libsubsys__timing.a
[83/139] Building C object zephyr/kernel/CMakeFiles/kernel.dir/errno.c.obj
[84/139] Building C object zephyr/kernel/CMakeFiles/kernel.dir/busy_wait.c.obj
[85/139] Linking C static library zephyr/arch/arch/riscv/core/libarch__riscv__core.a
[86/139] Building C object zephyr/kernel/CMakeFiles/kernel.dir/device.c.obj
[87/139] Building C object zephyr/CMakeFiles/zephyr.dir/lib/utils/rb.c.obj
[88/139] Building C object zephyr/drivers/serial/CMakeFiles/drivers__serial.dir/uart_sifive.c.obj
/scratch2/agustin/zephyr-chipyard-sw/zephyr_ws/zephyr/drivers/serial/uart_sifive.c:328:12: warning: 'uart_sifive_init' defined but not used [-Wunused-function]
  328 | static int uart_sifive_init(const struct device *dev)
      |            ^~~~~~~~~~~~~~~~
[89/139] Building C object zephyr/kernel/CMakeFiles/kernel.dir/fatal.c.obj
[90/139] Linking C static library zephyr/lib/libc/common/liblib__libc__common.a
[91/139] Linking C static library zephyr/drivers/console/libdrivers__console.a
[92/139] Building C object zephyr/CMakeFiles/zephyr.dir/lib/os/cbprintf_packaged.c.obj
[93/139] Linking C static library zephyr/drivers/timer/libdrivers__timer.a
[94/139] Building C object zephyr/lib/posix/c_lib_ext/CMakeFiles/lib__posix__c_lib_ext.dir/fnmatch.c.obj
[95/139] Linking C static library zephyr/lib/libc/picolibc/liblib__libc__picolibc.a
[96/139] Building C object zephyr/CMakeFiles/zephyr.dir/lib/heap/heap.c.obj
[97/139] Linking C static library zephyr/drivers/serial/libdrivers__serial.a
[98/139] Building C object zephyr/kernel/CMakeFiles/kernel.dir/init.c.obj
[99/139] Linking C static library zephyr/lib/posix/c_lib_ext/liblib__posix__c_lib_ext.a
[100/139] Building C object zephyr/drivers/interrupt_controller/CMakeFiles/drivers__interrupt_controller.dir/intc_plic.c.obj
[101/139] Building C object zephyr/kernel/CMakeFiles/kernel.dir/cpu_mask.c.obj
[102/139] Building C object zephyr/CMakeFiles/zephyr.dir/lib/utils/bitarray.c.obj
[103/139] Building C object zephyr/kernel/CMakeFiles/kernel.dir/idle.c.obj
[104/139] Building C object zephyr/kernel/CMakeFiles/kernel.dir/system_work_q.c.obj
[105/139] Linking C static library zephyr/drivers/interrupt_controller/libdrivers__interrupt_controller.a
[106/139] Building C object zephyr/kernel/CMakeFiles/kernel.dir/mailbox.c.obj
[107/139] Building C object zephyr/kernel/CMakeFiles/kernel.dir/kheap.c.obj
[108/139] Building C object zephyr/kernel/CMakeFiles/kernel.dir/sem.c.obj
[109/139] Building C object zephyr/kernel/CMakeFiles/kernel.dir/mempool.c.obj
[110/139] Building C object zephyr/kernel/CMakeFiles/kernel.dir/condvar.c.obj
[111/139] Building C object zephyr/kernel/CMakeFiles/kernel.dir/stack.c.obj
[112/139] Building C object zephyr/kernel/CMakeFiles/kernel.dir/timeslicing.c.obj
[113/139] Building C object zephyr/kernel/CMakeFiles/kernel.dir/mem_slab.c.obj
[114/139] Building C object zephyr/kernel/CMakeFiles/kernel.dir/queue.c.obj
[115/139] Building C object zephyr/kernel/CMakeFiles/kernel.dir/dynamic_disabled.c.obj
[116/139] Building C object zephyr/kernel/CMakeFiles/kernel.dir/msg_q.c.obj
[117/139] Building C object zephyr/kernel/CMakeFiles/kernel.dir/mutex.c.obj
[118/139] Building C object zephyr/kernel/CMakeFiles/kernel.dir/timer.c.obj
[119/139] Building C object zephyr/kernel/CMakeFiles/kernel.dir/smp.c.obj
[120/139] Building C object zephyr/kernel/CMakeFiles/kernel.dir/ipi.c.obj
[121/139] Building C object zephyr/kernel/CMakeFiles/kernel.dir/thread.c.obj
[122/139] Building C object zephyr/kernel/CMakeFiles/kernel.dir/timeout.c.obj
[123/139] Building C object zephyr/kernel/CMakeFiles/kernel.dir/events.c.obj
[124/139] Building C object zephyr/kernel/CMakeFiles/kernel.dir/pipe.c.obj
[125/139] Building C object zephyr/CMakeFiles/zephyr.dir/lib/os/cbprintf_complete.c.obj
[126/139] Building C object zephyr/kernel/CMakeFiles/kernel.dir/work.c.obj
[127/139] Linking C static library zephyr/libzephyr.a
[128/139] Building C object CMakeFiles/app.dir/scratch2/agustin/ModelBlaster/examples/yolov8_nano/int8/generated/rvv_opu/kernels.c.obj
[129/139] Building C object CMakeFiles/app.dir/scratch2/agustin/ModelBlaster/examples/yolov8_nano/int8/generated/rvv_opu/model.c.obj
/scratch2/agustin/ModelBlaster/examples/yolov8_nano/int8/generated/rvv_opu/model.c:59:13: warning: 'parallel_conv2d_s8_fn' defined but not used [-Wunused-function]
   59 | static void parallel_conv2d_s8_fn(void *ctx_, size_t i) {
      |             ^~~~~~~~~~~~~~~~~~~~~
[130/139] Building C object zephyr/kernel/CMakeFiles/kernel.dir/sched.c.obj
[131/139] Linking C static library zephyr/kernel/libkernel.a
[132/139] Building C object CMakeFiles/app.dir/scratch2/agustin/ModelBlaster/examples/yolov8_nano/int8/generated/rvv_opu/weights.c.obj
[133/139] Linking C static library app/libapp.a
[134/139] Linking C executable zephyr/zephyr_pre0.elf
[135/139] Generating linker.cmd
[136/139] Generating isr_tables.c, isr_tables_vt.ld, isr_tables_swi.ld
[137/139] Building C object zephyr/CMakeFiles/zephyr_final.dir/misc/empty_file.c.obj
[138/139] Building C object zephyr/CMakeFiles/zephyr_final.dir/isr_tables.c.obj
[139/139] Linking C executable zephyr/zephyr.elf
Memory region         Used Size  Region Size  %age Used
             RAM:     6449288 B       256 MB      2.40%
        IDT_LIST:           0 B         4 KB      0.00%
Generating files from /scratch2/agustin/ModelBlaster/examples/yolov8_nano/int8/build/rvv_opu_firesim/zephyr/zephyr.elf for board: chipyard_riscv64
MODELBLASTER_STAGE_END:build:8.228
[5/5] firesim + compare
MODELBLASTER_STAGE_BEGIN:run
firesim: runworkload (waiting for 1 MODELBLASTER_WALL_CYCLES marker)
firesim: reading per-run uartlog at /scratch2/agustin/chipyard/sims/firesim/deploy/results-workload/2026-06-03--21-06-53-modelblaster-firesim-q177/modelblaster-firesim0/uartlog
=== MODELBLASTER_RAW_FIRESIM_BEGIN ===
Script started on 2026-06-03 14:07:10-07:00 [COMMAND="stty intr ^] &&  ./FireSim-xilinx_alveo_u250 +permissive   +macaddr0=00:12:6D:00:00:02 +niclog0=niclog0  +trace-select=1 +trace-start=0 +trace-end=-1 +trace-output-format=0 +dwarf-file-name=modelblaster-firesim0-zephyr0-zephyr.elf-dwarf +autocounter-readrate=0 +autocounter-filename-base=AUTOCOUNTERFILE  +print-start=0 +print-end=-1 +linklatency0=6405 +netbw0=200 +shmemportname0=default  +domain=0x0000 +bus=0x42 +device=0x00 +function=0x0 +bar=0x0 +pci-vendor=0x10ee +pci-device=0x903f +permissive-off +prog0=modelblaster-firesim0-zephyr0-zephyr.elf   && stty intr ^c" TERM="screen" TTY="/dev/pts/7" COLUMNS="80" LINES="24"]
+domain found: 0x0000
+bus found: 0x42
+device found: 0x00
+function found: 0x0
+bar found: 0x0
Using: 0000:42:00.0, BAR ID: 0, PCI Vendor ID: 0x10ee, PCI Device ID: 0x903f
Opening /sys/bus/pci/devices/0000:42:00.0/vendor
Opening /sys/bus/pci/devices/0000:42:00.0/device
examining xdma/.
examining xdma/..
examining xdma/xdma0_h2c_0
Using xdma write queue: /dev/xdma0_h2c_0
Using xdma read queue: /dev/xdma0_c2h_0
widget_registry_t::add_widget(StreamEngine)
cpu2fpga: 0, fpga2cpu: 2
UART0 is here (stdin/stdout).
TraceRV 0: Tracing disabled, since +tracefile was not provided.
TraceRV 1: Tracing disabled, since +tracefile was not provided.
command line for program 0. argc=24:
+permissive +macaddr0=00:12:6D:00:00:02 +niclog0=niclog0 +trace-select=1 +trace-start=0 +trace-end=-1 +trace-output-format=0 +dwarf-file-name=modelblaster-firesim0-zephyr0-zephyr.elf-dwarf +autocounter-readrate=0 +autocounter-filename-base=AUTOCOUNTERFILE +print-start=0 +print-end=-1 +linklatency0=6405 +netbw0=200 +shmemportname0=default +domain=0x0000 +bus=0x42 +device=0x00 +function=0x0 +bar=0x0 +pci-vendor=0x10ee +pci-device=0x903f +permissive-off modelblaster-firesim0-zephyr0-zephyr.elf 
FireSim fingerprint: 0x46697265
TracerV: Trigger enabled from 0 to 18446744073709551615 cycles
TracerV: Trigger enabled from 0 to 18446744073709551615 cycles
Commencing simulation.
tsibridge_t::tick skipping tick
tsibridge_t::tick skipping tick
tsibridge_t::tick skipping tick
tsibridge_t::tick skipping tick
tsibridge_t::tick skipping tick
tsibridge_t::tick skipping tick
tsibridge_t::tick skipping tick
tsibridge_t::tick skipping tick
*** Booting Zephyr OS build 852bb170cc56 ***

modelblaster harness: model=yolov8_nano in=76800 out=75600

=== MODELBLASTER_VERIFY === max_abs_err=0 max_rel_err=0 n=75600

=== MODELBLASTER_PROFILE_BEGIN ===

dispatch_id,name,op,shape,cycles

0,l0.conv,conv2d_s8,N=1;IC=3;IH=160;IW=160;OC=16;OH=80;OW=80;KH=3;KW=3;SH=2;SW=2;PH=1;PW=1,64793278

1,yolov8_nano.fused_1_2,batchnorm2d_silu_s8,,37612458

2,l1.conv,conv2d_s8,N=1;IC=16;IH=80;IW=80;OC=32;OH=40;OW=40;KH=3;KW=3;SH=2;SW=2;PH=1;PW=1,158204831

3,yolov8_nano.fused_4_5,batchnorm2d_silu_s8,,18371547

4,l2.cv1.conv,conv2d_s8,N=1;IC=32;IH=40;IW=40;OC=32;OH=40;OW=40;KH=1;KW=1;SH=1;SW=1;PH=0;PW=0,54705127

5,yolov8_nano.fused_7_8,batchnorm2d_silu_s8,,18321108

7,l2.m0.cv1.conv,conv2d_s8,N=1;IC=16;IH=40;IW=40;OC=16;OH=40;OW=40;KH=3;KW=3;SH=1;SW=1;PH=1;PW=1,83847321

8,yolov8_nano.fused_11_12,batchnorm2d_silu_s8,,9278832

9,l2.m0.cv2.conv,conv2d_s8,N=1;IC=16;IH=40;IW=40;OC=16;OH=40;OW=40;KH=3;KW=3;SH=1;SW=1;PH=1;PW=1,84215204

10,yolov8_nano.fused_14_15,batchnorm2d_silu_s8,,9267806

11,add,add_s8,n=25600,2005598

12,cat,cat3_c1_s8,N=1;H=40;W=40;C_inputs=16|16|16;C_total=48,4672975

13,l2.cv2.conv,conv2d_s8,N=1;IC=48;IH=40;IW=40;OC=32;OH=40;OW=40;KH=1;KW=1;SH=1;SW=1;PH=0;PW=0,80489742

14,yolov8_nano.fused_19_20,batchnorm2d_silu_s8,,18396952

15,l3.conv,conv2d_s8,N=1;IC=32;IH=40;IW=40;OC=64;OH=20;OW=20;KH=3;KW=3;SH=2;SW=2;PH=1;PW=1,157262687

16,yolov8_nano.fused_22_23,batchnorm2d_silu_s8,,9172594

17,l4.cv1.conv,conv2d_s8,N=1;IC=64;IH=20;IW=20;OC=64;OH=20;OW=20;KH=1;KW=1;SH=1;SW=1;PH=0;PW=0,53031598

18,yolov8_nano.fused_25_26,batchnorm2d_silu_s8,,9095971

20,l4.m0.cv1.conv,conv2d_s8,N=1;IC=32;IH=20;IW=20;OC=32;OH=20;OW=20;KH=3;KW=3;SH=1;SW=1;PH=1;PW=1,83677651

21,yolov8_nano.fused_29_30,batchnorm2d_silu_s8,,4382106

22,l4.m0.cv2.conv,conv2d_s8,N=1;IC=32;IH=20;IW=20;OC=32;OH=20;OW=20;KH=3;KW=3;SH=1;SW=1;PH=1;PW=1,83358777

23,yolov8_nano.fused_32_33,batchnorm2d_silu_s8,,4504470

24,add_1,add_s8,n=12800,1049481

25,l4.m1.cv1.conv,conv2d_s8,N=1;IC=32;IH=20;IW=20;OC=32;OH=20;OW=20;KH=3;KW=3;SH=1;SW=1;PH=1;PW=1,83590214

26,yolov8_nano.fused_36_37,batchnorm2d_silu_s8,,4400066

27,l4.m1.cv2.conv,conv2d_s8,N=1;IC=32;IH=20;IW=20;OC=32;OH=20;OW=20;KH=3;KW=3;SH=1;SW=1;PH=1;PW=1,83047141

28,yolov8_nano.fused_39_40,batchnorm2d_silu_s8,,4575661

29,add_2,add_s8,n=12800,1057669

30,cat_1,cat4_c1_s8,N=1;H=20;W=20;C_inputs=32|32|32|32;C_total=128,3782748

31,l4.cv2.conv,conv2d_s8,N=1;IC=128;IH=20;IW=20;OC=64;OH=20;OW=20;KH=1;KW=1;SH=1;SW=1;PH=0;PW=0,106432413

32,yolov8_nano.fused_44_45,batchnorm2d_silu_s8,,8934268

33,l5.conv,conv2d_s8,N=1;IC=64;IH=20;IW=20;OC=128;OH=10;OW=10;KH=3;KW=3;SH=2;SW=2;PH=1;PW=1,159370207

34,yolov8_nano.fused_47_48,batchnorm2d_silu_s8,,4515137

35,l6.cv1.conv,conv2d_s8,N=1;IC=128;IH=10;IW=10;OC=128;OH=10;OW=10;KH=1;KW=1;SH=1;SW=1;PH=0;PW=0,54114749

36,yolov8_nano.fused_50_51,batchnorm2d_silu_s8,,4495328

38,l6.m0.cv1.conv,conv2d_s8,N=1;IC=64;IH=10;IW=10;OC=64;OH=10;OW=10;KH=3;KW=3;SH=1;SW=1;PH=1;PW=1,77670723

39,yolov8_nano.fused_54_55,batchnorm2d_silu_s8,,2231067

40,l6.m0.cv2.conv,conv2d_s8,N=1;IC=64;IH=10;IW=10;OC=64;OH=10;OW=10;KH=3;KW=3;SH=1;SW=1;PH=1;PW=1,77606165

41,yolov8_nano.fused_57_58,batchnorm2d_silu_s8,,2195573

42,add_3,add_s8,n=6400,529233

43,l6.m1.cv1.conv,conv2d_s8,N=1;IC=64;IH=10;IW=10;OC=64;OH=10;OW=10;KH=3;KW=3;SH=1;SW=1;PH=1;PW=1,81472968

44,yolov8_nano.fused_61_62,batchnorm2d_silu_s8,,2251121

45,l6.m1.cv2.conv,conv2d_s8,N=1;IC=64;IH=10;IW=10;OC=64;OH=10;OW=10;KH=3;KW=3;SH=1;SW=1;PH=1;PW=1,80785185

46,yolov8_nano.fused_64_65,batchnorm2d_silu_s8,,2258593

47,add_4,add_s8,n=6400,524354

48,cat_2,cat4_c1_s8,N=1;H=10;W=10;C_inputs=64|64|64|64;C_total=256,1868291

49,l6.cv2.conv,conv2d_s8,N=1;IC=256;IH=10;IW=10;OC=128;OH=10;OW=10;KH=1;KW=1;SH=1;SW=1;PH=0;PW=0,154880865

50,yolov8_nano.fused_69_70,batchnorm2d_silu_s8,,4456294

51,l7.conv,conv2d_s8,N=1;IC=128;IH=10;IW=10;OC=256;OH=5;OW=5;KH=3;KW=3;SH=2;SW=2;PH=1;PW=1,158272769

52,yolov8_nano.fused_72_73,batchnorm2d_silu_s8,,2283814

53,l8.cv1.conv,conv2d_s8,N=1;IC=256;IH=5;IW=5;OC=256;OH=5;OW=5;KH=1;KW=1;SH=1;SW=1;PH=0;PW=0,51339055

54,yolov8_nano.fused_75_76,batchnorm2d_silu_s8,,2323378

56,l8.m0.cv1.conv,conv2d_s8,N=1;IC=128;IH=5;IW=5;OC=128;OH=5;OW=5;KH=3;KW=3;SH=1;SW=1;PH=1;PW=1,78607607

57,yolov8_nano.fused_79_80,batchnorm2d_silu_s8,,1103232

58,l8.m0.cv2.conv,conv2d_s8,N=1;IC=128;IH=5;IW=5;OC=128;OH=5;OW=5;KH=3;KW=3;SH=1;SW=1;PH=1;PW=1,78640927

59,yolov8_nano.fused_82_83,batchnorm2d_silu_s8,,1107724

60,add_5,add_s8,n=3200,263188

61,cat_3,cat3_c1_s8,N=1;H=5;W=5;C_inputs=128|128|128;C_total=384,710077

62,l8.cv2.conv,conv2d_s8,N=1;IC=384;IH=5;IW=5;OC=256;OH=5;OW=5;KH=1;KW=1;SH=1;SW=1;PH=0;PW=0,76851476

63,yolov8_nano.fused_87_88,batchnorm2d_silu_s8,,2264093

64,l9.cv1.conv,conv2d_s8,N=1;IC=256;IH=5;IW=5;OC=128;OH=5;OW=5;KH=1;KW=1;SH=1;SW=1;PH=0;PW=0,25674797

65,yolov8_nano.fused_90_91,batchnorm2d_silu_s8,,1186242

66,l9.m1,maxpool2d_s8,N=1;C=128;IH=5;IW=5;OH=5;OW=5;KH=5;KW=5;SH=1;SW=1;PH=2;PW=2;DH=1;DW=1,911341

67,l9.m2,maxpool2d_s8,N=1;C=128;IH=5;IW=5;OH=5;OW=5;KH=5;KW=5;SH=1;SW=1;PH=2;PW=2;DH=1;DW=1,908741

68,l9.m3,maxpool2d_s8,N=1;C=128;IH=5;IW=5;OH=5;OW=5;KH=5;KW=5;SH=1;SW=1;PH=2;PW=2;DH=1;DW=1,909094

69,cat_4,cat4_c1_s8,N=1;H=5;W=5;C_inputs=128|128|128|128;C_total=512,919607

70,l9.cv2.conv,conv2d_s8,N=1;IC=512;IH=5;IW=5;OC=256;OH=5;OW=5;KH=1;KW=1;SH=1;SW=1;PH=0;PW=0,104896645

71,yolov8_nano.fused_97_98,batchnorm2d_silu_s8,,2270905

72,l10,upsample_nearest_s8,N=1;C=256;IH=5;IW=5;scale=2,762816

73,cat_5,cat2_c1_s8,N=1;H=10;W=10;C_inputs=256|128;C_total=384,2780394

74,l12.cv1.conv,conv2d_s8,N=1;IC=384;IH=10;IW=10;OC=128;OH=10;OW=10;KH=1;KW=1;SH=1;SW=1;PH=0;PW=0,258242174

75,yolov8_nano.fused_102_103,batchnorm2d_silu_s8,,4465869

77,l12.m0.cv1.conv,conv2d_s8,N=1;IC=64;IH=10;IW=10;OC=64;OH=10;OW=10;KH=3;KW=3;SH=1;SW=1;PH=1;PW=1,78044475

78,yolov8_nano.fused_106_107,batchnorm2d_silu_s8,,2232055

79,l12.m0.cv2.conv,conv2d_s8,N=1;IC=64;IH=10;IW=10;OC=64;OH=10;OW=10;KH=3;KW=3;SH=1;SW=1;PH=1;PW=1,77548282

80,yolov8_nano.fused_109_110,batchnorm2d_silu_s8,,2223132

81,cat_6,cat3_c1_s8,N=1;H=10;W=10;C_inputs=64|64|64;C_total=192,1412681

82,l12.cv2.conv,conv2d_s8,N=1;IC=192;IH=10;IW=10;OC=128;OH=10;OW=10;KH=1;KW=1;SH=1;SW=1;PH=0;PW=0,97328032

83,yolov8_nano.fused_113_114,batchnorm2d_silu_s8,,4390575

84,l13,upsample_nearest_s8,N=1;C=128;IH=10;IW=10;scale=2,1189821

85,cat_7,cat2_c1_s8,N=1;H=20;W=20;C_inputs=128|64;C_total=192,5583300

86,l15.cv1.conv,conv2d_s8,N=1;IC=192;IH=20;IW=20;OC=64;OH=20;OW=20;KH=1;KW=1;SH=1;SW=1;PH=0;PW=0,163802963

87,yolov8_nano.fused_118_119,batchnorm2d_silu_s8,,8979512

89,l15.m0.cv1.conv,conv2d_s8,N=1;IC=32;IH=20;IW=20;OC=32;OH=20;OW=20;KH=3;KW=3;SH=1;SW=1;PH=1;PW=1,78644439

90,yolov8_nano.fused_122_123,batchnorm2d_silu_s8,,4469325

91,l15.m0.cv2.conv,conv2d_s8,N=1;IC=32;IH=20;IW=20;OC=32;OH=20;OW=20;KH=3;KW=3;SH=1;SW=1;PH=1;PW=1,78762558

92,yolov8_nano.fused_125_126,batchnorm2d_silu_s8,,4455100

93,cat_8,cat3_c1_s8,N=1;H=20;W=20;C_inputs=32|32|32;C_total=96,2790764

94,l15.cv2.conv,conv2d_s8,N=1;IC=96;IH=20;IW=20;OC=64;OH=20;OW=20;KH=1;KW=1;SH=1;SW=1;PH=0;PW=0,79288096

95,yolov8_nano.fused_129_130,batchnorm2d_silu_s8,,8872414

96,l16.conv,conv2d_s8,N=1;IC=64;IH=20;IW=20;OC=64;OH=10;OW=10;KH=3;KW=3;SH=2;SW=2;PH=1;PW=1,79108903

97,yolov8_nano.fused_132_133,batchnorm2d_silu_s8,,2238354

98,cat_9,cat2_c1_s8,N=1;H=10;W=10;C_inputs=64|128;C_total=192,1422283

99,l18.cv1.conv,conv2d_s8,N=1;IC=192;IH=10;IW=10;OC=128;OH=10;OW=10;KH=1;KW=1;SH=1;SW=1;PH=0;PW=0,97425798

100,yolov8_nano.fused_136_137,batchnorm2d_silu_s8,,4405260

102,l18.m0.cv1.conv,conv2d_s8,N=1;IC=64;IH=10;IW=10;OC=64;OH=10;OW=10;KH=3;KW=3;SH=1;SW=1;PH=1;PW=1,78005993

103,yolov8_nano.fused_140_141,batchnorm2d_silu_s8,,2207950

104,l18.m0.cv2.conv,conv2d_s8,N=1;IC=64;IH=10;IW=10;OC=64;OH=10;OW=10;KH=3;KW=3;SH=1;SW=1;PH=1;PW=1,77629078

105,yolov8_nano.fused_143_144,batchnorm2d_silu_s8,,2259009

106,cat_10,cat3_c1_s8,N=1;H=10;W=10;C_inputs=64|64|64;C_total=192,1395227

107,l18.cv2.conv,conv2d_s8,N=1;IC=192;IH=10;IW=10;OC=128;OH=10;OW=10;KH=1;KW=1;SH=1;SW=1;PH=0;PW=0,97375025

108,yolov8_nano.fused_147_148,batchnorm2d_silu_s8,,4413970

109,l19.conv,conv2d_s8,N=1;IC=128;IH=10;IW=10;OC=128;OH=5;OW=5;KH=3;KW=3;SH=2;SW=2;PH=1;PW=1,79069444

110,yolov8_nano.fused_150_151,batchnorm2d_silu_s8,,1131843

111,cat_11,cat2_c1_s8,N=1;H=5;W=5;C_inputs=128|256;C_total=384,711778

112,l21.cv1.conv,conv2d_s8,N=1;IC=384;IH=5;IW=5;OC=256;OH=5;OW=5;KH=1;KW=1;SH=1;SW=1;PH=0;PW=0,76888016

113,yolov8_nano.fused_154_155,batchnorm2d_silu_s8,,2259962

115,l21.m0.cv1.conv,conv2d_s8,N=1;IC=128;IH=5;IW=5;OC=128;OH=5;OW=5;KH=3;KW=3;SH=1;SW=1;PH=1;PW=1,76554348

116,yolov8_nano.fused_158_159,batchnorm2d_silu_s8,,1152311

117,l21.m0.cv2.conv,conv2d_s8,N=1;IC=128;IH=5;IW=5;OC=128;OH=5;OW=5;KH=3;KW=3;SH=1;SW=1;PH=1;PW=1,76655300

118,yolov8_nano.fused_161_162,batchnorm2d_silu_s8,,1150590

119,cat_12,cat3_c1_s8,N=1;H=5;W=5;C_inputs=128|128|128;C_total=384,713272

120,l21.cv2.conv,conv2d_s8,N=1;IC=384;IH=5;IW=5;OC=256;OH=5;OW=5;KH=1;KW=1;SH=1;SW=1;PH=0;PW=0,77178186

121,yolov8_nano.fused_165_166,batchnorm2d_silu_s8,,2244321

122,detect.cv2_0_0.conv,conv2d_s8,N=1;IC=64;IH=20;IW=20;OC=64;OH=20;OW=20;KH=3;KW=3;SH=1;SW=1;PH=1;PW=1,316592724

123,yolov8_nano.fused_168_169,batchnorm2d_silu_s8,,8919622

124,detect.cv2_0_1.conv,conv2d_s8,N=1;IC=64;IH=20;IW=20;OC=64;OH=20;OW=20;KH=3;KW=3;SH=1;SW=1;PH=1;PW=1,325697400

125,yolov8_nano.fused_171_172,batchnorm2d_silu_s8,,9167802

126,detect.cv2_0_2,conv2d_s8,N=1;IC=64;IH=20;IW=20;OC=64;OH=20;OW=20;KH=1;KW=1;SH=1;SW=1;PH=0;PW=0,53034634

127,detect.cv3_0_0.conv,conv2d_s8,N=1;IC=64;IH=20;IW=20;OC=80;OH=20;OW=20;KH=3;KW=3;SH=1;SW=1;PH=1;PW=1,407189486

128,yolov8_nano.fused_175_176,batchnorm2d_silu_s8,,11063568

129,detect.cv3_0_1.conv,conv2d_s8,N=1;IC=80;IH=20;IW=20;OC=80;OH=20;OW=20;KH=3;KW=3;SH=1;SW=1;PH=1;PW=1,506769576

130,yolov8_nano.fused_178_179,batchnorm2d_silu_s8,,11513758

131,detect.cv3_0_2,conv2d_s8,N=1;IC=80;IH=20;IW=20;OC=80;OH=20;OW=20;KH=1;KW=1;SH=1;SW=1;PH=0;PW=0,82603703

132,cat_13,cat2_c1_s8,N=1;H=20;W=20;C_inputs=64|80;C_total=144,4196298

133,detect.cv2_1_0.conv,conv2d_s8,N=1;IC=128;IH=10;IW=10;OC=64;OH=10;OW=10;KH=3;KW=3;SH=1;SW=1;PH=1;PW=1,159997366

134,yolov8_nano.fused_183_184,batchnorm2d_silu_s8,,2268711

135,detect.cv2_1_1.conv,conv2d_s8,N=1;IC=64;IH=10;IW=10;OC=64;OH=10;OW=10;KH=3;KW=3;SH=1;SW=1;PH=1;PW=1,82245934

136,yolov8_nano.fused_186_187,batchnorm2d_silu_s8,,2327963

137,detect.cv2_1_2,conv2d_s8,N=1;IC=64;IH=10;IW=10;OC=64;OH=10;OW=10;KH=1;KW=1;SH=1;SW=1;PH=0;PW=0,13115593

138,detect.cv3_1_0.conv,conv2d_s8,N=1;IC=128;IH=10;IW=10;OC=80;OH=10;OW=10;KH=3;KW=3;SH=1;SW=1;PH=1;PW=1,198701335

139,yolov8_nano.fused_190_191,batchnorm2d_silu_s8,,2733191

140,detect.cv3_1_1.conv,conv2d_s8,N=1;IC=80;IH=10;IW=10;OC=80;OH=10;OW=10;KH=3;KW=3;SH=1;SW=1;PH=1;PW=1,127079023

141,yolov8_nano.fused_193_194,batchnorm2d_silu_s8,,2839048

142,detect.cv3_1_2,conv2d_s8,N=1;IC=80;IH=10;IW=10;OC=80;OH=10;OW=10;KH=1;KW=1;SH=1;SW=1;PH=0;PW=0,20366233

143,cat_14,cat2_c1_s8,N=1;H=10;W=10;C_inputs=64|80;C_total=144,1047281

144,detect.cv2_2_0.conv,conv2d_s8,N=1;IC=256;IH=5;IW=5;OC=64;OH=5;OW=5;KH=3;KW=3;SH=1;SW=1;PH=1;PW=1,78221416

145,yolov8_nano.fused_198_199,batchnorm2d_silu_s8,,586660

146,detect.cv2_2_1.conv,conv2d_s8,N=1;IC=64;IH=5;IW=5;OC=64;OH=5;OW=5;KH=3;KW=3;SH=1;SW=1;PH=1;PW=1,19721627

147,yolov8_nano.fused_201_202,batchnorm2d_silu_s8,,590230

148,detect.cv2_2_2,conv2d_s8,N=1;IC=64;IH=5;IW=5;OC=64;OH=5;OW=5;KH=1;KW=1;SH=1;SW=1;PH=0;PW=0,3289086

149,detect.cv3_2_0.conv,conv2d_s8,N=1;IC=256;IH=5;IW=5;OC=80;OH=5;OW=5;KH=3;KW=3;SH=1;SW=1;PH=1;PW=1,97147402

150,yolov8_nano.fused_205_206,batchnorm2d_silu_s8,,702082

151,detect.cv3_2_1.conv,conv2d_s8,N=1;IC=80;IH=5;IW=5;OC=80;OH=5;OW=5;KH=3;KW=3;SH=1;SW=1;PH=1;PW=1,30564129

152,yolov8_nano.fused_208_209,batchnorm2d_silu_s8,,726204

153,detect.cv3_2_2,conv2d_s8,N=1;IC=80;IH=5;IW=5;OC=80;OH=5;OW=5;KH=1;KW=1;SH=1;SW=1;PH=0;PW=0,5103771

154,cat_15,cat2_c1_s8,N=1;H=5;W=5;C_inputs=64|80;C_total=144,265105

=== MODELBLASTER_PROFILE_END ===

=== MODELBLASTER_WALL_CYCLES === 7044494


Simulation complete.
*** PASSED *** after 12463624007 cycles

Emulation Performance Summary
------------------------------
Wallclock Time Elapsed: 416.2 s
Host Frequency: 30.000 MHz
Target Cycles Emulated: 12463624007
Effective Target Frequency: 29.945 MHz
FMR: 1.00
Note: The latter three figures are based on the fastest target clock.

Script done on 2026-06-03 14:14:06-07:00 [COMMAND_EXIT_CODE="0"]
=== MODELBLASTER_RAW_FIRESIM_END ===
max_abs_err=0 max_rel_err=0 (atol=0 rtol=0, in-binary)
PASS

profile -> /scratch2/agustin/ModelBlaster/examples/yolov8_nano/int8/generated/profile.csv
name                       op                   shape                                                                        cycles      %
-----------------------------------------------------------------------------------------------------------------------------------------
l0.conv                    conv2d_s8            N=1;IC=3;IH=160;IW=160;OC=16;OH=80;OW=80;KH=3;KW=3;SH=2;SW=2;PH=1;PW=1     64793278    0.9
yolov8_nano.fused_1_2      batchnorm2d_silu_s8                                                                             37612458    0.5
l1.conv                    conv2d_s8            N=1;IC=16;IH=80;IW=80;OC=32;OH=40;OW=40;KH=3;KW=3;SH=2;SW=2;PH=1;PW=1     158204831    2.2
yolov8_nano.fused_4_5      batchnorm2d_silu_s8                                                                             18371547    0.3
l2.cv1.conv                conv2d_s8            N=1;IC=32;IH=40;IW=40;OC=32;OH=40;OW=40;KH=1;KW=1;SH=1;SW=1;PH=0;PW=0      54705127    0.8
yolov8_nano.fused_7_8      batchnorm2d_silu_s8                                                                             18321108    0.3
l2.m0.cv1.conv             conv2d_s8            N=1;IC=16;IH=40;IW=40;OC=16;OH=40;OW=40;KH=3;KW=3;SH=1;SW=1;PH=1;PW=1      83847321    1.2
yolov8_nano.fused_11_12    batchnorm2d_silu_s8                                                                              9278832    0.1
l2.m0.cv2.conv             conv2d_s8            N=1;IC=16;IH=40;IW=40;OC=16;OH=40;OW=40;KH=3;KW=3;SH=1;SW=1;PH=1;PW=1      84215204    1.2
yolov8_nano.fused_14_15    batchnorm2d_silu_s8                                                                              9267806    0.1
add                        add_s8               n=25600                                                                     2005598    0.0
cat                        cat3_c1_s8           N=1;H=40;W=40;C_inputs=16|16|16;C_total=48                                  4672975    0.1
l2.cv2.conv                conv2d_s8            N=1;IC=48;IH=40;IW=40;OC=32;OH=40;OW=40;KH=1;KW=1;SH=1;SW=1;PH=0;PW=0      80489742    1.1
yolov8_nano.fused_19_20    batchnorm2d_silu_s8                                                                             18396952    0.3
l3.conv                    conv2d_s8            N=1;IC=32;IH=40;IW=40;OC=64;OH=20;OW=20;KH=3;KW=3;SH=2;SW=2;PH=1;PW=1     157262687    2.2
yolov8_nano.fused_22_23    batchnorm2d_silu_s8                                                                              9172594    0.1
l4.cv1.conv                conv2d_s8            N=1;IC=64;IH=20;IW=20;OC=64;OH=20;OW=20;KH=1;KW=1;SH=1;SW=1;PH=0;PW=0      53031598    0.8
yolov8_nano.fused_25_26    batchnorm2d_silu_s8                                                                              9095971    0.1
l4.m0.cv1.conv             conv2d_s8            N=1;IC=32;IH=20;IW=20;OC=32;OH=20;OW=20;KH=3;KW=3;SH=1;SW=1;PH=1;PW=1      83677651    1.2
yolov8_nano.fused_29_30    batchnorm2d_silu_s8                                                                              4382106    0.1
l4.m0.cv2.conv             conv2d_s8            N=1;IC=32;IH=20;IW=20;OC=32;OH=20;OW=20;KH=3;KW=3;SH=1;SW=1;PH=1;PW=1      83358777    1.2
yolov8_nano.fused_32_33    batchnorm2d_silu_s8                                                                              4504470    0.1
add_1                      add_s8               n=12800                                                                     1049481    0.0
l4.m1.cv1.conv             conv2d_s8            N=1;IC=32;IH=20;IW=20;OC=32;OH=20;OW=20;KH=3;KW=3;SH=1;SW=1;PH=1;PW=1      83590214    1.2
yolov8_nano.fused_36_37    batchnorm2d_silu_s8                                                                              4400066    0.1
l4.m1.cv2.conv             conv2d_s8            N=1;IC=32;IH=20;IW=20;OC=32;OH=20;OW=20;KH=3;KW=3;SH=1;SW=1;PH=1;PW=1      83047141    1.2
yolov8_nano.fused_39_40    batchnorm2d_silu_s8                                                                              4575661    0.1
add_2                      add_s8               n=12800                                                                     1057669    0.0
cat_1                      cat4_c1_s8           N=1;H=20;W=20;C_inputs=32|32|32|32;C_total=128                              3782748    0.1
l4.cv2.conv                conv2d_s8            N=1;IC=128;IH=20;IW=20;OC=64;OH=20;OW=20;KH=1;KW=1;SH=1;SW=1;PH=0;PW=0    106432413    1.5
yolov8_nano.fused_44_45    batchnorm2d_silu_s8                                                                              8934268    0.1
l5.conv                    conv2d_s8            N=1;IC=64;IH=20;IW=20;OC=128;OH=10;OW=10;KH=3;KW=3;SH=2;SW=2;PH=1;PW=1    159370207    2.3
yolov8_nano.fused_47_48    batchnorm2d_silu_s8                                                                              4515137    0.1
l6.cv1.conv                conv2d_s8            N=1;IC=128;IH=10;IW=10;OC=128;OH=10;OW=10;KH=1;KW=1;SH=1;SW=1;PH=0;PW=0    54114749    0.8
yolov8_nano.fused_50_51    batchnorm2d_silu_s8                                                                              4495328    0.1
l6.m0.cv1.conv             conv2d_s8            N=1;IC=64;IH=10;IW=10;OC=64;OH=10;OW=10;KH=3;KW=3;SH=1;SW=1;PH=1;PW=1      77670723    1.1
yolov8_nano.fused_54_55    batchnorm2d_silu_s8                                                                              2231067    0.0
l6.m0.cv2.conv             conv2d_s8            N=1;IC=64;IH=10;IW=10;OC=64;OH=10;OW=10;KH=3;KW=3;SH=1;SW=1;PH=1;PW=1      77606165    1.1
yolov8_nano.fused_57_58    batchnorm2d_silu_s8                                                                              2195573    0.0
add_3                      add_s8               n=6400                                                                       529233    0.0
l6.m1.cv1.conv             conv2d_s8            N=1;IC=64;IH=10;IW=10;OC=64;OH=10;OW=10;KH=3;KW=3;SH=1;SW=1;PH=1;PW=1      81472968    1.2
yolov8_nano.fused_61_62    batchnorm2d_silu_s8                                                                              2251121    0.0
l6.m1.cv2.conv             conv2d_s8            N=1;IC=64;IH=10;IW=10;OC=64;OH=10;OW=10;KH=3;KW=3;SH=1;SW=1;PH=1;PW=1      80785185    1.1
yolov8_nano.fused_64_65    batchnorm2d_silu_s8                                                                              2258593    0.0
add_4                      add_s8               n=6400                                                                       524354    0.0
cat_2                      cat4_c1_s8           N=1;H=10;W=10;C_inputs=64|64|64|64;C_total=256                              1868291    0.0
l6.cv2.conv                conv2d_s8            N=1;IC=256;IH=10;IW=10;OC=128;OH=10;OW=10;KH=1;KW=1;SH=1;SW=1;PH=0;PW=0   154880865    2.2
yolov8_nano.fused_69_70    batchnorm2d_silu_s8                                                                              4456294    0.1
l7.conv                    conv2d_s8            N=1;IC=128;IH=10;IW=10;OC=256;OH=5;OW=5;KH=3;KW=3;SH=2;SW=2;PH=1;PW=1     158272769    2.2
yolov8_nano.fused_72_73    batchnorm2d_silu_s8                                                                              2283814    0.0
l8.cv1.conv                conv2d_s8            N=1;IC=256;IH=5;IW=5;OC=256;OH=5;OW=5;KH=1;KW=1;SH=1;SW=1;PH=0;PW=0        51339055    0.7
yolov8_nano.fused_75_76    batchnorm2d_silu_s8                                                                              2323378    0.0
l8.m0.cv1.conv             conv2d_s8            N=1;IC=128;IH=5;IW=5;OC=128;OH=5;OW=5;KH=3;KW=3;SH=1;SW=1;PH=1;PW=1        78607607    1.1
yolov8_nano.fused_79_80    batchnorm2d_silu_s8                                                                              1103232    0.0
l8.m0.cv2.conv             conv2d_s8            N=1;IC=128;IH=5;IW=5;OC=128;OH=5;OW=5;KH=3;KW=3;SH=1;SW=1;PH=1;PW=1        78640927    1.1
yolov8_nano.fused_82_83    batchnorm2d_silu_s8                                                                              1107724    0.0
add_5                      add_s8               n=3200                                                                       263188    0.0
cat_3                      cat3_c1_s8           N=1;H=5;W=5;C_inputs=128|128|128;C_total=384                                 710077    0.0
l8.cv2.conv                conv2d_s8            N=1;IC=384;IH=5;IW=5;OC=256;OH=5;OW=5;KH=1;KW=1;SH=1;SW=1;PH=0;PW=0        76851476    1.1
yolov8_nano.fused_87_88    batchnorm2d_silu_s8                                                                              2264093    0.0
l9.cv1.conv                conv2d_s8            N=1;IC=256;IH=5;IW=5;OC=128;OH=5;OW=5;KH=1;KW=1;SH=1;SW=1;PH=0;PW=0        25674797    0.4
yolov8_nano.fused_90_91    batchnorm2d_silu_s8                                                                              1186242    0.0
l9.m1                      maxpool2d_s8         N=1;C=128;IH=5;IW=5;OH=5;OW=5;KH=5;KW=5;SH=1;SW=1;PH=2;PW=2;DH=1;DW=1        911341    0.0
l9.m2                      maxpool2d_s8         N=1;C=128;IH=5;IW=5;OH=5;OW=5;KH=5;KW=5;SH=1;SW=1;PH=2;PW=2;DH=1;DW=1        908741    0.0
l9.m3                      maxpool2d_s8         N=1;C=128;IH=5;IW=5;OH=5;OW=5;KH=5;KW=5;SH=1;SW=1;PH=2;PW=2;DH=1;DW=1        909094    0.0
cat_4                      cat4_c1_s8           N=1;H=5;W=5;C_inputs=128|128|128|128;C_total=512                             919607    0.0
l9.cv2.conv                conv2d_s8            N=1;IC=512;IH=5;IW=5;OC=256;OH=5;OW=5;KH=1;KW=1;SH=1;SW=1;PH=0;PW=0       104896645    1.5
yolov8_nano.fused_97_98    batchnorm2d_silu_s8                                                                              2270905    0.0
l10                        upsample_nearest_s8  N=1;C=256;IH=5;IW=5;scale=2                                                  762816    0.0
cat_5                      cat2_c1_s8           N=1;H=10;W=10;C_inputs=256|128;C_total=384                                  2780394    0.0
l12.cv1.conv               conv2d_s8            N=1;IC=384;IH=10;IW=10;OC=128;OH=10;OW=10;KH=1;KW=1;SH=1;SW=1;PH=0;PW=0   258242174    3.7
yolov8_nano.fused_102_103  batchnorm2d_silu_s8                                                                              4465869    0.1
l12.m0.cv1.conv            conv2d_s8            N=1;IC=64;IH=10;IW=10;OC=64;OH=10;OW=10;KH=3;KW=3;SH=1;SW=1;PH=1;PW=1      78044475    1.1
yolov8_nano.fused_106_107  batchnorm2d_silu_s8                                                                              2232055    0.0
l12.m0.cv2.conv            conv2d_s8            N=1;IC=64;IH=10;IW=10;OC=64;OH=10;OW=10;KH=3;KW=3;SH=1;SW=1;PH=1;PW=1      77548282    1.1
yolov8_nano.fused_109_110  batchnorm2d_silu_s8                                                                              2223132    0.0
cat_6                      cat3_c1_s8           N=1;H=10;W=10;C_inputs=64|64|64;C_total=192                                 1412681    0.0
l12.cv2.conv               conv2d_s8            N=1;IC=192;IH=10;IW=10;OC=128;OH=10;OW=10;KH=1;KW=1;SH=1;SW=1;PH=0;PW=0    97328032    1.4
yolov8_nano.fused_113_114  batchnorm2d_silu_s8                                                                              4390575    0.1
l13                        upsample_nearest_s8  N=1;C=128;IH=10;IW=10;scale=2                                               1189821    0.0
cat_7                      cat2_c1_s8           N=1;H=20;W=20;C_inputs=128|64;C_total=192                                   5583300    0.1
l15.cv1.conv               conv2d_s8            N=1;IC=192;IH=20;IW=20;OC=64;OH=20;OW=20;KH=1;KW=1;SH=1;SW=1;PH=0;PW=0    163802963    2.3
yolov8_nano.fused_118_119  batchnorm2d_silu_s8                                                                              8979512    0.1
l15.m0.cv1.conv            conv2d_s8            N=1;IC=32;IH=20;IW=20;OC=32;OH=20;OW=20;KH=3;KW=3;SH=1;SW=1;PH=1;PW=1      78644439    1.1
yolov8_nano.fused_122_123  batchnorm2d_silu_s8                                                                              4469325    0.1
l15.m0.cv2.conv            conv2d_s8            N=1;IC=32;IH=20;IW=20;OC=32;OH=20;OW=20;KH=3;KW=3;SH=1;SW=1;PH=1;PW=1      78762558    1.1
yolov8_nano.fused_125_126  batchnorm2d_silu_s8                                                                              4455100    0.1
cat_8                      cat3_c1_s8           N=1;H=20;W=20;C_inputs=32|32|32;C_total=96                                  2790764    0.0
l15.cv2.conv               conv2d_s8            N=1;IC=96;IH=20;IW=20;OC=64;OH=20;OW=20;KH=1;KW=1;SH=1;SW=1;PH=0;PW=0      79288096    1.1
yolov8_nano.fused_129_130  batchnorm2d_silu_s8                                                                              8872414    0.1
l16.conv                   conv2d_s8            N=1;IC=64;IH=20;IW=20;OC=64;OH=10;OW=10;KH=3;KW=3;SH=2;SW=2;PH=1;PW=1      79108903    1.1
yolov8_nano.fused_132_133  batchnorm2d_silu_s8                                                                              2238354    0.0
cat_9                      cat2_c1_s8           N=1;H=10;W=10;C_inputs=64|128;C_total=192                                   1422283    0.0
l18.cv1.conv               conv2d_s8            N=1;IC=192;IH=10;IW=10;OC=128;OH=10;OW=10;KH=1;KW=1;SH=1;SW=1;PH=0;PW=0    97425798    1.4
yolov8_nano.fused_136_137  batchnorm2d_silu_s8                                                                              4405260    0.1
l18.m0.cv1.conv            conv2d_s8            N=1;IC=64;IH=10;IW=10;OC=64;OH=10;OW=10;KH=3;KW=3;SH=1;SW=1;PH=1;PW=1      78005993    1.1
yolov8_nano.fused_140_141  batchnorm2d_silu_s8                                                                              2207950    0.0
l18.m0.cv2.conv            conv2d_s8            N=1;IC=64;IH=10;IW=10;OC=64;OH=10;OW=10;KH=3;KW=3;SH=1;SW=1;PH=1;PW=1      77629078    1.1
yolov8_nano.fused_143_144  batchnorm2d_silu_s8                                                                              2259009    0.0
cat_10                     cat3_c1_s8           N=1;H=10;W=10;C_inputs=64|64|64;C_total=192                                 1395227    0.0
l18.cv2.conv               conv2d_s8            N=1;IC=192;IH=10;IW=10;OC=128;OH=10;OW=10;KH=1;KW=1;SH=1;SW=1;PH=0;PW=0    97375025    1.4
yolov8_nano.fused_147_148  batchnorm2d_silu_s8                                                                              4413970    0.1
l19.conv                   conv2d_s8            N=1;IC=128;IH=10;IW=10;OC=128;OH=5;OW=5;KH=3;KW=3;SH=2;SW=2;PH=1;PW=1      79069444    1.1
yolov8_nano.fused_150_151  batchnorm2d_silu_s8                                                                              1131843    0.0
cat_11                     cat2_c1_s8           N=1;H=5;W=5;C_inputs=128|256;C_total=384                                     711778    0.0
l21.cv1.conv               conv2d_s8            N=1;IC=384;IH=5;IW=5;OC=256;OH=5;OW=5;KH=1;KW=1;SH=1;SW=1;PH=0;PW=0        76888016    1.1
yolov8_nano.fused_154_155  batchnorm2d_silu_s8                                                                              2259962    0.0
l21.m0.cv1.conv            conv2d_s8            N=1;IC=128;IH=5;IW=5;OC=128;OH=5;OW=5;KH=3;KW=3;SH=1;SW=1;PH=1;PW=1        76554348    1.1
yolov8_nano.fused_158_159  batchnorm2d_silu_s8                                                                              1152311    0.0
l21.m0.cv2.conv            conv2d_s8            N=1;IC=128;IH=5;IW=5;OC=128;OH=5;OW=5;KH=3;KW=3;SH=1;SW=1;PH=1;PW=1        76655300    1.1
yolov8_nano.fused_161_162  batchnorm2d_silu_s8                                                                              1150590    0.0
cat_12                     cat3_c1_s8           N=1;H=5;W=5;C_inputs=128|128|128;C_total=384                                 713272    0.0
l21.cv2.conv               conv2d_s8            N=1;IC=384;IH=5;IW=5;OC=256;OH=5;OW=5;KH=1;KW=1;SH=1;SW=1;PH=0;PW=0        77178186    1.1
yolov8_nano.fused_165_166  batchnorm2d_silu_s8                                                                              2244321    0.0
detect.cv2_0_0.conv        conv2d_s8            N=1;IC=64;IH=20;IW=20;OC=64;OH=20;OW=20;KH=3;KW=3;SH=1;SW=1;PH=1;PW=1     316592724    4.5
yolov8_nano.fused_168_169  batchnorm2d_silu_s8                                                                              8919622    0.1
detect.cv2_0_1.conv        conv2d_s8            N=1;IC=64;IH=20;IW=20;OC=64;OH=20;OW=20;KH=3;KW=3;SH=1;SW=1;PH=1;PW=1     325697400    4.6
yolov8_nano.fused_171_172  batchnorm2d_silu_s8                                                                              9167802    0.1
detect.cv2_0_2             conv2d_s8            N=1;IC=64;IH=20;IW=20;OC=64;OH=20;OW=20;KH=1;KW=1;SH=1;SW=1;PH=0;PW=0      53034634    0.8
detect.cv3_0_0.conv        conv2d_s8            N=1;IC=64;IH=20;IW=20;OC=80;OH=20;OW=20;KH=3;KW=3;SH=1;SW=1;PH=1;PW=1     407189486    5.8
yolov8_nano.fused_175_176  batchnorm2d_silu_s8                                                                             11063568    0.2
detect.cv3_0_1.conv        conv2d_s8            N=1;IC=80;IH=20;IW=20;OC=80;OH=20;OW=20;KH=3;KW=3;SH=1;SW=1;PH=1;PW=1     506769576    7.2
yolov8_nano.fused_178_179  batchnorm2d_silu_s8                                                                             11513758    0.2
detect.cv3_0_2             conv2d_s8            N=1;IC=80;IH=20;IW=20;OC=80;OH=20;OW=20;KH=1;KW=1;SH=1;SW=1;PH=0;PW=0      82603703    1.2
cat_13                     cat2_c1_s8           N=1;H=20;W=20;C_inputs=64|80;C_total=144                                    4196298    0.1
detect.cv2_1_0.conv        conv2d_s8            N=1;IC=128;IH=10;IW=10;OC=64;OH=10;OW=10;KH=3;KW=3;SH=1;SW=1;PH=1;PW=1    159997366    2.3
yolov8_nano.fused_183_184  batchnorm2d_silu_s8                                                                              2268711    0.0
detect.cv2_1_1.conv        conv2d_s8            N=1;IC=64;IH=10;IW=10;OC=64;OH=10;OW=10;KH=3;KW=3;SH=1;SW=1;PH=1;PW=1      82245934    1.2
yolov8_nano.fused_186_187  batchnorm2d_silu_s8                                                                              2327963    0.0
detect.cv2_1_2             conv2d_s8            N=1;IC=64;IH=10;IW=10;OC=64;OH=10;OW=10;KH=1;KW=1;SH=1;SW=1;PH=0;PW=0      13115593    0.2
detect.cv3_1_0.conv        conv2d_s8            N=1;IC=128;IH=10;IW=10;OC=80;OH=10;OW=10;KH=3;KW=3;SH=1;SW=1;PH=1;PW=1    198701335    2.8
yolov8_nano.fused_190_191  batchnorm2d_silu_s8                                                                              2733191    0.0
detect.cv3_1_1.conv        conv2d_s8            N=1;IC=80;IH=10;IW=10;OC=80;OH=10;OW=10;KH=3;KW=3;SH=1;SW=1;PH=1;PW=1     127079023    1.8
yolov8_nano.fused_193_194  batchnorm2d_silu_s8                                                                              2839048    0.0
detect.cv3_1_2             conv2d_s8            N=1;IC=80;IH=10;IW=10;OC=80;OH=10;OW=10;KH=1;KW=1;SH=1;SW=1;PH=0;PW=0      20366233    0.3
cat_14                     cat2_c1_s8           N=1;H=10;W=10;C_inputs=64|80;C_total=144                                    1047281    0.0
detect.cv2_2_0.conv        conv2d_s8            N=1;IC=256;IH=5;IW=5;OC=64;OH=5;OW=5;KH=3;KW=3;SH=1;SW=1;PH=1;PW=1         78221416    1.1
yolov8_nano.fused_198_199  batchnorm2d_silu_s8                                                                               586660    0.0
detect.cv2_2_1.conv        conv2d_s8            N=1;IC=64;IH=5;IW=5;OC=64;OH=5;OW=5;KH=3;KW=3;SH=1;SW=1;PH=1;PW=1          19721627    0.3
yolov8_nano.fused_201_202  batchnorm2d_silu_s8                                                                               590230    0.0
detect.cv2_2_2             conv2d_s8            N=1;IC=64;IH=5;IW=5;OC=64;OH=5;OW=5;KH=1;KW=1;SH=1;SW=1;PH=0;PW=0           3289086    0.0
detect.cv3_2_0.conv        conv2d_s8            N=1;IC=256;IH=5;IW=5;OC=80;OH=5;OW=5;KH=3;KW=3;SH=1;SW=1;PH=1;PW=1         97147402    1.4
yolov8_nano.fused_205_206  batchnorm2d_silu_s8                                                                               702082    0.0
detect.cv3_2_1.conv        conv2d_s8            N=1;IC=80;IH=5;IW=5;OC=80;OH=5;OW=5;KH=3;KW=3;SH=1;SW=1;PH=1;PW=1          30564129    0.4
yolov8_nano.fused_208_209  batchnorm2d_silu_s8                                                                               726204    0.0
detect.cv3_2_2             conv2d_s8            N=1;IC=80;IH=5;IW=5;OC=80;OH=5;OW=5;KH=1;KW=1;SH=1;SW=1;PH=0;PW=0           5103771    0.1
cat_15                     cat2_c1_s8           N=1;H=5;W=5;C_inputs=64|80;C_total=144                                       265105    0.0
-----------------------------------------------------------------------------------------------------------------------------------------
TOTAL                                                                                                                  7044461818
wall_clock_cycles=7044494 (mtime)
MODELBLASTER_STAGE_END:run:615.256
