[stage] running modelblaster/examples/mlp_control/run.sh (TARGET=gemmini_q31, QUANT=int8)
Loading Zephyr default modules (Zephyr base).
node '/uart' compatible 'ucb,htif' has unknown vendor prefix 'ucb'

warning: PRIVILEGED_STACK_SIZE (defined at soc/cdns/sample_controller32/Kconfig.defconfig:8,
soc/andestech/ae350/Kconfig.defconfig.ae350:15, arch/x86/Kconfig:495, arch/xtensa/Kconfig:250,
arch/arm64/core/Kconfig:132, arch/Kconfig:340) was assigned the value '2048' but got the value ''.
Check these unsatisfied dependencies: (SOC_XTENSA_SAMPLE_CONTROLLER32 || ((SOC_ANDES_AE350 ||
SOC_ANDES_AE350_CLIC) && SOC_SERIES_ANDES_AE350 && SOC_FAMILY_ANDES_V5) || X86 || (XTENSA_MMU &&
CPU_HAS_MMU && XTENSA) || ARM64 || USERSPACE) (=n). See
http://docs.zephyrproject.org/latest/kconfig.html#CONFIG_PRIVILEGED_STACK_SIZE and/or look up
PRIVILEGED_STACK_SIZE in the menuconfig/guiconfig interface. The Application Development Primer,
Setting Configuration Values, and Kconfig - Tips and Best Practices sections of the manual might be
helpful too.

[stage] running modelblaster/examples/mlp_control/run.sh (TARGET=rvv_opu, QUANT=int8)
Loading Zephyr default modules (Zephyr base).
node '/uart' compatible 'ucb,htif' has unknown vendor prefix 'ucb'

warning: PRIVILEGED_STACK_SIZE (defined at soc/cdns/sample_controller32/Kconfig.defconfig:8,
soc/andestech/ae350/Kconfig.defconfig.ae350:15, arch/x86/Kconfig:495, arch/xtensa/Kconfig:250,
arch/arm64/core/Kconfig:132, arch/Kconfig:340) was assigned the value '2048' but got the value ''.
Check these unsatisfied dependencies: (SOC_XTENSA_SAMPLE_CONTROLLER32 || ((SOC_ANDES_AE350 ||
SOC_ANDES_AE350_CLIC) && SOC_SERIES_ANDES_AE350 && SOC_FAMILY_ANDES_V5) || X86 || (XTENSA_MMU &&
CPU_HAS_MMU && XTENSA) || ARM64 || USERSPACE) (=n). See
http://docs.zephyrproject.org/latest/kconfig.html#CONFIG_PRIVILEGED_STACK_SIZE and/or look up
PRIVILEGED_STACK_SIZE in the menuconfig/guiconfig interface. The Application Development Primer,
Setting Configuration Values, and Kconfig - Tips and Best Practices sections of the manual might be
helpful too.

[stage] running modelblaster/examples/dronet/run.sh (TARGET=gemmini_q31, QUANT=int8)
Loading Zephyr default modules (Zephyr base).
node '/uart' compatible 'ucb,htif' has unknown vendor prefix 'ucb'

warning: PRIVILEGED_STACK_SIZE (defined at soc/cdns/sample_controller32/Kconfig.defconfig:8,
soc/andestech/ae350/Kconfig.defconfig.ae350:15, arch/x86/Kconfig:495, arch/xtensa/Kconfig:250,
arch/arm64/core/Kconfig:132, arch/Kconfig:340) was assigned the value '2048' but got the value ''.
Check these unsatisfied dependencies: (SOC_XTENSA_SAMPLE_CONTROLLER32 || ((SOC_ANDES_AE350 ||
SOC_ANDES_AE350_CLIC) && SOC_SERIES_ANDES_AE350 && SOC_FAMILY_ANDES_V5) || X86 || (XTENSA_MMU &&
CPU_HAS_MMU && XTENSA) || ARM64 || USERSPACE) (=n). See
http://docs.zephyrproject.org/latest/kconfig.html#CONFIG_PRIVILEGED_STACK_SIZE and/or look up
PRIVILEGED_STACK_SIZE in the menuconfig/guiconfig interface. The Application Development Primer,
Setting Configuration Values, and Kconfig - Tips and Best Practices sections of the manual might be
helpful too.

[stage] running modelblaster/examples/dronet/run.sh (TARGET=rvv_opu, QUANT=int8)
Loading Zephyr default modules (Zephyr base).
node '/uart' compatible 'ucb,htif' has unknown vendor prefix 'ucb'

warning: PRIVILEGED_STACK_SIZE (defined at soc/cdns/sample_controller32/Kconfig.defconfig:8,
soc/andestech/ae350/Kconfig.defconfig.ae350:15, arch/x86/Kconfig:495, arch/xtensa/Kconfig:250,
arch/arm64/core/Kconfig:132, arch/Kconfig:340) was assigned the value '2048' but got the value ''.
Check these unsatisfied dependencies: (SOC_XTENSA_SAMPLE_CONTROLLER32 || ((SOC_ANDES_AE350 ||
SOC_ANDES_AE350_CLIC) && SOC_SERIES_ANDES_AE350 && SOC_FAMILY_ANDES_V5) || X86 || (XTENSA_MMU &&
CPU_HAS_MMU && XTENSA) || ARM64 || USERSPACE) (=n). See
http://docs.zephyrproject.org/latest/kconfig.html#CONFIG_PRIVILEGED_STACK_SIZE and/or look up
PRIVILEGED_STACK_SIZE in the menuconfig/guiconfig interface. The Application Development Primer,
Setting Configuration Values, and Kconfig - Tips and Best Practices sections of the manual might be
helpful too.

[stage] running modelblaster/examples/yolov8_nano/run.sh (TARGET=gemmini_q31, QUANT=int8)
Loading Zephyr default modules (Zephyr base).
node '/uart' compatible 'ucb,htif' has unknown vendor prefix 'ucb'

warning: PRIVILEGED_STACK_SIZE (defined at soc/cdns/sample_controller32/Kconfig.defconfig:8,
soc/andestech/ae350/Kconfig.defconfig.ae350:15, arch/x86/Kconfig:495, arch/xtensa/Kconfig:250,
arch/arm64/core/Kconfig:132, arch/Kconfig:340) was assigned the value '2048' but got the value ''.
Check these unsatisfied dependencies: (SOC_XTENSA_SAMPLE_CONTROLLER32 || ((SOC_ANDES_AE350 ||
SOC_ANDES_AE350_CLIC) && SOC_SERIES_ANDES_AE350 && SOC_FAMILY_ANDES_V5) || X86 || (XTENSA_MMU &&
CPU_HAS_MMU && XTENSA) || ARM64 || USERSPACE) (=n). See
http://docs.zephyrproject.org/latest/kconfig.html#CONFIG_PRIVILEGED_STACK_SIZE and/or look up
PRIVILEGED_STACK_SIZE in the menuconfig/guiconfig interface. The Application Development Primer,
Setting Configuration Values, and Kconfig - Tips and Best Practices sections of the manual might be
helpful too.

[stage] running modelblaster/examples/yolov8_nano/run.sh (TARGET=rvv_opu, QUANT=int8)
Loading Zephyr default modules (Zephyr base).
node '/uart' compatible 'ucb,htif' has unknown vendor prefix 'ucb'

warning: PRIVILEGED_STACK_SIZE (defined at soc/cdns/sample_controller32/Kconfig.defconfig:8,
soc/andestech/ae350/Kconfig.defconfig.ae350:15, arch/x86/Kconfig:495, arch/xtensa/Kconfig:250,
arch/arm64/core/Kconfig:132, arch/Kconfig:340) was assigned the value '2048' but got the value ''.
Check these unsatisfied dependencies: (SOC_XTENSA_SAMPLE_CONTROLLER32 || ((SOC_ANDES_AE350 ||
SOC_ANDES_AE350_CLIC) && SOC_SERIES_ANDES_AE350 && SOC_FAMILY_ANDES_V5) || X86 || (XTENSA_MMU &&
CPU_HAS_MMU && XTENSA) || ARM64 || USERSPACE) (=n). See
http://docs.zephyrproject.org/latest/kconfig.html#CONFIG_PRIVILEGED_STACK_SIZE and/or look up
PRIVILEGED_STACK_SIZE in the menuconfig/guiconfig interface. The Application Development Primer,
Setting Configuration Values, and Kconfig - Tips and Best Practices sections of the manual might be
helpful too.

MODELBLASTER_STAGE_BEGIN:generate_kernels
[xpurt] ingest schedule
ingested 248 entries from /scratch2/agustin/XPU-RT/schedules/scheduled_networks_1yolo_4mlp_2dronet_firesim_decomposed_profiled.json
wrote /scratch2/agustin/ModelBlaster/examples/xpurt_demo/fp32/generated/xpurt_demo_schedule.c
wrote /scratch2/agustin/ModelBlaster/examples/xpurt_demo/fp32/generated/xpurt_demo_schedule.h
by core kind: {'gemmini': 107, 'rvv_opu': 141}
by job_name: {'mlp_control0': 1, 'dronet0': 20, 'yolov8_nano': 160, 'mlp_control1': 1, 'mlp_control2': 1, 'dronet1': 20, 'mlp_control3': 1, 'mlp_control4': 1, 'dronet2': 20, 'mlp_control5': 1, 'mlp_control6': 1, 'dronet3': 20, 'mlp_control7': 1}
[xpurt] generate main
wrote /scratch2/agustin/ModelBlaster/examples/xpurt_demo/fp32/generated/xpurt_demo_schedule_main.c  (networks: ['mlp_control', 'dronet', 'yolov8_nano'] instances: {'mlp_control': 8, 'dronet': 4, 'yolov8_nano': 1} kinds: ['gemmini', 'rvv_opu'] backends: ['gemmini_q31', 'rvv_opu'] pool_sizes: [0, 0])
MODELBLASTER_STAGE_END:generate_kernels:0.060
MODELBLASTER_STAGE_BEGIN:build
[xpurt] west build (BACKENDS=gemmini_q31,rvv_opu, pool=4)
-- west build: generating a build system
Loading Zephyr default modules (Zephyr base).
-- Application: /scratch2/agustin/ModelBlaster/harness_xpurt
-- CMake version: 3.28.3
-- Found Python3: /scratch2/agustin/chipyard/.conda-env/bin/python3.10 (found suitable version "3.10.14", minimum required is "3.10") found components: Interpreter 
-- Cache files will be written to: /home/agustin/.cache/zephyr
-- Zephyr version: 4.2.99 (/scratch2/agustin/zephyr-chipyard-sw/zephyr_ws/zephyr)
-- Found west (found suitable version "1.3.0", minimum required is "0.14.0")
-- Board: chipyard_riscv64, qualifiers: rocketchip_virt_riscv64
-- Found host-tools: zephyr 1.0.0 (/scratch2/dima/zephyr-chipyard-sw-fresh/tools-manual/zephyr-sdk-1.0.0-beta1)
-- Found toolchain: zephyr 1.0.0 (/scratch2/dima/zephyr-chipyard-sw-fresh/tools-manual/zephyr-sdk-1.0.0-beta1)
-- Found Dtc: /scratch2/dima/zephyr-chipyard-sw-fresh/tools-manual/zephyr-sdk-1.0.0-beta1/hosttools/sysroots/x86_64-pokysdk-linux/usr/bin/dtc (found suitable version "1.7.0", minimum required is "1.4.6") 
-- Found BOARD.dts: /scratch2/agustin/zephyr-chipyard-sw/zephyr_ws/zephyr/boards/chipyard/riscv64/chipyard_riscv64.dts
node '/uart' compatible 'ucb,htif' has unknown vendor prefix 'ucb'
-- Generated zephyr.dts: /scratch2/agustin/ModelBlaster/examples/xpurt_demo/fp32/build/gemmini_q31_rvv_opu_firesim/zephyr/zephyr.dts
-- Generated pickled edt: /scratch2/agustin/ModelBlaster/examples/xpurt_demo/fp32/build/gemmini_q31_rvv_opu_firesim/zephyr/edt.pickle
-- Generated devicetree_generated.h: /scratch2/agustin/ModelBlaster/examples/xpurt_demo/fp32/build/gemmini_q31_rvv_opu_firesim/zephyr/include/generated/zephyr/devicetree_generated.h
/scratch2/agustin/ModelBlaster/examples/xpurt_demo/fp32/build/gemmini_q31_rvv_opu_firesim/zephyr/zephyr.dts:213.25-216.4: Warning (unit_address_format): /memory@08000000: unit name should not have leading 0s

warning: PRIVILEGED_STACK_SIZE (defined at soc/cdns/sample_controller32/Kconfig.defconfig:8,
soc/andestech/ae350/Kconfig.defconfig.ae350:15, arch/x86/Kconfig:495, arch/xtensa/Kconfig:250,
arch/arm64/core/Kconfig:132, arch/Kconfig:340) was assigned the value '2048' but got the value ''.
Check these unsatisfied dependencies: (SOC_XTENSA_SAMPLE_CONTROLLER32 || ((SOC_ANDES_AE350 ||
SOC_ANDES_AE350_CLIC) && SOC_SERIES_ANDES_AE350 && SOC_FAMILY_ANDES_V5) || X86 || (XTENSA_MMU &&
CPU_HAS_MMU && XTENSA) || ARM64 || USERSPACE) (=n). See
http://docs.zephyrproject.org/latest/kconfig.html#CONFIG_PRIVILEGED_STACK_SIZE and/or look up
PRIVILEGED_STACK_SIZE in the menuconfig/guiconfig interface. The Application Development Primer,
Setting Configuration Values, and Kconfig - Tips and Best Practices sections of the manual might be
helpful too.


warning: THREAD_STACK_MEM_MAPPED (defined at kernel/Kconfig:196) was assigned the value 'y' but got
the value 'n'. Check these unsatisfied dependencies: MMU (=n), ARCH_SUPPORTS_MEM_MAPPED_STACKS (=n).
See http://docs.zephyrproject.org/latest/kconfig.html#CONFIG_THREAD_STACK_MEM_MAPPED and/or look up
THREAD_STACK_MEM_MAPPED in the menuconfig/guiconfig interface. The Application Development Primer,
Setting Configuration Values, and Kconfig - Tips and Best Practices sections of the manual might be
helpful too.


warning: Deprecated symbol SCHED_DUMB is enabled.

Parsing /scratch2/agustin/zephyr-chipyard-sw/zephyr_ws/zephyr/Kconfig
Loaded configuration '/scratch2/agustin/zephyr-chipyard-sw/zephyr_ws/zephyr/boards/chipyard/riscv64/chipyard_riscv64_defconfig'
Merged configuration '/scratch2/agustin/ModelBlaster/harness_xpurt/prj.conf'
Merged configuration '/scratch2/agustin/ModelBlaster/harness/backends/firesim_chipyard_dual_gemmini.conf'
Configuration saved to '/scratch2/agustin/ModelBlaster/examples/xpurt_demo/fp32/build/gemmini_q31_rvv_opu_firesim/zephyr/.config'
Kconfig header saved to '/scratch2/agustin/ModelBlaster/examples/xpurt_demo/fp32/build/gemmini_q31_rvv_opu_firesim/zephyr/include/generated/zephyr/autoconf.h'
-- Found GnuLd: /scratch2/dima/zephyr-chipyard-sw-fresh/tools-manual/zephyr-sdk-1.0.0-beta1/gnu/riscv64-zephyr-elf/riscv64-zephyr-elf/bin/ld.bfd (found version "2.43.1") 
-- The C compiler identification is GNU 14.3.0
-- The CXX compiler identification is GNU 14.3.0
-- The ASM compiler identification is GNU
-- Found assembler: /scratch2/dima/zephyr-chipyard-sw-fresh/tools-manual/zephyr-sdk-1.0.0-beta1/gnu/riscv64-zephyr-elf/bin/riscv64-zephyr-elf-gcc
-- Found gen_kobject_list: /scratch2/agustin/zephyr-chipyard-sw/zephyr_ws/zephyr/scripts/build/gen_kobject_list.py
-- harness_xpurt: mlp_control/gemmini_q31 -> modelblaster_mlp_control_gemmini_q31_objs
-- harness_xpurt: mlp_control/rvv_opu -> modelblaster_mlp_control_rvv_opu_objs
-- harness_xpurt: dronet/gemmini_q31 -> modelblaster_dronet_gemmini_q31_objs
-- harness_xpurt: dronet/rvv_opu -> modelblaster_dronet_rvv_opu_objs
-- harness_xpurt: yolov8_nano/gemmini_q31 -> modelblaster_yolov8_nano_gemmini_q31_objs
-- harness_xpurt: yolov8_nano/rvv_opu -> modelblaster_yolov8_nano_rvv_opu_objs
-- harness_xpurt: backends=gemmini_q31;rvv_opu models=mlp_control;dronet;yolov8_nano
-- harness_xpurt: xpurt_main=/scratch2/agustin/ModelBlaster/examples/xpurt_demo/fp32/generated/xpurt_demo_schedule_main.c
-- harness_xpurt: dispatch_table=/scratch2/agustin/ModelBlaster/examples/xpurt_demo/fp32/generated/xpurt_demo_schedule.c
-- Configuring done (4.2s)
-- Generating done (0.0s)
-- Build files have been written to: /scratch2/agustin/ModelBlaster/examples/xpurt_demo/fp32/build/gemmini_q31_rvv_opu_firesim
-- west build: building application
[1/216] Preparing syscall dependency handling

[2/216] Generating misc/generated/syscalls_subdirs.trigger
[3/216] Generating misc/generated/syscalls.json, misc/generated/struct_tags.json
[4/216] Generating include/generated/device-api-sections.ld, include/generated/device-api-sections.cmake
[5/216] Generating include/generated/zephyr/syscall_dispatch.c, include/generated/zephyr/syscall_exports_llext.c, syscall_weakdefs_llext.c, include/generated/zephyr/syscall_list.h
[6/216] Generating include/generated/zephyr/driver-validation.h
[7/216] Generating include/generated/zephyr/kobj-types-enum.h, include/generated/zephyr/otype-to-str.h, include/generated/zephyr/otype-to-size.h
[8/216] Building ASM object CMakeFiles/modelblaster_mlp_control_test_io_obj.dir/scratch2/agustin/ModelBlaster/examples/mlp_control/int8/generated/gemmini_q31/test_io.S.obj
[9/216] Building ASM object CMakeFiles/modelblaster_dronet_test_io_obj.dir/scratch2/agustin/ModelBlaster/examples/dronet/int8/generated/gemmini_q31/test_io.S.obj
[10/216] Building ASM object CMakeFiles/modelblaster_yolov8_nano_test_io_obj.dir/scratch2/agustin/ModelBlaster/examples/yolov8_nano/int8/generated/gemmini_q31/test_io.S.obj
[11/216] Building C object CMakeFiles/modelblaster_mlp_control_buffers_obj.dir/scratch2/agustin/ModelBlaster/examples/mlp_control/int8/generated/gemmini_q31/buffers.c.obj
[12/216] Building C object CMakeFiles/modelblaster_dronet_buffers_obj.dir/scratch2/agustin/ModelBlaster/examples/dronet/int8/generated/gemmini_q31/buffers.c.obj
[13/216] Building C object CMakeFiles/modelblaster_yolov8_nano_buffers_obj.dir/scratch2/agustin/ModelBlaster/examples/yolov8_nano/int8/generated/gemmini_q31/buffers.c.obj
[14/216] Building C object CMakeFiles/modelblaster_mlp_control_weights_obj.dir/scratch2/agustin/ModelBlaster/examples/mlp_control/int8/generated/gemmini_q31/weights.c.obj
[15/216] Building C object CMakeFiles/modelblaster_mlp_control_gemmini_q31_objs.dir/scratch2/agustin/ModelBlaster/examples/mlp_control/int8/generated/gemmini_q31/kernels.c.obj
[16/216] Building C object zephyr/CMakeFiles/offsets.dir/arch/riscv/core/offsets/offsets.c.obj
[17/216] Building C object CMakeFiles/modelblaster_mlp_control_rvv_opu_objs.dir/scratch2/agustin/ModelBlaster/examples/mlp_control/int8/generated/rvv_opu/model.c.obj
[18/216] Building C object modelblaster_pool_build/CMakeFiles/modelblaster_pool.dir/modelblaster_pool.c.obj
In file included from /scratch2/agustin/zephyr-chipyard-sw/zephyr_ws/zephyr/include/zephyr/posix/sys/sysconf.h:11,
                 from /scratch2/agustin/zephyr-chipyard-sw/zephyr_ws/zephyr/include/zephyr/posix/unistd.h:18,
                 from /scratch2/agustin/zephyr-chipyard-sw/zephyr_ws/zephyr/include/zephyr/posix/pthread.h:15,
                 from /scratch2/agustin/ModelBlaster/runtime/modelblaster_pool/modelblaster_pool.c:26:
/scratch2/agustin/zephyr-chipyard-sw/zephyr_ws/zephyr/include/zephyr/posix/posix_limits.h:23:9: warning: "_POSIX_AIO_LISTIO_MAX" redefined
   23 | #define _POSIX_AIO_LISTIO_MAX               (2)
      |         ^~~~~~~~~~~~~~~~~~~~~
In file included from /scratch2/dima/zephyr-chipyard-sw-fresh/tools-manual/zephyr-sdk-1.0.0-beta1/gnu/riscv64-zephyr-elf/riscv64-zephyr-elf/sys-include/limits.h:6,
                 from /scratch2/dima/zephyr-chipyard-sw-fresh/tools-manual/zephyr-sdk-1.0.0-beta1/gnu/riscv64-zephyr-elf/lib/gcc/riscv64-zephyr-elf/14.3.0/include/limits.h:210,
                 from /scratch2/dima/zephyr-chipyard-sw-fresh/tools-manual/zephyr-sdk-1.0.0-beta1/gnu/riscv64-zephyr-elf/lib/gcc/riscv64-zephyr-elf/14.3.0/include/syslimits.h:7,
                 from /scratch2/dima/zephyr-chipyard-sw-fresh/tools-manual/zephyr-sdk-1.0.0-beta1/gnu/riscv64-zephyr-elf/lib/gcc/riscv64-zephyr-elf/14.3.0/include/limits.h:34,
                 from /scratch2/agustin/zephyr-chipyard-sw/zephyr_ws/zephyr/include/zephyr/kernel_includes.h:22,
                 from /scratch2/agustin/zephyr-chipyard-sw/zephyr_ws/zephyr/include/zephyr/kernel.h:17,
                 from /scratch2/agustin/zephyr-chipyard-sw/zephyr_ws/zephyr/include/zephyr/posix/pthread.h:14:
/scratch2/dima/zephyr-chipyard-sw-fresh/tools-manual/zephyr-sdk-1.0.0-beta1/gnu/riscv64-zephyr-elf/riscv64-zephyr-elf/sys-include/sys/syslimits.h:63:9: note: this is the location of the previous definition
   63 | #define _POSIX_AIO_LISTIO_MAX   2
      |         ^~~~~~~~~~~~~~~~~~~~~
/scratch2/agustin/zephyr-chipyard-sw/zephyr_ws/zephyr/include/zephyr/posix/posix_limits.h:24:9: warning: "_POSIX_AIO_MAX" redefined
   24 | #define _POSIX_AIO_MAX                      (1)
      |         ^~~~~~~~~~~~~~
/scratch2/dima/zephyr-chipyard-sw-fresh/tools-manual/zephyr-sdk-1.0.0-beta1/gnu/riscv64-zephyr-elf/riscv64-zephyr-elf/sys-include/sys/syslimits.h:64:9: note: this is the location of the previous definition
   64 | #define _POSIX_AIO_MAX          1
      |         ^~~~~~~~~~~~~~
/scratch2/agustin/zephyr-chipyard-sw/zephyr_ws/zephyr/include/zephyr/posix/posix_limits.h:25:9: warning: "_POSIX_ARG_MAX" redefined
   25 | #define _POSIX_ARG_MAX                      (4096)
      |         ^~~~~~~~~~~~~~
/scratch2/dima/zephyr-chipyard-sw-fresh/tools-manual/zephyr-sdk-1.0.0-beta1/gnu/riscv64-zephyr-elf/riscv64-zephyr-elf/sys-include/sys/syslimits.h:65:9: note: this is the location of the previous definition
   65 | #define _POSIX_ARG_MAX          4096
      |         ^~~~~~~~~~~~~~
/scratch2/agustin/zephyr-chipyard-sw/zephyr_ws/zephyr/include/zephyr/posix/posix_limits.h:26:9: warning: "_POSIX_CHILD_MAX" redefined
   26 | #define _POSIX_CHILD_MAX                    (25)
      |         ^~~~~~~~~~~~~~~~
/scratch2/dima/zephyr-chipyard-sw-fresh/tools-manual/zephyr-sdk-1.0.0-beta1/gnu/riscv64-zephyr-elf/riscv64-zephyr-elf/sys-include/sys/syslimits.h:66:9: note: this is the location of the previous definition
   66 | #define _POSIX_CHILD_MAX        6
      |         ^~~~~~~~~~~~~~~~
/scratch2/agustin/zephyr-chipyard-sw/zephyr_ws/zephyr/include/zephyr/posix/posix_limits.h:27:9: warning: "_POSIX_DELAYTIMER_MAX" redefined
   27 | #define _POSIX_DELAYTIMER_MAX               (32)
      |         ^~~~~~~~~~~~~~~~~~~~~
/scratch2/dima/zephyr-chipyard-sw-fresh/tools-manual/zephyr-sdk-1.0.0-beta1/gnu/riscv64-zephyr-elf/riscv64-zephyr-elf/sys-include/sys/syslimits.h:67:9: note: this is the location of the previous definition
   67 | #define _POSIX_DELAYTIMER_MAX   32
      |         ^~~~~~~~~~~~~~~~~~~~~
/scratch2/agustin/zephyr-chipyard-sw/zephyr_ws/zephyr/include/zephyr/posix/posix_limits.h:28:9: warning: "_POSIX_HOST_NAME_MAX" redefined
   28 | #define _POSIX_HOST_NAME_MAX                (255)
      |         ^~~~~~~~~~~~~~~~~~~~
/scratch2/dima/zephyr-chipyard-sw-fresh/tools-manual/zephyr-sdk-1.0.0-beta1/gnu/riscv64-zephyr-elf/riscv64-zephyr-elf/sys-include/sys/syslimits.h:68:9: note: this is the location of the previous definition
   68 | #define _POSIX_HOST_NAME_MAX    255
      |         ^~~~~~~~~~~~~~~~~~~~
/scratch2/agustin/zephyr-chipyard-sw/zephyr_ws/zephyr/include/zephyr/posix/posix_limits.h:29:9: warning: "_POSIX_LINK_MAX" redefined
   29 | #define _POSIX_LINK_MAX                     (8)
      |         ^~~~~~~~~~~~~~~
/scratch2/dima/zephyr-chipyard-sw-fresh/tools-manual/zephyr-sdk-1.0.0-beta1/gnu/riscv64-zephyr-elf/riscv64-zephyr-elf/sys-include/sys/syslimits.h:69:9: note: this is the location of the previous definition
   69 | #define _POSIX_LINK_MAX         8
      |         ^~~~~~~~~~~~~~~
/scratch2/agustin/zephyr-chipyard-sw/zephyr_ws/zephyr/include/zephyr/posix/posix_limits.h:30:9: warning: "_POSIX_LOGIN_NAME_MAX" redefined
   30 | #define _POSIX_LOGIN_NAME_MAX               (9)
      |         ^~~~~~~~~~~~~~~~~~~~~
/scratch2/dima/zephyr-chipyard-sw-fresh/tools-manual/zephyr-sdk-1.0.0-beta1/gnu/riscv64-zephyr-elf/riscv64-zephyr-elf/sys-include/sys/syslimits.h:70:9: note: this is the location of the previous definition
   70 | #define _POSIX_LOGIN_NAME_MAX   9
      |         ^~~~~~~~~~~~~~~~~~~~~
/scratch2/agustin/zephyr-chipyard-sw/zephyr_ws/zephyr/include/zephyr/posix/posix_limits.h:31:9: warning: "_POSIX_MAX_CANON" redefined
   31 | #define _POSIX_MAX_CANON                    (255)
      |         ^~~~~~~~~~~~~~~~
/scratch2/dima/zephyr-chipyard-sw-fresh/tools-manual/zephyr-sdk-1.0.0-beta1/gnu/riscv64-zephyr-elf/riscv64-zephyr-elf/sys-include/sys/syslimits.h:71:9: note: this is the location of the previous definition
   71 | #define _POSIX_MAX_CANON        255
      |         ^~~~~~~~~~~~~~~~
/scratch2/agustin/zephyr-chipyard-sw/zephyr_ws/zephyr/include/zephyr/posix/posix_limits.h:32:9: warning: "_POSIX_MAX_INPUT" redefined
   32 | #define _POSIX_MAX_INPUT                    (255)
      |         ^~~~~~~~~~~~~~~~
/scratch2/dima/zephyr-chipyard-sw-fresh/tools-manual/zephyr-sdk-1.0.0-beta1/gnu/riscv64-zephyr-elf/riscv64-zephyr-elf/sys-include/sys/syslimits.h:72:9: note: this is the location of the previous definition
   72 | #define _POSIX_MAX_INPUT        255
      |         ^~~~~~~~~~~~~~~~
/scratch2/agustin/zephyr-chipyard-sw/zephyr_ws/zephyr/include/zephyr/posix/posix_limits.h:33:9: warning: "_POSIX_MQ_OPEN_MAX" redefined
   33 | #define _POSIX_MQ_OPEN_MAX                  (8)
      |         ^~~~~~~~~~~~~~~~~~
/scratch2/dima/zephyr-chipyard-sw-fresh/tools-manual/zephyr-sdk-1.0.0-beta1/gnu/riscv64-zephyr-elf/riscv64-zephyr-elf/sys-include/sys/syslimits.h:73:9: note: this is the location of the previous definition
   73 | #define _POSIX_MQ_OPEN_MAX      8
      |         ^~~~~~~~~~~~~~~~~~
/scratch2/agustin/zephyr-chipyard-sw/zephyr_ws/zephyr/include/zephyr/posix/posix_limits.h:34:9: warning: "_POSIX_MQ_PRIO_MAX" redefined
   34 | #define _POSIX_MQ_PRIO_MAX                  (32)
      |         ^~~~~~~~~~~~~~~~~~
/scratch2/dima/zephyr-chipyard-sw-fresh/tools-manual/zephyr-sdk-1.0.0-beta1/gnu/riscv64-zephyr-elf/riscv64-zephyr-elf/sys-include/sys/syslimits.h:74:9: note: this is the location of the previous definition
   74 | #define _POSIX_MQ_PRIO_MAX      32
      |         ^~~~~~~~~~~~~~~~~~
/scratch2/agustin/zephyr-chipyard-sw/zephyr_ws/zephyr/include/zephyr/posix/posix_limits.h:35:9: warning: "_POSIX_NAME_MAX" redefined
   35 | #define _POSIX_NAME_MAX                     (14)
      |         ^~~~~~~~~~~~~~~
/scratch2/dima/zephyr-chipyard-sw-fresh/tools-manual/zephyr-sdk-1.0.0-beta1/gnu/riscv64-zephyr-elf/riscv64-zephyr-elf/sys-include/sys/syslimits.h:75:9: note: this is the location of the previous definition
   75 | #define _POSIX_NAME_MAX         14
      |         ^~~~~~~~~~~~~~~
/scratch2/agustin/zephyr-chipyard-sw/zephyr_ws/zephyr/include/zephyr/posix/posix_limits.h:36:9: warning: "_POSIX_NGROUPS_MAX" redefined
   36 | #define _POSIX_NGROUPS_MAX                  (8)
      |         ^~~~~~~~~~~~~~~~~~
/scratch2/dima/zephyr-chipyard-sw-fresh/tools-manual/zephyr-sdk-1.0.0-beta1/gnu/riscv64-zephyr-elf/riscv64-zephyr-elf/sys-include/sys/syslimits.h:76:9: note: this is the location of the previous definition
   76 | #define _POSIX_NGROUPS_MAX      0
      |         ^~~~~~~~~~~~~~~~~~
/scratch2/agustin/zephyr-chipyard-sw/zephyr_ws/zephyr/include/zephyr/posix/posix_limits.h:37:9: warning: "_POSIX_OPEN_MAX" redefined
   37 | #define _POSIX_OPEN_MAX                     (20)
      |         ^~~~~~~~~~~~~~~
/scratch2/dima/zephyr-chipyard-sw-fresh/tools-manual/zephyr-sdk-1.0.0-beta1/gnu/riscv64-zephyr-elf/riscv64-zephyr-elf/sys-include/sys/syslimits.h:77:9: note: this is the location of the previous definition
   77 | #define _POSIX_OPEN_MAX         16
      |         ^~~~~~~~~~~~~~~
/scratch2/agustin/zephyr-chipyard-sw/zephyr_ws/zephyr/include/zephyr/posix/posix_limits.h:38:9: warning: "_POSIX_PATH_MAX" redefined
   38 | #define _POSIX_PATH_MAX                     (256)
      |         ^~~~~~~~~~~~~~~
/scratch2/dima/zephyr-chipyard-sw-fresh/tools-manual/zephyr-sdk-1.0.0-beta1/gnu/riscv64-zephyr-elf/riscv64-zephyr-elf/sys-include/sys/syslimits.h:78:9: note: this is the location of the previous definition
   78 | #define _POSIX_PATH_MAX         255
      |         ^~~~~~~~~~~~~~~
/scratch2/agustin/zephyr-chipyard-sw/zephyr_ws/zephyr/include/zephyr/posix/posix_limits.h:39:9: warning: "_POSIX_PIPE_BUF" redefined
   39 | #define _POSIX_PIPE_BUF                     (512)
      |         ^~~~~~~~~~~~~~~
/scratch2/dima/zephyr-chipyard-sw-fresh/tools-manual/zephyr-sdk-1.0.0-beta1/gnu/riscv64-zephyr-elf/riscv64-zephyr-elf/sys-include/sys/syslimits.h:79:9: note: this is the location of the previous definition
   79 | #define _POSIX_PIPE_BUF         512
      |         ^~~~~~~~~~~~~~~
/scratch2/agustin/zephyr-chipyard-sw/zephyr_ws/zephyr/include/zephyr/posix/posix_limits.h:40:9: warning: "_POSIX_RE_DUP_MAX" redefined
   40 | #define _POSIX_RE_DUP_MAX                   (255)
      |         ^~~~~~~~~~~~~~~~~
/scratch2/dima/zephyr-chipyard-sw-fresh/tools-manual/zephyr-sdk-1.0.0-beta1/gnu/riscv64-zephyr-elf/riscv64-zephyr-elf/sys-include/sys/syslimits.h:80:9: note: this is the location of the previous definition
   80 | #define _POSIX_RE_DUP_MAX       255
      |         ^~~~~~~~~~~~~~~~~
/scratch2/agustin/zephyr-chipyard-sw/zephyr_ws/zephyr/include/zephyr/posix/posix_limits.h:41:9: warning: "_POSIX_RTSIG_MAX" redefined
   41 | #define _POSIX_RTSIG_MAX                    (8)
      |         ^~~~~~~~~~~~~~~~
/scratch2/dima/zephyr-chipyard-sw-fresh/tools-manual/zephyr-sdk-1.0.0-beta1/gnu/riscv64-zephyr-elf/riscv64-zephyr-elf/sys-include/sys/syslimits.h:81:9: note: this is the location of the previous definition
   81 | #define _POSIX_RTSIG_MAX        8
      |         ^~~~~~~~~~~~~~~~
/scratch2/agustin/zephyr-chipyard-sw/zephyr_ws/zephyr/include/zephyr/posix/posix_limits.h:42:9: warning: "_POSIX_SEM_NSEMS_MAX" redefined
   42 | #define _POSIX_SEM_NSEMS_MAX                (256)
      |         ^~~~~~~~~~~~~~~~~~~~
/scratch2/dima/zephyr-chipyard-sw-fresh/tools-manual/zephyr-sdk-1.0.0-beta1/gnu/riscv64-zephyr-elf/riscv64-zephyr-elf/sys-include/sys/syslimits.h:82:9: note: this is the location of the previous definition
   82 | #define _POSIX_SEM_NSEMS_MAX    256
      |         ^~~~~~~~~~~~~~~~~~~~
/scratch2/agustin/zephyr-chipyard-sw/zephyr_ws/zephyr/include/zephyr/posix/posix_limits.h:43:9: warning: "_POSIX_SEM_VALUE_MAX" redefined
   43 | #define _POSIX_SEM_VALUE_MAX                (32767)
      |         ^~~~~~~~~~~~~~~~~~~~
/scratch2/dima/zephyr-chipyard-sw-fresh/tools-manual/zephyr-sdk-1.0.0-beta1/gnu/riscv64-zephyr-elf/riscv64-zephyr-elf/sys-include/sys/syslimits.h:83:9: note: this is the location of the previous definition
   83 | #define _POSIX_SEM_VALUE_MAX    32767
      |         ^~~~~~~~~~~~~~~~~~~~
/scratch2/agustin/zephyr-chipyard-sw/zephyr_ws/zephyr/include/zephyr/posix/posix_limits.h:44:9: warning: "_POSIX_SIGQUEUE_MAX" redefined
   44 | #define _POSIX_SIGQUEUE_MAX                 (32)
      |         ^~~~~~~~~~~~~~~~~~~
/scratch2/dima/zephyr-chipyard-sw-fresh/tools-manual/zephyr-sdk-1.0.0-beta1/gnu/riscv64-zephyr-elf/riscv64-zephyr-elf/sys-include/sys/syslimits.h:84:9: note: this is the location of the previous definition
   84 | #define _POSIX_SIGQUEUE_MAX     32
      |         ^~~~~~~~~~~~~~~~~~~
/scratch2/agustin/zephyr-chipyard-sw/zephyr_ws/zephyr/include/zephyr/posix/posix_limits.h:45:9: warning: "_POSIX_SSIZE_MAX" redefined
   45 | #define _POSIX_SSIZE_MAX                    (32767)
      |         ^~~~~~~~~~~~~~~~
/scratch2/dima/zephyr-chipyard-sw-fresh/tools-manual/zephyr-sdk-1.0.0-beta1/gnu/riscv64-zephyr-elf/riscv64-zephyr-elf/sys-include/sys/syslimits.h:85:9: note: this is the location of the previous definition
   85 | #define _POSIX_SSIZE_MAX        32767
      |         ^~~~~~~~~~~~~~~~
/scratch2/agustin/zephyr-chipyard-sw/zephyr_ws/zephyr/include/zephyr/posix/posix_limits.h:46:9: warning: "_POSIX_SS_REPL_MAX" redefined
   46 | #define _POSIX_SS_REPL_MAX                  (4)
      |         ^~~~~~~~~~~~~~~~~~
/scratch2/dima/zephyr-chipyard-sw-fresh/tools-manual/zephyr-sdk-1.0.0-beta1/gnu/riscv64-zephyr-elf/riscv64-zephyr-elf/sys-include/sys/syslimits.h:86:9: note: this is the location of the previous definition
   86 | #define _POSIX_SS_REPL_MAX      4
      |         ^~~~~~~~~~~~~~~~~~
/scratch2/agustin/zephyr-chipyard-sw/zephyr_ws/zephyr/include/zephyr/posix/posix_limits.h:47:9: warning: "_POSIX_STREAM_MAX" redefined
   47 | #define _POSIX_STREAM_MAX                   (8)
      |         ^~~~~~~~~~~~~~~~~
/scratch2/dima/zephyr-chipyard-sw-fresh/tools-manual/zephyr-sdk-1.0.0-beta1/gnu/riscv64-zephyr-elf/riscv64-zephyr-elf/sys-include/sys/syslimits.h:87:9: note: this is the location of the previous definition
   87 | #define _POSIX_STREAM_MAX       8
      |         ^~~~~~~~~~~~~~~~~
/scratch2/agustin/zephyr-chipyard-sw/zephyr_ws/zephyr/include/zephyr/posix/posix_limits.h:48:9: warning: "_POSIX_SYMLINK_MAX" redefined
   48 | #define _POSIX_SYMLINK_MAX                  (255)
      |         ^~~~~~~~~~~~~~~~~~
/scratch2/dima/zephyr-chipyard-sw-fresh/tools-manual/zephyr-sdk-1.0.0-beta1/gnu/riscv64-zephyr-elf/riscv64-zephyr-elf/sys-include/sys/syslimits.h:88:9: note: this is the location of the previous definition
   88 | #define _POSIX_SYMLINK_MAX      255
      |         ^~~~~~~~~~~~~~~~~~
/scratch2/agustin/zephyr-chipyard-sw/zephyr_ws/zephyr/include/zephyr/posix/posix_limits.h:49:9: warning: "_POSIX_SYMLOOP_MAX" redefined
   49 | #define _POSIX_SYMLOOP_MAX                  (8)
      |         ^~~~~~~~~~~~~~~~~~
/scratch2/dima/zephyr-chipyard-sw-fresh/tools-manual/zephyr-sdk-1.0.0-beta1/gnu/riscv64-zephyr-elf/riscv64-zephyr-elf/sys-include/sys/syslimits.h:89:9: note: this is the location of the previous definition
   89 | #define _POSIX_SYMLOOP_MAX      8
      |         ^~~~~~~~~~~~~~~~~~
/scratch2/agustin/zephyr-chipyard-sw/zephyr_ws/zephyr/include/zephyr/posix/posix_limits.h:50:9: warning: "_POSIX_THREAD_DESTRUCTOR_ITERATIONS" redefined
   50 | #define _POSIX_THREAD_DESTRUCTOR_ITERATIONS (4)
      |         ^~~~~~~~~~~~~~~~~~~~~~~~~~~~~~~~~~~
/scratch2/dima/zephyr-chipyard-sw-fresh/tools-manual/zephyr-sdk-1.0.0-beta1/gnu/riscv64-zephyr-elf/riscv64-zephyr-elf/sys-include/sys/syslimits.h:90:9: note: this is the location of the previous definition
   90 | #define _POSIX_THREAD_DESTRUCTOR_ITERATIONS     4
      |         ^~~~~~~~~~~~~~~~~~~~~~~~~~~~~~~~~~~
/scratch2/agustin/zephyr-chipyard-sw/zephyr_ws/zephyr/include/zephyr/posix/posix_limits.h:51:9: warning: "_POSIX_THREAD_KEYS_MAX" redefined
   51 | #define _POSIX_THREAD_KEYS_MAX              (128)
      |         ^~~~~~~~~~~~~~~~~~~~~~
/scratch2/dima/zephyr-chipyard-sw-fresh/tools-manual/zephyr-sdk-1.0.0-beta1/gnu/riscv64-zephyr-elf/riscv64-zephyr-elf/sys-include/sys/syslimits.h:91:9: note: this is the location of the previous definition
   91 | #define _POSIX_THREAD_KEYS_MAX  128
      |         ^~~~~~~~~~~~~~~~~~~~~~
/scratch2/agustin/zephyr-chipyard-sw/zephyr_ws/zephyr/include/zephyr/posix/posix_limits.h:52:9: warning: "_POSIX_THREAD_THREADS_MAX" redefined
   52 | #define _POSIX_THREAD_THREADS_MAX           (64)
      |         ^~~~~~~~~~~~~~~~~~~~~~~~~
/scratch2/dima/zephyr-chipyard-sw-fresh/tools-manual/zephyr-sdk-1.0.0-beta1/gnu/riscv64-zephyr-elf/riscv64-zephyr-elf/sys-include/sys/syslimits.h:92:9: note: this is the location of the previous definition
   92 | #define _POSIX_THREAD_THREADS_MAX       64
      |         ^~~~~~~~~~~~~~~~~~~~~~~~~
/scratch2/agustin/zephyr-chipyard-sw/zephyr_ws/zephyr/include/zephyr/posix/posix_limits.h:53:9: warning: "_POSIX_TIMER_MAX" redefined
   53 | #define _POSIX_TIMER_MAX                    (32)
      |         ^~~~~~~~~~~~~~~~
/scratch2/dima/zephyr-chipyard-sw-fresh/tools-manual/zephyr-sdk-1.0.0-beta1/gnu/riscv64-zephyr-elf/riscv64-zephyr-elf/sys-include/sys/syslimits.h:93:9: note: this is the location of the previous definition
   93 | #define _POSIX_TIMER_MAX        32
      |         ^~~~~~~~~~~~~~~~
/scratch2/agustin/zephyr-chipyard-sw/zephyr_ws/zephyr/include/zephyr/posix/posix_limits.h:54:9: warning: "_POSIX_TRACE_EVENT_NAME_MAX" redefined
   54 | #define _POSIX_TRACE_EVENT_NAME_MAX         (30)
      |         ^~~~~~~~~~~~~~~~~~~~~~~~~~~
/scratch2/dima/zephyr-chipyard-sw-fresh/tools-manual/zephyr-sdk-1.0.0-beta1/gnu/riscv64-zephyr-elf/riscv64-zephyr-elf/sys-include/sys/syslimits.h:94:9: note: this is the location of the previous definition
   94 | #define _POSIX_TRACE_EVENT_NAME_MAX     30
      |         ^~~~~~~~~~~~~~~~~~~~~~~~~~~
/scratch2/agustin/zephyr-chipyard-sw/zephyr_ws/zephyr/include/zephyr/posix/posix_limits.h:55:9: warning: "_POSIX_TRACE_NAME_MAX" redefined
   55 | #define _POSIX_TRACE_NAME_MAX               (8)
      |         ^~~~~~~~~~~~~~~~~~~~~
/scratch2/dima/zephyr-chipyard-sw-fresh/tools-manual/zephyr-sdk-1.0.0-beta1/gnu/riscv64-zephyr-elf/riscv64-zephyr-elf/sys-include/sys/syslimits.h:95:9: note: this is the location of the previous definition
   95 | #define _POSIX_TRACE_NAME_MAX   8
      |         ^~~~~~~~~~~~~~~~~~~~~
/scratch2/agustin/zephyr-chipyard-sw/zephyr_ws/zephyr/include/zephyr/posix/posix_limits.h:56:9: warning: "_POSIX_TRACE_SYS_MAX" redefined
   56 | #define _POSIX_TRACE_SYS_MAX                (8)
      |         ^~~~~~~~~~~~~~~~~~~~
/scratch2/dima/zephyr-chipyard-sw-fresh/tools-manual/zephyr-sdk-1.0.0-beta1/gnu/riscv64-zephyr-elf/riscv64-zephyr-elf/sys-include/sys/syslimits.h:96:9: note: this is the location of the previous definition
   96 | #define _POSIX_TRACE_SYS_MAX    8
      |         ^~~~~~~~~~~~~~~~~~~~
/scratch2/agustin/zephyr-chipyard-sw/zephyr_ws/zephyr/include/zephyr/posix/posix_limits.h:57:9: warning: "_POSIX_TRACE_USER_EVENT_MAX" redefined
   57 | #define _POSIX_TRACE_USER_EVENT_MAX         (32)
      |         ^~~~~~~~~~~~~~~~~~~~~~~~~~~
/scratch2/dima/zephyr-chipyard-sw-fresh/tools-manual/zephyr-sdk-1.0.0-beta1/gnu/riscv64-zephyr-elf/riscv64-zephyr-elf/sys-include/sys/syslimits.h:97:9: note: this is the location of the previous definition
   97 | #define _POSIX_TRACE_USER_EVENT_MAX     32
      |         ^~~~~~~~~~~~~~~~~~~~~~~~~~~
/scratch2/agustin/zephyr-chipyard-sw/zephyr_ws/zephyr/include/zephyr/posix/posix_limits.h:58:9: warning: "_POSIX_TTY_NAME_MAX" redefined
   58 | #define _POSIX_TTY_NAME_MAX                 (9)
      |         ^~~~~~~~~~~~~~~~~~~
/scratch2/dima/zephyr-chipyard-sw-fresh/tools-manual/zephyr-sdk-1.0.0-beta1/gnu/riscv64-zephyr-elf/riscv64-zephyr-elf/sys-include/sys/syslimits.h:98:9: note: this is the location of the previous definition
   98 | #define _POSIX_TTY_NAME_MAX     9
      |         ^~~~~~~~~~~~~~~~~~~
/scratch2/agustin/zephyr-chipyard-sw/zephyr_ws/zephyr/include/zephyr/posix/posix_limits.h:59:9: warning: "_POSIX_TZNAME_MAX" redefined
   59 | #define _POSIX_TZNAME_MAX                   (6)
      |         ^~~~~~~~~~~~~~~~~
/scratch2/dima/zephyr-chipyard-sw-fresh/tools-manual/zephyr-sdk-1.0.0-beta1/gnu/riscv64-zephyr-elf/riscv64-zephyr-elf/sys-include/sys/syslimits.h:99:9: note: this is the location of the previous definition
   99 | #define _POSIX_TZNAME_MAX       3
      |         ^~~~~~~~~~~~~~~~~
/scratch2/agustin/zephyr-chipyard-sw/zephyr_ws/zephyr/include/zephyr/posix/posix_limits.h:60:9: warning: "_POSIX2_BC_BASE_MAX" redefined
   60 | #define _POSIX2_BC_BASE_MAX                 (99)
      |         ^~~~~~~~~~~~~~~~~~~
/scratch2/dima/zephyr-chipyard-sw-fresh/tools-manual/zephyr-sdk-1.0.0-beta1/gnu/riscv64-zephyr-elf/riscv64-zephyr-elf/sys-include/sys/syslimits.h:100:9: note: this is the location of the previous definition
  100 | #define _POSIX2_BC_BASE_MAX     99
      |         ^~~~~~~~~~~~~~~~~~~
/scratch2/agustin/zephyr-chipyard-sw/zephyr_ws/zephyr/include/zephyr/posix/posix_limits.h:61:9: warning: "_POSIX2_BC_DIM_MAX" redefined
   61 | #define _POSIX2_BC_DIM_MAX                  (2048)
      |         ^~~~~~~~~~~~~~~~~~
/scratch2/dima/zephyr-chipyard-sw-fresh/tools-manual/zephyr-sdk-1.0.0-beta1/gnu/riscv64-zephyr-elf/riscv64-zephyr-elf/sys-include/sys/syslimits.h:101:9: note: this is the location of the previous definition
  101 | #define _POSIX2_BC_DIM_MAX      2048
      |         ^~~~~~~~~~~~~~~~~~
/scratch2/agustin/zephyr-chipyard-sw/zephyr_ws/zephyr/include/zephyr/posix/posix_limits.h:62:9: warning: "_POSIX2_BC_SCALE_MAX" redefined
   62 | #define _POSIX2_BC_SCALE_MAX                (99)
      |         ^~~~~~~~~~~~~~~~~~~~
/scratch2/dima/zephyr-chipyard-sw-fresh/tools-manual/zephyr-sdk-1.0.0-beta1/gnu/riscv64-zephyr-elf/riscv64-zephyr-elf/sys-include/sys/syslimits.h:102:9: note: this is the location of the previous definition
  102 | #define _POSIX2_BC_SCALE_MAX    99
      |         ^~~~~~~~~~~~~~~~~~~~
/scratch2/agustin/zephyr-chipyard-sw/zephyr_ws/zephyr/include/zephyr/posix/posix_limits.h:63:9: warning: "_POSIX2_BC_STRING_MAX" redefined
   63 | #define _POSIX2_BC_STRING_MAX               (1000)
      |         ^~~~~~~~~~~~~~~~~~~~~
/scratch2/dima/zephyr-chipyard-sw-fresh/tools-manual/zephyr-sdk-1.0.0-beta1/gnu/riscv64-zephyr-elf/riscv64-zephyr-elf/sys-include/sys/syslimits.h:103:9: note: this is the location of the previous definition
  103 | #define _POSIX2_BC_STRING_MAX   1000
      |         ^~~~~~~~~~~~~~~~~~~~~
/scratch2/agustin/zephyr-chipyard-sw/zephyr_ws/zephyr/include/zephyr/posix/posix_limits.h:64:9: warning: "_POSIX2_CHARCLASS_NAME_MAX" redefined
   64 | #define _POSIX2_CHARCLASS_NAME_MAX          (14)
      |         ^~~~~~~~~~~~~~~~~~~~~~~~~~
/scratch2/dima/zephyr-chipyard-sw-fresh/tools-manual/zephyr-sdk-1.0.0-beta1/gnu/riscv64-zephyr-elf/riscv64-zephyr-elf/sys-include/sys/syslimits.h:104:9: note: this is the location of the previous definition
  104 | #define _POSIX2_CHARCLASS_NAME_MAX      14
      |         ^~~~~~~~~~~~~~~~~~~~~~~~~~
/scratch2/agustin/zephyr-chipyard-sw/zephyr_ws/zephyr/include/zephyr/posix/posix_limits.h:65:9: warning: "_POSIX2_COLL_WEIGHTS_MAX" redefined
   65 | #define _POSIX2_COLL_WEIGHTS_MAX            (2)
      |         ^~~~~~~~~~~~~~~~~~~~~~~~
/scratch2/dima/zephyr-chipyard-sw-fresh/tools-manual/zephyr-sdk-1.0.0-beta1/gnu/riscv64-zephyr-elf/riscv64-zephyr-elf/sys-include/sys/syslimits.h:105:9: note: this is the location of the previous definition
  105 | #define _POSIX2_COLL_WEIGHTS_MAX        2
      |         ^~~~~~~~~~~~~~~~~~~~~~~~
/scratch2/agustin/zephyr-chipyard-sw/zephyr_ws/zephyr/include/zephyr/posix/posix_limits.h:66:9: warning: "_POSIX2_EXPR_NEST_MAX" redefined
   66 | #define _POSIX2_EXPR_NEST_MAX               (32)
      |         ^~~~~~~~~~~~~~~~~~~~~
/scratch2/dima/zephyr-chipyard-sw-fresh/tools-manual/zephyr-sdk-1.0.0-beta1/gnu/riscv64-zephyr-elf/riscv64-zephyr-elf/sys-include/sys/syslimits.h:106:9: note: this is the location of the previous definition
  106 | #define _POSIX2_EXPR_NEST_MAX   32
      |         ^~~~~~~~~~~~~~~~~~~~~
/scratch2/agustin/zephyr-chipyard-sw/zephyr_ws/zephyr/include/zephyr/posix/posix_limits.h:67:9: warning: "_POSIX2_LINE_MAX" redefined
   67 | #define _POSIX2_LINE_MAX                    (2048)
      |         ^~~~~~~~~~~~~~~~
/scratch2/dima/zephyr-chipyard-sw-fresh/tools-manual/zephyr-sdk-1.0.0-beta1/gnu/riscv64-zephyr-elf/riscv64-zephyr-elf/sys-include/sys/syslimits.h:107:9: note: this is the location of the previous definition
  107 | #define _POSIX2_LINE_MAX        2048
      |         ^~~~~~~~~~~~~~~~
/scratch2/agustin/zephyr-chipyard-sw/zephyr_ws/zephyr/include/zephyr/posix/posix_limits.h:83:9: warning: "ARG_MAX" redefined
   83 | #define ARG_MAX                       _POSIX_ARG_MAX
      |         ^~~~~~~
/scratch2/dima/zephyr-chipyard-sw-fresh/tools-manual/zephyr-sdk-1.0.0-beta1/gnu/riscv64-zephyr-elf/riscv64-zephyr-elf/sys-include/sys/syslimits.h:41:9: note: this is the location of the previous definition
   41 | #define ARG_MAX                 65536   /* max bytes for an exec function */
      |         ^~~~~~~
/scratch2/agustin/zephyr-chipyard-sw/zephyr_ws/zephyr/include/zephyr/posix/posix_limits.h:84:9: warning: "ATEXIT_MAX" redefined
   84 | #define ATEXIT_MAX                    (32)
      |         ^~~~~~~~~~
/scratch2/dima/zephyr-chipyard-sw-fresh/tools-manual/zephyr-sdk-1.0.0-beta1/gnu/riscv64-zephyr-elf/riscv64-zephyr-elf/sys-include/sys/syslimits.h:42:9: note: this is the location of the previous definition
   42 | #define ATEXIT_MAX                 32   /* max atexit functions */
      |         ^~~~~~~~~~
/scratch2/agustin/zephyr-chipyard-sw/zephyr_ws/zephyr/include/zephyr/posix/posix_limits.h:93:9: warning: "OPEN_MAX" redefined
   93 | #define OPEN_MAX                      CONFIG_POSIX_OPEN_MAX
      |         ^~~~~~~~
/scratch2/dima/zephyr-chipyard-sw-fresh/tools-manual/zephyr-sdk-1.0.0-beta1/gnu/riscv64-zephyr-elf/riscv64-zephyr-elf/sys-include/sys/syslimits.h:45:9: note: this is the location of the previous definition
   45 | #define OPEN_MAX                   64   /* max open files per process */
      |         ^~~~~~~~
/scratch2/agustin/zephyr-chipyard-sw/zephyr_ws/zephyr/include/zephyr/posix/posix_limits.h:96:9: warning: "PATH_MAX" redefined
   96 | #define PATH_MAX                      _POSIX_PATH_MAX
      |         ^~~~~~~~
/scratch2/dima/zephyr-chipyard-sw-fresh/tools-manual/zephyr-sdk-1.0.0-beta1/gnu/riscv64-zephyr-elf/riscv64-zephyr-elf/sys-include/sys/syslimits.h:53:9: note: this is the location of the previous definition
   53 | #define PATH_MAX                 1024   /* max bytes in pathname */
      |         ^~~~~~~~
/scratch2/agustin/zephyr-chipyard-sw/zephyr_ws/zephyr/include/zephyr/posix/posix_limits.h:114:9: warning: "TZNAME_MAX" redefined
  114 | #define TZNAME_MAX                    _POSIX_TZNAME_MAX
      |         ^~~~~~~~~~
/scratch2/dima/zephyr-chipyard-sw-fresh/tools-manual/zephyr-sdk-1.0.0-beta1/gnu/riscv64-zephyr-elf/riscv64-zephyr-elf/sys-include/sys/syslimits.h:46:9: note: this is the location of the previous definition
   46 | #define TZNAME_MAX                 10   /* max time zone name length */
      |         ^~~~~~~~~~
[19/216] Building C object CMakeFiles/modelblaster_mlp_control_gemmini_q31_objs.dir/scratch2/agustin/ModelBlaster/examples/mlp_control/int8/generated/gemmini_q31/model.c.obj
[20/216] Generating include/generated/zephyr/offsets.h
[21/216] Building C object CMakeFiles/modelblaster_dronet_gemmini_q31_objs.dir/scratch2/agustin/ModelBlaster/examples/dronet/int8/generated/gemmini_q31/kernels.c.obj
[22/216] Building C object CMakeFiles/modelblaster_yolov8_nano_gemmini_q31_objs.dir/scratch2/agustin/ModelBlaster/examples/yolov8_nano/int8/generated/gemmini_q31/kernels.c.obj
[23/216] Generating include/generated/zephyr/version.h
-- Zephyr version: 4.2.99 (/scratch2/agustin/zephyr-chipyard-sw/zephyr_ws/zephyr), build: 852bb170cc56
[24/216] Building C object CMakeFiles/modelblaster_dronet_gemmini_q31_objs.dir/scratch2/agustin/ModelBlaster/examples/dronet/int8/generated/gemmini_q31/model.c.obj
[25/216] Building C object CMakeFiles/modelblaster_dronet_rvv_opu_objs.dir/scratch2/agustin/ModelBlaster/examples/dronet/int8/generated/rvv_opu/model.c.obj
[26/216] Building ASM object zephyr/CMakeFiles/zephyr.dir/soc/common/riscv-privileged/vector.S.obj
[27/216] Building C object zephyr/CMakeFiles/zephyr.dir/lib/utils/last_section_id.c.obj
[28/216] Building C object CMakeFiles/app.dir/scratch2/agustin/ModelBlaster/examples/xpurt_demo/fp32/generated/xpurt_demo_schedule.c.obj
[29/216] Building ASM object zephyr/CMakeFiles/zephyr.dir/soc/common/riscv-privileged/soc_irq.S.obj
[30/216] Building C object zephyr/CMakeFiles/zephyr.dir/soc/rocketchip/virt_riscv/common/tacit/tacit.c.obj
In file included from /scratch2/agustin/zephyr-chipyard-sw/zephyr_ws/zephyr/soc/rocketchip/virt_riscv/common/tacit/tacit.c:6:
/scratch2/agustin/zephyr-chipyard-sw/zephyr_ws/zephyr/soc/rocketchip/virt_riscv/common/tacit/tacit.h: In function 'l_trace_encoder_get':
/scratch2/agustin/zephyr-chipyard-sw/zephyr_ws/zephyr/soc/rocketchip/virt_riscv/common/tacit/tacit.h:50:10: warning: cast to pointer from integer of different size [-Wint-to-pointer-cast]
   50 |   return (LTraceEncoderType *)(L_TRACE_ENCODER_BASE_ADDRESS + hart_id * 0x1000);
      |          ^
/scratch2/agustin/zephyr-chipyard-sw/zephyr_ws/zephyr/soc/rocketchip/virt_riscv/common/tacit/tacit.h: In function 'l_trace_sink_dma_get':
/scratch2/agustin/zephyr-chipyard-sw/zephyr_ws/zephyr/soc/rocketchip/virt_riscv/common/tacit/tacit.h:54:10: warning: cast to pointer from integer of different size [-Wint-to-pointer-cast]
   54 |   return (LTraceSinkDmaType *)(L_TRACE_SINK_DMA_BASE_ADDRESS + hart_id * 0x1000);
      |          ^
[31/216] Building C object zephyr/CMakeFiles/zephyr.dir/misc/generated/configs.c.obj
[32/216] Building C object zephyr/CMakeFiles/zephyr.dir/lib/hash/hash_func32_djb2.c.obj
[33/216] Building C object CMakeFiles/modelblaster_mlp_control_rvv_opu_objs.dir/scratch2/agustin/ModelBlaster/examples/mlp_control/int8/generated/rvv_opu/kernels.c.obj
[34/216] Generating linker_zephyr_pre0.cmd
[35/216] Building C object zephyr/CMakeFiles/zephyr.dir/lib/utils/dec.c.obj
[36/216] Building C object zephyr/arch/common/CMakeFiles/arch__common.dir/init.c.obj
[37/216] Building C object zephyr/CMakeFiles/zephyr.dir/lib/hash/hash_func32_murmur3.c.obj
[38/216] Building C object zephyr/arch/common/CMakeFiles/isr_tables.dir/isr_tables.c.obj
[39/216] Building C object zephyr/CMakeFiles/zephyr.dir/lib/utils/bitmask.c.obj
[40/216] Building C object zephyr/CMakeFiles/zephyr.dir/lib/utils/hex.c.obj
[41/216] Building C object zephyr/arch/arch/riscv/core/CMakeFiles/arch__riscv__core.dir/prep_c.c.obj
[42/216] Building ASM object zephyr/arch/arch/riscv/core/CMakeFiles/arch__riscv__core.dir/switch.S.obj
[43/216] Building ASM object zephyr/arch/arch/riscv/core/CMakeFiles/arch__riscv__core.dir/fpu.S.obj
[44/216] Building C object zephyr/arch/common/CMakeFiles/arch__common.dir/sw_isr_common.c.obj
[45/216] Building C object zephyr/CMakeFiles/zephyr.dir/lib/libc/validate_libc.c.obj
[46/216] Building C object zephyr/CMakeFiles/zephyr.dir/soc/common/riscv-privileged/soc_common_irq.c.obj
[47/216] Building ASM object zephyr/arch/arch/riscv/core/CMakeFiles/arch__riscv__core.dir/reset.S.obj
[48/216] Building C object zephyr/CMakeFiles/zephyr.dir/lib/os/sem.c.obj
[49/216] Building C object zephyr/CMakeFiles/zephyr.dir/lib/os/thread_entry.c.obj
[50/216] Building C object zephyr/CMakeFiles/zephyr.dir/lib/os/reboot.c.obj
[51/216] Building C object zephyr/CMakeFiles/zephyr.dir/subsys/tracing/tracing_none.c.obj
[52/216] Building C object CMakeFiles/modelblaster_dronet_weights_obj.dir/scratch2/agustin/ModelBlaster/examples/dronet/int8/generated/gemmini_q31/weights.c.obj
[53/216] Building C object zephyr/arch/common/CMakeFiles/arch__common.dir/multilevel_irq.c.obj
[54/216] Building C object zephyr/arch/arch/riscv/core/CMakeFiles/arch__riscv__core.dir/cpu_idle.c.obj
[55/216] Linking C static library zephyr/arch/common/libisr_tables.a
[56/216] Building C object zephyr/CMakeFiles/zephyr.dir/lib/os/assert.c.obj
[57/216] Building C object zephyr/CMakeFiles/zephyr.dir/lib/utils/timeutil.c.obj
[58/216] Building C object zephyr/CMakeFiles/zephyr.dir/soc/rocketchip/virt_riscv/common/soc.c.obj
[59/216] Building C object zephyr/CMakeFiles/zephyr.dir/lib/os/printk.c.obj
[60/216] Building C object zephyr/arch/common/CMakeFiles/arch__common.dir/timing.c.obj
[61/216] Building C object zephyr/arch/arch/riscv/core/CMakeFiles/arch__riscv__core.dir/fatal.c.obj
[62/216] Building C object zephyr/arch/arch/riscv/core/CMakeFiles/arch__riscv__core.dir/irq_manage.c.obj
[63/216] Building ASM object zephyr/arch/arch/riscv/core/CMakeFiles/arch__riscv__core.dir/isr.S.obj
[64/216] Building C object zephyr/arch/arch/riscv/core/CMakeFiles/arch__riscv__core.dir/reboot.c.obj
[65/216] Building C object zephyr/arch/arch/riscv/core/CMakeFiles/arch__riscv__core.dir/thread.c.obj
[66/216] Building C object zephyr/arch/arch/riscv/core/CMakeFiles/arch__riscv__core.dir/smp.c.obj
[67/216] Generating ../../../include/generated/posix/strsignal_table.h
[68/216] Linking C static library zephyr/arch/common/libarch__common.a
[69/216] Building C object zephyr/CMakeFiles/zephyr.dir/lib/os/clock.c.obj
[70/216] Building C object zephyr/CMakeFiles/zephyr.dir/lib/utils/ring_buffer.c.obj
[71/216] Building C object zephyr/lib/libc/common/CMakeFiles/lib__libc__common.dir/source/time/time.c.obj
[72/216] Building C object zephyr/arch/arch/riscv/core/CMakeFiles/arch__riscv__core.dir/ipi_clint.c.obj
[73/216] Building C object CMakeFiles/modelblaster_dronet_rvv_opu_objs.dir/scratch2/agustin/ModelBlaster/examples/dronet/int8/generated/rvv_opu/kernels.c.obj
[74/216] Building C object zephyr/arch/arch/riscv/core/CMakeFiles/arch__riscv__core.dir/ipi.c.obj
[75/216] Building C object zephyr/arch/arch/riscv/core/CMakeFiles/arch__riscv__core.dir/tls.c.obj
[76/216] Building C object zephyr/lib/libc/picolibc/CMakeFiles/lib__libc__picolibc.dir/errno_wrap.c.obj
[77/216] Building C object zephyr/lib/libc/common/CMakeFiles/lib__libc__common.dir/source/stdio/remove.c.obj
[78/216] Building C object zephyr/CMakeFiles/zephyr.dir/lib/os/fdtable.c.obj
[79/216] Building C object zephyr/lib/libc/picolibc/CMakeFiles/lib__libc__picolibc.dir/chk_fail.c.obj
[80/216] Building C object zephyr/CMakeFiles/zephyr_pre0.dir/misc/empty_file.c.obj
[81/216] Building C object zephyr/lib/libc/picolibc/CMakeFiles/lib__libc__picolibc.dir/assert.c.obj
[82/216] Building C object zephyr/lib/libc/picolibc/CMakeFiles/lib__libc__picolibc.dir/cbprintf.c.obj
[83/216] Building C object zephyr/lib/libc/common/CMakeFiles/lib__libc__common.dir/source/stdlib/abort.c.obj
[84/216] Building C object zephyr/lib/libc/picolibc/CMakeFiles/lib__libc__picolibc.dir/exit.c.obj
[85/216] Building C object CMakeFiles/modelblaster_yolov8_nano_rvv_opu_objs.dir/scratch2/agustin/ModelBlaster/examples/yolov8_nano/int8/generated/rvv_opu/kernels.c.obj
[86/216] Building C object zephyr/arch/arch/riscv/core/CMakeFiles/arch__riscv__core.dir/fpu.c.obj
[87/216] Building C object zephyr/lib/libc/common/CMakeFiles/lib__libc__common.dir/source/thrd/once.c.obj
In file included from /scratch2/agustin/zephyr-chipyard-sw/zephyr_ws/zephyr/include/zephyr/posix/sys/sysconf.h:11,
                 from /scratch2/agustin/zephyr-chipyard-sw/zephyr_ws/zephyr/include/zephyr/posix/unistd.h:18,
                 from /scratch2/agustin/zephyr-chipyard-sw/zephyr_ws/zephyr/include/zephyr/posix/pthread.h:15,
                 from /scratch2/agustin/zephyr-chipyard-sw/zephyr_ws/zephyr/lib/libc/common/source/thrd/once.c:11:
/scratch2/agustin/zephyr-chipyard-sw/zephyr_ws/zephyr/include/zephyr/posix/posix_limits.h:23:9: warning: "_POSIX_AIO_LISTIO_MAX" redefined
   23 | #define _POSIX_AIO_LISTIO_MAX               (2)
      |         ^~~~~~~~~~~~~~~~~~~~~
In file included from /scratch2/dima/zephyr-chipyard-sw-fresh/tools-manual/zephyr-sdk-1.0.0-beta1/gnu/riscv64-zephyr-elf/riscv64-zephyr-elf/sys-include/limits.h:6,
                 from /scratch2/dima/zephyr-chipyard-sw-fresh/tools-manual/zephyr-sdk-1.0.0-beta1/gnu/riscv64-zephyr-elf/lib/gcc/riscv64-zephyr-elf/14.3.0/include/limits.h:210,
                 from /scratch2/dima/zephyr-chipyard-sw-fresh/tools-manual/zephyr-sdk-1.0.0-beta1/gnu/riscv64-zephyr-elf/lib/gcc/riscv64-zephyr-elf/14.3.0/include/syslimits.h:7,
                 from /scratch2/dima/zephyr-chipyard-sw-fresh/tools-manual/zephyr-sdk-1.0.0-beta1/gnu/riscv64-zephyr-elf/lib/gcc/riscv64-zephyr-elf/14.3.0/include/limits.h:34,
                 from /scratch2/agustin/zephyr-chipyard-sw/zephyr_ws/zephyr/include/zephyr/kernel_includes.h:22,
                 from /scratch2/agustin/zephyr-chipyard-sw/zephyr_ws/zephyr/include/zephyr/kernel.h:17,
                 from /scratch2/agustin/zephyr-chipyard-sw/zephyr_ws/zephyr/lib/libc/common/source/thrd/once.c:10:
/scratch2/dima/zephyr-chipyard-sw-fresh/tools-manual/zephyr-sdk-1.0.0-beta1/gnu/riscv64-zephyr-elf/riscv64-zephyr-elf/sys-include/sys/syslimits.h:63:9: note: this is the location of the previous definition
   63 | #define _POSIX_AIO_LISTIO_MAX   2
      |         ^~~~~~~~~~~~~~~~~~~~~
/scratch2/agustin/zephyr-chipyard-sw/zephyr_ws/zephyr/include/zephyr/posix/posix_limits.h:24:9: warning: "_POSIX_AIO_MAX" redefined
   24 | #define _POSIX_AIO_MAX                      (1)
      |         ^~~~~~~~~~~~~~
/scratch2/dima/zephyr-chipyard-sw-fresh/tools-manual/zephyr-sdk-1.0.0-beta1/gnu/riscv64-zephyr-elf/riscv64-zephyr-elf/sys-include/sys/syslimits.h:64:9: note: this is the location of the previous definition
   64 | #define _POSIX_AIO_MAX          1
      |         ^~~~~~~~~~~~~~
/scratch2/agustin/zephyr-chipyard-sw/zephyr_ws/zephyr/include/zephyr/posix/posix_limits.h:25:9: warning: "_POSIX_ARG_MAX" redefined
   25 | #define _POSIX_ARG_MAX                      (4096)
      |         ^~~~~~~~~~~~~~
/scratch2/dima/zephyr-chipyard-sw-fresh/tools-manual/zephyr-sdk-1.0.0-beta1/gnu/riscv64-zephyr-elf/riscv64-zephyr-elf/sys-include/sys/syslimits.h:65:9: note: this is the location of the previous definition
   65 | #define _POSIX_ARG_MAX          4096
      |         ^~~~~~~~~~~~~~
/scratch2/agustin/zephyr-chipyard-sw/zephyr_ws/zephyr/include/zephyr/posix/posix_limits.h:26:9: warning: "_POSIX_CHILD_MAX" redefined
   26 | #define _POSIX_CHILD_MAX                    (25)
      |         ^~~~~~~~~~~~~~~~
/scratch2/dima/zephyr-chipyard-sw-fresh/tools-manual/zephyr-sdk-1.0.0-beta1/gnu/riscv64-zephyr-elf/riscv64-zephyr-elf/sys-include/sys/syslimits.h:66:9: note: this is the location of the previous definition
   66 | #define _POSIX_CHILD_MAX        6
      |         ^~~~~~~~~~~~~~~~
/scratch2/agustin/zephyr-chipyard-sw/zephyr_ws/zephyr/include/zephyr/posix/posix_limits.h:27:9: warning: "_POSIX_DELAYTIMER_MAX" redefined
   27 | #define _POSIX_DELAYTIMER_MAX               (32)
      |         ^~~~~~~~~~~~~~~~~~~~~
/scratch2/dima/zephyr-chipyard-sw-fresh/tools-manual/zephyr-sdk-1.0.0-beta1/gnu/riscv64-zephyr-elf/riscv64-zephyr-elf/sys-include/sys/syslimits.h:67:9: note: this is the location of the previous definition
   67 | #define _POSIX_DELAYTIMER_MAX   32
      |         ^~~~~~~~~~~~~~~~~~~~~
/scratch2/agustin/zephyr-chipyard-sw/zephyr_ws/zephyr/include/zephyr/posix/posix_limits.h:28:9: warning: "_POSIX_HOST_NAME_MAX" redefined
   28 | #define _POSIX_HOST_NAME_MAX                (255)
      |         ^~~~~~~~~~~~~~~~~~~~
/scratch2/dima/zephyr-chipyard-sw-fresh/tools-manual/zephyr-sdk-1.0.0-beta1/gnu/riscv64-zephyr-elf/riscv64-zephyr-elf/sys-include/sys/syslimits.h:68:9: note: this is the location of the previous definition
   68 | #define _POSIX_HOST_NAME_MAX    255
      |         ^~~~~~~~~~~~~~~~~~~~
/scratch2/agustin/zephyr-chipyard-sw/zephyr_ws/zephyr/include/zephyr/posix/posix_limits.h:29:9: warning: "_POSIX_LINK_MAX" redefined
   29 | #define _POSIX_LINK_MAX                     (8)
      |         ^~~~~~~~~~~~~~~
/scratch2/dima/zephyr-chipyard-sw-fresh/tools-manual/zephyr-sdk-1.0.0-beta1/gnu/riscv64-zephyr-elf/riscv64-zephyr-elf/sys-include/sys/syslimits.h:69:9: note: this is the location of the previous definition
   69 | #define _POSIX_LINK_MAX         8
      |         ^~~~~~~~~~~~~~~
/scratch2/agustin/zephyr-chipyard-sw/zephyr_ws/zephyr/include/zephyr/posix/posix_limits.h:30:9: warning: "_POSIX_LOGIN_NAME_MAX" redefined
   30 | #define _POSIX_LOGIN_NAME_MAX               (9)
      |         ^~~~~~~~~~~~~~~~~~~~~
/scratch2/dima/zephyr-chipyard-sw-fresh/tools-manual/zephyr-sdk-1.0.0-beta1/gnu/riscv64-zephyr-elf/riscv64-zephyr-elf/sys-include/sys/syslimits.h:70:9: note: this is the location of the previous definition
   70 | #define _POSIX_LOGIN_NAME_MAX   9
      |         ^~~~~~~~~~~~~~~~~~~~~
/scratch2/agustin/zephyr-chipyard-sw/zephyr_ws/zephyr/include/zephyr/posix/posix_limits.h:31:9: warning: "_POSIX_MAX_CANON" redefined
   31 | #define _POSIX_MAX_CANON                    (255)
      |         ^~~~~~~~~~~~~~~~
/scratch2/dima/zephyr-chipyard-sw-fresh/tools-manual/zephyr-sdk-1.0.0-beta1/gnu/riscv64-zephyr-elf/riscv64-zephyr-elf/sys-include/sys/syslimits.h:71:9: note: this is the location of the previous definition
   71 | #define _POSIX_MAX_CANON        255
      |         ^~~~~~~~~~~~~~~~
/scratch2/agustin/zephyr-chipyard-sw/zephyr_ws/zephyr/include/zephyr/posix/posix_limits.h:32:9: warning: "_POSIX_MAX_INPUT" redefined
   32 | #define _POSIX_MAX_INPUT                    (255)
      |         ^~~~~~~~~~~~~~~~
/scratch2/dima/zephyr-chipyard-sw-fresh/tools-manual/zephyr-sdk-1.0.0-beta1/gnu/riscv64-zephyr-elf/riscv64-zephyr-elf/sys-include/sys/syslimits.h:72:9: note: this is the location of the previous definition
   72 | #define _POSIX_MAX_INPUT        255
      |         ^~~~~~~~~~~~~~~~
/scratch2/agustin/zephyr-chipyard-sw/zephyr_ws/zephyr/include/zephyr/posix/posix_limits.h:33:9: warning: "_POSIX_MQ_OPEN_MAX" redefined
   33 | #define _POSIX_MQ_OPEN_MAX                  (8)
      |         ^~~~~~~~~~~~~~~~~~
/scratch2/dima/zephyr-chipyard-sw-fresh/tools-manual/zephyr-sdk-1.0.0-beta1/gnu/riscv64-zephyr-elf/riscv64-zephyr-elf/sys-include/sys/syslimits.h:73:9: note: this is the location of the previous definition
   73 | #define _POSIX_MQ_OPEN_MAX      8
      |         ^~~~~~~~~~~~~~~~~~
/scratch2/agustin/zephyr-chipyard-sw/zephyr_ws/zephyr/include/zephyr/posix/posix_limits.h:34:9: warning: "_POSIX_MQ_PRIO_MAX" redefined
   34 | #define _POSIX_MQ_PRIO_MAX                  (32)
      |         ^~~~~~~~~~~~~~~~~~
/scratch2/dima/zephyr-chipyard-sw-fresh/tools-manual/zephyr-sdk-1.0.0-beta1/gnu/riscv64-zephyr-elf/riscv64-zephyr-elf/sys-include/sys/syslimits.h:74:9: note: this is the location of the previous definition
   74 | #define _POSIX_MQ_PRIO_MAX      32
      |         ^~~~~~~~~~~~~~~~~~
/scratch2/agustin/zephyr-chipyard-sw/zephyr_ws/zephyr/include/zephyr/posix/posix_limits.h:35:9: warning: "_POSIX_NAME_MAX" redefined
   35 | #define _POSIX_NAME_MAX                     (14)
      |         ^~~~~~~~~~~~~~~
/scratch2/dima/zephyr-chipyard-sw-fresh/tools-manual/zephyr-sdk-1.0.0-beta1/gnu/riscv64-zephyr-elf/riscv64-zephyr-elf/sys-include/sys/syslimits.h:75:9: note: this is the location of the previous definition
   75 | #define _POSIX_NAME_MAX         14
      |         ^~~~~~~~~~~~~~~
/scratch2/agustin/zephyr-chipyard-sw/zephyr_ws/zephyr/include/zephyr/posix/posix_limits.h:36:9: warning: "_POSIX_NGROUPS_MAX" redefined
   36 | #define _POSIX_NGROUPS_MAX                  (8)
      |         ^~~~~~~~~~~~~~~~~~
/scratch2/dima/zephyr-chipyard-sw-fresh/tools-manual/zephyr-sdk-1.0.0-beta1/gnu/riscv64-zephyr-elf/riscv64-zephyr-elf/sys-include/sys/syslimits.h:76:9: note: this is the location of the previous definition
   76 | #define _POSIX_NGROUPS_MAX      0
      |         ^~~~~~~~~~~~~~~~~~
/scratch2/agustin/zephyr-chipyard-sw/zephyr_ws/zephyr/include/zephyr/posix/posix_limits.h:37:9: warning: "_POSIX_OPEN_MAX" redefined
   37 | #define _POSIX_OPEN_MAX                     (20)
      |         ^~~~~~~~~~~~~~~
/scratch2/dima/zephyr-chipyard-sw-fresh/tools-manual/zephyr-sdk-1.0.0-beta1/gnu/riscv64-zephyr-elf/riscv64-zephyr-elf/sys-include/sys/syslimits.h:77:9: note: this is the location of the previous definition
   77 | #define _POSIX_OPEN_MAX         16
      |         ^~~~~~~~~~~~~~~
/scratch2/agustin/zephyr-chipyard-sw/zephyr_ws/zephyr/include/zephyr/posix/posix_limits.h:38:9: warning: "_POSIX_PATH_MAX" redefined
   38 | #define _POSIX_PATH_MAX                     (256)
      |         ^~~~~~~~~~~~~~~
/scratch2/dima/zephyr-chipyard-sw-fresh/tools-manual/zephyr-sdk-1.0.0-beta1/gnu/riscv64-zephyr-elf/riscv64-zephyr-elf/sys-include/sys/syslimits.h:78:9: note: this is the location of the previous definition
   78 | #define _POSIX_PATH_MAX         255
      |         ^~~~~~~~~~~~~~~
/scratch2/agustin/zephyr-chipyard-sw/zephyr_ws/zephyr/include/zephyr/posix/posix_limits.h:39:9: warning: "_POSIX_PIPE_BUF" redefined
   39 | #define _POSIX_PIPE_BUF                     (512)
      |         ^~~~~~~~~~~~~~~
/scratch2/dima/zephyr-chipyard-sw-fresh/tools-manual/zephyr-sdk-1.0.0-beta1/gnu/riscv64-zephyr-elf/riscv64-zephyr-elf/sys-include/sys/syslimits.h:79:9: note: this is the location of the previous definition
   79 | #define _POSIX_PIPE_BUF         512
      |         ^~~~~~~~~~~~~~~
/scratch2/agustin/zephyr-chipyard-sw/zephyr_ws/zephyr/include/zephyr/posix/posix_limits.h:40:9: warning: "_POSIX_RE_DUP_MAX" redefined
   40 | #define _POSIX_RE_DUP_MAX                   (255)
      |         ^~~~~~~~~~~~~~~~~
/scratch2/dima/zephyr-chipyard-sw-fresh/tools-manual/zephyr-sdk-1.0.0-beta1/gnu/riscv64-zephyr-elf/riscv64-zephyr-elf/sys-include/sys/syslimits.h:80:9: note: this is the location of the previous definition
   80 | #define _POSIX_RE_DUP_MAX       255
      |         ^~~~~~~~~~~~~~~~~
/scratch2/agustin/zephyr-chipyard-sw/zephyr_ws/zephyr/include/zephyr/posix/posix_limits.h:41:9: warning: "_POSIX_RTSIG_MAX" redefined
   41 | #define _POSIX_RTSIG_MAX                    (8)
      |         ^~~~~~~~~~~~~~~~
/scratch2/dima/zephyr-chipyard-sw-fresh/tools-manual/zephyr-sdk-1.0.0-beta1/gnu/riscv64-zephyr-elf/riscv64-zephyr-elf/sys-include/sys/syslimits.h:81:9: note: this is the location of the previous definition
   81 | #define _POSIX_RTSIG_MAX        8
      |         ^~~~~~~~~~~~~~~~
/scratch2/agustin/zephyr-chipyard-sw/zephyr_ws/zephyr/include/zephyr/posix/posix_limits.h:42:9: warning: "_POSIX_SEM_NSEMS_MAX" redefined
   42 | #define _POSIX_SEM_NSEMS_MAX                (256)
      |         ^~~~~~~~~~~~~~~~~~~~
/scratch2/dima/zephyr-chipyard-sw-fresh/tools-manual/zephyr-sdk-1.0.0-beta1/gnu/riscv64-zephyr-elf/riscv64-zephyr-elf/sys-include/sys/syslimits.h:82:9: note: this is the location of the previous definition
   82 | #define _POSIX_SEM_NSEMS_MAX    256
      |         ^~~~~~~~~~~~~~~~~~~~
/scratch2/agustin/zephyr-chipyard-sw/zephyr_ws/zephyr/include/zephyr/posix/posix_limits.h:43:9: warning: "_POSIX_SEM_VALUE_MAX" redefined
   43 | #define _POSIX_SEM_VALUE_MAX                (32767)
      |         ^~~~~~~~~~~~~~~~~~~~
/scratch2/dima/zephyr-chipyard-sw-fresh/tools-manual/zephyr-sdk-1.0.0-beta1/gnu/riscv64-zephyr-elf/riscv64-zephyr-elf/sys-include/sys/syslimits.h:83:9: note: this is the location of the previous definition
   83 | #define _POSIX_SEM_VALUE_MAX    32767
      |         ^~~~~~~~~~~~~~~~~~~~
/scratch2/agustin/zephyr-chipyard-sw/zephyr_ws/zephyr/include/zephyr/posix/posix_limits.h:44:9: warning: "_POSIX_SIGQUEUE_MAX" redefined
   44 | #define _POSIX_SIGQUEUE_MAX                 (32)
      |         ^~~~~~~~~~~~~~~~~~~
/scratch2/dima/zephyr-chipyard-sw-fresh/tools-manual/zephyr-sdk-1.0.0-beta1/gnu/riscv64-zephyr-elf/riscv64-zephyr-elf/sys-include/sys/syslimits.h:84:9: note: this is the location of the previous definition
   84 | #define _POSIX_SIGQUEUE_MAX     32
      |         ^~~~~~~~~~~~~~~~~~~
/scratch2/agustin/zephyr-chipyard-sw/zephyr_ws/zephyr/include/zephyr/posix/posix_limits.h:45:9: warning: "_POSIX_SSIZE_MAX" redefined
   45 | #define _POSIX_SSIZE_MAX                    (32767)
      |         ^~~~~~~~~~~~~~~~
/scratch2/dima/zephyr-chipyard-sw-fresh/tools-manual/zephyr-sdk-1.0.0-beta1/gnu/riscv64-zephyr-elf/riscv64-zephyr-elf/sys-include/sys/syslimits.h:85:9: note: this is the location of the previous definition
   85 | #define _POSIX_SSIZE_MAX        32767
      |         ^~~~~~~~~~~~~~~~
/scratch2/agustin/zephyr-chipyard-sw/zephyr_ws/zephyr/include/zephyr/posix/posix_limits.h:46:9: warning: "_POSIX_SS_REPL_MAX" redefined
   46 | #define _POSIX_SS_REPL_MAX                  (4)
      |         ^~~~~~~~~~~~~~~~~~
/scratch2/dima/zephyr-chipyard-sw-fresh/tools-manual/zephyr-sdk-1.0.0-beta1/gnu/riscv64-zephyr-elf/riscv64-zephyr-elf/sys-include/sys/syslimits.h:86:9: note: this is the location of the previous definition
   86 | #define _POSIX_SS_REPL_MAX      4
      |         ^~~~~~~~~~~~~~~~~~
/scratch2/agustin/zephyr-chipyard-sw/zephyr_ws/zephyr/include/zephyr/posix/posix_limits.h:47:9: warning: "_POSIX_STREAM_MAX" redefined
   47 | #define _POSIX_STREAM_MAX                   (8)
      |         ^~~~~~~~~~~~~~~~~
/scratch2/dima/zephyr-chipyard-sw-fresh/tools-manual/zephyr-sdk-1.0.0-beta1/gnu/riscv64-zephyr-elf/riscv64-zephyr-elf/sys-include/sys/syslimits.h:87:9: note: this is the location of the previous definition
   87 | #define _POSIX_STREAM_MAX       8
      |         ^~~~~~~~~~~~~~~~~
/scratch2/agustin/zephyr-chipyard-sw/zephyr_ws/zephyr/include/zephyr/posix/posix_limits.h:48:9: warning: "_POSIX_SYMLINK_MAX" redefined
   48 | #define _POSIX_SYMLINK_MAX                  (255)
      |         ^~~~~~~~~~~~~~~~~~
/scratch2/dima/zephyr-chipyard-sw-fresh/tools-manual/zephyr-sdk-1.0.0-beta1/gnu/riscv64-zephyr-elf/riscv64-zephyr-elf/sys-include/sys/syslimits.h:88:9: note: this is the location of the previous definition
   88 | #define _POSIX_SYMLINK_MAX      255
      |         ^~~~~~~~~~~~~~~~~~
/scratch2/agustin/zephyr-chipyard-sw/zephyr_ws/zephyr/include/zephyr/posix/posix_limits.h:49:9: warning: "_POSIX_SYMLOOP_MAX" redefined
   49 | #define _POSIX_SYMLOOP_MAX                  (8)
      |         ^~~~~~~~~~~~~~~~~~
/scratch2/dima/zephyr-chipyard-sw-fresh/tools-manual/zephyr-sdk-1.0.0-beta1/gnu/riscv64-zephyr-elf/riscv64-zephyr-elf/sys-include/sys/syslimits.h:89:9: note: this is the location of the previous definition
   89 | #define _POSIX_SYMLOOP_MAX      8
      |         ^~~~~~~~~~~~~~~~~~
/scratch2/agustin/zephyr-chipyard-sw/zephyr_ws/zephyr/include/zephyr/posix/posix_limits.h:50:9: warning: "_POSIX_THREAD_DESTRUCTOR_ITERATIONS" redefined
   50 | #define _POSIX_THREAD_DESTRUCTOR_ITERATIONS (4)
      |         ^~~~~~~~~~~~~~~~~~~~~~~~~~~~~~~~~~~
/scratch2/dima/zephyr-chipyard-sw-fresh/tools-manual/zephyr-sdk-1.0.0-beta1/gnu/riscv64-zephyr-elf/riscv64-zephyr-elf/sys-include/sys/syslimits.h:90:9: note: this is the location of the previous definition
   90 | #define _POSIX_THREAD_DESTRUCTOR_ITERATIONS     4
      |         ^~~~~~~~~~~~~~~~~~~~~~~~~~~~~~~~~~~
/scratch2/agustin/zephyr-chipyard-sw/zephyr_ws/zephyr/include/zephyr/posix/posix_limits.h:51:9: warning: "_POSIX_THREAD_KEYS_MAX" redefined
   51 | #define _POSIX_THREAD_KEYS_MAX              (128)
      |         ^~~~~~~~~~~~~~~~~~~~~~
/scratch2/dima/zephyr-chipyard-sw-fresh/tools-manual/zephyr-sdk-1.0.0-beta1/gnu/riscv64-zephyr-elf/riscv64-zephyr-elf/sys-include/sys/syslimits.h:91:9: note: this is the location of the previous definition
   91 | #define _POSIX_THREAD_KEYS_MAX  128
      |         ^~~~~~~~~~~~~~~~~~~~~~
/scratch2/agustin/zephyr-chipyard-sw/zephyr_ws/zephyr/include/zephyr/posix/posix_limits.h:52:9: warning: "_POSIX_THREAD_THREADS_MAX" redefined
   52 | #define _POSIX_THREAD_THREADS_MAX           (64)
      |         ^~~~~~~~~~~~~~~~~~~~~~~~~
/scratch2/dima/zephyr-chipyard-sw-fresh/tools-manual/zephyr-sdk-1.0.0-beta1/gnu/riscv64-zephyr-elf/riscv64-zephyr-elf/sys-include/sys/syslimits.h:92:9: note: this is the location of the previous definition
   92 | #define _POSIX_THREAD_THREADS_MAX       64
      |         ^~~~~~~~~~~~~~~~~~~~~~~~~
/scratch2/agustin/zephyr-chipyard-sw/zephyr_ws/zephyr/include/zephyr/posix/posix_limits.h:53:9: warning: "_POSIX_TIMER_MAX" redefined
   53 | #define _POSIX_TIMER_MAX                    (32)
      |         ^~~~~~~~~~~~~~~~
/scratch2/dima/zephyr-chipyard-sw-fresh/tools-manual/zephyr-sdk-1.0.0-beta1/gnu/riscv64-zephyr-elf/riscv64-zephyr-elf/sys-include/sys/syslimits.h:93:9: note: this is the location of the previous definition
   93 | #define _POSIX_TIMER_MAX        32
      |         ^~~~~~~~~~~~~~~~
/scratch2/agustin/zephyr-chipyard-sw/zephyr_ws/zephyr/include/zephyr/posix/posix_limits.h:54:9: warning: "_POSIX_TRACE_EVENT_NAME_MAX" redefined
   54 | #define _POSIX_TRACE_EVENT_NAME_MAX         (30)
      |         ^~~~~~~~~~~~~~~~~~~~~~~~~~~
/scratch2/dima/zephyr-chipyard-sw-fresh/tools-manual/zephyr-sdk-1.0.0-beta1/gnu/riscv64-zephyr-elf/riscv64-zephyr-elf/sys-include/sys/syslimits.h:94:9: note: this is the location of the previous definition
   94 | #define _POSIX_TRACE_EVENT_NAME_MAX     30
      |         ^~~~~~~~~~~~~~~~~~~~~~~~~~~
/scratch2/agustin/zephyr-chipyard-sw/zephyr_ws/zephyr/include/zephyr/posix/posix_limits.h:55:9: warning: "_POSIX_TRACE_NAME_MAX" redefined
   55 | #define _POSIX_TRACE_NAME_MAX               (8)
      |         ^~~~~~~~~~~~~~~~~~~~~
/scratch2/dima/zephyr-chipyard-sw-fresh/tools-manual/zephyr-sdk-1.0.0-beta1/gnu/riscv64-zephyr-elf/riscv64-zephyr-elf/sys-include/sys/syslimits.h:95:9: note: this is the location of the previous definition
   95 | #define _POSIX_TRACE_NAME_MAX   8
      |         ^~~~~~~~~~~~~~~~~~~~~
/scratch2/agustin/zephyr-chipyard-sw/zephyr_ws/zephyr/include/zephyr/posix/posix_limits.h:56:9: warning: "_POSIX_TRACE_SYS_MAX" redefined
   56 | #define _POSIX_TRACE_SYS_MAX                (8)
      |         ^~~~~~~~~~~~~~~~~~~~
/scratch2/dima/zephyr-chipyard-sw-fresh/tools-manual/zephyr-sdk-1.0.0-beta1/gnu/riscv64-zephyr-elf/riscv64-zephyr-elf/sys-include/sys/syslimits.h:96:9: note: this is the location of the previous definition
   96 | #define _POSIX_TRACE_SYS_MAX    8
      |         ^~~~~~~~~~~~~~~~~~~~
/scratch2/agustin/zephyr-chipyard-sw/zephyr_ws/zephyr/include/zephyr/posix/posix_limits.h:57:9: warning: "_POSIX_TRACE_USER_EVENT_MAX" redefined
   57 | #define _POSIX_TRACE_USER_EVENT_MAX         (32)
      |         ^~~~~~~~~~~~~~~~~~~~~~~~~~~
/scratch2/dima/zephyr-chipyard-sw-fresh/tools-manual/zephyr-sdk-1.0.0-beta1/gnu/riscv64-zephyr-elf/riscv64-zephyr-elf/sys-include/sys/syslimits.h:97:9: note: this is the location of the previous definition
   97 | #define _POSIX_TRACE_USER_EVENT_MAX     32
      |         ^~~~~~~~~~~~~~~~~~~~~~~~~~~
/scratch2/agustin/zephyr-chipyard-sw/zephyr_ws/zephyr/include/zephyr/posix/posix_limits.h:58:9: warning: "_POSIX_TTY_NAME_MAX" redefined
   58 | #define _POSIX_TTY_NAME_MAX                 (9)
      |         ^~~~~~~~~~~~~~~~~~~
/scratch2/dima/zephyr-chipyard-sw-fresh/tools-manual/zephyr-sdk-1.0.0-beta1/gnu/riscv64-zephyr-elf/riscv64-zephyr-elf/sys-include/sys/syslimits.h:98:9: note: this is the location of the previous definition
   98 | #define _POSIX_TTY_NAME_MAX     9
      |         ^~~~~~~~~~~~~~~~~~~
/scratch2/agustin/zephyr-chipyard-sw/zephyr_ws/zephyr/include/zephyr/posix/posix_limits.h:59:9: warning: "_POSIX_TZNAME_MAX" redefined
   59 | #define _POSIX_TZNAME_MAX                   (6)
      |         ^~~~~~~~~~~~~~~~~
/scratch2/dima/zephyr-chipyard-sw-fresh/tools-manual/zephyr-sdk-1.0.0-beta1/gnu/riscv64-zephyr-elf/riscv64-zephyr-elf/sys-include/sys/syslimits.h:99:9: note: this is the location of the previous definition
   99 | #define _POSIX_TZNAME_MAX       3
      |         ^~~~~~~~~~~~~~~~~
/scratch2/agustin/zephyr-chipyard-sw/zephyr_ws/zephyr/include/zephyr/posix/posix_limits.h:60:9: warning: "_POSIX2_BC_BASE_MAX" redefined
   60 | #define _POSIX2_BC_BASE_MAX                 (99)
      |         ^~~~~~~~~~~~~~~~~~~
/scratch2/dima/zephyr-chipyard-sw-fresh/tools-manual/zephyr-sdk-1.0.0-beta1/gnu/riscv64-zephyr-elf/riscv64-zephyr-elf/sys-include/sys/syslimits.h:100:9: note: this is the location of the previous definition
  100 | #define _POSIX2_BC_BASE_MAX     99
      |         ^~~~~~~~~~~~~~~~~~~
/scratch2/agustin/zephyr-chipyard-sw/zephyr_ws/zephyr/include/zephyr/posix/posix_limits.h:61:9: warning: "_POSIX2_BC_DIM_MAX" redefined
   61 | #define _POSIX2_BC_DIM_MAX                  (2048)
      |         ^~~~~~~~~~~~~~~~~~
/scratch2/dima/zephyr-chipyard-sw-fresh/tools-manual/zephyr-sdk-1.0.0-beta1/gnu/riscv64-zephyr-elf/riscv64-zephyr-elf/sys-include/sys/syslimits.h:101:9: note: this is the location of the previous definition
  101 | #define _POSIX2_BC_DIM_MAX      2048
      |         ^~~~~~~~~~~~~~~~~~
/scratch2/agustin/zephyr-chipyard-sw/zephyr_ws/zephyr/include/zephyr/posix/posix_limits.h:62:9: warning: "_POSIX2_BC_SCALE_MAX" redefined
   62 | #define _POSIX2_BC_SCALE_MAX                (99)
      |         ^~~~~~~~~~~~~~~~~~~~
/scratch2/dima/zephyr-chipyard-sw-fresh/tools-manual/zephyr-sdk-1.0.0-beta1/gnu/riscv64-zephyr-elf/riscv64-zephyr-elf/sys-include/sys/syslimits.h:102:9: note: this is the location of the previous definition
  102 | #define _POSIX2_BC_SCALE_MAX    99
      |         ^~~~~~~~~~~~~~~~~~~~
/scratch2/agustin/zephyr-chipyard-sw/zephyr_ws/zephyr/include/zephyr/posix/posix_limits.h:63:9: warning: "_POSIX2_BC_STRING_MAX" redefined
   63 | #define _POSIX2_BC_STRING_MAX               (1000)
      |         ^~~~~~~~~~~~~~~~~~~~~
/scratch2/dima/zephyr-chipyard-sw-fresh/tools-manual/zephyr-sdk-1.0.0-beta1/gnu/riscv64-zephyr-elf/riscv64-zephyr-elf/sys-include/sys/syslimits.h:103:9: note: this is the location of the previous definition
  103 | #define _POSIX2_BC_STRING_MAX   1000
      |         ^~~~~~~~~~~~~~~~~~~~~
/scratch2/agustin/zephyr-chipyard-sw/zephyr_ws/zephyr/include/zephyr/posix/posix_limits.h:64:9: warning: "_POSIX2_CHARCLASS_NAME_MAX" redefined
   64 | #define _POSIX2_CHARCLASS_NAME_MAX          (14)
      |         ^~~~~~~~~~~~~~~~~~~~~~~~~~
/scratch2/dima/zephyr-chipyard-sw-fresh/tools-manual/zephyr-sdk-1.0.0-beta1/gnu/riscv64-zephyr-elf/riscv64-zephyr-elf/sys-include/sys/syslimits.h:104:9: note: this is the location of the previous definition
  104 | #define _POSIX2_CHARCLASS_NAME_MAX      14
      |         ^~~~~~~~~~~~~~~~~~~~~~~~~~
/scratch2/agustin/zephyr-chipyard-sw/zephyr_ws/zephyr/include/zephyr/posix/posix_limits.h:65:9: warning: "_POSIX2_COLL_WEIGHTS_MAX" redefined
   65 | #define _POSIX2_COLL_WEIGHTS_MAX            (2)
      |         ^~~~~~~~~~~~~~~~~~~~~~~~
/scratch2/dima/zephyr-chipyard-sw-fresh/tools-manual/zephyr-sdk-1.0.0-beta1/gnu/riscv64-zephyr-elf/riscv64-zephyr-elf/sys-include/sys/syslimits.h:105:9: note: this is the location of the previous definition
  105 | #define _POSIX2_COLL_WEIGHTS_MAX        2
      |         ^~~~~~~~~~~~~~~~~~~~~~~~
/scratch2/agustin/zephyr-chipyard-sw/zephyr_ws/zephyr/include/zephyr/posix/posix_limits.h:66:9: warning: "_POSIX2_EXPR_NEST_MAX" redefined
   66 | #define _POSIX2_EXPR_NEST_MAX               (32)
      |         ^~~~~~~~~~~~~~~~~~~~~
/scratch2/dima/zephyr-chipyard-sw-fresh/tools-manual/zephyr-sdk-1.0.0-beta1/gnu/riscv64-zephyr-elf/riscv64-zephyr-elf/sys-include/sys/syslimits.h:106:9: note: this is the location of the previous definition
  106 | #define _POSIX2_EXPR_NEST_MAX   32
      |         ^~~~~~~~~~~~~~~~~~~~~
/scratch2/agustin/zephyr-chipyard-sw/zephyr_ws/zephyr/include/zephyr/posix/posix_limits.h:67:9: warning: "_POSIX2_LINE_MAX" redefined
   67 | #define _POSIX2_LINE_MAX                    (2048)
      |         ^~~~~~~~~~~~~~~~
/scratch2/dima/zephyr-chipyard-sw-fresh/tools-manual/zephyr-sdk-1.0.0-beta1/gnu/riscv64-zephyr-elf/riscv64-zephyr-elf/sys-include/sys/syslimits.h:107:9: note: this is the location of the previous definition
  107 | #define _POSIX2_LINE_MAX        2048
      |         ^~~~~~~~~~~~~~~~
/scratch2/agustin/zephyr-chipyard-sw/zephyr_ws/zephyr/include/zephyr/posix/posix_limits.h:83:9: warning: "ARG_MAX" redefined
   83 | #define ARG_MAX                       _POSIX_ARG_MAX
      |         ^~~~~~~
/scratch2/dima/zephyr-chipyard-sw-fresh/tools-manual/zephyr-sdk-1.0.0-beta1/gnu/riscv64-zephyr-elf/riscv64-zephyr-elf/sys-include/sys/syslimits.h:41:9: note: this is the location of the previous definition
   41 | #define ARG_MAX                 65536   /* max bytes for an exec function */
      |         ^~~~~~~
/scratch2/agustin/zephyr-chipyard-sw/zephyr_ws/zephyr/include/zephyr/posix/posix_limits.h:84:9: warning: "ATEXIT_MAX" redefined
   84 | #define ATEXIT_MAX                    (32)
      |         ^~~~~~~~~~
/scratch2/dima/zephyr-chipyard-sw-fresh/tools-manual/zephyr-sdk-1.0.0-beta1/gnu/riscv64-zephyr-elf/riscv64-zephyr-elf/sys-include/sys/syslimits.h:42:9: note: this is the location of the previous definition
   42 | #define ATEXIT_MAX                 32   /* max atexit functions */
      |         ^~~~~~~~~~
/scratch2/agustin/zephyr-chipyard-sw/zephyr_ws/zephyr/include/zephyr/posix/posix_limits.h:93:9: warning: "OPEN_MAX" redefined
   93 | #define OPEN_MAX                      CONFIG_POSIX_OPEN_MAX
      |         ^~~~~~~~
/scratch2/dima/zephyr-chipyard-sw-fresh/tools-manual/zephyr-sdk-1.0.0-beta1/gnu/riscv64-zephyr-elf/riscv64-zephyr-elf/sys-include/sys/syslimits.h:45:9: note: this is the location of the previous definition
   45 | #define OPEN_MAX                   64   /* max open files per process */
      |         ^~~~~~~~
/scratch2/agustin/zephyr-chipyard-sw/zephyr_ws/zephyr/include/zephyr/posix/posix_limits.h:96:9: warning: "PATH_MAX" redefined
   96 | #define PATH_MAX                      _POSIX_PATH_MAX
      |         ^~~~~~~~
/scratch2/dima/zephyr-chipyard-sw-fresh/tools-manual/zephyr-sdk-1.0.0-beta1/gnu/riscv64-zephyr-elf/riscv64-zephyr-elf/sys-include/sys/syslimits.h:53:9: note: this is the location of the previous definition
   53 | #define PATH_MAX                 1024   /* max bytes in pathname */
      |         ^~~~~~~~
/scratch2/agustin/zephyr-chipyard-sw/zephyr_ws/zephyr/include/zephyr/posix/posix_limits.h:114:9: warning: "TZNAME_MAX" redefined
  114 | #define TZNAME_MAX                    _POSIX_TZNAME_MAX
      |         ^~~~~~~~~~
/scratch2/dima/zephyr-chipyard-sw-fresh/tools-manual/zephyr-sdk-1.0.0-beta1/gnu/riscv64-zephyr-elf/riscv64-zephyr-elf/sys-include/sys/syslimits.h:46:9: note: this is the location of the previous definition
   46 | #define TZNAME_MAX                 10   /* max time zone name length */
      |         ^~~~~~~~~~
[88/216] Building C object zephyr/lib/libc/common/CMakeFiles/lib__libc__common.dir/source/thrd/mtx.c.obj
In file included from /scratch2/agustin/zephyr-chipyard-sw/zephyr_ws/zephyr/include/zephyr/posix/sys/sysconf.h:11,
                 from /scratch2/agustin/zephyr-chipyard-sw/zephyr_ws/zephyr/include/zephyr/posix/unistd.h:18,
                 from /scratch2/agustin/zephyr-chipyard-sw/zephyr_ws/zephyr/include/zephyr/posix/pthread.h:15,
                 from /scratch2/agustin/zephyr-chipyard-sw/zephyr_ws/zephyr/lib/libc/common/source/thrd/mtx.c:11:
/scratch2/agustin/zephyr-chipyard-sw/zephyr_ws/zephyr/include/zephyr/posix/posix_limits.h:23:9: warning: "_POSIX_AIO_LISTIO_MAX" redefined
   23 | #define _POSIX_AIO_LISTIO_MAX               (2)
      |         ^~~~~~~~~~~~~~~~~~~~~
In file included from /scratch2/dima/zephyr-chipyard-sw-fresh/tools-manual/zephyr-sdk-1.0.0-beta1/gnu/riscv64-zephyr-elf/riscv64-zephyr-elf/sys-include/limits.h:6,
                 from /scratch2/dima/zephyr-chipyard-sw-fresh/tools-manual/zephyr-sdk-1.0.0-beta1/gnu/riscv64-zephyr-elf/lib/gcc/riscv64-zephyr-elf/14.3.0/include/limits.h:210,
                 from /scratch2/dima/zephyr-chipyard-sw-fresh/tools-manual/zephyr-sdk-1.0.0-beta1/gnu/riscv64-zephyr-elf/lib/gcc/riscv64-zephyr-elf/14.3.0/include/syslimits.h:7,
                 from /scratch2/dima/zephyr-chipyard-sw-fresh/tools-manual/zephyr-sdk-1.0.0-beta1/gnu/riscv64-zephyr-elf/lib/gcc/riscv64-zephyr-elf/14.3.0/include/limits.h:34,
                 from /scratch2/agustin/zephyr-chipyard-sw/zephyr_ws/zephyr/include/zephyr/kernel_includes.h:22,
                 from /scratch2/agustin/zephyr-chipyard-sw/zephyr_ws/zephyr/include/zephyr/kernel.h:17,
                 from /scratch2/agustin/zephyr-chipyard-sw/zephyr_ws/zephyr/lib/libc/common/source/thrd/mtx.c:10:
/scratch2/dima/zephyr-chipyard-sw-fresh/tools-manual/zephyr-sdk-1.0.0-beta1/gnu/riscv64-zephyr-elf/riscv64-zephyr-elf/sys-include/sys/syslimits.h:63:9: note: this is the location of the previous definition
   63 | #define _POSIX_AIO_LISTIO_MAX   2
      |         ^~~~~~~~~~~~~~~~~~~~~
/scratch2/agustin/zephyr-chipyard-sw/zephyr_ws/zephyr/include/zephyr/posix/posix_limits.h:24:9: warning: "_POSIX_AIO_MAX" redefined
   24 | #define _POSIX_AIO_MAX                      (1)
      |         ^~~~~~~~~~~~~~
/scratch2/dima/zephyr-chipyard-sw-fresh/tools-manual/zephyr-sdk-1.0.0-beta1/gnu/riscv64-zephyr-elf/riscv64-zephyr-elf/sys-include/sys/syslimits.h:64:9: note: this is the location of the previous definition
   64 | #define _POSIX_AIO_MAX          1
      |         ^~~~~~~~~~~~~~
/scratch2/agustin/zephyr-chipyard-sw/zephyr_ws/zephyr/include/zephyr/posix/posix_limits.h:25:9: warning: "_POSIX_ARG_MAX" redefined
   25 | #define _POSIX_ARG_MAX                      (4096)
      |         ^~~~~~~~~~~~~~
/scratch2/dima/zephyr-chipyard-sw-fresh/tools-manual/zephyr-sdk-1.0.0-beta1/gnu/riscv64-zephyr-elf/riscv64-zephyr-elf/sys-include/sys/syslimits.h:65:9: note: this is the location of the previous definition
   65 | #define _POSIX_ARG_MAX          4096
      |         ^~~~~~~~~~~~~~
/scratch2/agustin/zephyr-chipyard-sw/zephyr_ws/zephyr/include/zephyr/posix/posix_limits.h:26:9: warning: "_POSIX_CHILD_MAX" redefined
   26 | #define _POSIX_CHILD_MAX                    (25)
      |         ^~~~~~~~~~~~~~~~
/scratch2/dima/zephyr-chipyard-sw-fresh/tools-manual/zephyr-sdk-1.0.0-beta1/gnu/riscv64-zephyr-elf/riscv64-zephyr-elf/sys-include/sys/syslimits.h:66:9: note: this is the location of the previous definition
   66 | #define _POSIX_CHILD_MAX        6
      |         ^~~~~~~~~~~~~~~~
/scratch2/agustin/zephyr-chipyard-sw/zephyr_ws/zephyr/include/zephyr/posix/posix_limits.h:27:9: warning: "_POSIX_DELAYTIMER_MAX" redefined
   27 | #define _POSIX_DELAYTIMER_MAX               (32)
      |         ^~~~~~~~~~~~~~~~~~~~~
/scratch2/dima/zephyr-chipyard-sw-fresh/tools-manual/zephyr-sdk-1.0.0-beta1/gnu/riscv64-zephyr-elf/riscv64-zephyr-elf/sys-include/sys/syslimits.h:67:9: note: this is the location of the previous definition
   67 | #define _POSIX_DELAYTIMER_MAX   32
      |         ^~~~~~~~~~~~~~~~~~~~~
/scratch2/agustin/zephyr-chipyard-sw/zephyr_ws/zephyr/include/zephyr/posix/posix_limits.h:28:9: warning: "_POSIX_HOST_NAME_MAX" redefined
   28 | #define _POSIX_HOST_NAME_MAX                (255)
      |         ^~~~~~~~~~~~~~~~~~~~
/scratch2/dima/zephyr-chipyard-sw-fresh/tools-manual/zephyr-sdk-1.0.0-beta1/gnu/riscv64-zephyr-elf/riscv64-zephyr-elf/sys-include/sys/syslimits.h:68:9: note: this is the location of the previous definition
   68 | #define _POSIX_HOST_NAME_MAX    255
      |         ^~~~~~~~~~~~~~~~~~~~
/scratch2/agustin/zephyr-chipyard-sw/zephyr_ws/zephyr/include/zephyr/posix/posix_limits.h:29:9: warning: "_POSIX_LINK_MAX" redefined
   29 | #define _POSIX_LINK_MAX                     (8)
      |         ^~~~~~~~~~~~~~~
/scratch2/dima/zephyr-chipyard-sw-fresh/tools-manual/zephyr-sdk-1.0.0-beta1/gnu/riscv64-zephyr-elf/riscv64-zephyr-elf/sys-include/sys/syslimits.h:69:9: note: this is the location of the previous definition
   69 | #define _POSIX_LINK_MAX         8
      |         ^~~~~~~~~~~~~~~
/scratch2/agustin/zephyr-chipyard-sw/zephyr_ws/zephyr/include/zephyr/posix/posix_limits.h:30:9: warning: "_POSIX_LOGIN_NAME_MAX" redefined
   30 | #define _POSIX_LOGIN_NAME_MAX               (9)
      |         ^~~~~~~~~~~~~~~~~~~~~
/scratch2/dima/zephyr-chipyard-sw-fresh/tools-manual/zephyr-sdk-1.0.0-beta1/gnu/riscv64-zephyr-elf/riscv64-zephyr-elf/sys-include/sys/syslimits.h:70:9: note: this is the location of the previous definition
   70 | #define _POSIX_LOGIN_NAME_MAX   9
      |         ^~~~~~~~~~~~~~~~~~~~~
/scratch2/agustin/zephyr-chipyard-sw/zephyr_ws/zephyr/include/zephyr/posix/posix_limits.h:31:9: warning: "_POSIX_MAX_CANON" redefined
   31 | #define _POSIX_MAX_CANON                    (255)
      |         ^~~~~~~~~~~~~~~~
/scratch2/dima/zephyr-chipyard-sw-fresh/tools-manual/zephyr-sdk-1.0.0-beta1/gnu/riscv64-zephyr-elf/riscv64-zephyr-elf/sys-include/sys/syslimits.h:71:9: note: this is the location of the previous definition
   71 | #define _POSIX_MAX_CANON        255
      |         ^~~~~~~~~~~~~~~~
/scratch2/agustin/zephyr-chipyard-sw/zephyr_ws/zephyr/include/zephyr/posix/posix_limits.h:32:9: warning: "_POSIX_MAX_INPUT" redefined
   32 | #define _POSIX_MAX_INPUT                    (255)
      |         ^~~~~~~~~~~~~~~~
/scratch2/dima/zephyr-chipyard-sw-fresh/tools-manual/zephyr-sdk-1.0.0-beta1/gnu/riscv64-zephyr-elf/riscv64-zephyr-elf/sys-include/sys/syslimits.h:72:9: note: this is the location of the previous definition
   72 | #define _POSIX_MAX_INPUT        255
      |         ^~~~~~~~~~~~~~~~
/scratch2/agustin/zephyr-chipyard-sw/zephyr_ws/zephyr/include/zephyr/posix/posix_limits.h:33:9: warning: "_POSIX_MQ_OPEN_MAX" redefined
   33 | #define _POSIX_MQ_OPEN_MAX                  (8)
      |         ^~~~~~~~~~~~~~~~~~
/scratch2/dima/zephyr-chipyard-sw-fresh/tools-manual/zephyr-sdk-1.0.0-beta1/gnu/riscv64-zephyr-elf/riscv64-zephyr-elf/sys-include/sys/syslimits.h:73:9: note: this is the location of the previous definition
   73 | #define _POSIX_MQ_OPEN_MAX      8
      |         ^~~~~~~~~~~~~~~~~~
/scratch2/agustin/zephyr-chipyard-sw/zephyr_ws/zephyr/include/zephyr/posix/posix_limits.h:34:9: warning: "_POSIX_MQ_PRIO_MAX" redefined
   34 | #define _POSIX_MQ_PRIO_MAX                  (32)
      |         ^~~~~~~~~~~~~~~~~~
/scratch2/dima/zephyr-chipyard-sw-fresh/tools-manual/zephyr-sdk-1.0.0-beta1/gnu/riscv64-zephyr-elf/riscv64-zephyr-elf/sys-include/sys/syslimits.h:74:9: note: this is the location of the previous definition
   74 | #define _POSIX_MQ_PRIO_MAX      32
      |         ^~~~~~~~~~~~~~~~~~
/scratch2/agustin/zephyr-chipyard-sw/zephyr_ws/zephyr/include/zephyr/posix/posix_limits.h:35:9: warning: "_POSIX_NAME_MAX" redefined
   35 | #define _POSIX_NAME_MAX                     (14)
      |         ^~~~~~~~~~~~~~~
/scratch2/dima/zephyr-chipyard-sw-fresh/tools-manual/zephyr-sdk-1.0.0-beta1/gnu/riscv64-zephyr-elf/riscv64-zephyr-elf/sys-include/sys/syslimits.h:75:9: note: this is the location of the previous definition
   75 | #define _POSIX_NAME_MAX         14
      |         ^~~~~~~~~~~~~~~
/scratch2/agustin/zephyr-chipyard-sw/zephyr_ws/zephyr/include/zephyr/posix/posix_limits.h:36:9: warning: "_POSIX_NGROUPS_MAX" redefined
   36 | #define _POSIX_NGROUPS_MAX                  (8)
      |         ^~~~~~~~~~~~~~~~~~
/scratch2/dima/zephyr-chipyard-sw-fresh/tools-manual/zephyr-sdk-1.0.0-beta1/gnu/riscv64-zephyr-elf/riscv64-zephyr-elf/sys-include/sys/syslimits.h:76:9: note: this is the location of the previous definition
   76 | #define _POSIX_NGROUPS_MAX      0
      |         ^~~~~~~~~~~~~~~~~~
/scratch2/agustin/zephyr-chipyard-sw/zephyr_ws/zephyr/include/zephyr/posix/posix_limits.h:37:9: warning: "_POSIX_OPEN_MAX" redefined
   37 | #define _POSIX_OPEN_MAX                     (20)
      |         ^~~~~~~~~~~~~~~
/scratch2/dima/zephyr-chipyard-sw-fresh/tools-manual/zephyr-sdk-1.0.0-beta1/gnu/riscv64-zephyr-elf/riscv64-zephyr-elf/sys-include/sys/syslimits.h:77:9: note: this is the location of the previous definition
   77 | #define _POSIX_OPEN_MAX         16
      |         ^~~~~~~~~~~~~~~
/scratch2/agustin/zephyr-chipyard-sw/zephyr_ws/zephyr/include/zephyr/posix/posix_limits.h:38:9: warning: "_POSIX_PATH_MAX" redefined
   38 | #define _POSIX_PATH_MAX                     (256)
      |         ^~~~~~~~~~~~~~~
/scratch2/dima/zephyr-chipyard-sw-fresh/tools-manual/zephyr-sdk-1.0.0-beta1/gnu/riscv64-zephyr-elf/riscv64-zephyr-elf/sys-include/sys/syslimits.h:78:9: note: this is the location of the previous definition
   78 | #define _POSIX_PATH_MAX         255
      |         ^~~~~~~~~~~~~~~
/scratch2/agustin/zephyr-chipyard-sw/zephyr_ws/zephyr/include/zephyr/posix/posix_limits.h:39:9: warning: "_POSIX_PIPE_BUF" redefined
   39 | #define _POSIX_PIPE_BUF                     (512)
      |         ^~~~~~~~~~~~~~~
/scratch2/dima/zephyr-chipyard-sw-fresh/tools-manual/zephyr-sdk-1.0.0-beta1/gnu/riscv64-zephyr-elf/riscv64-zephyr-elf/sys-include/sys/syslimits.h:79:9: note: this is the location of the previous definition
   79 | #define _POSIX_PIPE_BUF         512
      |         ^~~~~~~~~~~~~~~
/scratch2/agustin/zephyr-chipyard-sw/zephyr_ws/zephyr/include/zephyr/posix/posix_limits.h:40:9: warning: "_POSIX_RE_DUP_MAX" redefined
   40 | #define _POSIX_RE_DUP_MAX                   (255)
      |         ^~~~~~~~~~~~~~~~~
/scratch2/dima/zephyr-chipyard-sw-fresh/tools-manual/zephyr-sdk-1.0.0-beta1/gnu/riscv64-zephyr-elf/riscv64-zephyr-elf/sys-include/sys/syslimits.h:80:9: note: this is the location of the previous definition
   80 | #define _POSIX_RE_DUP_MAX       255
      |         ^~~~~~~~~~~~~~~~~
/scratch2/agustin/zephyr-chipyard-sw/zephyr_ws/zephyr/include/zephyr/posix/posix_limits.h:41:9: warning: "_POSIX_RTSIG_MAX" redefined
   41 | #define _POSIX_RTSIG_MAX                    (8)
      |         ^~~~~~~~~~~~~~~~
/scratch2/dima/zephyr-chipyard-sw-fresh/tools-manual/zephyr-sdk-1.0.0-beta1/gnu/riscv64-zephyr-elf/riscv64-zephyr-elf/sys-include/sys/syslimits.h:81:9: note: this is the location of the previous definition
   81 | #define _POSIX_RTSIG_MAX        8
      |         ^~~~~~~~~~~~~~~~
/scratch2/agustin/zephyr-chipyard-sw/zephyr_ws/zephyr/include/zephyr/posix/posix_limits.h:42:9: warning: "_POSIX_SEM_NSEMS_MAX" redefined
   42 | #define _POSIX_SEM_NSEMS_MAX                (256)
      |         ^~~~~~~~~~~~~~~~~~~~
/scratch2/dima/zephyr-chipyard-sw-fresh/tools-manual/zephyr-sdk-1.0.0-beta1/gnu/riscv64-zephyr-elf/riscv64-zephyr-elf/sys-include/sys/syslimits.h:82:9: note: this is the location of the previous definition
   82 | #define _POSIX_SEM_NSEMS_MAX    256
      |         ^~~~~~~~~~~~~~~~~~~~
/scratch2/agustin/zephyr-chipyard-sw/zephyr_ws/zephyr/include/zephyr/posix/posix_limits.h:43:9: warning: "_POSIX_SEM_VALUE_MAX" redefined
   43 | #define _POSIX_SEM_VALUE_MAX                (32767)
      |         ^~~~~~~~~~~~~~~~~~~~
/scratch2/dima/zephyr-chipyard-sw-fresh/tools-manual/zephyr-sdk-1.0.0-beta1/gnu/riscv64-zephyr-elf/riscv64-zephyr-elf/sys-include/sys/syslimits.h:83:9: note: this is the location of the previous definition
   83 | #define _POSIX_SEM_VALUE_MAX    32767
      |         ^~~~~~~~~~~~~~~~~~~~
/scratch2/agustin/zephyr-chipyard-sw/zephyr_ws/zephyr/include/zephyr/posix/posix_limits.h:44:9: warning: "_POSIX_SIGQUEUE_MAX" redefined
   44 | #define _POSIX_SIGQUEUE_MAX                 (32)
      |         ^~~~~~~~~~~~~~~~~~~
/scratch2/dima/zephyr-chipyard-sw-fresh/tools-manual/zephyr-sdk-1.0.0-beta1/gnu/riscv64-zephyr-elf/riscv64-zephyr-elf/sys-include/sys/syslimits.h:84:9: note: this is the location of the previous definition
   84 | #define _POSIX_SIGQUEUE_MAX     32
      |         ^~~~~~~~~~~~~~~~~~~
/scratch2/agustin/zephyr-chipyard-sw/zephyr_ws/zephyr/include/zephyr/posix/posix_limits.h:45:9: warning: "_POSIX_SSIZE_MAX" redefined
   45 | #define _POSIX_SSIZE_MAX                    (32767)
      |         ^~~~~~~~~~~~~~~~
/scratch2/dima/zephyr-chipyard-sw-fresh/tools-manual/zephyr-sdk-1.0.0-beta1/gnu/riscv64-zephyr-elf/riscv64-zephyr-elf/sys-include/sys/syslimits.h:85:9: note: this is the location of the previous definition
   85 | #define _POSIX_SSIZE_MAX        32767
      |         ^~~~~~~~~~~~~~~~
/scratch2/agustin/zephyr-chipyard-sw/zephyr_ws/zephyr/include/zephyr/posix/posix_limits.h:46:9: warning: "_POSIX_SS_REPL_MAX" redefined
   46 | #define _POSIX_SS_REPL_MAX                  (4)
      |         ^~~~~~~~~~~~~~~~~~
/scratch2/dima/zephyr-chipyard-sw-fresh/tools-manual/zephyr-sdk-1.0.0-beta1/gnu/riscv64-zephyr-elf/riscv64-zephyr-elf/sys-include/sys/syslimits.h:86:9: note: this is the location of the previous definition
   86 | #define _POSIX_SS_REPL_MAX      4
      |         ^~~~~~~~~~~~~~~~~~
/scratch2/agustin/zephyr-chipyard-sw/zephyr_ws/zephyr/include/zephyr/posix/posix_limits.h:47:9: warning: "_POSIX_STREAM_MAX" redefined
   47 | #define _POSIX_STREAM_MAX                   (8)
      |         ^~~~~~~~~~~~~~~~~
/scratch2/dima/zephyr-chipyard-sw-fresh/tools-manual/zephyr-sdk-1.0.0-beta1/gnu/riscv64-zephyr-elf/riscv64-zephyr-elf/sys-include/sys/syslimits.h:87:9: note: this is the location of the previous definition
   87 | #define _POSIX_STREAM_MAX       8
      |         ^~~~~~~~~~~~~~~~~
/scratch2/agustin/zephyr-chipyard-sw/zephyr_ws/zephyr/include/zephyr/posix/posix_limits.h:48:9: warning: "_POSIX_SYMLINK_MAX" redefined
   48 | #define _POSIX_SYMLINK_MAX                  (255)
      |         ^~~~~~~~~~~~~~~~~~
/scratch2/dima/zephyr-chipyard-sw-fresh/tools-manual/zephyr-sdk-1.0.0-beta1/gnu/riscv64-zephyr-elf/riscv64-zephyr-elf/sys-include/sys/syslimits.h:88:9: note: this is the location of the previous definition
   88 | #define _POSIX_SYMLINK_MAX      255
      |         ^~~~~~~~~~~~~~~~~~
/scratch2/agustin/zephyr-chipyard-sw/zephyr_ws/zephyr/include/zephyr/posix/posix_limits.h:49:9: warning: "_POSIX_SYMLOOP_MAX" redefined
   49 | #define _POSIX_SYMLOOP_MAX                  (8)
      |         ^~~~~~~~~~~~~~~~~~
/scratch2/dima/zephyr-chipyard-sw-fresh/tools-manual/zephyr-sdk-1.0.0-beta1/gnu/riscv64-zephyr-elf/riscv64-zephyr-elf/sys-include/sys/syslimits.h:89:9: note: this is the location of the previous definition
   89 | #define _POSIX_SYMLOOP_MAX      8
      |         ^~~~~~~~~~~~~~~~~~
/scratch2/agustin/zephyr-chipyard-sw/zephyr_ws/zephyr/include/zephyr/posix/posix_limits.h:50:9: warning: "_POSIX_THREAD_DESTRUCTOR_ITERATIONS" redefined
   50 | #define _POSIX_THREAD_DESTRUCTOR_ITERATIONS (4)
      |         ^~~~~~~~~~~~~~~~~~~~~~~~~~~~~~~~~~~
/scratch2/dima/zephyr-chipyard-sw-fresh/tools-manual/zephyr-sdk-1.0.0-beta1/gnu/riscv64-zephyr-elf/riscv64-zephyr-elf/sys-include/sys/syslimits.h:90:9: note: this is the location of the previous definition
   90 | #define _POSIX_THREAD_DESTRUCTOR_ITERATIONS     4
      |         ^~~~~~~~~~~~~~~~~~~~~~~~~~~~~~~~~~~
/scratch2/agustin/zephyr-chipyard-sw/zephyr_ws/zephyr/include/zephyr/posix/posix_limits.h:51:9: warning: "_POSIX_THREAD_KEYS_MAX" redefined
   51 | #define _POSIX_THREAD_KEYS_MAX              (128)
      |         ^~~~~~~~~~~~~~~~~~~~~~
/scratch2/dima/zephyr-chipyard-sw-fresh/tools-manual/zephyr-sdk-1.0.0-beta1/gnu/riscv64-zephyr-elf/riscv64-zephyr-elf/sys-include/sys/syslimits.h:91:9: note: this is the location of the previous definition
   91 | #define _POSIX_THREAD_KEYS_MAX  128
      |         ^~~~~~~~~~~~~~~~~~~~~~
/scratch2/agustin/zephyr-chipyard-sw/zephyr_ws/zephyr/include/zephyr/posix/posix_limits.h:52:9: warning: "_POSIX_THREAD_THREADS_MAX" redefined
   52 | #define _POSIX_THREAD_THREADS_MAX           (64)
      |         ^~~~~~~~~~~~~~~~~~~~~~~~~
/scratch2/dima/zephyr-chipyard-sw-fresh/tools-manual/zephyr-sdk-1.0.0-beta1/gnu/riscv64-zephyr-elf/riscv64-zephyr-elf/sys-include/sys/syslimits.h:92:9: note: this is the location of the previous definition
   92 | #define _POSIX_THREAD_THREADS_MAX       64
      |         ^~~~~~~~~~~~~~~~~~~~~~~~~
/scratch2/agustin/zephyr-chipyard-sw/zephyr_ws/zephyr/include/zephyr/posix/posix_limits.h:53:9: warning: "_POSIX_TIMER_MAX" redefined
   53 | #define _POSIX_TIMER_MAX                    (32)
      |         ^~~~~~~~~~~~~~~~
/scratch2/dima/zephyr-chipyard-sw-fresh/tools-manual/zephyr-sdk-1.0.0-beta1/gnu/riscv64-zephyr-elf/riscv64-zephyr-elf/sys-include/sys/syslimits.h:93:9: note: this is the location of the previous definition
   93 | #define _POSIX_TIMER_MAX        32
      |         ^~~~~~~~~~~~~~~~
/scratch2/agustin/zephyr-chipyard-sw/zephyr_ws/zephyr/include/zephyr/posix/posix_limits.h:54:9: warning: "_POSIX_TRACE_EVENT_NAME_MAX" redefined
   54 | #define _POSIX_TRACE_EVENT_NAME_MAX         (30)
      |         ^~~~~~~~~~~~~~~~~~~~~~~~~~~
/scratch2/dima/zephyr-chipyard-sw-fresh/tools-manual/zephyr-sdk-1.0.0-beta1/gnu/riscv64-zephyr-elf/riscv64-zephyr-elf/sys-include/sys/syslimits.h:94:9: note: this is the location of the previous definition
   94 | #define _POSIX_TRACE_EVENT_NAME_MAX     30
      |         ^~~~~~~~~~~~~~~~~~~~~~~~~~~
/scratch2/agustin/zephyr-chipyard-sw/zephyr_ws/zephyr/include/zephyr/posix/posix_limits.h:55:9: warning: "_POSIX_TRACE_NAME_MAX" redefined
   55 | #define _POSIX_TRACE_NAME_MAX               (8)
      |         ^~~~~~~~~~~~~~~~~~~~~
/scratch2/dima/zephyr-chipyard-sw-fresh/tools-manual/zephyr-sdk-1.0.0-beta1/gnu/riscv64-zephyr-elf/riscv64-zephyr-elf/sys-include/sys/syslimits.h:95:9: note: this is the location of the previous definition
   95 | #define _POSIX_TRACE_NAME_MAX   8
      |         ^~~~~~~~~~~~~~~~~~~~~
/scratch2/agustin/zephyr-chipyard-sw/zephyr_ws/zephyr/include/zephyr/posix/posix_limits.h:56:9: warning: "_POSIX_TRACE_SYS_MAX" redefined
   56 | #define _POSIX_TRACE_SYS_MAX                (8)
      |         ^~~~~~~~~~~~~~~~~~~~
/scratch2/dima/zephyr-chipyard-sw-fresh/tools-manual/zephyr-sdk-1.0.0-beta1/gnu/riscv64-zephyr-elf/riscv64-zephyr-elf/sys-include/sys/syslimits.h:96:9: note: this is the location of the previous definition
   96 | #define _POSIX_TRACE_SYS_MAX    8
      |         ^~~~~~~~~~~~~~~~~~~~
/scratch2/agustin/zephyr-chipyard-sw/zephyr_ws/zephyr/include/zephyr/posix/posix_limits.h:57:9: warning: "_POSIX_TRACE_USER_EVENT_MAX" redefined
   57 | #define _POSIX_TRACE_USER_EVENT_MAX         (32)
      |         ^~~~~~~~~~~~~~~~~~~~~~~~~~~
/scratch2/dima/zephyr-chipyard-sw-fresh/tools-manual/zephyr-sdk-1.0.0-beta1/gnu/riscv64-zephyr-elf/riscv64-zephyr-elf/sys-include/sys/syslimits.h:97:9: note: this is the location of the previous definition
   97 | #define _POSIX_TRACE_USER_EVENT_MAX     32
      |         ^~~~~~~~~~~~~~~~~~~~~~~~~~~
/scratch2/agustin/zephyr-chipyard-sw/zephyr_ws/zephyr/include/zephyr/posix/posix_limits.h:58:9: warning: "_POSIX_TTY_NAME_MAX" redefined
   58 | #define _POSIX_TTY_NAME_MAX                 (9)
      |         ^~~~~~~~~~~~~~~~~~~
/scratch2/dima/zephyr-chipyard-sw-fresh/tools-manual/zephyr-sdk-1.0.0-beta1/gnu/riscv64-zephyr-elf/riscv64-zephyr-elf/sys-include/sys/syslimits.h:98:9: note: this is the location of the previous definition
   98 | #define _POSIX_TTY_NAME_MAX     9
      |         ^~~~~~~~~~~~~~~~~~~
/scratch2/agustin/zephyr-chipyard-sw/zephyr_ws/zephyr/include/zephyr/posix/posix_limits.h:59:9: warning: "_POSIX_TZNAME_MAX" redefined
   59 | #define _POSIX_TZNAME_MAX                   (6)
      |         ^~~~~~~~~~~~~~~~~
/scratch2/dima/zephyr-chipyard-sw-fresh/tools-manual/zephyr-sdk-1.0.0-beta1/gnu/riscv64-zephyr-elf/riscv64-zephyr-elf/sys-include/sys/syslimits.h:99:9: note: this is the location of the previous definition
   99 | #define _POSIX_TZNAME_MAX       3
      |         ^~~~~~~~~~~~~~~~~
/scratch2/agustin/zephyr-chipyard-sw/zephyr_ws/zephyr/include/zephyr/posix/posix_limits.h:60:9: warning: "_POSIX2_BC_BASE_MAX" redefined
   60 | #define _POSIX2_BC_BASE_MAX                 (99)
      |         ^~~~~~~~~~~~~~~~~~~
/scratch2/dima/zephyr-chipyard-sw-fresh/tools-manual/zephyr-sdk-1.0.0-beta1/gnu/riscv64-zephyr-elf/riscv64-zephyr-elf/sys-include/sys/syslimits.h:100:9: note: this is the location of the previous definition
  100 | #define _POSIX2_BC_BASE_MAX     99
      |         ^~~~~~~~~~~~~~~~~~~
/scratch2/agustin/zephyr-chipyard-sw/zephyr_ws/zephyr/include/zephyr/posix/posix_limits.h:61:9: warning: "_POSIX2_BC_DIM_MAX" redefined
   61 | #define _POSIX2_BC_DIM_MAX                  (2048)
      |         ^~~~~~~~~~~~~~~~~~
/scratch2/dima/zephyr-chipyard-sw-fresh/tools-manual/zephyr-sdk-1.0.0-beta1/gnu/riscv64-zephyr-elf/riscv64-zephyr-elf/sys-include/sys/syslimits.h:101:9: note: this is the location of the previous definition
  101 | #define _POSIX2_BC_DIM_MAX      2048
      |         ^~~~~~~~~~~~~~~~~~
/scratch2/agustin/zephyr-chipyard-sw/zephyr_ws/zephyr/include/zephyr/posix/posix_limits.h:62:9: warning: "_POSIX2_BC_SCALE_MAX" redefined
   62 | #define _POSIX2_BC_SCALE_MAX                (99)
      |         ^~~~~~~~~~~~~~~~~~~~
/scratch2/dima/zephyr-chipyard-sw-fresh/tools-manual/zephyr-sdk-1.0.0-beta1/gnu/riscv64-zephyr-elf/riscv64-zephyr-elf/sys-include/sys/syslimits.h:102:9: note: this is the location of the previous definition
  102 | #define _POSIX2_BC_SCALE_MAX    99
      |         ^~~~~~~~~~~~~~~~~~~~
/scratch2/agustin/zephyr-chipyard-sw/zephyr_ws/zephyr/include/zephyr/posix/posix_limits.h:63:9: warning: "_POSIX2_BC_STRING_MAX" redefined
   63 | #define _POSIX2_BC_STRING_MAX               (1000)
      |         ^~~~~~~~~~~~~~~~~~~~~
/scratch2/dima/zephyr-chipyard-sw-fresh/tools-manual/zephyr-sdk-1.0.0-beta1/gnu/riscv64-zephyr-elf/riscv64-zephyr-elf/sys-include/sys/syslimits.h:103:9: note: this is the location of the previous definition
  103 | #define _POSIX2_BC_STRING_MAX   1000
      |         ^~~~~~~~~~~~~~~~~~~~~
/scratch2/agustin/zephyr-chipyard-sw/zephyr_ws/zephyr/include/zephyr/posix/posix_limits.h:64:9: warning: "_POSIX2_CHARCLASS_NAME_MAX" redefined
   64 | #define _POSIX2_CHARCLASS_NAME_MAX          (14)
      |         ^~~~~~~~~~~~~~~~~~~~~~~~~~
/scratch2/dima/zephyr-chipyard-sw-fresh/tools-manual/zephyr-sdk-1.0.0-beta1/gnu/riscv64-zephyr-elf/riscv64-zephyr-elf/sys-include/sys/syslimits.h:104:9: note: this is the location of the previous definition
  104 | #define _POSIX2_CHARCLASS_NAME_MAX      14
      |         ^~~~~~~~~~~~~~~~~~~~~~~~~~
/scratch2/agustin/zephyr-chipyard-sw/zephyr_ws/zephyr/include/zephyr/posix/posix_limits.h:65:9: warning: "_POSIX2_COLL_WEIGHTS_MAX" redefined
   65 | #define _POSIX2_COLL_WEIGHTS_MAX            (2)
      |         ^~~~~~~~~~~~~~~~~~~~~~~~
/scratch2/dima/zephyr-chipyard-sw-fresh/tools-manual/zephyr-sdk-1.0.0-beta1/gnu/riscv64-zephyr-elf/riscv64-zephyr-elf/sys-include/sys/syslimits.h:105:9: note: this is the location of the previous definition
  105 | #define _POSIX2_COLL_WEIGHTS_MAX        2
      |         ^~~~~~~~~~~~~~~~~~~~~~~~
/scratch2/agustin/zephyr-chipyard-sw/zephyr_ws/zephyr/include/zephyr/posix/posix_limits.h:66:9: warning: "_POSIX2_EXPR_NEST_MAX" redefined
   66 | #define _POSIX2_EXPR_NEST_MAX               (32)
      |         ^~~~~~~~~~~~~~~~~~~~~
/scratch2/dima/zephyr-chipyard-sw-fresh/tools-manual/zephyr-sdk-1.0.0-beta1/gnu/riscv64-zephyr-elf/riscv64-zephyr-elf/sys-include/sys/syslimits.h:106:9: note: this is the location of the previous definition
  106 | #define _POSIX2_EXPR_NEST_MAX   32
      |         ^~~~~~~~~~~~~~~~~~~~~
/scratch2/agustin/zephyr-chipyard-sw/zephyr_ws/zephyr/include/zephyr/posix/posix_limits.h:67:9: warning: "_POSIX2_LINE_MAX" redefined
   67 | #define _POSIX2_LINE_MAX                    (2048)
      |         ^~~~~~~~~~~~~~~~
/scratch2/dima/zephyr-chipyard-sw-fresh/tools-manual/zephyr-sdk-1.0.0-beta1/gnu/riscv64-zephyr-elf/riscv64-zephyr-elf/sys-include/sys/syslimits.h:107:9: note: this is the location of the previous definition
  107 | #define _POSIX2_LINE_MAX        2048
      |         ^~~~~~~~~~~~~~~~
/scratch2/agustin/zephyr-chipyard-sw/zephyr_ws/zephyr/include/zephyr/posix/posix_limits.h:83:9: warning: "ARG_MAX" redefined
   83 | #define ARG_MAX                       _POSIX_ARG_MAX
      |         ^~~~~~~
/scratch2/dima/zephyr-chipyard-sw-fresh/tools-manual/zephyr-sdk-1.0.0-beta1/gnu/riscv64-zephyr-elf/riscv64-zephyr-elf/sys-include/sys/syslimits.h:41:9: note: this is the location of the previous definition
   41 | #define ARG_MAX                 65536   /* max bytes for an exec function */
      |         ^~~~~~~
/scratch2/agustin/zephyr-chipyard-sw/zephyr_ws/zephyr/include/zephyr/posix/posix_limits.h:84:9: warning: "ATEXIT_MAX" redefined
   84 | #define ATEXIT_MAX                    (32)
      |         ^~~~~~~~~~
/scratch2/dima/zephyr-chipyard-sw-fresh/tools-manual/zephyr-sdk-1.0.0-beta1/gnu/riscv64-zephyr-elf/riscv64-zephyr-elf/sys-include/sys/syslimits.h:42:9: note: this is the location of the previous definition
   42 | #define ATEXIT_MAX                 32   /* max atexit functions */
      |         ^~~~~~~~~~
/scratch2/agustin/zephyr-chipyard-sw/zephyr_ws/zephyr/include/zephyr/posix/posix_limits.h:93:9: warning: "OPEN_MAX" redefined
   93 | #define OPEN_MAX                      CONFIG_POSIX_OPEN_MAX
      |         ^~~~~~~~
/scratch2/dima/zephyr-chipyard-sw-fresh/tools-manual/zephyr-sdk-1.0.0-beta1/gnu/riscv64-zephyr-elf/riscv64-zephyr-elf/sys-include/sys/syslimits.h:45:9: note: this is the location of the previous definition
   45 | #define OPEN_MAX                   64   /* max open files per process */
      |         ^~~~~~~~
/scratch2/agustin/zephyr-chipyard-sw/zephyr_ws/zephyr/include/zephyr/posix/posix_limits.h:96:9: warning: "PATH_MAX" redefined
   96 | #define PATH_MAX                      _POSIX_PATH_MAX
      |         ^~~~~~~~
/scratch2/dima/zephyr-chipyard-sw-fresh/tools-manual/zephyr-sdk-1.0.0-beta1/gnu/riscv64-zephyr-elf/riscv64-zephyr-elf/sys-include/sys/syslimits.h:53:9: note: this is the location of the previous definition
   53 | #define PATH_MAX                 1024   /* max bytes in pathname */
      |         ^~~~~~~~
/scratch2/agustin/zephyr-chipyard-sw/zephyr_ws/zephyr/include/zephyr/posix/posix_limits.h:114:9: warning: "TZNAME_MAX" redefined
  114 | #define TZNAME_MAX                    _POSIX_TZNAME_MAX
      |         ^~~~~~~~~~
/scratch2/dima/zephyr-chipyard-sw-fresh/tools-manual/zephyr-sdk-1.0.0-beta1/gnu/riscv64-zephyr-elf/riscv64-zephyr-elf/sys-include/sys/syslimits.h:46:9: note: this is the location of the previous definition
   46 | #define TZNAME_MAX                 10   /* max time zone name length */
      |         ^~~~~~~~~~
[89/216] Building C object zephyr/arch/arch/riscv/core/CMakeFiles/arch__riscv__core.dir/stacktrace.c.obj
[90/216] Building C object zephyr/lib/posix/options/CMakeFiles/lib__posix__options.dir/aio.c.obj
[91/216] Building C object zephyr/lib/posix/options/CMakeFiles/lib__posix__options.dir/perror.c.obj
[92/216] Building C object CMakeFiles/app.dir/scratch2/agustin/ModelBlaster/examples/xpurt_demo/fp32/generated/xpurt_demo_schedule_main.c.obj
/scratch2/agustin/ModelBlaster/examples/xpurt_demo/fp32/generated/xpurt_demo_schedule_main.c:25:9: warning: "MODELBLASTER_DISABLE_UNMANGLED" redefined
   25 | #define MODELBLASTER_DISABLE_UNMANGLED
      |         ^~~~~~~~~~~~~~~~~~~~~~~~~~~~~~
<command-line>: note: this is the location of the previous definition
In file included from /scratch2/agustin/zephyr-chipyard-sw/zephyr_ws/zephyr/include/zephyr/posix/sys/sysconf.h:11,
                 from /scratch2/agustin/zephyr-chipyard-sw/zephyr_ws/zephyr/include/zephyr/posix/unistd.h:18,
                 from /scratch2/agustin/zephyr-chipyard-sw/zephyr_ws/zephyr/include/zephyr/posix/pthread.h:15,
                 from /scratch2/agustin/ModelBlaster/examples/xpurt_demo/fp32/generated/xpurt_demo_schedule_main.c:30:
/scratch2/agustin/zephyr-chipyard-sw/zephyr_ws/zephyr/include/zephyr/posix/posix_limits.h:23:9: warning: "_POSIX_AIO_LISTIO_MAX" redefined
   23 | #define _POSIX_AIO_LISTIO_MAX               (2)
      |         ^~~~~~~~~~~~~~~~~~~~~
In file included from /scratch2/dima/zephyr-chipyard-sw-fresh/tools-manual/zephyr-sdk-1.0.0-beta1/gnu/riscv64-zephyr-elf/riscv64-zephyr-elf/sys-include/limits.h:6,
                 from /scratch2/dima/zephyr-chipyard-sw-fresh/tools-manual/zephyr-sdk-1.0.0-beta1/gnu/riscv64-zephyr-elf/lib/gcc/riscv64-zephyr-elf/14.3.0/include/limits.h:210,
                 from /scratch2/dima/zephyr-chipyard-sw-fresh/tools-manual/zephyr-sdk-1.0.0-beta1/gnu/riscv64-zephyr-elf/lib/gcc/riscv64-zephyr-elf/14.3.0/include/syslimits.h:7,
                 from /scratch2/dima/zephyr-chipyard-sw-fresh/tools-manual/zephyr-sdk-1.0.0-beta1/gnu/riscv64-zephyr-elf/lib/gcc/riscv64-zephyr-elf/14.3.0/include/limits.h:34,
                 from /scratch2/agustin/zephyr-chipyard-sw/zephyr_ws/zephyr/include/zephyr/kernel_includes.h:22,
                 from /scratch2/agustin/zephyr-chipyard-sw/zephyr_ws/zephyr/include/zephyr/kernel.h:17,
                 from /scratch2/agustin/zephyr-chipyard-sw/zephyr_ws/zephyr/include/zephyr/posix/pthread.h:14:
/scratch2/dima/zephyr-chipyard-sw-fresh/tools-manual/zephyr-sdk-1.0.0-beta1/gnu/riscv64-zephyr-elf/riscv64-zephyr-elf/sys-include/sys/syslimits.h:63:9: note: this is the location of the previous definition
   63 | #define _POSIX_AIO_LISTIO_MAX   2
      |         ^~~~~~~~~~~~~~~~~~~~~
/scratch2/agustin/zephyr-chipyard-sw/zephyr_ws/zephyr/include/zephyr/posix/posix_limits.h:24:9: warning: "_POSIX_AIO_MAX" redefined
   24 | #define _POSIX_AIO_MAX                      (1)
      |         ^~~~~~~~~~~~~~
/scratch2/dima/zephyr-chipyard-sw-fresh/tools-manual/zephyr-sdk-1.0.0-beta1/gnu/riscv64-zephyr-elf/riscv64-zephyr-elf/sys-include/sys/syslimits.h:64:9: note: this is the location of the previous definition
   64 | #define _POSIX_AIO_MAX          1
      |         ^~~~~~~~~~~~~~
/scratch2/agustin/zephyr-chipyard-sw/zephyr_ws/zephyr/include/zephyr/posix/posix_limits.h:25:9: warning: "_POSIX_ARG_MAX" redefined
   25 | #define _POSIX_ARG_MAX                      (4096)
      |         ^~~~~~~~~~~~~~
/scratch2/dima/zephyr-chipyard-sw-fresh/tools-manual/zephyr-sdk-1.0.0-beta1/gnu/riscv64-zephyr-elf/riscv64-zephyr-elf/sys-include/sys/syslimits.h:65:9: note: this is the location of the previous definition
   65 | #define _POSIX_ARG_MAX          4096
      |         ^~~~~~~~~~~~~~
/scratch2/agustin/zephyr-chipyard-sw/zephyr_ws/zephyr/include/zephyr/posix/posix_limits.h:26:9: warning: "_POSIX_CHILD_MAX" redefined
   26 | #define _POSIX_CHILD_MAX                    (25)
      |         ^~~~~~~~~~~~~~~~
/scratch2/dima/zephyr-chipyard-sw-fresh/tools-manual/zephyr-sdk-1.0.0-beta1/gnu/riscv64-zephyr-elf/riscv64-zephyr-elf/sys-include/sys/syslimits.h:66:9: note: this is the location of the previous definition
   66 | #define _POSIX_CHILD_MAX        6
      |         ^~~~~~~~~~~~~~~~
/scratch2/agustin/zephyr-chipyard-sw/zephyr_ws/zephyr/include/zephyr/posix/posix_limits.h:27:9: warning: "_POSIX_DELAYTIMER_MAX" redefined
   27 | #define _POSIX_DELAYTIMER_MAX               (32)
      |         ^~~~~~~~~~~~~~~~~~~~~
/scratch2/dima/zephyr-chipyard-sw-fresh/tools-manual/zephyr-sdk-1.0.0-beta1/gnu/riscv64-zephyr-elf/riscv64-zephyr-elf/sys-include/sys/syslimits.h:67:9: note: this is the location of the previous definition
   67 | #define _POSIX_DELAYTIMER_MAX   32
      |         ^~~~~~~~~~~~~~~~~~~~~
/scratch2/agustin/zephyr-chipyard-sw/zephyr_ws/zephyr/include/zephyr/posix/posix_limits.h:28:9: warning: "_POSIX_HOST_NAME_MAX" redefined
   28 | #define _POSIX_HOST_NAME_MAX                (255)
      |         ^~~~~~~~~~~~~~~~~~~~
/scratch2/dima/zephyr-chipyard-sw-fresh/tools-manual/zephyr-sdk-1.0.0-beta1/gnu/riscv64-zephyr-elf/riscv64-zephyr-elf/sys-include/sys/syslimits.h:68:9: note: this is the location of the previous definition
   68 | #define _POSIX_HOST_NAME_MAX    255
      |         ^~~~~~~~~~~~~~~~~~~~
/scratch2/agustin/zephyr-chipyard-sw/zephyr_ws/zephyr/include/zephyr/posix/posix_limits.h:29:9: warning: "_POSIX_LINK_MAX" redefined
   29 | #define _POSIX_LINK_MAX                     (8)
      |         ^~~~~~~~~~~~~~~
/scratch2/dima/zephyr-chipyard-sw-fresh/tools-manual/zephyr-sdk-1.0.0-beta1/gnu/riscv64-zephyr-elf/riscv64-zephyr-elf/sys-include/sys/syslimits.h:69:9: note: this is the location of the previous definition
   69 | #define _POSIX_LINK_MAX         8
      |         ^~~~~~~~~~~~~~~
/scratch2/agustin/zephyr-chipyard-sw/zephyr_ws/zephyr/include/zephyr/posix/posix_limits.h:30:9: warning: "_POSIX_LOGIN_NAME_MAX" redefined
   30 | #define _POSIX_LOGIN_NAME_MAX               (9)
      |         ^~~~~~~~~~~~~~~~~~~~~
/scratch2/dima/zephyr-chipyard-sw-fresh/tools-manual/zephyr-sdk-1.0.0-beta1/gnu/riscv64-zephyr-elf/riscv64-zephyr-elf/sys-include/sys/syslimits.h:70:9: note: this is the location of the previous definition
   70 | #define _POSIX_LOGIN_NAME_MAX   9
      |         ^~~~~~~~~~~~~~~~~~~~~
/scratch2/agustin/zephyr-chipyard-sw/zephyr_ws/zephyr/include/zephyr/posix/posix_limits.h:31:9: warning: "_POSIX_MAX_CANON" redefined
   31 | #define _POSIX_MAX_CANON                    (255)
      |         ^~~~~~~~~~~~~~~~
/scratch2/dima/zephyr-chipyard-sw-fresh/tools-manual/zephyr-sdk-1.0.0-beta1/gnu/riscv64-zephyr-elf/riscv64-zephyr-elf/sys-include/sys/syslimits.h:71:9: note: this is the location of the previous definition
   71 | #define _POSIX_MAX_CANON        255
      |         ^~~~~~~~~~~~~~~~
/scratch2/agustin/zephyr-chipyard-sw/zephyr_ws/zephyr/include/zephyr/posix/posix_limits.h:32:9: warning: "_POSIX_MAX_INPUT" redefined
   32 | #define _POSIX_MAX_INPUT                    (255)
      |         ^~~~~~~~~~~~~~~~
/scratch2/dima/zephyr-chipyard-sw-fresh/tools-manual/zephyr-sdk-1.0.0-beta1/gnu/riscv64-zephyr-elf/riscv64-zephyr-elf/sys-include/sys/syslimits.h:72:9: note: this is the location of the previous definition
   72 | #define _POSIX_MAX_INPUT        255
      |         ^~~~~~~~~~~~~~~~
/scratch2/agustin/zephyr-chipyard-sw/zephyr_ws/zephyr/include/zephyr/posix/posix_limits.h:33:9: warning: "_POSIX_MQ_OPEN_MAX" redefined
   33 | #define _POSIX_MQ_OPEN_MAX                  (8)
      |         ^~~~~~~~~~~~~~~~~~
/scratch2/dima/zephyr-chipyard-sw-fresh/tools-manual/zephyr-sdk-1.0.0-beta1/gnu/riscv64-zephyr-elf/riscv64-zephyr-elf/sys-include/sys/syslimits.h:73:9: note: this is the location of the previous definition
   73 | #define _POSIX_MQ_OPEN_MAX      8
      |         ^~~~~~~~~~~~~~~~~~
/scratch2/agustin/zephyr-chipyard-sw/zephyr_ws/zephyr/include/zephyr/posix/posix_limits.h:34:9: warning: "_POSIX_MQ_PRIO_MAX" redefined
   34 | #define _POSIX_MQ_PRIO_MAX                  (32)
      |         ^~~~~~~~~~~~~~~~~~
/scratch2/dima/zephyr-chipyard-sw-fresh/tools-manual/zephyr-sdk-1.0.0-beta1/gnu/riscv64-zephyr-elf/riscv64-zephyr-elf/sys-include/sys/syslimits.h:74:9: note: this is the location of the previous definition
   74 | #define _POSIX_MQ_PRIO_MAX      32
      |         ^~~~~~~~~~~~~~~~~~
/scratch2/agustin/zephyr-chipyard-sw/zephyr_ws/zephyr/include/zephyr/posix/posix_limits.h:35:9: warning: "_POSIX_NAME_MAX" redefined
   35 | #define _POSIX_NAME_MAX                     (14)
      |         ^~~~~~~~~~~~~~~
/scratch2/dima/zephyr-chipyard-sw-fresh/tools-manual/zephyr-sdk-1.0.0-beta1/gnu/riscv64-zephyr-elf/riscv64-zephyr-elf/sys-include/sys/syslimits.h:75:9: note: this is the location of the previous definition
   75 | #define _POSIX_NAME_MAX         14
      |         ^~~~~~~~~~~~~~~
/scratch2/agustin/zephyr-chipyard-sw/zephyr_ws/zephyr/include/zephyr/posix/posix_limits.h:36:9: warning: "_POSIX_NGROUPS_MAX" redefined
   36 | #define _POSIX_NGROUPS_MAX                  (8)
      |         ^~~~~~~~~~~~~~~~~~
/scratch2/dima/zephyr-chipyard-sw-fresh/tools-manual/zephyr-sdk-1.0.0-beta1/gnu/riscv64-zephyr-elf/riscv64-zephyr-elf/sys-include/sys/syslimits.h:76:9: note: this is the location of the previous definition
   76 | #define _POSIX_NGROUPS_MAX      0
      |         ^~~~~~~~~~~~~~~~~~
/scratch2/agustin/zephyr-chipyard-sw/zephyr_ws/zephyr/include/zephyr/posix/posix_limits.h:37:9: warning: "_POSIX_OPEN_MAX" redefined
   37 | #define _POSIX_OPEN_MAX                     (20)
      |         ^~~~~~~~~~~~~~~
/scratch2/dima/zephyr-chipyard-sw-fresh/tools-manual/zephyr-sdk-1.0.0-beta1/gnu/riscv64-zephyr-elf/riscv64-zephyr-elf/sys-include/sys/syslimits.h:77:9: note: this is the location of the previous definition
   77 | #define _POSIX_OPEN_MAX         16
      |         ^~~~~~~~~~~~~~~
/scratch2/agustin/zephyr-chipyard-sw/zephyr_ws/zephyr/include/zephyr/posix/posix_limits.h:38:9: warning: "_POSIX_PATH_MAX" redefined
   38 | #define _POSIX_PATH_MAX                     (256)
      |         ^~~~~~~~~~~~~~~
/scratch2/dima/zephyr-chipyard-sw-fresh/tools-manual/zephyr-sdk-1.0.0-beta1/gnu/riscv64-zephyr-elf/riscv64-zephyr-elf/sys-include/sys/syslimits.h:78:9: note: this is the location of the previous definition
   78 | #define _POSIX_PATH_MAX         255
      |         ^~~~~~~~~~~~~~~
/scratch2/agustin/zephyr-chipyard-sw/zephyr_ws/zephyr/include/zephyr/posix/posix_limits.h:39:9: warning: "_POSIX_PIPE_BUF" redefined
   39 | #define _POSIX_PIPE_BUF                     (512)
      |         ^~~~~~~~~~~~~~~
/scratch2/dima/zephyr-chipyard-sw-fresh/tools-manual/zephyr-sdk-1.0.0-beta1/gnu/riscv64-zephyr-elf/riscv64-zephyr-elf/sys-include/sys/syslimits.h:79:9: note: this is the location of the previous definition
   79 | #define _POSIX_PIPE_BUF         512
      |         ^~~~~~~~~~~~~~~
/scratch2/agustin/zephyr-chipyard-sw/zephyr_ws/zephyr/include/zephyr/posix/posix_limits.h:40:9: warning: "_POSIX_RE_DUP_MAX" redefined
   40 | #define _POSIX_RE_DUP_MAX                   (255)
      |         ^~~~~~~~~~~~~~~~~
/scratch2/dima/zephyr-chipyard-sw-fresh/tools-manual/zephyr-sdk-1.0.0-beta1/gnu/riscv64-zephyr-elf/riscv64-zephyr-elf/sys-include/sys/syslimits.h:80:9: note: this is the location of the previous definition
   80 | #define _POSIX_RE_DUP_MAX       255
      |         ^~~~~~~~~~~~~~~~~
/scratch2/agustin/zephyr-chipyard-sw/zephyr_ws/zephyr/include/zephyr/posix/posix_limits.h:41:9: warning: "_POSIX_RTSIG_MAX" redefined
   41 | #define _POSIX_RTSIG_MAX                    (8)
      |         ^~~~~~~~~~~~~~~~
/scratch2/dima/zephyr-chipyard-sw-fresh/tools-manual/zephyr-sdk-1.0.0-beta1/gnu/riscv64-zephyr-elf/riscv64-zephyr-elf/sys-include/sys/syslimits.h:81:9: note: this is the location of the previous definition
   81 | #define _POSIX_RTSIG_MAX        8
      |         ^~~~~~~~~~~~~~~~
/scratch2/agustin/zephyr-chipyard-sw/zephyr_ws/zephyr/include/zephyr/posix/posix_limits.h:42:9: warning: "_POSIX_SEM_NSEMS_MAX" redefined
   42 | #define _POSIX_SEM_NSEMS_MAX                (256)
      |         ^~~~~~~~~~~~~~~~~~~~
/scratch2/dima/zephyr-chipyard-sw-fresh/tools-manual/zephyr-sdk-1.0.0-beta1/gnu/riscv64-zephyr-elf/riscv64-zephyr-elf/sys-include/sys/syslimits.h:82:9: note: this is the location of the previous definition
   82 | #define _POSIX_SEM_NSEMS_MAX    256
      |         ^~~~~~~~~~~~~~~~~~~~
/scratch2/agustin/zephyr-chipyard-sw/zephyr_ws/zephyr/include/zephyr/posix/posix_limits.h:43:9: warning: "_POSIX_SEM_VALUE_MAX" redefined
   43 | #define _POSIX_SEM_VALUE_MAX                (32767)
      |         ^~~~~~~~~~~~~~~~~~~~
/scratch2/dima/zephyr-chipyard-sw-fresh/tools-manual/zephyr-sdk-1.0.0-beta1/gnu/riscv64-zephyr-elf/riscv64-zephyr-elf/sys-include/sys/syslimits.h:83:9: note: this is the location of the previous definition
   83 | #define _POSIX_SEM_VALUE_MAX    32767
      |         ^~~~~~~~~~~~~~~~~~~~
/scratch2/agustin/zephyr-chipyard-sw/zephyr_ws/zephyr/include/zephyr/posix/posix_limits.h:44:9: warning: "_POSIX_SIGQUEUE_MAX" redefined
   44 | #define _POSIX_SIGQUEUE_MAX                 (32)
      |         ^~~~~~~~~~~~~~~~~~~
/scratch2/dima/zephyr-chipyard-sw-fresh/tools-manual/zephyr-sdk-1.0.0-beta1/gnu/riscv64-zephyr-elf/riscv64-zephyr-elf/sys-include/sys/syslimits.h:84:9: note: this is the location of the previous definition
   84 | #define _POSIX_SIGQUEUE_MAX     32
      |         ^~~~~~~~~~~~~~~~~~~
/scratch2/agustin/zephyr-chipyard-sw/zephyr_ws/zephyr/include/zephyr/posix/posix_limits.h:45:9: warning: "_POSIX_SSIZE_MAX" redefined
   45 | #define _POSIX_SSIZE_MAX                    (32767)
      |         ^~~~~~~~~~~~~~~~
/scratch2/dima/zephyr-chipyard-sw-fresh/tools-manual/zephyr-sdk-1.0.0-beta1/gnu/riscv64-zephyr-elf/riscv64-zephyr-elf/sys-include/sys/syslimits.h:85:9: note: this is the location of the previous definition
   85 | #define _POSIX_SSIZE_MAX        32767
      |         ^~~~~~~~~~~~~~~~
/scratch2/agustin/zephyr-chipyard-sw/zephyr_ws/zephyr/include/zephyr/posix/posix_limits.h:46:9: warning: "_POSIX_SS_REPL_MAX" redefined
   46 | #define _POSIX_SS_REPL_MAX                  (4)
      |         ^~~~~~~~~~~~~~~~~~
/scratch2/dima/zephyr-chipyard-sw-fresh/tools-manual/zephyr-sdk-1.0.0-beta1/gnu/riscv64-zephyr-elf/riscv64-zephyr-elf/sys-include/sys/syslimits.h:86:9: note: this is the location of the previous definition
   86 | #define _POSIX_SS_REPL_MAX      4
      |         ^~~~~~~~~~~~~~~~~~
/scratch2/agustin/zephyr-chipyard-sw/zephyr_ws/zephyr/include/zephyr/posix/posix_limits.h:47:9: warning: "_POSIX_STREAM_MAX" redefined
   47 | #define _POSIX_STREAM_MAX                   (8)
      |         ^~~~~~~~~~~~~~~~~
/scratch2/dima/zephyr-chipyard-sw-fresh/tools-manual/zephyr-sdk-1.0.0-beta1/gnu/riscv64-zephyr-elf/riscv64-zephyr-elf/sys-include/sys/syslimits.h:87:9: note: this is the location of the previous definition
   87 | #define _POSIX_STREAM_MAX       8
      |         ^~~~~~~~~~~~~~~~~
/scratch2/agustin/zephyr-chipyard-sw/zephyr_ws/zephyr/include/zephyr/posix/posix_limits.h:48:9: warning: "_POSIX_SYMLINK_MAX" redefined
   48 | #define _POSIX_SYMLINK_MAX                  (255)
      |         ^~~~~~~~~~~~~~~~~~
/scratch2/dima/zephyr-chipyard-sw-fresh/tools-manual/zephyr-sdk-1.0.0-beta1/gnu/riscv64-zephyr-elf/riscv64-zephyr-elf/sys-include/sys/syslimits.h:88:9: note: this is the location of the previous definition
   88 | #define _POSIX_SYMLINK_MAX      255
      |         ^~~~~~~~~~~~~~~~~~
/scratch2/agustin/zephyr-chipyard-sw/zephyr_ws/zephyr/include/zephyr/posix/posix_limits.h:49:9: warning: "_POSIX_SYMLOOP_MAX" redefined
   49 | #define _POSIX_SYMLOOP_MAX                  (8)
      |         ^~~~~~~~~~~~~~~~~~
/scratch2/dima/zephyr-chipyard-sw-fresh/tools-manual/zephyr-sdk-1.0.0-beta1/gnu/riscv64-zephyr-elf/riscv64-zephyr-elf/sys-include/sys/syslimits.h:89:9: note: this is the location of the previous definition
   89 | #define _POSIX_SYMLOOP_MAX      8
      |         ^~~~~~~~~~~~~~~~~~
/scratch2/agustin/zephyr-chipyard-sw/zephyr_ws/zephyr/include/zephyr/posix/posix_limits.h:50:9: warning: "_POSIX_THREAD_DESTRUCTOR_ITERATIONS" redefined
   50 | #define _POSIX_THREAD_DESTRUCTOR_ITERATIONS (4)
      |         ^~~~~~~~~~~~~~~~~~~~~~~~~~~~~~~~~~~
/scratch2/dima/zephyr-chipyard-sw-fresh/tools-manual/zephyr-sdk-1.0.0-beta1/gnu/riscv64-zephyr-elf/riscv64-zephyr-elf/sys-include/sys/syslimits.h:90:9: note: this is the location of the previous definition
   90 | #define _POSIX_THREAD_DESTRUCTOR_ITERATIONS     4
      |         ^~~~~~~~~~~~~~~~~~~~~~~~~~~~~~~~~~~
/scratch2/agustin/zephyr-chipyard-sw/zephyr_ws/zephyr/include/zephyr/posix/posix_limits.h:51:9: warning: "_POSIX_THREAD_KEYS_MAX" redefined
   51 | #define _POSIX_THREAD_KEYS_MAX              (128)
      |         ^~~~~~~~~~~~~~~~~~~~~~
/scratch2/dima/zephyr-chipyard-sw-fresh/tools-manual/zephyr-sdk-1.0.0-beta1/gnu/riscv64-zephyr-elf/riscv64-zephyr-elf/sys-include/sys/syslimits.h:91:9: note: this is the location of the previous definition
   91 | #define _POSIX_THREAD_KEYS_MAX  128
      |         ^~~~~~~~~~~~~~~~~~~~~~
/scratch2/agustin/zephyr-chipyard-sw/zephyr_ws/zephyr/include/zephyr/posix/posix_limits.h:52:9: warning: "_POSIX_THREAD_THREADS_MAX" redefined
   52 | #define _POSIX_THREAD_THREADS_MAX           (64)
      |         ^~~~~~~~~~~~~~~~~~~~~~~~~
/scratch2/dima/zephyr-chipyard-sw-fresh/tools-manual/zephyr-sdk-1.0.0-beta1/gnu/riscv64-zephyr-elf/riscv64-zephyr-elf/sys-include/sys/syslimits.h:92:9: note: this is the location of the previous definition
   92 | #define _POSIX_THREAD_THREADS_MAX       64
      |         ^~~~~~~~~~~~~~~~~~~~~~~~~
/scratch2/agustin/zephyr-chipyard-sw/zephyr_ws/zephyr/include/zephyr/posix/posix_limits.h:53:9: warning: "_POSIX_TIMER_MAX" redefined
   53 | #define _POSIX_TIMER_MAX                    (32)
      |         ^~~~~~~~~~~~~~~~
/scratch2/dima/zephyr-chipyard-sw-fresh/tools-manual/zephyr-sdk-1.0.0-beta1/gnu/riscv64-zephyr-elf/riscv64-zephyr-elf/sys-include/sys/syslimits.h:93:9: note: this is the location of the previous definition
   93 | #define _POSIX_TIMER_MAX        32
      |         ^~~~~~~~~~~~~~~~
/scratch2/agustin/zephyr-chipyard-sw/zephyr_ws/zephyr/include/zephyr/posix/posix_limits.h:54:9: warning: "_POSIX_TRACE_EVENT_NAME_MAX" redefined
   54 | #define _POSIX_TRACE_EVENT_NAME_MAX         (30)
      |         ^~~~~~~~~~~~~~~~~~~~~~~~~~~
/scratch2/dima/zephyr-chipyard-sw-fresh/tools-manual/zephyr-sdk-1.0.0-beta1/gnu/riscv64-zephyr-elf/riscv64-zephyr-elf/sys-include/sys/syslimits.h:94:9: note: this is the location of the previous definition
   94 | #define _POSIX_TRACE_EVENT_NAME_MAX     30
      |         ^~~~~~~~~~~~~~~~~~~~~~~~~~~
/scratch2/agustin/zephyr-chipyard-sw/zephyr_ws/zephyr/include/zephyr/posix/posix_limits.h:55:9: warning: "_POSIX_TRACE_NAME_MAX" redefined
   55 | #define _POSIX_TRACE_NAME_MAX               (8)
      |         ^~~~~~~~~~~~~~~~~~~~~
/scratch2/dima/zephyr-chipyard-sw-fresh/tools-manual/zephyr-sdk-1.0.0-beta1/gnu/riscv64-zephyr-elf/riscv64-zephyr-elf/sys-include/sys/syslimits.h:95:9: note: this is the location of the previous definition
   95 | #define _POSIX_TRACE_NAME_MAX   8
      |         ^~~~~~~~~~~~~~~~~~~~~
/scratch2/agustin/zephyr-chipyard-sw/zephyr_ws/zephyr/include/zephyr/posix/posix_limits.h:56:9: warning: "_POSIX_TRACE_SYS_MAX" redefined
   56 | #define _POSIX_TRACE_SYS_MAX                (8)
      |         ^~~~~~~~~~~~~~~~~~~~
/scratch2/dima/zephyr-chipyard-sw-fresh/tools-manual/zephyr-sdk-1.0.0-beta1/gnu/riscv64-zephyr-elf/riscv64-zephyr-elf/sys-include/sys/syslimits.h:96:9: note: this is the location of the previous definition
   96 | #define _POSIX_TRACE_SYS_MAX    8
      |         ^~~~~~~~~~~~~~~~~~~~
/scratch2/agustin/zephyr-chipyard-sw/zephyr_ws/zephyr/include/zephyr/posix/posix_limits.h:57:9: warning: "_POSIX_TRACE_USER_EVENT_MAX" redefined
   57 | #define _POSIX_TRACE_USER_EVENT_MAX         (32)
      |         ^~~~~~~~~~~~~~~~~~~~~~~~~~~
/scratch2/dima/zephyr-chipyard-sw-fresh/tools-manual/zephyr-sdk-1.0.0-beta1/gnu/riscv64-zephyr-elf/riscv64-zephyr-elf/sys-include/sys/syslimits.h:97:9: note: this is the location of the previous definition
   97 | #define _POSIX_TRACE_USER_EVENT_MAX     32
      |         ^~~~~~~~~~~~~~~~~~~~~~~~~~~
/scratch2/agustin/zephyr-chipyard-sw/zephyr_ws/zephyr/include/zephyr/posix/posix_limits.h:58:9: warning: "_POSIX_TTY_NAME_MAX" redefined
   58 | #define _POSIX_TTY_NAME_MAX                 (9)
      |         ^~~~~~~~~~~~~~~~~~~
/scratch2/dima/zephyr-chipyard-sw-fresh/tools-manual/zephyr-sdk-1.0.0-beta1/gnu/riscv64-zephyr-elf/riscv64-zephyr-elf/sys-include/sys/syslimits.h:98:9: note: this is the location of the previous definition
   98 | #define _POSIX_TTY_NAME_MAX     9
      |         ^~~~~~~~~~~~~~~~~~~
/scratch2/agustin/zephyr-chipyard-sw/zephyr_ws/zephyr/include/zephyr/posix/posix_limits.h:59:9: warning: "_POSIX_TZNAME_MAX" redefined
   59 | #define _POSIX_TZNAME_MAX                   (6)
      |         ^~~~~~~~~~~~~~~~~
/scratch2/dima/zephyr-chipyard-sw-fresh/tools-manual/zephyr-sdk-1.0.0-beta1/gnu/riscv64-zephyr-elf/riscv64-zephyr-elf/sys-include/sys/syslimits.h:99:9: note: this is the location of the previous definition
   99 | #define _POSIX_TZNAME_MAX       3
      |         ^~~~~~~~~~~~~~~~~
/scratch2/agustin/zephyr-chipyard-sw/zephyr_ws/zephyr/include/zephyr/posix/posix_limits.h:60:9: warning: "_POSIX2_BC_BASE_MAX" redefined
   60 | #define _POSIX2_BC_BASE_MAX                 (99)
      |         ^~~~~~~~~~~~~~~~~~~
/scratch2/dima/zephyr-chipyard-sw-fresh/tools-manual/zephyr-sdk-1.0.0-beta1/gnu/riscv64-zephyr-elf/riscv64-zephyr-elf/sys-include/sys/syslimits.h:100:9: note: this is the location of the previous definition
  100 | #define _POSIX2_BC_BASE_MAX     99
      |         ^~~~~~~~~~~~~~~~~~~
/scratch2/agustin/zephyr-chipyard-sw/zephyr_ws/zephyr/include/zephyr/posix/posix_limits.h:61:9: warning: "_POSIX2_BC_DIM_MAX" redefined
   61 | #define _POSIX2_BC_DIM_MAX                  (2048)
      |         ^~~~~~~~~~~~~~~~~~
/scratch2/dima/zephyr-chipyard-sw-fresh/tools-manual/zephyr-sdk-1.0.0-beta1/gnu/riscv64-zephyr-elf/riscv64-zephyr-elf/sys-include/sys/syslimits.h:101:9: note: this is the location of the previous definition
  101 | #define _POSIX2_BC_DIM_MAX      2048
      |         ^~~~~~~~~~~~~~~~~~
/scratch2/agustin/zephyr-chipyard-sw/zephyr_ws/zephyr/include/zephyr/posix/posix_limits.h:62:9: warning: "_POSIX2_BC_SCALE_MAX" redefined
   62 | #define _POSIX2_BC_SCALE_MAX                (99)
      |         ^~~~~~~~~~~~~~~~~~~~
/scratch2/dima/zephyr-chipyard-sw-fresh/tools-manual/zephyr-sdk-1.0.0-beta1/gnu/riscv64-zephyr-elf/riscv64-zephyr-elf/sys-include/sys/syslimits.h:102:9: note: this is the location of the previous definition
  102 | #define _POSIX2_BC_SCALE_MAX    99
      |         ^~~~~~~~~~~~~~~~~~~~
/scratch2/agustin/zephyr-chipyard-sw/zephyr_ws/zephyr/include/zephyr/posix/posix_limits.h:63:9: warning: "_POSIX2_BC_STRING_MAX" redefined
   63 | #define _POSIX2_BC_STRING_MAX               (1000)
      |         ^~~~~~~~~~~~~~~~~~~~~
/scratch2/dima/zephyr-chipyard-sw-fresh/tools-manual/zephyr-sdk-1.0.0-beta1/gnu/riscv64-zephyr-elf/riscv64-zephyr-elf/sys-include/sys/syslimits.h:103:9: note: this is the location of the previous definition
  103 | #define _POSIX2_BC_STRING_MAX   1000
      |         ^~~~~~~~~~~~~~~~~~~~~
/scratch2/agustin/zephyr-chipyard-sw/zephyr_ws/zephyr/include/zephyr/posix/posix_limits.h:64:9: warning: "_POSIX2_CHARCLASS_NAME_MAX" redefined
   64 | #define _POSIX2_CHARCLASS_NAME_MAX          (14)
      |         ^~~~~~~~~~~~~~~~~~~~~~~~~~
/scratch2/dima/zephyr-chipyard-sw-fresh/tools-manual/zephyr-sdk-1.0.0-beta1/gnu/riscv64-zephyr-elf/riscv64-zephyr-elf/sys-include/sys/syslimits.h:104:9: note: this is the location of the previous definition
  104 | #define _POSIX2_CHARCLASS_NAME_MAX      14
      |         ^~~~~~~~~~~~~~~~~~~~~~~~~~
/scratch2/agustin/zephyr-chipyard-sw/zephyr_ws/zephyr/include/zephyr/posix/posix_limits.h:65:9: warning: "_POSIX2_COLL_WEIGHTS_MAX" redefined
   65 | #define _POSIX2_COLL_WEIGHTS_MAX            (2)
      |         ^~~~~~~~~~~~~~~~~~~~~~~~
/scratch2/dima/zephyr-chipyard-sw-fresh/tools-manual/zephyr-sdk-1.0.0-beta1/gnu/riscv64-zephyr-elf/riscv64-zephyr-elf/sys-include/sys/syslimits.h:105:9: note: this is the location of the previous definition
  105 | #define _POSIX2_COLL_WEIGHTS_MAX        2
      |         ^~~~~~~~~~~~~~~~~~~~~~~~
/scratch2/agustin/zephyr-chipyard-sw/zephyr_ws/zephyr/include/zephyr/posix/posix_limits.h:66:9: warning: "_POSIX2_EXPR_NEST_MAX" redefined
   66 | #define _POSIX2_EXPR_NEST_MAX               (32)
      |         ^~~~~~~~~~~~~~~~~~~~~
/scratch2/dima/zephyr-chipyard-sw-fresh/tools-manual/zephyr-sdk-1.0.0-beta1/gnu/riscv64-zephyr-elf/riscv64-zephyr-elf/sys-include/sys/syslimits.h:106:9: note: this is the location of the previous definition
  106 | #define _POSIX2_EXPR_NEST_MAX   32
      |         ^~~~~~~~~~~~~~~~~~~~~
/scratch2/agustin/zephyr-chipyard-sw/zephyr_ws/zephyr/include/zephyr/posix/posix_limits.h:67:9: warning: "_POSIX2_LINE_MAX" redefined
   67 | #define _POSIX2_LINE_MAX                    (2048)
      |         ^~~~~~~~~~~~~~~~
/scratch2/dima/zephyr-chipyard-sw-fresh/tools-manual/zephyr-sdk-1.0.0-beta1/gnu/riscv64-zephyr-elf/riscv64-zephyr-elf/sys-include/sys/syslimits.h:107:9: note: this is the location of the previous definition
  107 | #define _POSIX2_LINE_MAX        2048
      |         ^~~~~~~~~~~~~~~~
/scratch2/agustin/zephyr-chipyard-sw/zephyr_ws/zephyr/include/zephyr/posix/posix_limits.h:83:9: warning: "ARG_MAX" redefined
   83 | #define ARG_MAX                       _POSIX_ARG_MAX
      |         ^~~~~~~
/scratch2/dima/zephyr-chipyard-sw-fresh/tools-manual/zephyr-sdk-1.0.0-beta1/gnu/riscv64-zephyr-elf/riscv64-zephyr-elf/sys-include/sys/syslimits.h:41:9: note: this is the location of the previous definition
   41 | #define ARG_MAX                 65536   /* max bytes for an exec function */
      |         ^~~~~~~
/scratch2/agustin/zephyr-chipyard-sw/zephyr_ws/zephyr/include/zephyr/posix/posix_limits.h:84:9: warning: "ATEXIT_MAX" redefined
   84 | #define ATEXIT_MAX                    (32)
      |         ^~~~~~~~~~
/scratch2/dima/zephyr-chipyard-sw-fresh/tools-manual/zephyr-sdk-1.0.0-beta1/gnu/riscv64-zephyr-elf/riscv64-zephyr-elf/sys-include/sys/syslimits.h:42:9: note: this is the location of the previous definition
   42 | #define ATEXIT_MAX                 32   /* max atexit functions */
      |         ^~~~~~~~~~
/scratch2/agustin/zephyr-chipyard-sw/zephyr_ws/zephyr/include/zephyr/posix/posix_limits.h:93:9: warning: "OPEN_MAX" redefined
   93 | #define OPEN_MAX                      CONFIG_POSIX_OPEN_MAX
      |         ^~~~~~~~
/scratch2/dima/zephyr-chipyard-sw-fresh/tools-manual/zephyr-sdk-1.0.0-beta1/gnu/riscv64-zephyr-elf/riscv64-zephyr-elf/sys-include/sys/syslimits.h:45:9: note: this is the location of the previous definition
   45 | #define OPEN_MAX                   64   /* max open files per process */
      |         ^~~~~~~~
/scratch2/agustin/zephyr-chipyard-sw/zephyr_ws/zephyr/include/zephyr/posix/posix_limits.h:96:9: warning: "PATH_MAX" redefined
   96 | #define PATH_MAX                      _POSIX_PATH_MAX
      |         ^~~~~~~~
/scratch2/dima/zephyr-chipyard-sw-fresh/tools-manual/zephyr-sdk-1.0.0-beta1/gnu/riscv64-zephyr-elf/riscv64-zephyr-elf/sys-include/sys/syslimits.h:53:9: note: this is the location of the previous definition
   53 | #define PATH_MAX                 1024   /* max bytes in pathname */
      |         ^~~~~~~~
/scratch2/agustin/zephyr-chipyard-sw/zephyr_ws/zephyr/include/zephyr/posix/posix_limits.h:114:9: warning: "TZNAME_MAX" redefined
  114 | #define TZNAME_MAX                    _POSIX_TZNAME_MAX
      |         ^~~~~~~~~~
/scratch2/dima/zephyr-chipyard-sw-fresh/tools-manual/zephyr-sdk-1.0.0-beta1/gnu/riscv64-zephyr-elf/riscv64-zephyr-elf/sys-include/sys/syslimits.h:46:9: note: this is the location of the previous definition
   46 | #define TZNAME_MAX                 10   /* max time zone name length */
      |         ^~~~~~~~~~
/scratch2/agustin/ModelBlaster/examples/xpurt_demo/fp32/generated/xpurt_demo_schedule_main.c: In function 'xpurt_worker':
/scratch2/agustin/ModelBlaster/examples/xpurt_demo/fp32/generated/xpurt_demo_schedule_main.c:172:9: warning: unused variable 'my_kind_idx' [-Wunused-variable]
  172 |     int my_kind_idx = wa->kind_idx;
      |         ^~~~~~~~~~~
[93/216] Building C object zephyr/lib/libc/common/CMakeFiles/lib__libc__common.dir/source/thrd/thrd.c.obj
In file included from /scratch2/agustin/zephyr-chipyard-sw/zephyr_ws/zephyr/include/zephyr/posix/sys/sysconf.h:11,
                 from /scratch2/agustin/zephyr-chipyard-sw/zephyr_ws/zephyr/include/zephyr/posix/unistd.h:18,
                 from /scratch2/agustin/zephyr-chipyard-sw/zephyr_ws/zephyr/include/zephyr/posix/pthread.h:15,
                 from /scratch2/agustin/zephyr-chipyard-sw/zephyr_ws/zephyr/lib/libc/common/source/thrd/thrd.c:11:
/scratch2/agustin/zephyr-chipyard-sw/zephyr_ws/zephyr/include/zephyr/posix/posix_limits.h:23:9: warning: "_POSIX_AIO_LISTIO_MAX" redefined
   23 | #define _POSIX_AIO_LISTIO_MAX               (2)
      |         ^~~~~~~~~~~~~~~~~~~~~
In file included from /scratch2/dima/zephyr-chipyard-sw-fresh/tools-manual/zephyr-sdk-1.0.0-beta1/gnu/riscv64-zephyr-elf/riscv64-zephyr-elf/sys-include/limits.h:6,
                 from /scratch2/dima/zephyr-chipyard-sw-fresh/tools-manual/zephyr-sdk-1.0.0-beta1/gnu/riscv64-zephyr-elf/lib/gcc/riscv64-zephyr-elf/14.3.0/include/limits.h:210,
                 from /scratch2/dima/zephyr-chipyard-sw-fresh/tools-manual/zephyr-sdk-1.0.0-beta1/gnu/riscv64-zephyr-elf/lib/gcc/riscv64-zephyr-elf/14.3.0/include/syslimits.h:7,
                 from /scratch2/dima/zephyr-chipyard-sw-fresh/tools-manual/zephyr-sdk-1.0.0-beta1/gnu/riscv64-zephyr-elf/lib/gcc/riscv64-zephyr-elf/14.3.0/include/limits.h:34,
                 from /scratch2/agustin/zephyr-chipyard-sw/zephyr_ws/zephyr/include/zephyr/kernel_includes.h:22,
                 from /scratch2/agustin/zephyr-chipyard-sw/zephyr_ws/zephyr/include/zephyr/kernel.h:17,
                 from /scratch2/agustin/zephyr-chipyard-sw/zephyr_ws/zephyr/lib/libc/common/source/thrd/thrd.c:10:
/scratch2/dima/zephyr-chipyard-sw-fresh/tools-manual/zephyr-sdk-1.0.0-beta1/gnu/riscv64-zephyr-elf/riscv64-zephyr-elf/sys-include/sys/syslimits.h:63:9: note: this is the location of the previous definition
   63 | #define _POSIX_AIO_LISTIO_MAX   2
      |         ^~~~~~~~~~~~~~~~~~~~~
/scratch2/agustin/zephyr-chipyard-sw/zephyr_ws/zephyr/include/zephyr/posix/posix_limits.h:24:9: warning: "_POSIX_AIO_MAX" redefined
   24 | #define _POSIX_AIO_MAX                      (1)
      |         ^~~~~~~~~~~~~~
/scratch2/dima/zephyr-chipyard-sw-fresh/tools-manual/zephyr-sdk-1.0.0-beta1/gnu/riscv64-zephyr-elf/riscv64-zephyr-elf/sys-include/sys/syslimits.h:64:9: note: this is the location of the previous definition
   64 | #define _POSIX_AIO_MAX          1
      |         ^~~~~~~~~~~~~~
/scratch2/agustin/zephyr-chipyard-sw/zephyr_ws/zephyr/include/zephyr/posix/posix_limits.h:25:9: warning: "_POSIX_ARG_MAX" redefined
   25 | #define _POSIX_ARG_MAX                      (4096)
      |         ^~~~~~~~~~~~~~
/scratch2/dima/zephyr-chipyard-sw-fresh/tools-manual/zephyr-sdk-1.0.0-beta1/gnu/riscv64-zephyr-elf/riscv64-zephyr-elf/sys-include/sys/syslimits.h:65:9: note: this is the location of the previous definition
   65 | #define _POSIX_ARG_MAX          4096
      |         ^~~~~~~~~~~~~~
/scratch2/agustin/zephyr-chipyard-sw/zephyr_ws/zephyr/include/zephyr/posix/posix_limits.h:26:9: warning: "_POSIX_CHILD_MAX" redefined
   26 | #define _POSIX_CHILD_MAX                    (25)
      |         ^~~~~~~~~~~~~~~~
/scratch2/dima/zephyr-chipyard-sw-fresh/tools-manual/zephyr-sdk-1.0.0-beta1/gnu/riscv64-zephyr-elf/riscv64-zephyr-elf/sys-include/sys/syslimits.h:66:9: note: this is the location of the previous definition
   66 | #define _POSIX_CHILD_MAX        6
      |         ^~~~~~~~~~~~~~~~
/scratch2/agustin/zephyr-chipyard-sw/zephyr_ws/zephyr/include/zephyr/posix/posix_limits.h:27:9: warning: "_POSIX_DELAYTIMER_MAX" redefined
   27 | #define _POSIX_DELAYTIMER_MAX               (32)
      |         ^~~~~~~~~~~~~~~~~~~~~
/scratch2/dima/zephyr-chipyard-sw-fresh/tools-manual/zephyr-sdk-1.0.0-beta1/gnu/riscv64-zephyr-elf/riscv64-zephyr-elf/sys-include/sys/syslimits.h:67:9: note: this is the location of the previous definition
   67 | #define _POSIX_DELAYTIMER_MAX   32
      |         ^~~~~~~~~~~~~~~~~~~~~
/scratch2/agustin/zephyr-chipyard-sw/zephyr_ws/zephyr/include/zephyr/posix/posix_limits.h:28:9: warning: "_POSIX_HOST_NAME_MAX" redefined
   28 | #define _POSIX_HOST_NAME_MAX                (255)
      |         ^~~~~~~~~~~~~~~~~~~~
/scratch2/dima/zephyr-chipyard-sw-fresh/tools-manual/zephyr-sdk-1.0.0-beta1/gnu/riscv64-zephyr-elf/riscv64-zephyr-elf/sys-include/sys/syslimits.h:68:9: note: this is the location of the previous definition
   68 | #define _POSIX_HOST_NAME_MAX    255
      |         ^~~~~~~~~~~~~~~~~~~~
/scratch2/agustin/zephyr-chipyard-sw/zephyr_ws/zephyr/include/zephyr/posix/posix_limits.h:29:9: warning: "_POSIX_LINK_MAX" redefined
   29 | #define _POSIX_LINK_MAX                     (8)
      |         ^~~~~~~~~~~~~~~
/scratch2/dima/zephyr-chipyard-sw-fresh/tools-manual/zephyr-sdk-1.0.0-beta1/gnu/riscv64-zephyr-elf/riscv64-zephyr-elf/sys-include/sys/syslimits.h:69:9: note: this is the location of the previous definition
   69 | #define _POSIX_LINK_MAX         8
      |         ^~~~~~~~~~~~~~~
/scratch2/agustin/zephyr-chipyard-sw/zephyr_ws/zephyr/include/zephyr/posix/posix_limits.h:30:9: warning: "_POSIX_LOGIN_NAME_MAX" redefined
   30 | #define _POSIX_LOGIN_NAME_MAX               (9)
      |         ^~~~~~~~~~~~~~~~~~~~~
/scratch2/dima/zephyr-chipyard-sw-fresh/tools-manual/zephyr-sdk-1.0.0-beta1/gnu/riscv64-zephyr-elf/riscv64-zephyr-elf/sys-include/sys/syslimits.h:70:9: note: this is the location of the previous definition
   70 | #define _POSIX_LOGIN_NAME_MAX   9
      |         ^~~~~~~~~~~~~~~~~~~~~
/scratch2/agustin/zephyr-chipyard-sw/zephyr_ws/zephyr/include/zephyr/posix/posix_limits.h:31:9: warning: "_POSIX_MAX_CANON" redefined
   31 | #define _POSIX_MAX_CANON                    (255)
      |         ^~~~~~~~~~~~~~~~
/scratch2/dima/zephyr-chipyard-sw-fresh/tools-manual/zephyr-sdk-1.0.0-beta1/gnu/riscv64-zephyr-elf/riscv64-zephyr-elf/sys-include/sys/syslimits.h:71:9: note: this is the location of the previous definition
   71 | #define _POSIX_MAX_CANON        255
      |         ^~~~~~~~~~~~~~~~
/scratch2/agustin/zephyr-chipyard-sw/zephyr_ws/zephyr/include/zephyr/posix/posix_limits.h:32:9: warning: "_POSIX_MAX_INPUT" redefined
   32 | #define _POSIX_MAX_INPUT                    (255)
      |         ^~~~~~~~~~~~~~~~
/scratch2/dima/zephyr-chipyard-sw-fresh/tools-manual/zephyr-sdk-1.0.0-beta1/gnu/riscv64-zephyr-elf/riscv64-zephyr-elf/sys-include/sys/syslimits.h:72:9: note: this is the location of the previous definition
   72 | #define _POSIX_MAX_INPUT        255
      |         ^~~~~~~~~~~~~~~~
/scratch2/agustin/zephyr-chipyard-sw/zephyr_ws/zephyr/include/zephyr/posix/posix_limits.h:33:9: warning: "_POSIX_MQ_OPEN_MAX" redefined
   33 | #define _POSIX_MQ_OPEN_MAX                  (8)
      |         ^~~~~~~~~~~~~~~~~~
/scratch2/dima/zephyr-chipyard-sw-fresh/tools-manual/zephyr-sdk-1.0.0-beta1/gnu/riscv64-zephyr-elf/riscv64-zephyr-elf/sys-include/sys/syslimits.h:73:9: note: this is the location of the previous definition
   73 | #define _POSIX_MQ_OPEN_MAX      8
      |         ^~~~~~~~~~~~~~~~~~
/scratch2/agustin/zephyr-chipyard-sw/zephyr_ws/zephyr/include/zephyr/posix/posix_limits.h:34:9: warning: "_POSIX_MQ_PRIO_MAX" redefined
   34 | #define _POSIX_MQ_PRIO_MAX                  (32)
      |         ^~~~~~~~~~~~~~~~~~
/scratch2/dima/zephyr-chipyard-sw-fresh/tools-manual/zephyr-sdk-1.0.0-beta1/gnu/riscv64-zephyr-elf/riscv64-zephyr-elf/sys-include/sys/syslimits.h:74:9: note: this is the location of the previous definition
   74 | #define _POSIX_MQ_PRIO_MAX      32
      |         ^~~~~~~~~~~~~~~~~~
/scratch2/agustin/zephyr-chipyard-sw/zephyr_ws/zephyr/include/zephyr/posix/posix_limits.h:35:9: warning: "_POSIX_NAME_MAX" redefined
   35 | #define _POSIX_NAME_MAX                     (14)
      |         ^~~~~~~~~~~~~~~
/scratch2/dima/zephyr-chipyard-sw-fresh/tools-manual/zephyr-sdk-1.0.0-beta1/gnu/riscv64-zephyr-elf/riscv64-zephyr-elf/sys-include/sys/syslimits.h:75:9: note: this is the location of the previous definition
   75 | #define _POSIX_NAME_MAX         14
      |         ^~~~~~~~~~~~~~~
/scratch2/agustin/zephyr-chipyard-sw/zephyr_ws/zephyr/include/zephyr/posix/posix_limits.h:36:9: warning: "_POSIX_NGROUPS_MAX" redefined
   36 | #define _POSIX_NGROUPS_MAX                  (8)
      |         ^~~~~~~~~~~~~~~~~~
/scratch2/dima/zephyr-chipyard-sw-fresh/tools-manual/zephyr-sdk-1.0.0-beta1/gnu/riscv64-zephyr-elf/riscv64-zephyr-elf/sys-include/sys/syslimits.h:76:9: note: this is the location of the previous definition
   76 | #define _POSIX_NGROUPS_MAX      0
      |         ^~~~~~~~~~~~~~~~~~
/scratch2/agustin/zephyr-chipyard-sw/zephyr_ws/zephyr/include/zephyr/posix/posix_limits.h:37:9: warning: "_POSIX_OPEN_MAX" redefined
   37 | #define _POSIX_OPEN_MAX                     (20)
      |         ^~~~~~~~~~~~~~~
/scratch2/dima/zephyr-chipyard-sw-fresh/tools-manual/zephyr-sdk-1.0.0-beta1/gnu/riscv64-zephyr-elf/riscv64-zephyr-elf/sys-include/sys/syslimits.h:77:9: note: this is the location of the previous definition
   77 | #define _POSIX_OPEN_MAX         16
      |         ^~~~~~~~~~~~~~~
/scratch2/agustin/zephyr-chipyard-sw/zephyr_ws/zephyr/include/zephyr/posix/posix_limits.h:38:9: warning: "_POSIX_PATH_MAX" redefined
   38 | #define _POSIX_PATH_MAX                     (256)
      |         ^~~~~~~~~~~~~~~
/scratch2/dima/zephyr-chipyard-sw-fresh/tools-manual/zephyr-sdk-1.0.0-beta1/gnu/riscv64-zephyr-elf/riscv64-zephyr-elf/sys-include/sys/syslimits.h:78:9: note: this is the location of the previous definition
   78 | #define _POSIX_PATH_MAX         255
      |         ^~~~~~~~~~~~~~~
/scratch2/agustin/zephyr-chipyard-sw/zephyr_ws/zephyr/include/zephyr/posix/posix_limits.h:39:9: warning: "_POSIX_PIPE_BUF" redefined
   39 | #define _POSIX_PIPE_BUF                     (512)
      |         ^~~~~~~~~~~~~~~
/scratch2/dima/zephyr-chipyard-sw-fresh/tools-manual/zephyr-sdk-1.0.0-beta1/gnu/riscv64-zephyr-elf/riscv64-zephyr-elf/sys-include/sys/syslimits.h:79:9: note: this is the location of the previous definition
   79 | #define _POSIX_PIPE_BUF         512
      |         ^~~~~~~~~~~~~~~
/scratch2/agustin/zephyr-chipyard-sw/zephyr_ws/zephyr/include/zephyr/posix/posix_limits.h:40:9: warning: "_POSIX_RE_DUP_MAX" redefined
   40 | #define _POSIX_RE_DUP_MAX                   (255)
      |         ^~~~~~~~~~~~~~~~~
/scratch2/dima/zephyr-chipyard-sw-fresh/tools-manual/zephyr-sdk-1.0.0-beta1/gnu/riscv64-zephyr-elf/riscv64-zephyr-elf/sys-include/sys/syslimits.h:80:9: note: this is the location of the previous definition
   80 | #define _POSIX_RE_DUP_MAX       255
      |         ^~~~~~~~~~~~~~~~~
/scratch2/agustin/zephyr-chipyard-sw/zephyr_ws/zephyr/include/zephyr/posix/posix_limits.h:41:9: warning: "_POSIX_RTSIG_MAX" redefined
   41 | #define _POSIX_RTSIG_MAX                    (8)
      |         ^~~~~~~~~~~~~~~~
/scratch2/dima/zephyr-chipyard-sw-fresh/tools-manual/zephyr-sdk-1.0.0-beta1/gnu/riscv64-zephyr-elf/riscv64-zephyr-elf/sys-include/sys/syslimits.h:81:9: note: this is the location of the previous definition
   81 | #define _POSIX_RTSIG_MAX        8
      |         ^~~~~~~~~~~~~~~~
/scratch2/agustin/zephyr-chipyard-sw/zephyr_ws/zephyr/include/zephyr/posix/posix_limits.h:42:9: warning: "_POSIX_SEM_NSEMS_MAX" redefined
   42 | #define _POSIX_SEM_NSEMS_MAX                (256)
      |         ^~~~~~~~~~~~~~~~~~~~
/scratch2/dima/zephyr-chipyard-sw-fresh/tools-manual/zephyr-sdk-1.0.0-beta1/gnu/riscv64-zephyr-elf/riscv64-zephyr-elf/sys-include/sys/syslimits.h:82:9: note: this is the location of the previous definition
   82 | #define _POSIX_SEM_NSEMS_MAX    256
      |         ^~~~~~~~~~~~~~~~~~~~
/scratch2/agustin/zephyr-chipyard-sw/zephyr_ws/zephyr/include/zephyr/posix/posix_limits.h:43:9: warning: "_POSIX_SEM_VALUE_MAX" redefined
   43 | #define _POSIX_SEM_VALUE_MAX                (32767)
      |         ^~~~~~~~~~~~~~~~~~~~
/scratch2/dima/zephyr-chipyard-sw-fresh/tools-manual/zephyr-sdk-1.0.0-beta1/gnu/riscv64-zephyr-elf/riscv64-zephyr-elf/sys-include/sys/syslimits.h:83:9: note: this is the location of the previous definition
   83 | #define _POSIX_SEM_VALUE_MAX    32767
      |         ^~~~~~~~~~~~~~~~~~~~
/scratch2/agustin/zephyr-chipyard-sw/zephyr_ws/zephyr/include/zephyr/posix/posix_limits.h:44:9: warning: "_POSIX_SIGQUEUE_MAX" redefined
   44 | #define _POSIX_SIGQUEUE_MAX                 (32)
      |         ^~~~~~~~~~~~~~~~~~~
/scratch2/dima/zephyr-chipyard-sw-fresh/tools-manual/zephyr-sdk-1.0.0-beta1/gnu/riscv64-zephyr-elf/riscv64-zephyr-elf/sys-include/sys/syslimits.h:84:9: note: this is the location of the previous definition
   84 | #define _POSIX_SIGQUEUE_MAX     32
      |         ^~~~~~~~~~~~~~~~~~~
/scratch2/agustin/zephyr-chipyard-sw/zephyr_ws/zephyr/include/zephyr/posix/posix_limits.h:45:9: warning: "_POSIX_SSIZE_MAX" redefined
   45 | #define _POSIX_SSIZE_MAX                    (32767)
      |         ^~~~~~~~~~~~~~~~
/scratch2/dima/zephyr-chipyard-sw-fresh/tools-manual/zephyr-sdk-1.0.0-beta1/gnu/riscv64-zephyr-elf/riscv64-zephyr-elf/sys-include/sys/syslimits.h:85:9: note: this is the location of the previous definition
   85 | #define _POSIX_SSIZE_MAX        32767
      |         ^~~~~~~~~~~~~~~~
/scratch2/agustin/zephyr-chipyard-sw/zephyr_ws/zephyr/include/zephyr/posix/posix_limits.h:46:9: warning: "_POSIX_SS_REPL_MAX" redefined
   46 | #define _POSIX_SS_REPL_MAX                  (4)
      |         ^~~~~~~~~~~~~~~~~~
/scratch2/dima/zephyr-chipyard-sw-fresh/tools-manual/zephyr-sdk-1.0.0-beta1/gnu/riscv64-zephyr-elf/riscv64-zephyr-elf/sys-include/sys/syslimits.h:86:9: note: this is the location of the previous definition
   86 | #define _POSIX_SS_REPL_MAX      4
      |         ^~~~~~~~~~~~~~~~~~
/scratch2/agustin/zephyr-chipyard-sw/zephyr_ws/zephyr/include/zephyr/posix/posix_limits.h:47:9: warning: "_POSIX_STREAM_MAX" redefined
   47 | #define _POSIX_STREAM_MAX                   (8)
      |         ^~~~~~~~~~~~~~~~~
/scratch2/dima/zephyr-chipyard-sw-fresh/tools-manual/zephyr-sdk-1.0.0-beta1/gnu/riscv64-zephyr-elf/riscv64-zephyr-elf/sys-include/sys/syslimits.h:87:9: note: this is the location of the previous definition
   87 | #define _POSIX_STREAM_MAX       8
      |         ^~~~~~~~~~~~~~~~~
/scratch2/agustin/zephyr-chipyard-sw/zephyr_ws/zephyr/include/zephyr/posix/posix_limits.h:48:9: warning: "_POSIX_SYMLINK_MAX" redefined
   48 | #define _POSIX_SYMLINK_MAX                  (255)
      |         ^~~~~~~~~~~~~~~~~~
/scratch2/dima/zephyr-chipyard-sw-fresh/tools-manual/zephyr-sdk-1.0.0-beta1/gnu/riscv64-zephyr-elf/riscv64-zephyr-elf/sys-include/sys/syslimits.h:88:9: note: this is the location of the previous definition
   88 | #define _POSIX_SYMLINK_MAX      255
      |         ^~~~~~~~~~~~~~~~~~
/scratch2/agustin/zephyr-chipyard-sw/zephyr_ws/zephyr/include/zephyr/posix/posix_limits.h:49:9: warning: "_POSIX_SYMLOOP_MAX" redefined
   49 | #define _POSIX_SYMLOOP_MAX                  (8)
      |         ^~~~~~~~~~~~~~~~~~
/scratch2/dima/zephyr-chipyard-sw-fresh/tools-manual/zephyr-sdk-1.0.0-beta1/gnu/riscv64-zephyr-elf/riscv64-zephyr-elf/sys-include/sys/syslimits.h:89:9: note: this is the location of the previous definition
   89 | #define _POSIX_SYMLOOP_MAX      8
      |         ^~~~~~~~~~~~~~~~~~
/scratch2/agustin/zephyr-chipyard-sw/zephyr_ws/zephyr/include/zephyr/posix/posix_limits.h:50:9: warning: "_POSIX_THREAD_DESTRUCTOR_ITERATIONS" redefined
   50 | #define _POSIX_THREAD_DESTRUCTOR_ITERATIONS (4)
      |         ^~~~~~~~~~~~~~~~~~~~~~~~~~~~~~~~~~~
/scratch2/dima/zephyr-chipyard-sw-fresh/tools-manual/zephyr-sdk-1.0.0-beta1/gnu/riscv64-zephyr-elf/riscv64-zephyr-elf/sys-include/sys/syslimits.h:90:9: note: this is the location of the previous definition
   90 | #define _POSIX_THREAD_DESTRUCTOR_ITERATIONS     4
      |         ^~~~~~~~~~~~~~~~~~~~~~~~~~~~~~~~~~~
/scratch2/agustin/zephyr-chipyard-sw/zephyr_ws/zephyr/include/zephyr/posix/posix_limits.h:51:9: warning: "_POSIX_THREAD_KEYS_MAX" redefined
   51 | #define _POSIX_THREAD_KEYS_MAX              (128)
      |         ^~~~~~~~~~~~~~~~~~~~~~
/scratch2/dima/zephyr-chipyard-sw-fresh/tools-manual/zephyr-sdk-1.0.0-beta1/gnu/riscv64-zephyr-elf/riscv64-zephyr-elf/sys-include/sys/syslimits.h:91:9: note: this is the location of the previous definition
   91 | #define _POSIX_THREAD_KEYS_MAX  128
      |         ^~~~~~~~~~~~~~~~~~~~~~
/scratch2/agustin/zephyr-chipyard-sw/zephyr_ws/zephyr/include/zephyr/posix/posix_limits.h:52:9: warning: "_POSIX_THREAD_THREADS_MAX" redefined
   52 | #define _POSIX_THREAD_THREADS_MAX           (64)
      |         ^~~~~~~~~~~~~~~~~~~~~~~~~
/scratch2/dima/zephyr-chipyard-sw-fresh/tools-manual/zephyr-sdk-1.0.0-beta1/gnu/riscv64-zephyr-elf/riscv64-zephyr-elf/sys-include/sys/syslimits.h:92:9: note: this is the location of the previous definition
   92 | #define _POSIX_THREAD_THREADS_MAX       64
      |         ^~~~~~~~~~~~~~~~~~~~~~~~~
/scratch2/agustin/zephyr-chipyard-sw/zephyr_ws/zephyr/include/zephyr/posix/posix_limits.h:53:9: warning: "_POSIX_TIMER_MAX" redefined
   53 | #define _POSIX_TIMER_MAX                    (32)
      |         ^~~~~~~~~~~~~~~~
/scratch2/dima/zephyr-chipyard-sw-fresh/tools-manual/zephyr-sdk-1.0.0-beta1/gnu/riscv64-zephyr-elf/riscv64-zephyr-elf/sys-include/sys/syslimits.h:93:9: note: this is the location of the previous definition
   93 | #define _POSIX_TIMER_MAX        32
      |         ^~~~~~~~~~~~~~~~
/scratch2/agustin/zephyr-chipyard-sw/zephyr_ws/zephyr/include/zephyr/posix/posix_limits.h:54:9: warning: "_POSIX_TRACE_EVENT_NAME_MAX" redefined
   54 | #define _POSIX_TRACE_EVENT_NAME_MAX         (30)
      |         ^~~~~~~~~~~~~~~~~~~~~~~~~~~
/scratch2/dima/zephyr-chipyard-sw-fresh/tools-manual/zephyr-sdk-1.0.0-beta1/gnu/riscv64-zephyr-elf/riscv64-zephyr-elf/sys-include/sys/syslimits.h:94:9: note: this is the location of the previous definition
   94 | #define _POSIX_TRACE_EVENT_NAME_MAX     30
      |         ^~~~~~~~~~~~~~~~~~~~~~~~~~~
/scratch2/agustin/zephyr-chipyard-sw/zephyr_ws/zephyr/include/zephyr/posix/posix_limits.h:55:9: warning: "_POSIX_TRACE_NAME_MAX" redefined
   55 | #define _POSIX_TRACE_NAME_MAX               (8)
      |         ^~~~~~~~~~~~~~~~~~~~~
/scratch2/dima/zephyr-chipyard-sw-fresh/tools-manual/zephyr-sdk-1.0.0-beta1/gnu/riscv64-zephyr-elf/riscv64-zephyr-elf/sys-include/sys/syslimits.h:95:9: note: this is the location of the previous definition
   95 | #define _POSIX_TRACE_NAME_MAX   8
      |         ^~~~~~~~~~~~~~~~~~~~~
/scratch2/agustin/zephyr-chipyard-sw/zephyr_ws/zephyr/include/zephyr/posix/posix_limits.h:56:9: warning: "_POSIX_TRACE_SYS_MAX" redefined
   56 | #define _POSIX_TRACE_SYS_MAX                (8)
      |         ^~~~~~~~~~~~~~~~~~~~
/scratch2/dima/zephyr-chipyard-sw-fresh/tools-manual/zephyr-sdk-1.0.0-beta1/gnu/riscv64-zephyr-elf/riscv64-zephyr-elf/sys-include/sys/syslimits.h:96:9: note: this is the location of the previous definition
   96 | #define _POSIX_TRACE_SYS_MAX    8
      |         ^~~~~~~~~~~~~~~~~~~~
/scratch2/agustin/zephyr-chipyard-sw/zephyr_ws/zephyr/include/zephyr/posix/posix_limits.h:57:9: warning: "_POSIX_TRACE_USER_EVENT_MAX" redefined
   57 | #define _POSIX_TRACE_USER_EVENT_MAX         (32)
      |         ^~~~~~~~~~~~~~~~~~~~~~~~~~~
/scratch2/dima/zephyr-chipyard-sw-fresh/tools-manual/zephyr-sdk-1.0.0-beta1/gnu/riscv64-zephyr-elf/riscv64-zephyr-elf/sys-include/sys/syslimits.h:97:9: note: this is the location of the previous definition
   97 | #define _POSIX_TRACE_USER_EVENT_MAX     32
      |         ^~~~~~~~~~~~~~~~~~~~~~~~~~~
/scratch2/agustin/zephyr-chipyard-sw/zephyr_ws/zephyr/include/zephyr/posix/posix_limits.h:58:9: warning: "_POSIX_TTY_NAME_MAX" redefined
   58 | #define _POSIX_TTY_NAME_MAX                 (9)
      |         ^~~~~~~~~~~~~~~~~~~
/scratch2/dima/zephyr-chipyard-sw-fresh/tools-manual/zephyr-sdk-1.0.0-beta1/gnu/riscv64-zephyr-elf/riscv64-zephyr-elf/sys-include/sys/syslimits.h:98:9: note: this is the location of the previous definition
   98 | #define _POSIX_TTY_NAME_MAX     9
      |         ^~~~~~~~~~~~~~~~~~~
/scratch2/agustin/zephyr-chipyard-sw/zephyr_ws/zephyr/include/zephyr/posix/posix_limits.h:59:9: warning: "_POSIX_TZNAME_MAX" redefined
   59 | #define _POSIX_TZNAME_MAX                   (6)
      |         ^~~~~~~~~~~~~~~~~
/scratch2/dima/zephyr-chipyard-sw-fresh/tools-manual/zephyr-sdk-1.0.0-beta1/gnu/riscv64-zephyr-elf/riscv64-zephyr-elf/sys-include/sys/syslimits.h:99:9: note: this is the location of the previous definition
   99 | #define _POSIX_TZNAME_MAX       3
      |         ^~~~~~~~~~~~~~~~~
/scratch2/agustin/zephyr-chipyard-sw/zephyr_ws/zephyr/include/zephyr/posix/posix_limits.h:60:9: warning: "_POSIX2_BC_BASE_MAX" redefined
   60 | #define _POSIX2_BC_BASE_MAX                 (99)
      |         ^~~~~~~~~~~~~~~~~~~
/scratch2/dima/zephyr-chipyard-sw-fresh/tools-manual/zephyr-sdk-1.0.0-beta1/gnu/riscv64-zephyr-elf/riscv64-zephyr-elf/sys-include/sys/syslimits.h:100:9: note: this is the location of the previous definition
  100 | #define _POSIX2_BC_BASE_MAX     99
      |         ^~~~~~~~~~~~~~~~~~~
/scratch2/agustin/zephyr-chipyard-sw/zephyr_ws/zephyr/include/zephyr/posix/posix_limits.h:61:9: warning: "_POSIX2_BC_DIM_MAX" redefined
   61 | #define _POSIX2_BC_DIM_MAX                  (2048)
      |         ^~~~~~~~~~~~~~~~~~
/scratch2/dima/zephyr-chipyard-sw-fresh/tools-manual/zephyr-sdk-1.0.0-beta1/gnu/riscv64-zephyr-elf/riscv64-zephyr-elf/sys-include/sys/syslimits.h:101:9: note: this is the location of the previous definition
  101 | #define _POSIX2_BC_DIM_MAX      2048
      |         ^~~~~~~~~~~~~~~~~~
/scratch2/agustin/zephyr-chipyard-sw/zephyr_ws/zephyr/include/zephyr/posix/posix_limits.h:62:9: warning: "_POSIX2_BC_SCALE_MAX" redefined
   62 | #define _POSIX2_BC_SCALE_MAX                (99)
      |         ^~~~~~~~~~~~~~~~~~~~
/scratch2/dima/zephyr-chipyard-sw-fresh/tools-manual/zephyr-sdk-1.0.0-beta1/gnu/riscv64-zephyr-elf/riscv64-zephyr-elf/sys-include/sys/syslimits.h:102:9: note: this is the location of the previous definition
  102 | #define _POSIX2_BC_SCALE_MAX    99
      |         ^~~~~~~~~~~~~~~~~~~~
/scratch2/agustin/zephyr-chipyard-sw/zephyr_ws/zephyr/include/zephyr/posix/posix_limits.h:63:9: warning: "_POSIX2_BC_STRING_MAX" redefined
   63 | #define _POSIX2_BC_STRING_MAX               (1000)
      |         ^~~~~~~~~~~~~~~~~~~~~
/scratch2/dima/zephyr-chipyard-sw-fresh/tools-manual/zephyr-sdk-1.0.0-beta1/gnu/riscv64-zephyr-elf/riscv64-zephyr-elf/sys-include/sys/syslimits.h:103:9: note: this is the location of the previous definition
  103 | #define _POSIX2_BC_STRING_MAX   1000
      |         ^~~~~~~~~~~~~~~~~~~~~
/scratch2/agustin/zephyr-chipyard-sw/zephyr_ws/zephyr/include/zephyr/posix/posix_limits.h:64:9: warning: "_POSIX2_CHARCLASS_NAME_MAX" redefined
   64 | #define _POSIX2_CHARCLASS_NAME_MAX          (14)
      |         ^~~~~~~~~~~~~~~~~~~~~~~~~~
/scratch2/dima/zephyr-chipyard-sw-fresh/tools-manual/zephyr-sdk-1.0.0-beta1/gnu/riscv64-zephyr-elf/riscv64-zephyr-elf/sys-include/sys/syslimits.h:104:9: note: this is the location of the previous definition
  104 | #define _POSIX2_CHARCLASS_NAME_MAX      14
      |         ^~~~~~~~~~~~~~~~~~~~~~~~~~
/scratch2/agustin/zephyr-chipyard-sw/zephyr_ws/zephyr/include/zephyr/posix/posix_limits.h:65:9: warning: "_POSIX2_COLL_WEIGHTS_MAX" redefined
   65 | #define _POSIX2_COLL_WEIGHTS_MAX            (2)
      |         ^~~~~~~~~~~~~~~~~~~~~~~~
/scratch2/dima/zephyr-chipyard-sw-fresh/tools-manual/zephyr-sdk-1.0.0-beta1/gnu/riscv64-zephyr-elf/riscv64-zephyr-elf/sys-include/sys/syslimits.h:105:9: note: this is the location of the previous definition
  105 | #define _POSIX2_COLL_WEIGHTS_MAX        2
      |         ^~~~~~~~~~~~~~~~~~~~~~~~
/scratch2/agustin/zephyr-chipyard-sw/zephyr_ws/zephyr/include/zephyr/posix/posix_limits.h:66:9: warning: "_POSIX2_EXPR_NEST_MAX" redefined
   66 | #define _POSIX2_EXPR_NEST_MAX               (32)
      |         ^~~~~~~~~~~~~~~~~~~~~
/scratch2/dima/zephyr-chipyard-sw-fresh/tools-manual/zephyr-sdk-1.0.0-beta1/gnu/riscv64-zephyr-elf/riscv64-zephyr-elf/sys-include/sys/syslimits.h:106:9: note: this is the location of the previous definition
  106 | #define _POSIX2_EXPR_NEST_MAX   32
      |         ^~~~~~~~~~~~~~~~~~~~~
/scratch2/agustin/zephyr-chipyard-sw/zephyr_ws/zephyr/include/zephyr/posix/posix_limits.h:67:9: warning: "_POSIX2_LINE_MAX" redefined
   67 | #define _POSIX2_LINE_MAX                    (2048)
      |         ^~~~~~~~~~~~~~~~
/scratch2/dima/zephyr-chipyard-sw-fresh/tools-manual/zephyr-sdk-1.0.0-beta1/gnu/riscv64-zephyr-elf/riscv64-zephyr-elf/sys-include/sys/syslimits.h:107:9: note: this is the location of the previous definition
  107 | #define _POSIX2_LINE_MAX        2048
      |         ^~~~~~~~~~~~~~~~
/scratch2/agustin/zephyr-chipyard-sw/zephyr_ws/zephyr/include/zephyr/posix/posix_limits.h:83:9: warning: "ARG_MAX" redefined
   83 | #define ARG_MAX                       _POSIX_ARG_MAX
      |         ^~~~~~~
/scratch2/dima/zephyr-chipyard-sw-fresh/tools-manual/zephyr-sdk-1.0.0-beta1/gnu/riscv64-zephyr-elf/riscv64-zephyr-elf/sys-include/sys/syslimits.h:41:9: note: this is the location of the previous definition
   41 | #define ARG_MAX                 65536   /* max bytes for an exec function */
      |         ^~~~~~~
/scratch2/agustin/zephyr-chipyard-sw/zephyr_ws/zephyr/include/zephyr/posix/posix_limits.h:84:9: warning: "ATEXIT_MAX" redefined
   84 | #define ATEXIT_MAX                    (32)
      |         ^~~~~~~~~~
/scratch2/dima/zephyr-chipyard-sw-fresh/tools-manual/zephyr-sdk-1.0.0-beta1/gnu/riscv64-zephyr-elf/riscv64-zephyr-elf/sys-include/sys/syslimits.h:42:9: note: this is the location of the previous definition
   42 | #define ATEXIT_MAX                 32   /* max atexit functions */
      |         ^~~~~~~~~~
/scratch2/agustin/zephyr-chipyard-sw/zephyr_ws/zephyr/include/zephyr/posix/posix_limits.h:93:9: warning: "OPEN_MAX" redefined
   93 | #define OPEN_MAX                      CONFIG_POSIX_OPEN_MAX
      |         ^~~~~~~~
/scratch2/dima/zephyr-chipyard-sw-fresh/tools-manual/zephyr-sdk-1.0.0-beta1/gnu/riscv64-zephyr-elf/riscv64-zephyr-elf/sys-include/sys/syslimits.h:45:9: note: this is the location of the previous definition
   45 | #define OPEN_MAX                   64   /* max open files per process */
      |         ^~~~~~~~
/scratch2/agustin/zephyr-chipyard-sw/zephyr_ws/zephyr/include/zephyr/posix/posix_limits.h:96:9: warning: "PATH_MAX" redefined
   96 | #define PATH_MAX                      _POSIX_PATH_MAX
      |         ^~~~~~~~
/scratch2/dima/zephyr-chipyard-sw-fresh/tools-manual/zephyr-sdk-1.0.0-beta1/gnu/riscv64-zephyr-elf/riscv64-zephyr-elf/sys-include/sys/syslimits.h:53:9: note: this is the location of the previous definition
   53 | #define PATH_MAX                 1024   /* max bytes in pathname */
      |         ^~~~~~~~
/scratch2/agustin/zephyr-chipyard-sw/zephyr_ws/zephyr/include/zephyr/posix/posix_limits.h:114:9: warning: "TZNAME_MAX" redefined
  114 | #define TZNAME_MAX                    _POSIX_TZNAME_MAX
      |         ^~~~~~~~~~
/scratch2/dima/zephyr-chipyard-sw-fresh/tools-manual/zephyr-sdk-1.0.0-beta1/gnu/riscv64-zephyr-elf/riscv64-zephyr-elf/sys-include/sys/syslimits.h:46:9: note: this is the location of the previous definition
   46 | #define TZNAME_MAX                 10   /* max time zone name length */
      |         ^~~~~~~~~~
[94/216] Building C object zephyr/lib/posix/eventfd/CMakeFiles/lib__posix__eventfd.dir/eventfd.c.obj
[95/216] Building C object zephyr/lib/libc/picolibc/CMakeFiles/lib__libc__picolibc.dir/locks.c.obj
[96/216] Building C object zephyr/lib/posix/c_lib_ext/CMakeFiles/lib__posix__c_lib_ext.dir/getentropy.c.obj
In file included from /scratch2/agustin/zephyr-chipyard-sw/zephyr_ws/zephyr/include/zephyr/posix/sys/sysconf.h:11,
                 from /scratch2/agustin/zephyr-chipyard-sw/zephyr_ws/zephyr/include/zephyr/posix/unistd.h:18,
                 from /scratch2/agustin/zephyr-chipyard-sw/zephyr_ws/zephyr/lib/posix/c_lib_ext/getentropy.c:11:
/scratch2/agustin/zephyr-chipyard-sw/zephyr_ws/zephyr/include/zephyr/posix/posix_limits.h:23:9: warning: "_POSIX_AIO_LISTIO_MAX" redefined
   23 | #define _POSIX_AIO_LISTIO_MAX               (2)
      |         ^~~~~~~~~~~~~~~~~~~~~
In file included from /scratch2/dima/zephyr-chipyard-sw-fresh/tools-manual/zephyr-sdk-1.0.0-beta1/gnu/riscv64-zephyr-elf/riscv64-zephyr-elf/sys-include/limits.h:6,
                 from /scratch2/dima/zephyr-chipyard-sw-fresh/tools-manual/zephyr-sdk-1.0.0-beta1/gnu/riscv64-zephyr-elf/lib/gcc/riscv64-zephyr-elf/14.3.0/include/limits.h:210,
                 from /scratch2/dima/zephyr-chipyard-sw-fresh/tools-manual/zephyr-sdk-1.0.0-beta1/gnu/riscv64-zephyr-elf/lib/gcc/riscv64-zephyr-elf/14.3.0/include/syslimits.h:7,
                 from /scratch2/dima/zephyr-chipyard-sw-fresh/tools-manual/zephyr-sdk-1.0.0-beta1/gnu/riscv64-zephyr-elf/lib/gcc/riscv64-zephyr-elf/14.3.0/include/limits.h:34,
                 from /scratch2/agustin/zephyr-chipyard-sw/zephyr_ws/zephyr/include/zephyr/kernel_includes.h:22,
                 from /scratch2/agustin/zephyr-chipyard-sw/zephyr_ws/zephyr/include/zephyr/kernel.h:17,
                 from /scratch2/agustin/zephyr-chipyard-sw/zephyr_ws/zephyr/lib/posix/c_lib_ext/getentropy.c:10:
/scratch2/dima/zephyr-chipyard-sw-fresh/tools-manual/zephyr-sdk-1.0.0-beta1/gnu/riscv64-zephyr-elf/riscv64-zephyr-elf/sys-include/sys/syslimits.h:63:9: note: this is the location of the previous definition
   63 | #define _POSIX_AIO_LISTIO_MAX   2
      |         ^~~~~~~~~~~~~~~~~~~~~
/scratch2/agustin/zephyr-chipyard-sw/zephyr_ws/zephyr/include/zephyr/posix/posix_limits.h:24:9: warning: "_POSIX_AIO_MAX" redefined
   24 | #define _POSIX_AIO_MAX                      (1)
      |         ^~~~~~~~~~~~~~
/scratch2/dima/zephyr-chipyard-sw-fresh/tools-manual/zephyr-sdk-1.0.0-beta1/gnu/riscv64-zephyr-elf/riscv64-zephyr-elf/sys-include/sys/syslimits.h:64:9: note: this is the location of the previous definition
   64 | #define _POSIX_AIO_MAX          1
      |         ^~~~~~~~~~~~~~
/scratch2/agustin/zephyr-chipyard-sw/zephyr_ws/zephyr/include/zephyr/posix/posix_limits.h:25:9: warning: "_POSIX_ARG_MAX" redefined
   25 | #define _POSIX_ARG_MAX                      (4096)
      |         ^~~~~~~~~~~~~~
/scratch2/dima/zephyr-chipyard-sw-fresh/tools-manual/zephyr-sdk-1.0.0-beta1/gnu/riscv64-zephyr-elf/riscv64-zephyr-elf/sys-include/sys/syslimits.h:65:9: note: this is the location of the previous definition
   65 | #define _POSIX_ARG_MAX          4096
      |         ^~~~~~~~~~~~~~
/scratch2/agustin/zephyr-chipyard-sw/zephyr_ws/zephyr/include/zephyr/posix/posix_limits.h:26:9: warning: "_POSIX_CHILD_MAX" redefined
   26 | #define _POSIX_CHILD_MAX                    (25)
      |         ^~~~~~~~~~~~~~~~
/scratch2/dima/zephyr-chipyard-sw-fresh/tools-manual/zephyr-sdk-1.0.0-beta1/gnu/riscv64-zephyr-elf/riscv64-zephyr-elf/sys-include/sys/syslimits.h:66:9: note: this is the location of the previous definition
   66 | #define _POSIX_CHILD_MAX        6
      |         ^~~~~~~~~~~~~~~~
/scratch2/agustin/zephyr-chipyard-sw/zephyr_ws/zephyr/include/zephyr/posix/posix_limits.h:27:9: warning: "_POSIX_DELAYTIMER_MAX" redefined
   27 | #define _POSIX_DELAYTIMER_MAX               (32)
      |         ^~~~~~~~~~~~~~~~~~~~~
/scratch2/dima/zephyr-chipyard-sw-fresh/tools-manual/zephyr-sdk-1.0.0-beta1/gnu/riscv64-zephyr-elf/riscv64-zephyr-elf/sys-include/sys/syslimits.h:67:9: note: this is the location of the previous definition
   67 | #define _POSIX_DELAYTIMER_MAX   32
      |         ^~~~~~~~~~~~~~~~~~~~~
/scratch2/agustin/zephyr-chipyard-sw/zephyr_ws/zephyr/include/zephyr/posix/posix_limits.h:28:9: warning: "_POSIX_HOST_NAME_MAX" redefined
   28 | #define _POSIX_HOST_NAME_MAX                (255)
      |         ^~~~~~~~~~~~~~~~~~~~
/scratch2/dima/zephyr-chipyard-sw-fresh/tools-manual/zephyr-sdk-1.0.0-beta1/gnu/riscv64-zephyr-elf/riscv64-zephyr-elf/sys-include/sys/syslimits.h:68:9: note: this is the location of the previous definition
   68 | #define _POSIX_HOST_NAME_MAX    255
      |         ^~~~~~~~~~~~~~~~~~~~
/scratch2/agustin/zephyr-chipyard-sw/zephyr_ws/zephyr/include/zephyr/posix/posix_limits.h:29:9: warning: "_POSIX_LINK_MAX" redefined
   29 | #define _POSIX_LINK_MAX                     (8)
      |         ^~~~~~~~~~~~~~~
/scratch2/dima/zephyr-chipyard-sw-fresh/tools-manual/zephyr-sdk-1.0.0-beta1/gnu/riscv64-zephyr-elf/riscv64-zephyr-elf/sys-include/sys/syslimits.h:69:9: note: this is the location of the previous definition
   69 | #define _POSIX_LINK_MAX         8
      |         ^~~~~~~~~~~~~~~
/scratch2/agustin/zephyr-chipyard-sw/zephyr_ws/zephyr/include/zephyr/posix/posix_limits.h:30:9: warning: "_POSIX_LOGIN_NAME_MAX" redefined
   30 | #define _POSIX_LOGIN_NAME_MAX               (9)
      |         ^~~~~~~~~~~~~~~~~~~~~
/scratch2/dima/zephyr-chipyard-sw-fresh/tools-manual/zephyr-sdk-1.0.0-beta1/gnu/riscv64-zephyr-elf/riscv64-zephyr-elf/sys-include/sys/syslimits.h:70:9: note: this is the location of the previous definition
   70 | #define _POSIX_LOGIN_NAME_MAX   9
      |         ^~~~~~~~~~~~~~~~~~~~~
/scratch2/agustin/zephyr-chipyard-sw/zephyr_ws/zephyr/include/zephyr/posix/posix_limits.h:31:9: warning: "_POSIX_MAX_CANON" redefined
   31 | #define _POSIX_MAX_CANON                    (255)
      |         ^~~~~~~~~~~~~~~~
/scratch2/dima/zephyr-chipyard-sw-fresh/tools-manual/zephyr-sdk-1.0.0-beta1/gnu/riscv64-zephyr-elf/riscv64-zephyr-elf/sys-include/sys/syslimits.h:71:9: note: this is the location of the previous definition
   71 | #define _POSIX_MAX_CANON        255
      |         ^~~~~~~~~~~~~~~~
/scratch2/agustin/zephyr-chipyard-sw/zephyr_ws/zephyr/include/zephyr/posix/posix_limits.h:32:9: warning: "_POSIX_MAX_INPUT" redefined
   32 | #define _POSIX_MAX_INPUT                    (255)
      |         ^~~~~~~~~~~~~~~~
/scratch2/dima/zephyr-chipyard-sw-fresh/tools-manual/zephyr-sdk-1.0.0-beta1/gnu/riscv64-zephyr-elf/riscv64-zephyr-elf/sys-include/sys/syslimits.h:72:9: note: this is the location of the previous definition
   72 | #define _POSIX_MAX_INPUT        255
      |         ^~~~~~~~~~~~~~~~
/scratch2/agustin/zephyr-chipyard-sw/zephyr_ws/zephyr/include/zephyr/posix/posix_limits.h:33:9: warning: "_POSIX_MQ_OPEN_MAX" redefined
   33 | #define _POSIX_MQ_OPEN_MAX                  (8)
      |         ^~~~~~~~~~~~~~~~~~
/scratch2/dima/zephyr-chipyard-sw-fresh/tools-manual/zephyr-sdk-1.0.0-beta1/gnu/riscv64-zephyr-elf/riscv64-zephyr-elf/sys-include/sys/syslimits.h:73:9: note: this is the location of the previous definition
   73 | #define _POSIX_MQ_OPEN_MAX      8
      |         ^~~~~~~~~~~~~~~~~~
/scratch2/agustin/zephyr-chipyard-sw/zephyr_ws/zephyr/include/zephyr/posix/posix_limits.h:34:9: warning: "_POSIX_MQ_PRIO_MAX" redefined
   34 | #define _POSIX_MQ_PRIO_MAX                  (32)
      |         ^~~~~~~~~~~~~~~~~~
/scratch2/dima/zephyr-chipyard-sw-fresh/tools-manual/zephyr-sdk-1.0.0-beta1/gnu/riscv64-zephyr-elf/riscv64-zephyr-elf/sys-include/sys/syslimits.h:74:9: note: this is the location of the previous definition
   74 | #define _POSIX_MQ_PRIO_MAX      32
      |         ^~~~~~~~~~~~~~~~~~
/scratch2/agustin/zephyr-chipyard-sw/zephyr_ws/zephyr/include/zephyr/posix/posix_limits.h:35:9: warning: "_POSIX_NAME_MAX" redefined
   35 | #define _POSIX_NAME_MAX                     (14)
      |         ^~~~~~~~~~~~~~~
/scratch2/dima/zephyr-chipyard-sw-fresh/tools-manual/zephyr-sdk-1.0.0-beta1/gnu/riscv64-zephyr-elf/riscv64-zephyr-elf/sys-include/sys/syslimits.h:75:9: note: this is the location of the previous definition
   75 | #define _POSIX_NAME_MAX         14
      |         ^~~~~~~~~~~~~~~
/scratch2/agustin/zephyr-chipyard-sw/zephyr_ws/zephyr/include/zephyr/posix/posix_limits.h:36:9: warning: "_POSIX_NGROUPS_MAX" redefined
   36 | #define _POSIX_NGROUPS_MAX                  (8)
      |         ^~~~~~~~~~~~~~~~~~
/scratch2/dima/zephyr-chipyard-sw-fresh/tools-manual/zephyr-sdk-1.0.0-beta1/gnu/riscv64-zephyr-elf/riscv64-zephyr-elf/sys-include/sys/syslimits.h:76:9: note: this is the location of the previous definition
   76 | #define _POSIX_NGROUPS_MAX      0
      |         ^~~~~~~~~~~~~~~~~~
/scratch2/agustin/zephyr-chipyard-sw/zephyr_ws/zephyr/include/zephyr/posix/posix_limits.h:37:9: warning: "_POSIX_OPEN_MAX" redefined
   37 | #define _POSIX_OPEN_MAX                     (20)
      |         ^~~~~~~~~~~~~~~
/scratch2/dima/zephyr-chipyard-sw-fresh/tools-manual/zephyr-sdk-1.0.0-beta1/gnu/riscv64-zephyr-elf/riscv64-zephyr-elf/sys-include/sys/syslimits.h:77:9: note: this is the location of the previous definition
   77 | #define _POSIX_OPEN_MAX         16
      |         ^~~~~~~~~~~~~~~
/scratch2/agustin/zephyr-chipyard-sw/zephyr_ws/zephyr/include/zephyr/posix/posix_limits.h:38:9: warning: "_POSIX_PATH_MAX" redefined
   38 | #define _POSIX_PATH_MAX                     (256)
      |         ^~~~~~~~~~~~~~~
/scratch2/dima/zephyr-chipyard-sw-fresh/tools-manual/zephyr-sdk-1.0.0-beta1/gnu/riscv64-zephyr-elf/riscv64-zephyr-elf/sys-include/sys/syslimits.h:78:9: note: this is the location of the previous definition
   78 | #define _POSIX_PATH_MAX         255
      |         ^~~~~~~~~~~~~~~
/scratch2/agustin/zephyr-chipyard-sw/zephyr_ws/zephyr/include/zephyr/posix/posix_limits.h:39:9: warning: "_POSIX_PIPE_BUF" redefined
   39 | #define _POSIX_PIPE_BUF                     (512)
      |         ^~~~~~~~~~~~~~~
/scratch2/dima/zephyr-chipyard-sw-fresh/tools-manual/zephyr-sdk-1.0.0-beta1/gnu/riscv64-zephyr-elf/riscv64-zephyr-elf/sys-include/sys/syslimits.h:79:9: note: this is the location of the previous definition
   79 | #define _POSIX_PIPE_BUF         512
      |         ^~~~~~~~~~~~~~~
/scratch2/agustin/zephyr-chipyard-sw/zephyr_ws/zephyr/include/zephyr/posix/posix_limits.h:40:9: warning: "_POSIX_RE_DUP_MAX" redefined
   40 | #define _POSIX_RE_DUP_MAX                   (255)
      |         ^~~~~~~~~~~~~~~~~
/scratch2/dima/zephyr-chipyard-sw-fresh/tools-manual/zephyr-sdk-1.0.0-beta1/gnu/riscv64-zephyr-elf/riscv64-zephyr-elf/sys-include/sys/syslimits.h:80:9: note: this is the location of the previous definition
   80 | #define _POSIX_RE_DUP_MAX       255
      |         ^~~~~~~~~~~~~~~~~
/scratch2/agustin/zephyr-chipyard-sw/zephyr_ws/zephyr/include/zephyr/posix/posix_limits.h:41:9: warning: "_POSIX_RTSIG_MAX" redefined
   41 | #define _POSIX_RTSIG_MAX                    (8)
      |         ^~~~~~~~~~~~~~~~
/scratch2/dima/zephyr-chipyard-sw-fresh/tools-manual/zephyr-sdk-1.0.0-beta1/gnu/riscv64-zephyr-elf/riscv64-zephyr-elf/sys-include/sys/syslimits.h:81:9: note: this is the location of the previous definition
   81 | #define _POSIX_RTSIG_MAX        8
      |         ^~~~~~~~~~~~~~~~
/scratch2/agustin/zephyr-chipyard-sw/zephyr_ws/zephyr/include/zephyr/posix/posix_limits.h:42:9: warning: "_POSIX_SEM_NSEMS_MAX" redefined
   42 | #define _POSIX_SEM_NSEMS_MAX                (256)
      |         ^~~~~~~~~~~~~~~~~~~~
/scratch2/dima/zephyr-chipyard-sw-fresh/tools-manual/zephyr-sdk-1.0.0-beta1/gnu/riscv64-zephyr-elf/riscv64-zephyr-elf/sys-include/sys/syslimits.h:82:9: note: this is the location of the previous definition
   82 | #define _POSIX_SEM_NSEMS_MAX    256
      |         ^~~~~~~~~~~~~~~~~~~~
/scratch2/agustin/zephyr-chipyard-sw/zephyr_ws/zephyr/include/zephyr/posix/posix_limits.h:43:9: warning: "_POSIX_SEM_VALUE_MAX" redefined
   43 | #define _POSIX_SEM_VALUE_MAX                (32767)
      |         ^~~~~~~~~~~~~~~~~~~~
/scratch2/dima/zephyr-chipyard-sw-fresh/tools-manual/zephyr-sdk-1.0.0-beta1/gnu/riscv64-zephyr-elf/riscv64-zephyr-elf/sys-include/sys/syslimits.h:83:9: note: this is the location of the previous definition
   83 | #define _POSIX_SEM_VALUE_MAX    32767
      |         ^~~~~~~~~~~~~~~~~~~~
/scratch2/agustin/zephyr-chipyard-sw/zephyr_ws/zephyr/include/zephyr/posix/posix_limits.h:44:9: warning: "_POSIX_SIGQUEUE_MAX" redefined
   44 | #define _POSIX_SIGQUEUE_MAX                 (32)
      |         ^~~~~~~~~~~~~~~~~~~
/scratch2/dima/zephyr-chipyard-sw-fresh/tools-manual/zephyr-sdk-1.0.0-beta1/gnu/riscv64-zephyr-elf/riscv64-zephyr-elf/sys-include/sys/syslimits.h:84:9: note: this is the location of the previous definition
   84 | #define _POSIX_SIGQUEUE_MAX     32
      |         ^~~~~~~~~~~~~~~~~~~
/scratch2/agustin/zephyr-chipyard-sw/zephyr_ws/zephyr/include/zephyr/posix/posix_limits.h:45:9: warning: "_POSIX_SSIZE_MAX" redefined
   45 | #define _POSIX_SSIZE_MAX                    (32767)
      |         ^~~~~~~~~~~~~~~~
/scratch2/dima/zephyr-chipyard-sw-fresh/tools-manual/zephyr-sdk-1.0.0-beta1/gnu/riscv64-zephyr-elf/riscv64-zephyr-elf/sys-include/sys/syslimits.h:85:9: note: this is the location of the previous definition
   85 | #define _POSIX_SSIZE_MAX        32767
      |         ^~~~~~~~~~~~~~~~
/scratch2/agustin/zephyr-chipyard-sw/zephyr_ws/zephyr/include/zephyr/posix/posix_limits.h:46:9: warning: "_POSIX_SS_REPL_MAX" redefined
   46 | #define _POSIX_SS_REPL_MAX                  (4)
      |         ^~~~~~~~~~~~~~~~~~
/scratch2/dima/zephyr-chipyard-sw-fresh/tools-manual/zephyr-sdk-1.0.0-beta1/gnu/riscv64-zephyr-elf/riscv64-zephyr-elf/sys-include/sys/syslimits.h:86:9: note: this is the location of the previous definition
   86 | #define _POSIX_SS_REPL_MAX      4
      |         ^~~~~~~~~~~~~~~~~~
/scratch2/agustin/zephyr-chipyard-sw/zephyr_ws/zephyr/include/zephyr/posix/posix_limits.h:47:9: warning: "_POSIX_STREAM_MAX" redefined
   47 | #define _POSIX_STREAM_MAX                   (8)
      |         ^~~~~~~~~~~~~~~~~
/scratch2/dima/zephyr-chipyard-sw-fresh/tools-manual/zephyr-sdk-1.0.0-beta1/gnu/riscv64-zephyr-elf/riscv64-zephyr-elf/sys-include/sys/syslimits.h:87:9: note: this is the location of the previous definition
   87 | #define _POSIX_STREAM_MAX       8
      |         ^~~~~~~~~~~~~~~~~
/scratch2/agustin/zephyr-chipyard-sw/zephyr_ws/zephyr/include/zephyr/posix/posix_limits.h:48:9: warning: "_POSIX_SYMLINK_MAX" redefined
   48 | #define _POSIX_SYMLINK_MAX                  (255)
      |         ^~~~~~~~~~~~~~~~~~
/scratch2/dima/zephyr-chipyard-sw-fresh/tools-manual/zephyr-sdk-1.0.0-beta1/gnu/riscv64-zephyr-elf/riscv64-zephyr-elf/sys-include/sys/syslimits.h:88:9: note: this is the location of the previous definition
   88 | #define _POSIX_SYMLINK_MAX      255
      |         ^~~~~~~~~~~~~~~~~~
/scratch2/agustin/zephyr-chipyard-sw/zephyr_ws/zephyr/include/zephyr/posix/posix_limits.h:49:9: warning: "_POSIX_SYMLOOP_MAX" redefined
   49 | #define _POSIX_SYMLOOP_MAX                  (8)
      |         ^~~~~~~~~~~~~~~~~~
/scratch2/dima/zephyr-chipyard-sw-fresh/tools-manual/zephyr-sdk-1.0.0-beta1/gnu/riscv64-zephyr-elf/riscv64-zephyr-elf/sys-include/sys/syslimits.h:89:9: note: this is the location of the previous definition
   89 | #define _POSIX_SYMLOOP_MAX      8
      |         ^~~~~~~~~~~~~~~~~~
/scratch2/agustin/zephyr-chipyard-sw/zephyr_ws/zephyr/include/zephyr/posix/posix_limits.h:50:9: warning: "_POSIX_THREAD_DESTRUCTOR_ITERATIONS" redefined
   50 | #define _POSIX_THREAD_DESTRUCTOR_ITERATIONS (4)
      |         ^~~~~~~~~~~~~~~~~~~~~~~~~~~~~~~~~~~
/scratch2/dima/zephyr-chipyard-sw-fresh/tools-manual/zephyr-sdk-1.0.0-beta1/gnu/riscv64-zephyr-elf/riscv64-zephyr-elf/sys-include/sys/syslimits.h:90:9: note: this is the location of the previous definition
   90 | #define _POSIX_THREAD_DESTRUCTOR_ITERATIONS     4
      |         ^~~~~~~~~~~~~~~~~~~~~~~~~~~~~~~~~~~
/scratch2/agustin/zephyr-chipyard-sw/zephyr_ws/zephyr/include/zephyr/posix/posix_limits.h:51:9: warning: "_POSIX_THREAD_KEYS_MAX" redefined
   51 | #define _POSIX_THREAD_KEYS_MAX              (128)
      |         ^~~~~~~~~~~~~~~~~~~~~~
/scratch2/dima/zephyr-chipyard-sw-fresh/tools-manual/zephyr-sdk-1.0.0-beta1/gnu/riscv64-zephyr-elf/riscv64-zephyr-elf/sys-include/sys/syslimits.h:91:9: note: this is the location of the previous definition
   91 | #define _POSIX_THREAD_KEYS_MAX  128
      |         ^~~~~~~~~~~~~~~~~~~~~~
/scratch2/agustin/zephyr-chipyard-sw/zephyr_ws/zephyr/include/zephyr/posix/posix_limits.h:52:9: warning: "_POSIX_THREAD_THREADS_MAX" redefined
   52 | #define _POSIX_THREAD_THREADS_MAX           (64)
      |         ^~~~~~~~~~~~~~~~~~~~~~~~~
/scratch2/dima/zephyr-chipyard-sw-fresh/tools-manual/zephyr-sdk-1.0.0-beta1/gnu/riscv64-zephyr-elf/riscv64-zephyr-elf/sys-include/sys/syslimits.h:92:9: note: this is the location of the previous definition
   92 | #define _POSIX_THREAD_THREADS_MAX       64
      |         ^~~~~~~~~~~~~~~~~~~~~~~~~
/scratch2/agustin/zephyr-chipyard-sw/zephyr_ws/zephyr/include/zephyr/posix/posix_limits.h:53:9: warning: "_POSIX_TIMER_MAX" redefined
   53 | #define _POSIX_TIMER_MAX                    (32)
      |         ^~~~~~~~~~~~~~~~
/scratch2/dima/zephyr-chipyard-sw-fresh/tools-manual/zephyr-sdk-1.0.0-beta1/gnu/riscv64-zephyr-elf/riscv64-zephyr-elf/sys-include/sys/syslimits.h:93:9: note: this is the location of the previous definition
   93 | #define _POSIX_TIMER_MAX        32
      |         ^~~~~~~~~~~~~~~~
/scratch2/agustin/zephyr-chipyard-sw/zephyr_ws/zephyr/include/zephyr/posix/posix_limits.h:54:9: warning: "_POSIX_TRACE_EVENT_NAME_MAX" redefined
   54 | #define _POSIX_TRACE_EVENT_NAME_MAX         (30)
      |         ^~~~~~~~~~~~~~~~~~~~~~~~~~~
/scratch2/dima/zephyr-chipyard-sw-fresh/tools-manual/zephyr-sdk-1.0.0-beta1/gnu/riscv64-zephyr-elf/riscv64-zephyr-elf/sys-include/sys/syslimits.h:94:9: note: this is the location of the previous definition
   94 | #define _POSIX_TRACE_EVENT_NAME_MAX     30
      |         ^~~~~~~~~~~~~~~~~~~~~~~~~~~
/scratch2/agustin/zephyr-chipyard-sw/zephyr_ws/zephyr/include/zephyr/posix/posix_limits.h:55:9: warning: "_POSIX_TRACE_NAME_MAX" redefined
   55 | #define _POSIX_TRACE_NAME_MAX               (8)
      |         ^~~~~~~~~~~~~~~~~~~~~
/scratch2/dima/zephyr-chipyard-sw-fresh/tools-manual/zephyr-sdk-1.0.0-beta1/gnu/riscv64-zephyr-elf/riscv64-zephyr-elf/sys-include/sys/syslimits.h:95:9: note: this is the location of the previous definition
   95 | #define _POSIX_TRACE_NAME_MAX   8
      |         ^~~~~~~~~~~~~~~~~~~~~
/scratch2/agustin/zephyr-chipyard-sw/zephyr_ws/zephyr/include/zephyr/posix/posix_limits.h:56:9: warning: "_POSIX_TRACE_SYS_MAX" redefined
   56 | #define _POSIX_TRACE_SYS_MAX                (8)
      |         ^~~~~~~~~~~~~~~~~~~~
/scratch2/dima/zephyr-chipyard-sw-fresh/tools-manual/zephyr-sdk-1.0.0-beta1/gnu/riscv64-zephyr-elf/riscv64-zephyr-elf/sys-include/sys/syslimits.h:96:9: note: this is the location of the previous definition
   96 | #define _POSIX_TRACE_SYS_MAX    8
      |         ^~~~~~~~~~~~~~~~~~~~
/scratch2/agustin/zephyr-chipyard-sw/zephyr_ws/zephyr/include/zephyr/posix/posix_limits.h:57:9: warning: "_POSIX_TRACE_USER_EVENT_MAX" redefined
   57 | #define _POSIX_TRACE_USER_EVENT_MAX         (32)
      |         ^~~~~~~~~~~~~~~~~~~~~~~~~~~
/scratch2/dima/zephyr-chipyard-sw-fresh/tools-manual/zephyr-sdk-1.0.0-beta1/gnu/riscv64-zephyr-elf/riscv64-zephyr-elf/sys-include/sys/syslimits.h:97:9: note: this is the location of the previous definition
   97 | #define _POSIX_TRACE_USER_EVENT_MAX     32
      |         ^~~~~~~~~~~~~~~~~~~~~~~~~~~
/scratch2/agustin/zephyr-chipyard-sw/zephyr_ws/zephyr/include/zephyr/posix/posix_limits.h:58:9: warning: "_POSIX_TTY_NAME_MAX" redefined
   58 | #define _POSIX_TTY_NAME_MAX                 (9)
      |         ^~~~~~~~~~~~~~~~~~~
/scratch2/dima/zephyr-chipyard-sw-fresh/tools-manual/zephyr-sdk-1.0.0-beta1/gnu/riscv64-zephyr-elf/riscv64-zephyr-elf/sys-include/sys/syslimits.h:98:9: note: this is the location of the previous definition
   98 | #define _POSIX_TTY_NAME_MAX     9
      |         ^~~~~~~~~~~~~~~~~~~
/scratch2/agustin/zephyr-chipyard-sw/zephyr_ws/zephyr/include/zephyr/posix/posix_limits.h:59:9: warning: "_POSIX_TZNAME_MAX" redefined
   59 | #define _POSIX_TZNAME_MAX                   (6)
      |         ^~~~~~~~~~~~~~~~~
/scratch2/dima/zephyr-chipyard-sw-fresh/tools-manual/zephyr-sdk-1.0.0-beta1/gnu/riscv64-zephyr-elf/riscv64-zephyr-elf/sys-include/sys/syslimits.h:99:9: note: this is the location of the previous definition
   99 | #define _POSIX_TZNAME_MAX       3
      |         ^~~~~~~~~~~~~~~~~
/scratch2/agustin/zephyr-chipyard-sw/zephyr_ws/zephyr/include/zephyr/posix/posix_limits.h:60:9: warning: "_POSIX2_BC_BASE_MAX" redefined
   60 | #define _POSIX2_BC_BASE_MAX                 (99)
      |         ^~~~~~~~~~~~~~~~~~~
/scratch2/dima/zephyr-chipyard-sw-fresh/tools-manual/zephyr-sdk-1.0.0-beta1/gnu/riscv64-zephyr-elf/riscv64-zephyr-elf/sys-include/sys/syslimits.h:100:9: note: this is the location of the previous definition
  100 | #define _POSIX2_BC_BASE_MAX     99
      |         ^~~~~~~~~~~~~~~~~~~
/scratch2/agustin/zephyr-chipyard-sw/zephyr_ws/zephyr/include/zephyr/posix/posix_limits.h:61:9: warning: "_POSIX2_BC_DIM_MAX" redefined
   61 | #define _POSIX2_BC_DIM_MAX                  (2048)
      |         ^~~~~~~~~~~~~~~~~~
/scratch2/dima/zephyr-chipyard-sw-fresh/tools-manual/zephyr-sdk-1.0.0-beta1/gnu/riscv64-zephyr-elf/riscv64-zephyr-elf/sys-include/sys/syslimits.h:101:9: note: this is the location of the previous definition
  101 | #define _POSIX2_BC_DIM_MAX      2048
      |         ^~~~~~~~~~~~~~~~~~
/scratch2/agustin/zephyr-chipyard-sw/zephyr_ws/zephyr/include/zephyr/posix/posix_limits.h:62:9: warning: "_POSIX2_BC_SCALE_MAX" redefined
   62 | #define _POSIX2_BC_SCALE_MAX                (99)
      |         ^~~~~~~~~~~~~~~~~~~~
/scratch2/dima/zephyr-chipyard-sw-fresh/tools-manual/zephyr-sdk-1.0.0-beta1/gnu/riscv64-zephyr-elf/riscv64-zephyr-elf/sys-include/sys/syslimits.h:102:9: note: this is the location of the previous definition
  102 | #define _POSIX2_BC_SCALE_MAX    99
      |         ^~~~~~~~~~~~~~~~~~~~
/scratch2/agustin/zephyr-chipyard-sw/zephyr_ws/zephyr/include/zephyr/posix/posix_limits.h:63:9: warning: "_POSIX2_BC_STRING_MAX" redefined
   63 | #define _POSIX2_BC_STRING_MAX               (1000)
      |         ^~~~~~~~~~~~~~~~~~~~~
/scratch2/dima/zephyr-chipyard-sw-fresh/tools-manual/zephyr-sdk-1.0.0-beta1/gnu/riscv64-zephyr-elf/riscv64-zephyr-elf/sys-include/sys/syslimits.h:103:9: note: this is the location of the previous definition
  103 | #define _POSIX2_BC_STRING_MAX   1000
      |         ^~~~~~~~~~~~~~~~~~~~~
/scratch2/agustin/zephyr-chipyard-sw/zephyr_ws/zephyr/include/zephyr/posix/posix_limits.h:64:9: warning: "_POSIX2_CHARCLASS_NAME_MAX" redefined
   64 | #define _POSIX2_CHARCLASS_NAME_MAX          (14)
      |         ^~~~~~~~~~~~~~~~~~~~~~~~~~
/scratch2/dima/zephyr-chipyard-sw-fresh/tools-manual/zephyr-sdk-1.0.0-beta1/gnu/riscv64-zephyr-elf/riscv64-zephyr-elf/sys-include/sys/syslimits.h:104:9: note: this is the location of the previous definition
  104 | #define _POSIX2_CHARCLASS_NAME_MAX      14
      |         ^~~~~~~~~~~~~~~~~~~~~~~~~~
/scratch2/agustin/zephyr-chipyard-sw/zephyr_ws/zephyr/include/zephyr/posix/posix_limits.h:65:9: warning: "_POSIX2_COLL_WEIGHTS_MAX" redefined
   65 | #define _POSIX2_COLL_WEIGHTS_MAX            (2)
      |         ^~~~~~~~~~~~~~~~~~~~~~~~
/scratch2/dima/zephyr-chipyard-sw-fresh/tools-manual/zephyr-sdk-1.0.0-beta1/gnu/riscv64-zephyr-elf/riscv64-zephyr-elf/sys-include/sys/syslimits.h:105:9: note: this is the location of the previous definition
  105 | #define _POSIX2_COLL_WEIGHTS_MAX        2
      |         ^~~~~~~~~~~~~~~~~~~~~~~~
/scratch2/agustin/zephyr-chipyard-sw/zephyr_ws/zephyr/include/zephyr/posix/posix_limits.h:66:9: warning: "_POSIX2_EXPR_NEST_MAX" redefined
   66 | #define _POSIX2_EXPR_NEST_MAX               (32)
      |         ^~~~~~~~~~~~~~~~~~~~~
/scratch2/dima/zephyr-chipyard-sw-fresh/tools-manual/zephyr-sdk-1.0.0-beta1/gnu/riscv64-zephyr-elf/riscv64-zephyr-elf/sys-include/sys/syslimits.h:106:9: note: this is the location of the previous definition
  106 | #define _POSIX2_EXPR_NEST_MAX   32
      |         ^~~~~~~~~~~~~~~~~~~~~
/scratch2/agustin/zephyr-chipyard-sw/zephyr_ws/zephyr/include/zephyr/posix/posix_limits.h:67:9: warning: "_POSIX2_LINE_MAX" redefined
   67 | #define _POSIX2_LINE_MAX                    (2048)
      |         ^~~~~~~~~~~~~~~~
/scratch2/dima/zephyr-chipyard-sw-fresh/tools-manual/zephyr-sdk-1.0.0-beta1/gnu/riscv64-zephyr-elf/riscv64-zephyr-elf/sys-include/sys/syslimits.h:107:9: note: this is the location of the previous definition
  107 | #define _POSIX2_LINE_MAX        2048
      |         ^~~~~~~~~~~~~~~~
/scratch2/agustin/zephyr-chipyard-sw/zephyr_ws/zephyr/include/zephyr/posix/posix_limits.h:83:9: warning: "ARG_MAX" redefined
   83 | #define ARG_MAX                       _POSIX_ARG_MAX
      |         ^~~~~~~
/scratch2/dima/zephyr-chipyard-sw-fresh/tools-manual/zephyr-sdk-1.0.0-beta1/gnu/riscv64-zephyr-elf/riscv64-zephyr-elf/sys-include/sys/syslimits.h:41:9: note: this is the location of the previous definition
   41 | #define ARG_MAX                 65536   /* max bytes for an exec function */
      |         ^~~~~~~
/scratch2/agustin/zephyr-chipyard-sw/zephyr_ws/zephyr/include/zephyr/posix/posix_limits.h:84:9: warning: "ATEXIT_MAX" redefined
   84 | #define ATEXIT_MAX                    (32)
      |         ^~~~~~~~~~
/scratch2/dima/zephyr-chipyard-sw-fresh/tools-manual/zephyr-sdk-1.0.0-beta1/gnu/riscv64-zephyr-elf/riscv64-zephyr-elf/sys-include/sys/syslimits.h:42:9: note: this is the location of the previous definition
   42 | #define ATEXIT_MAX                 32   /* max atexit functions */
      |         ^~~~~~~~~~
/scratch2/agustin/zephyr-chipyard-sw/zephyr_ws/zephyr/include/zephyr/posix/posix_limits.h:93:9: warning: "OPEN_MAX" redefined
   93 | #define OPEN_MAX                      CONFIG_POSIX_OPEN_MAX
      |         ^~~~~~~~
/scratch2/dima/zephyr-chipyard-sw-fresh/tools-manual/zephyr-sdk-1.0.0-beta1/gnu/riscv64-zephyr-elf/riscv64-zephyr-elf/sys-include/sys/syslimits.h:45:9: note: this is the location of the previous definition
   45 | #define OPEN_MAX                   64   /* max open files per process */
      |         ^~~~~~~~
/scratch2/agustin/zephyr-chipyard-sw/zephyr_ws/zephyr/include/zephyr/posix/posix_limits.h:96:9: warning: "PATH_MAX" redefined
   96 | #define PATH_MAX                      _POSIX_PATH_MAX
      |         ^~~~~~~~
/scratch2/dima/zephyr-chipyard-sw-fresh/tools-manual/zephyr-sdk-1.0.0-beta1/gnu/riscv64-zephyr-elf/riscv64-zephyr-elf/sys-include/sys/syslimits.h:53:9: note: this is the location of the previous definition
   53 | #define PATH_MAX                 1024   /* max bytes in pathname */
      |         ^~~~~~~~
/scratch2/agustin/zephyr-chipyard-sw/zephyr_ws/zephyr/include/zephyr/posix/posix_limits.h:114:9: warning: "TZNAME_MAX" redefined
  114 | #define TZNAME_MAX                    _POSIX_TZNAME_MAX
      |         ^~~~~~~~~~
/scratch2/dima/zephyr-chipyard-sw-fresh/tools-manual/zephyr-sdk-1.0.0-beta1/gnu/riscv64-zephyr-elf/riscv64-zephyr-elf/sys-include/sys/syslimits.h:46:9: note: this is the location of the previous definition
   46 | #define TZNAME_MAX                 10   /* max time zone name length */
      |         ^~~~~~~~~~
[97/216] Building C object zephyr/lib/posix/c_lib_ext/CMakeFiles/lib__posix__c_lib_ext.dir/getopt/getopt_common.c.obj
[98/216] Building C object zephyr/lib/posix/options/CMakeFiles/lib__posix__options.dir/mprotect.c.obj
[99/216] Building C object zephyr/lib/libc/picolibc/CMakeFiles/lib__libc__picolibc.dir/stdio.c.obj
[100/216] Building C object zephyr/lib/posix/options/CMakeFiles/lib__posix__options.dir/env.c.obj
[101/216] Building C object zephyr/lib/libc/common/CMakeFiles/lib__libc__common.dir/source/stdlib/malloc.c.obj
[102/216] Building C object zephyr/lib/libc/common/CMakeFiles/lib__libc__common.dir/source/thrd/cnd.c.obj
In file included from /scratch2/agustin/zephyr-chipyard-sw/zephyr_ws/zephyr/include/zephyr/posix/sys/sysconf.h:11,
                 from /scratch2/agustin/zephyr-chipyard-sw/zephyr_ws/zephyr/include/zephyr/posix/unistd.h:18,
                 from /scratch2/agustin/zephyr-chipyard-sw/zephyr_ws/zephyr/include/zephyr/posix/pthread.h:15,
                 from /scratch2/agustin/zephyr-chipyard-sw/zephyr_ws/zephyr/lib/libc/common/source/thrd/cnd.c:10:
/scratch2/agustin/zephyr-chipyard-sw/zephyr_ws/zephyr/include/zephyr/posix/posix_limits.h:23:9: warning: "_POSIX_AIO_LISTIO_MAX" redefined
   23 | #define _POSIX_AIO_LISTIO_MAX               (2)
      |         ^~~~~~~~~~~~~~~~~~~~~
In file included from /scratch2/dima/zephyr-chipyard-sw-fresh/tools-manual/zephyr-sdk-1.0.0-beta1/gnu/riscv64-zephyr-elf/riscv64-zephyr-elf/sys-include/limits.h:6,
                 from /scratch2/dima/zephyr-chipyard-sw-fresh/tools-manual/zephyr-sdk-1.0.0-beta1/gnu/riscv64-zephyr-elf/lib/gcc/riscv64-zephyr-elf/14.3.0/include/limits.h:210,
                 from /scratch2/dima/zephyr-chipyard-sw-fresh/tools-manual/zephyr-sdk-1.0.0-beta1/gnu/riscv64-zephyr-elf/lib/gcc/riscv64-zephyr-elf/14.3.0/include/syslimits.h:7,
                 from /scratch2/dima/zephyr-chipyard-sw-fresh/tools-manual/zephyr-sdk-1.0.0-beta1/gnu/riscv64-zephyr-elf/lib/gcc/riscv64-zephyr-elf/14.3.0/include/limits.h:34,
                 from /scratch2/agustin/zephyr-chipyard-sw/zephyr_ws/zephyr/include/zephyr/kernel_includes.h:22,
                 from /scratch2/agustin/zephyr-chipyard-sw/zephyr_ws/zephyr/include/zephyr/kernel.h:17,
                 from /scratch2/agustin/zephyr-chipyard-sw/zephyr_ws/zephyr/include/zephyr/posix/pthread.h:14:
/scratch2/dima/zephyr-chipyard-sw-fresh/tools-manual/zephyr-sdk-1.0.0-beta1/gnu/riscv64-zephyr-elf/riscv64-zephyr-elf/sys-include/sys/syslimits.h:63:9: note: this is the location of the previous definition
   63 | #define _POSIX_AIO_LISTIO_MAX   2
      |         ^~~~~~~~~~~~~~~~~~~~~
/scratch2/agustin/zephyr-chipyard-sw/zephyr_ws/zephyr/include/zephyr/posix/posix_limits.h:24:9: warning: "_POSIX_AIO_MAX" redefined
   24 | #define _POSIX_AIO_MAX                      (1)
      |         ^~~~~~~~~~~~~~
/scratch2/dima/zephyr-chipyard-sw-fresh/tools-manual/zephyr-sdk-1.0.0-beta1/gnu/riscv64-zephyr-elf/riscv64-zephyr-elf/sys-include/sys/syslimits.h:64:9: note: this is the location of the previous definition
   64 | #define _POSIX_AIO_MAX          1
      |         ^~~~~~~~~~~~~~
/scratch2/agustin/zephyr-chipyard-sw/zephyr_ws/zephyr/include/zephyr/posix/posix_limits.h:25:9: warning: "_POSIX_ARG_MAX" redefined
   25 | #define _POSIX_ARG_MAX                      (4096)
      |         ^~~~~~~~~~~~~~
/scratch2/dima/zephyr-chipyard-sw-fresh/tools-manual/zephyr-sdk-1.0.0-beta1/gnu/riscv64-zephyr-elf/riscv64-zephyr-elf/sys-include/sys/syslimits.h:65:9: note: this is the location of the previous definition
   65 | #define _POSIX_ARG_MAX          4096
      |         ^~~~~~~~~~~~~~
/scratch2/agustin/zephyr-chipyard-sw/zephyr_ws/zephyr/include/zephyr/posix/posix_limits.h:26:9: warning: "_POSIX_CHILD_MAX" redefined
   26 | #define _POSIX_CHILD_MAX                    (25)
      |         ^~~~~~~~~~~~~~~~
/scratch2/dima/zephyr-chipyard-sw-fresh/tools-manual/zephyr-sdk-1.0.0-beta1/gnu/riscv64-zephyr-elf/riscv64-zephyr-elf/sys-include/sys/syslimits.h:66:9: note: this is the location of the previous definition
   66 | #define _POSIX_CHILD_MAX        6
      |         ^~~~~~~~~~~~~~~~
/scratch2/agustin/zephyr-chipyard-sw/zephyr_ws/zephyr/include/zephyr/posix/posix_limits.h:27:9: warning: "_POSIX_DELAYTIMER_MAX" redefined
   27 | #define _POSIX_DELAYTIMER_MAX               (32)
      |         ^~~~~~~~~~~~~~~~~~~~~
/scratch2/dima/zephyr-chipyard-sw-fresh/tools-manual/zephyr-sdk-1.0.0-beta1/gnu/riscv64-zephyr-elf/riscv64-zephyr-elf/sys-include/sys/syslimits.h:67:9: note: this is the location of the previous definition
   67 | #define _POSIX_DELAYTIMER_MAX   32
      |         ^~~~~~~~~~~~~~~~~~~~~
/scratch2/agustin/zephyr-chipyard-sw/zephyr_ws/zephyr/include/zephyr/posix/posix_limits.h:28:9: warning: "_POSIX_HOST_NAME_MAX" redefined
   28 | #define _POSIX_HOST_NAME_MAX                (255)
      |         ^~~~~~~~~~~~~~~~~~~~
/scratch2/dima/zephyr-chipyard-sw-fresh/tools-manual/zephyr-sdk-1.0.0-beta1/gnu/riscv64-zephyr-elf/riscv64-zephyr-elf/sys-include/sys/syslimits.h:68:9: note: this is the location of the previous definition
   68 | #define _POSIX_HOST_NAME_MAX    255
      |         ^~~~~~~~~~~~~~~~~~~~
/scratch2/agustin/zephyr-chipyard-sw/zephyr_ws/zephyr/include/zephyr/posix/posix_limits.h:29:9: warning: "_POSIX_LINK_MAX" redefined
   29 | #define _POSIX_LINK_MAX                     (8)
      |         ^~~~~~~~~~~~~~~
/scratch2/dima/zephyr-chipyard-sw-fresh/tools-manual/zephyr-sdk-1.0.0-beta1/gnu/riscv64-zephyr-elf/riscv64-zephyr-elf/sys-include/sys/syslimits.h:69:9: note: this is the location of the previous definition
   69 | #define _POSIX_LINK_MAX         8
      |         ^~~~~~~~~~~~~~~
/scratch2/agustin/zephyr-chipyard-sw/zephyr_ws/zephyr/include/zephyr/posix/posix_limits.h:30:9: warning: "_POSIX_LOGIN_NAME_MAX" redefined
   30 | #define _POSIX_LOGIN_NAME_MAX               (9)
      |         ^~~~~~~~~~~~~~~~~~~~~
/scratch2/dima/zephyr-chipyard-sw-fresh/tools-manual/zephyr-sdk-1.0.0-beta1/gnu/riscv64-zephyr-elf/riscv64-zephyr-elf/sys-include/sys/syslimits.h:70:9: note: this is the location of the previous definition
   70 | #define _POSIX_LOGIN_NAME_MAX   9
      |         ^~~~~~~~~~~~~~~~~~~~~
/scratch2/agustin/zephyr-chipyard-sw/zephyr_ws/zephyr/include/zephyr/posix/posix_limits.h:31:9: warning: "_POSIX_MAX_CANON" redefined
   31 | #define _POSIX_MAX_CANON                    (255)
      |         ^~~~~~~~~~~~~~~~
/scratch2/dima/zephyr-chipyard-sw-fresh/tools-manual/zephyr-sdk-1.0.0-beta1/gnu/riscv64-zephyr-elf/riscv64-zephyr-elf/sys-include/sys/syslimits.h:71:9: note: this is the location of the previous definition
   71 | #define _POSIX_MAX_CANON        255
      |         ^~~~~~~~~~~~~~~~
/scratch2/agustin/zephyr-chipyard-sw/zephyr_ws/zephyr/include/zephyr/posix/posix_limits.h:32:9: warning: "_POSIX_MAX_INPUT" redefined
   32 | #define _POSIX_MAX_INPUT                    (255)
      |         ^~~~~~~~~~~~~~~~
/scratch2/dima/zephyr-chipyard-sw-fresh/tools-manual/zephyr-sdk-1.0.0-beta1/gnu/riscv64-zephyr-elf/riscv64-zephyr-elf/sys-include/sys/syslimits.h:72:9: note: this is the location of the previous definition
   72 | #define _POSIX_MAX_INPUT        255
      |         ^~~~~~~~~~~~~~~~
/scratch2/agustin/zephyr-chipyard-sw/zephyr_ws/zephyr/include/zephyr/posix/posix_limits.h:33:9: warning: "_POSIX_MQ_OPEN_MAX" redefined
   33 | #define _POSIX_MQ_OPEN_MAX                  (8)
      |         ^~~~~~~~~~~~~~~~~~
/scratch2/dima/zephyr-chipyard-sw-fresh/tools-manual/zephyr-sdk-1.0.0-beta1/gnu/riscv64-zephyr-elf/riscv64-zephyr-elf/sys-include/sys/syslimits.h:73:9: note: this is the location of the previous definition
   73 | #define _POSIX_MQ_OPEN_MAX      8
      |         ^~~~~~~~~~~~~~~~~~
/scratch2/agustin/zephyr-chipyard-sw/zephyr_ws/zephyr/include/zephyr/posix/posix_limits.h:34:9: warning: "_POSIX_MQ_PRIO_MAX" redefined
   34 | #define _POSIX_MQ_PRIO_MAX                  (32)
      |         ^~~~~~~~~~~~~~~~~~
/scratch2/dima/zephyr-chipyard-sw-fresh/tools-manual/zephyr-sdk-1.0.0-beta1/gnu/riscv64-zephyr-elf/riscv64-zephyr-elf/sys-include/sys/syslimits.h:74:9: note: this is the location of the previous definition
   74 | #define _POSIX_MQ_PRIO_MAX      32
      |         ^~~~~~~~~~~~~~~~~~
/scratch2/agustin/zephyr-chipyard-sw/zephyr_ws/zephyr/include/zephyr/posix/posix_limits.h:35:9: warning: "_POSIX_NAME_MAX" redefined
   35 | #define _POSIX_NAME_MAX                     (14)
      |         ^~~~~~~~~~~~~~~
/scratch2/dima/zephyr-chipyard-sw-fresh/tools-manual/zephyr-sdk-1.0.0-beta1/gnu/riscv64-zephyr-elf/riscv64-zephyr-elf/sys-include/sys/syslimits.h:75:9: note: this is the location of the previous definition
   75 | #define _POSIX_NAME_MAX         14
      |         ^~~~~~~~~~~~~~~
/scratch2/agustin/zephyr-chipyard-sw/zephyr_ws/zephyr/include/zephyr/posix/posix_limits.h:36:9: warning: "_POSIX_NGROUPS_MAX" redefined
   36 | #define _POSIX_NGROUPS_MAX                  (8)
      |         ^~~~~~~~~~~~~~~~~~
/scratch2/dima/zephyr-chipyard-sw-fresh/tools-manual/zephyr-sdk-1.0.0-beta1/gnu/riscv64-zephyr-elf/riscv64-zephyr-elf/sys-include/sys/syslimits.h:76:9: note: this is the location of the previous definition
   76 | #define _POSIX_NGROUPS_MAX      0
      |         ^~~~~~~~~~~~~~~~~~
/scratch2/agustin/zephyr-chipyard-sw/zephyr_ws/zephyr/include/zephyr/posix/posix_limits.h:37:9: warning: "_POSIX_OPEN_MAX" redefined
   37 | #define _POSIX_OPEN_MAX                     (20)
      |         ^~~~~~~~~~~~~~~
/scratch2/dima/zephyr-chipyard-sw-fresh/tools-manual/zephyr-sdk-1.0.0-beta1/gnu/riscv64-zephyr-elf/riscv64-zephyr-elf/sys-include/sys/syslimits.h:77:9: note: this is the location of the previous definition
   77 | #define _POSIX_OPEN_MAX         16
      |         ^~~~~~~~~~~~~~~
/scratch2/agustin/zephyr-chipyard-sw/zephyr_ws/zephyr/include/zephyr/posix/posix_limits.h:38:9: warning: "_POSIX_PATH_MAX" redefined
   38 | #define _POSIX_PATH_MAX                     (256)
      |         ^~~~~~~~~~~~~~~
/scratch2/dima/zephyr-chipyard-sw-fresh/tools-manual/zephyr-sdk-1.0.0-beta1/gnu/riscv64-zephyr-elf/riscv64-zephyr-elf/sys-include/sys/syslimits.h:78:9: note: this is the location of the previous definition
   78 | #define _POSIX_PATH_MAX         255
      |         ^~~~~~~~~~~~~~~
/scratch2/agustin/zephyr-chipyard-sw/zephyr_ws/zephyr/include/zephyr/posix/posix_limits.h:39:9: warning: "_POSIX_PIPE_BUF" redefined
   39 | #define _POSIX_PIPE_BUF                     (512)
      |         ^~~~~~~~~~~~~~~
/scratch2/dima/zephyr-chipyard-sw-fresh/tools-manual/zephyr-sdk-1.0.0-beta1/gnu/riscv64-zephyr-elf/riscv64-zephyr-elf/sys-include/sys/syslimits.h:79:9: note: this is the location of the previous definition
   79 | #define _POSIX_PIPE_BUF         512
      |         ^~~~~~~~~~~~~~~
/scratch2/agustin/zephyr-chipyard-sw/zephyr_ws/zephyr/include/zephyr/posix/posix_limits.h:40:9: warning: "_POSIX_RE_DUP_MAX" redefined
   40 | #define _POSIX_RE_DUP_MAX                   (255)
      |         ^~~~~~~~~~~~~~~~~
/scratch2/dima/zephyr-chipyard-sw-fresh/tools-manual/zephyr-sdk-1.0.0-beta1/gnu/riscv64-zephyr-elf/riscv64-zephyr-elf/sys-include/sys/syslimits.h:80:9: note: this is the location of the previous definition
   80 | #define _POSIX_RE_DUP_MAX       255
      |         ^~~~~~~~~~~~~~~~~
/scratch2/agustin/zephyr-chipyard-sw/zephyr_ws/zephyr/include/zephyr/posix/posix_limits.h:41:9: warning: "_POSIX_RTSIG_MAX" redefined
   41 | #define _POSIX_RTSIG_MAX                    (8)
      |         ^~~~~~~~~~~~~~~~
/scratch2/dima/zephyr-chipyard-sw-fresh/tools-manual/zephyr-sdk-1.0.0-beta1/gnu/riscv64-zephyr-elf/riscv64-zephyr-elf/sys-include/sys/syslimits.h:81:9: note: this is the location of the previous definition
   81 | #define _POSIX_RTSIG_MAX        8
      |         ^~~~~~~~~~~~~~~~
/scratch2/agustin/zephyr-chipyard-sw/zephyr_ws/zephyr/include/zephyr/posix/posix_limits.h:42:9: warning: "_POSIX_SEM_NSEMS_MAX" redefined
   42 | #define _POSIX_SEM_NSEMS_MAX                (256)
      |         ^~~~~~~~~~~~~~~~~~~~
/scratch2/dima/zephyr-chipyard-sw-fresh/tools-manual/zephyr-sdk-1.0.0-beta1/gnu/riscv64-zephyr-elf/riscv64-zephyr-elf/sys-include/sys/syslimits.h:82:9: note: this is the location of the previous definition
   82 | #define _POSIX_SEM_NSEMS_MAX    256
      |         ^~~~~~~~~~~~~~~~~~~~
/scratch2/agustin/zephyr-chipyard-sw/zephyr_ws/zephyr/include/zephyr/posix/posix_limits.h:43:9: warning: "_POSIX_SEM_VALUE_MAX" redefined
   43 | #define _POSIX_SEM_VALUE_MAX                (32767)
      |         ^~~~~~~~~~~~~~~~~~~~
/scratch2/dima/zephyr-chipyard-sw-fresh/tools-manual/zephyr-sdk-1.0.0-beta1/gnu/riscv64-zephyr-elf/riscv64-zephyr-elf/sys-include/sys/syslimits.h:83:9: note: this is the location of the previous definition
   83 | #define _POSIX_SEM_VALUE_MAX    32767
      |         ^~~~~~~~~~~~~~~~~~~~
/scratch2/agustin/zephyr-chipyard-sw/zephyr_ws/zephyr/include/zephyr/posix/posix_limits.h:44:9: warning: "_POSIX_SIGQUEUE_MAX" redefined
   44 | #define _POSIX_SIGQUEUE_MAX                 (32)
      |         ^~~~~~~~~~~~~~~~~~~
/scratch2/dima/zephyr-chipyard-sw-fresh/tools-manual/zephyr-sdk-1.0.0-beta1/gnu/riscv64-zephyr-elf/riscv64-zephyr-elf/sys-include/sys/syslimits.h:84:9: note: this is the location of the previous definition
   84 | #define _POSIX_SIGQUEUE_MAX     32
      |         ^~~~~~~~~~~~~~~~~~~
/scratch2/agustin/zephyr-chipyard-sw/zephyr_ws/zephyr/include/zephyr/posix/posix_limits.h:45:9: warning: "_POSIX_SSIZE_MAX" redefined
   45 | #define _POSIX_SSIZE_MAX                    (32767)
      |         ^~~~~~~~~~~~~~~~
/scratch2/dima/zephyr-chipyard-sw-fresh/tools-manual/zephyr-sdk-1.0.0-beta1/gnu/riscv64-zephyr-elf/riscv64-zephyr-elf/sys-include/sys/syslimits.h:85:9: note: this is the location of the previous definition
   85 | #define _POSIX_SSIZE_MAX        32767
      |         ^~~~~~~~~~~~~~~~
/scratch2/agustin/zephyr-chipyard-sw/zephyr_ws/zephyr/include/zephyr/posix/posix_limits.h:46:9: warning: "_POSIX_SS_REPL_MAX" redefined
   46 | #define _POSIX_SS_REPL_MAX                  (4)
      |         ^~~~~~~~~~~~~~~~~~
/scratch2/dima/zephyr-chipyard-sw-fresh/tools-manual/zephyr-sdk-1.0.0-beta1/gnu/riscv64-zephyr-elf/riscv64-zephyr-elf/sys-include/sys/syslimits.h:86:9: note: this is the location of the previous definition
   86 | #define _POSIX_SS_REPL_MAX      4
      |         ^~~~~~~~~~~~~~~~~~
/scratch2/agustin/zephyr-chipyard-sw/zephyr_ws/zephyr/include/zephyr/posix/posix_limits.h:47:9: warning: "_POSIX_STREAM_MAX" redefined
   47 | #define _POSIX_STREAM_MAX                   (8)
      |         ^~~~~~~~~~~~~~~~~
/scratch2/dima/zephyr-chipyard-sw-fresh/tools-manual/zephyr-sdk-1.0.0-beta1/gnu/riscv64-zephyr-elf/riscv64-zephyr-elf/sys-include/sys/syslimits.h:87:9: note: this is the location of the previous definition
   87 | #define _POSIX_STREAM_MAX       8
      |         ^~~~~~~~~~~~~~~~~
/scratch2/agustin/zephyr-chipyard-sw/zephyr_ws/zephyr/include/zephyr/posix/posix_limits.h:48:9: warning: "_POSIX_SYMLINK_MAX" redefined
   48 | #define _POSIX_SYMLINK_MAX                  (255)
      |         ^~~~~~~~~~~~~~~~~~
/scratch2/dima/zephyr-chipyard-sw-fresh/tools-manual/zephyr-sdk-1.0.0-beta1/gnu/riscv64-zephyr-elf/riscv64-zephyr-elf/sys-include/sys/syslimits.h:88:9: note: this is the location of the previous definition
   88 | #define _POSIX_SYMLINK_MAX      255
      |         ^~~~~~~~~~~~~~~~~~
/scratch2/agustin/zephyr-chipyard-sw/zephyr_ws/zephyr/include/zephyr/posix/posix_limits.h:49:9: warning: "_POSIX_SYMLOOP_MAX" redefined
   49 | #define _POSIX_SYMLOOP_MAX                  (8)
      |         ^~~~~~~~~~~~~~~~~~
/scratch2/dima/zephyr-chipyard-sw-fresh/tools-manual/zephyr-sdk-1.0.0-beta1/gnu/riscv64-zephyr-elf/riscv64-zephyr-elf/sys-include/sys/syslimits.h:89:9: note: this is the location of the previous definition
   89 | #define _POSIX_SYMLOOP_MAX      8
      |         ^~~~~~~~~~~~~~~~~~
/scratch2/agustin/zephyr-chipyard-sw/zephyr_ws/zephyr/include/zephyr/posix/posix_limits.h:50:9: warning: "_POSIX_THREAD_DESTRUCTOR_ITERATIONS" redefined
   50 | #define _POSIX_THREAD_DESTRUCTOR_ITERATIONS (4)
      |         ^~~~~~~~~~~~~~~~~~~~~~~~~~~~~~~~~~~
/scratch2/dima/zephyr-chipyard-sw-fresh/tools-manual/zephyr-sdk-1.0.0-beta1/gnu/riscv64-zephyr-elf/riscv64-zephyr-elf/sys-include/sys/syslimits.h:90:9: note: this is the location of the previous definition
   90 | #define _POSIX_THREAD_DESTRUCTOR_ITERATIONS     4
      |         ^~~~~~~~~~~~~~~~~~~~~~~~~~~~~~~~~~~
/scratch2/agustin/zephyr-chipyard-sw/zephyr_ws/zephyr/include/zephyr/posix/posix_limits.h:51:9: warning: "_POSIX_THREAD_KEYS_MAX" redefined
   51 | #define _POSIX_THREAD_KEYS_MAX              (128)
      |         ^~~~~~~~~~~~~~~~~~~~~~
/scratch2/dima/zephyr-chipyard-sw-fresh/tools-manual/zephyr-sdk-1.0.0-beta1/gnu/riscv64-zephyr-elf/riscv64-zephyr-elf/sys-include/sys/syslimits.h:91:9: note: this is the location of the previous definition
   91 | #define _POSIX_THREAD_KEYS_MAX  128
      |         ^~~~~~~~~~~~~~~~~~~~~~
/scratch2/agustin/zephyr-chipyard-sw/zephyr_ws/zephyr/include/zephyr/posix/posix_limits.h:52:9: warning: "_POSIX_THREAD_THREADS_MAX" redefined
   52 | #define _POSIX_THREAD_THREADS_MAX           (64)
      |         ^~~~~~~~~~~~~~~~~~~~~~~~~
/scratch2/dima/zephyr-chipyard-sw-fresh/tools-manual/zephyr-sdk-1.0.0-beta1/gnu/riscv64-zephyr-elf/riscv64-zephyr-elf/sys-include/sys/syslimits.h:92:9: note: this is the location of the previous definition
   92 | #define _POSIX_THREAD_THREADS_MAX       64
      |         ^~~~~~~~~~~~~~~~~~~~~~~~~
/scratch2/agustin/zephyr-chipyard-sw/zephyr_ws/zephyr/include/zephyr/posix/posix_limits.h:53:9: warning: "_POSIX_TIMER_MAX" redefined
   53 | #define _POSIX_TIMER_MAX                    (32)
      |         ^~~~~~~~~~~~~~~~
/scratch2/dima/zephyr-chipyard-sw-fresh/tools-manual/zephyr-sdk-1.0.0-beta1/gnu/riscv64-zephyr-elf/riscv64-zephyr-elf/sys-include/sys/syslimits.h:93:9: note: this is the location of the previous definition
   93 | #define _POSIX_TIMER_MAX        32
      |         ^~~~~~~~~~~~~~~~
/scratch2/agustin/zephyr-chipyard-sw/zephyr_ws/zephyr/include/zephyr/posix/posix_limits.h:54:9: warning: "_POSIX_TRACE_EVENT_NAME_MAX" redefined
   54 | #define _POSIX_TRACE_EVENT_NAME_MAX         (30)
      |         ^~~~~~~~~~~~~~~~~~~~~~~~~~~
/scratch2/dima/zephyr-chipyard-sw-fresh/tools-manual/zephyr-sdk-1.0.0-beta1/gnu/riscv64-zephyr-elf/riscv64-zephyr-elf/sys-include/sys/syslimits.h:94:9: note: this is the location of the previous definition
   94 | #define _POSIX_TRACE_EVENT_NAME_MAX     30
      |         ^~~~~~~~~~~~~~~~~~~~~~~~~~~
/scratch2/agustin/zephyr-chipyard-sw/zephyr_ws/zephyr/include/zephyr/posix/posix_limits.h:55:9: warning: "_POSIX_TRACE_NAME_MAX" redefined
   55 | #define _POSIX_TRACE_NAME_MAX               (8)
      |         ^~~~~~~~~~~~~~~~~~~~~
/scratch2/dima/zephyr-chipyard-sw-fresh/tools-manual/zephyr-sdk-1.0.0-beta1/gnu/riscv64-zephyr-elf/riscv64-zephyr-elf/sys-include/sys/syslimits.h:95:9: note: this is the location of the previous definition
   95 | #define _POSIX_TRACE_NAME_MAX   8
      |         ^~~~~~~~~~~~~~~~~~~~~
/scratch2/agustin/zephyr-chipyard-sw/zephyr_ws/zephyr/include/zephyr/posix/posix_limits.h:56:9: warning: "_POSIX_TRACE_SYS_MAX" redefined
   56 | #define _POSIX_TRACE_SYS_MAX                (8)
      |         ^~~~~~~~~~~~~~~~~~~~
/scratch2/dima/zephyr-chipyard-sw-fresh/tools-manual/zephyr-sdk-1.0.0-beta1/gnu/riscv64-zephyr-elf/riscv64-zephyr-elf/sys-include/sys/syslimits.h:96:9: note: this is the location of the previous definition
   96 | #define _POSIX_TRACE_SYS_MAX    8
      |         ^~~~~~~~~~~~~~~~~~~~
/scratch2/agustin/zephyr-chipyard-sw/zephyr_ws/zephyr/include/zephyr/posix/posix_limits.h:57:9: warning: "_POSIX_TRACE_USER_EVENT_MAX" redefined
   57 | #define _POSIX_TRACE_USER_EVENT_MAX         (32)
      |         ^~~~~~~~~~~~~~~~~~~~~~~~~~~
/scratch2/dima/zephyr-chipyard-sw-fresh/tools-manual/zephyr-sdk-1.0.0-beta1/gnu/riscv64-zephyr-elf/riscv64-zephyr-elf/sys-include/sys/syslimits.h:97:9: note: this is the location of the previous definition
   97 | #define _POSIX_TRACE_USER_EVENT_MAX     32
      |         ^~~~~~~~~~~~~~~~~~~~~~~~~~~
/scratch2/agustin/zephyr-chipyard-sw/zephyr_ws/zephyr/include/zephyr/posix/posix_limits.h:58:9: warning: "_POSIX_TTY_NAME_MAX" redefined
   58 | #define _POSIX_TTY_NAME_MAX                 (9)
      |         ^~~~~~~~~~~~~~~~~~~
/scratch2/dima/zephyr-chipyard-sw-fresh/tools-manual/zephyr-sdk-1.0.0-beta1/gnu/riscv64-zephyr-elf/riscv64-zephyr-elf/sys-include/sys/syslimits.h:98:9: note: this is the location of the previous definition
   98 | #define _POSIX_TTY_NAME_MAX     9
      |         ^~~~~~~~~~~~~~~~~~~
/scratch2/agustin/zephyr-chipyard-sw/zephyr_ws/zephyr/include/zephyr/posix/posix_limits.h:59:9: warning: "_POSIX_TZNAME_MAX" redefined
   59 | #define _POSIX_TZNAME_MAX                   (6)
      |         ^~~~~~~~~~~~~~~~~
/scratch2/dima/zephyr-chipyard-sw-fresh/tools-manual/zephyr-sdk-1.0.0-beta1/gnu/riscv64-zephyr-elf/riscv64-zephyr-elf/sys-include/sys/syslimits.h:99:9: note: this is the location of the previous definition
   99 | #define _POSIX_TZNAME_MAX       3
      |         ^~~~~~~~~~~~~~~~~
/scratch2/agustin/zephyr-chipyard-sw/zephyr_ws/zephyr/include/zephyr/posix/posix_limits.h:60:9: warning: "_POSIX2_BC_BASE_MAX" redefined
   60 | #define _POSIX2_BC_BASE_MAX                 (99)
      |         ^~~~~~~~~~~~~~~~~~~
/scratch2/dima/zephyr-chipyard-sw-fresh/tools-manual/zephyr-sdk-1.0.0-beta1/gnu/riscv64-zephyr-elf/riscv64-zephyr-elf/sys-include/sys/syslimits.h:100:9: note: this is the location of the previous definition
  100 | #define _POSIX2_BC_BASE_MAX     99
      |         ^~~~~~~~~~~~~~~~~~~
/scratch2/agustin/zephyr-chipyard-sw/zephyr_ws/zephyr/include/zephyr/posix/posix_limits.h:61:9: warning: "_POSIX2_BC_DIM_MAX" redefined
   61 | #define _POSIX2_BC_DIM_MAX                  (2048)
      |         ^~~~~~~~~~~~~~~~~~
/scratch2/dima/zephyr-chipyard-sw-fresh/tools-manual/zephyr-sdk-1.0.0-beta1/gnu/riscv64-zephyr-elf/riscv64-zephyr-elf/sys-include/sys/syslimits.h:101:9: note: this is the location of the previous definition
  101 | #define _POSIX2_BC_DIM_MAX      2048
      |         ^~~~~~~~~~~~~~~~~~
/scratch2/agustin/zephyr-chipyard-sw/zephyr_ws/zephyr/include/zephyr/posix/posix_limits.h:62:9: warning: "_POSIX2_BC_SCALE_MAX" redefined
   62 | #define _POSIX2_BC_SCALE_MAX                (99)
      |         ^~~~~~~~~~~~~~~~~~~~
/scratch2/dima/zephyr-chipyard-sw-fresh/tools-manual/zephyr-sdk-1.0.0-beta1/gnu/riscv64-zephyr-elf/riscv64-zephyr-elf/sys-include/sys/syslimits.h:102:9: note: this is the location of the previous definition
  102 | #define _POSIX2_BC_SCALE_MAX    99
      |         ^~~~~~~~~~~~~~~~~~~~
/scratch2/agustin/zephyr-chipyard-sw/zephyr_ws/zephyr/include/zephyr/posix/posix_limits.h:63:9: warning: "_POSIX2_BC_STRING_MAX" redefined
   63 | #define _POSIX2_BC_STRING_MAX               (1000)
      |         ^~~~~~~~~~~~~~~~~~~~~
/scratch2/dima/zephyr-chipyard-sw-fresh/tools-manual/zephyr-sdk-1.0.0-beta1/gnu/riscv64-zephyr-elf/riscv64-zephyr-elf/sys-include/sys/syslimits.h:103:9: note: this is the location of the previous definition
  103 | #define _POSIX2_BC_STRING_MAX   1000
      |         ^~~~~~~~~~~~~~~~~~~~~
/scratch2/agustin/zephyr-chipyard-sw/zephyr_ws/zephyr/include/zephyr/posix/posix_limits.h:64:9: warning: "_POSIX2_CHARCLASS_NAME_MAX" redefined
   64 | #define _POSIX2_CHARCLASS_NAME_MAX          (14)
      |         ^~~~~~~~~~~~~~~~~~~~~~~~~~
/scratch2/dima/zephyr-chipyard-sw-fresh/tools-manual/zephyr-sdk-1.0.0-beta1/gnu/riscv64-zephyr-elf/riscv64-zephyr-elf/sys-include/sys/syslimits.h:104:9: note: this is the location of the previous definition
  104 | #define _POSIX2_CHARCLASS_NAME_MAX      14
      |         ^~~~~~~~~~~~~~~~~~~~~~~~~~
/scratch2/agustin/zephyr-chipyard-sw/zephyr_ws/zephyr/include/zephyr/posix/posix_limits.h:65:9: warning: "_POSIX2_COLL_WEIGHTS_MAX" redefined
   65 | #define _POSIX2_COLL_WEIGHTS_MAX            (2)
      |         ^~~~~~~~~~~~~~~~~~~~~~~~
/scratch2/dima/zephyr-chipyard-sw-fresh/tools-manual/zephyr-sdk-1.0.0-beta1/gnu/riscv64-zephyr-elf/riscv64-zephyr-elf/sys-include/sys/syslimits.h:105:9: note: this is the location of the previous definition
  105 | #define _POSIX2_COLL_WEIGHTS_MAX        2
      |         ^~~~~~~~~~~~~~~~~~~~~~~~
/scratch2/agustin/zephyr-chipyard-sw/zephyr_ws/zephyr/include/zephyr/posix/posix_limits.h:66:9: warning: "_POSIX2_EXPR_NEST_MAX" redefined
   66 | #define _POSIX2_EXPR_NEST_MAX               (32)
      |         ^~~~~~~~~~~~~~~~~~~~~
/scratch2/dima/zephyr-chipyard-sw-fresh/tools-manual/zephyr-sdk-1.0.0-beta1/gnu/riscv64-zephyr-elf/riscv64-zephyr-elf/sys-include/sys/syslimits.h:106:9: note: this is the location of the previous definition
  106 | #define _POSIX2_EXPR_NEST_MAX   32
      |         ^~~~~~~~~~~~~~~~~~~~~
/scratch2/agustin/zephyr-chipyard-sw/zephyr_ws/zephyr/include/zephyr/posix/posix_limits.h:67:9: warning: "_POSIX2_LINE_MAX" redefined
   67 | #define _POSIX2_LINE_MAX                    (2048)
      |         ^~~~~~~~~~~~~~~~
/scratch2/dima/zephyr-chipyard-sw-fresh/tools-manual/zephyr-sdk-1.0.0-beta1/gnu/riscv64-zephyr-elf/riscv64-zephyr-elf/sys-include/sys/syslimits.h:107:9: note: this is the location of the previous definition
  107 | #define _POSIX2_LINE_MAX        2048
      |         ^~~~~~~~~~~~~~~~
/scratch2/agustin/zephyr-chipyard-sw/zephyr_ws/zephyr/include/zephyr/posix/posix_limits.h:83:9: warning: "ARG_MAX" redefined
   83 | #define ARG_MAX                       _POSIX_ARG_MAX
      |         ^~~~~~~
/scratch2/dima/zephyr-chipyard-sw-fresh/tools-manual/zephyr-sdk-1.0.0-beta1/gnu/riscv64-zephyr-elf/riscv64-zephyr-elf/sys-include/sys/syslimits.h:41:9: note: this is the location of the previous definition
   41 | #define ARG_MAX                 65536   /* max bytes for an exec function */
      |         ^~~~~~~
/scratch2/agustin/zephyr-chipyard-sw/zephyr_ws/zephyr/include/zephyr/posix/posix_limits.h:84:9: warning: "ATEXIT_MAX" redefined
   84 | #define ATEXIT_MAX                    (32)
      |         ^~~~~~~~~~
/scratch2/dima/zephyr-chipyard-sw-fresh/tools-manual/zephyr-sdk-1.0.0-beta1/gnu/riscv64-zephyr-elf/riscv64-zephyr-elf/sys-include/sys/syslimits.h:42:9: note: this is the location of the previous definition
   42 | #define ATEXIT_MAX                 32   /* max atexit functions */
      |         ^~~~~~~~~~
/scratch2/agustin/zephyr-chipyard-sw/zephyr_ws/zephyr/include/zephyr/posix/posix_limits.h:93:9: warning: "OPEN_MAX" redefined
   93 | #define OPEN_MAX                      CONFIG_POSIX_OPEN_MAX
      |         ^~~~~~~~
/scratch2/dima/zephyr-chipyard-sw-fresh/tools-manual/zephyr-sdk-1.0.0-beta1/gnu/riscv64-zephyr-elf/riscv64-zephyr-elf/sys-include/sys/syslimits.h:45:9: note: this is the location of the previous definition
   45 | #define OPEN_MAX                   64   /* max open files per process */
      |         ^~~~~~~~
/scratch2/agustin/zephyr-chipyard-sw/zephyr_ws/zephyr/include/zephyr/posix/posix_limits.h:96:9: warning: "PATH_MAX" redefined
   96 | #define PATH_MAX                      _POSIX_PATH_MAX
      |         ^~~~~~~~
/scratch2/dima/zephyr-chipyard-sw-fresh/tools-manual/zephyr-sdk-1.0.0-beta1/gnu/riscv64-zephyr-elf/riscv64-zephyr-elf/sys-include/sys/syslimits.h:53:9: note: this is the location of the previous definition
   53 | #define PATH_MAX                 1024   /* max bytes in pathname */
      |         ^~~~~~~~
/scratch2/agustin/zephyr-chipyard-sw/zephyr_ws/zephyr/include/zephyr/posix/posix_limits.h:114:9: warning: "TZNAME_MAX" redefined
  114 | #define TZNAME_MAX                    _POSIX_TZNAME_MAX
      |         ^~~~~~~~~~
/scratch2/dima/zephyr-chipyard-sw-fresh/tools-manual/zephyr-sdk-1.0.0-beta1/gnu/riscv64-zephyr-elf/riscv64-zephyr-elf/sys-include/sys/syslimits.h:46:9: note: this is the location of the previous definition
   46 | #define TZNAME_MAX                 10   /* max time zone name length */
      |         ^~~~~~~~~~
[103/216] Building C object zephyr/lib/posix/c_lib_ext/CMakeFiles/lib__posix__c_lib_ext.dir/getopt/getopt.c.obj
In file included from /scratch2/agustin/zephyr-chipyard-sw/zephyr_ws/zephyr/include/zephyr/posix/sys/sysconf.h:11,
                 from /scratch2/agustin/zephyr-chipyard-sw/zephyr_ws/zephyr/include/zephyr/posix/unistd.h:18,
                 from /scratch2/agustin/zephyr-chipyard-sw/zephyr_ws/zephyr/lib/posix/c_lib_ext/getopt/getopt.c:36:
/scratch2/agustin/zephyr-chipyard-sw/zephyr_ws/zephyr/include/zephyr/posix/posix_limits.h:23:9: warning: "_POSIX_AIO_LISTIO_MAX" redefined
   23 | #define _POSIX_AIO_LISTIO_MAX               (2)
      |         ^~~~~~~~~~~~~~~~~~~~~
In file included from /scratch2/dima/zephyr-chipyard-sw-fresh/tools-manual/zephyr-sdk-1.0.0-beta1/gnu/riscv64-zephyr-elf/riscv64-zephyr-elf/sys-include/limits.h:6,
                 from /scratch2/dima/zephyr-chipyard-sw-fresh/tools-manual/zephyr-sdk-1.0.0-beta1/gnu/riscv64-zephyr-elf/lib/gcc/riscv64-zephyr-elf/14.3.0/include/limits.h:210,
                 from /scratch2/dima/zephyr-chipyard-sw-fresh/tools-manual/zephyr-sdk-1.0.0-beta1/gnu/riscv64-zephyr-elf/lib/gcc/riscv64-zephyr-elf/14.3.0/include/syslimits.h:7,
                 from /scratch2/dima/zephyr-chipyard-sw-fresh/tools-manual/zephyr-sdk-1.0.0-beta1/gnu/riscv64-zephyr-elf/lib/gcc/riscv64-zephyr-elf/14.3.0/include/limits.h:34,
                 from /scratch2/agustin/zephyr-chipyard-sw/zephyr_ws/zephyr/include/zephyr/kernel_includes.h:22,
                 from /scratch2/agustin/zephyr-chipyard-sw/zephyr_ws/zephyr/include/zephyr/kernel.h:17,
                 from /scratch2/agustin/zephyr-chipyard-sw/zephyr_ws/zephyr/include/zephyr/posix/posix_types.h:30,
                 from /scratch2/agustin/zephyr-chipyard-sw/zephyr_ws/zephyr/include/zephyr/posix/unistd.h:11:
/scratch2/dima/zephyr-chipyard-sw-fresh/tools-manual/zephyr-sdk-1.0.0-beta1/gnu/riscv64-zephyr-elf/riscv64-zephyr-elf/sys-include/sys/syslimits.h:63:9: note: this is the location of the previous definition
   63 | #define _POSIX_AIO_LISTIO_MAX   2
      |         ^~~~~~~~~~~~~~~~~~~~~
/scratch2/agustin/zephyr-chipyard-sw/zephyr_ws/zephyr/include/zephyr/posix/posix_limits.h:24:9: warning: "_POSIX_AIO_MAX" redefined
   24 | #define _POSIX_AIO_MAX                      (1)
      |         ^~~~~~~~~~~~~~
/scratch2/dima/zephyr-chipyard-sw-fresh/tools-manual/zephyr-sdk-1.0.0-beta1/gnu/riscv64-zephyr-elf/riscv64-zephyr-elf/sys-include/sys/syslimits.h:64:9: note: this is the location of the previous definition
   64 | #define _POSIX_AIO_MAX          1
      |         ^~~~~~~~~~~~~~
/scratch2/agustin/zephyr-chipyard-sw/zephyr_ws/zephyr/include/zephyr/posix/posix_limits.h:25:9: warning: "_POSIX_ARG_MAX" redefined
   25 | #define _POSIX_ARG_MAX                      (4096)
      |         ^~~~~~~~~~~~~~
/scratch2/dima/zephyr-chipyard-sw-fresh/tools-manual/zephyr-sdk-1.0.0-beta1/gnu/riscv64-zephyr-elf/riscv64-zephyr-elf/sys-include/sys/syslimits.h:65:9: note: this is the location of the previous definition
   65 | #define _POSIX_ARG_MAX          4096
      |         ^~~~~~~~~~~~~~
/scratch2/agustin/zephyr-chipyard-sw/zephyr_ws/zephyr/include/zephyr/posix/posix_limits.h:26:9: warning: "_POSIX_CHILD_MAX" redefined
   26 | #define _POSIX_CHILD_MAX                    (25)
      |         ^~~~~~~~~~~~~~~~
/scratch2/dima/zephyr-chipyard-sw-fresh/tools-manual/zephyr-sdk-1.0.0-beta1/gnu/riscv64-zephyr-elf/riscv64-zephyr-elf/sys-include/sys/syslimits.h:66:9: note: this is the location of the previous definition
   66 | #define _POSIX_CHILD_MAX        6
      |         ^~~~~~~~~~~~~~~~
/scratch2/agustin/zephyr-chipyard-sw/zephyr_ws/zephyr/include/zephyr/posix/posix_limits.h:27:9: warning: "_POSIX_DELAYTIMER_MAX" redefined
   27 | #define _POSIX_DELAYTIMER_MAX               (32)
      |         ^~~~~~~~~~~~~~~~~~~~~
/scratch2/dima/zephyr-chipyard-sw-fresh/tools-manual/zephyr-sdk-1.0.0-beta1/gnu/riscv64-zephyr-elf/riscv64-zephyr-elf/sys-include/sys/syslimits.h:67:9: note: this is the location of the previous definition
   67 | #define _POSIX_DELAYTIMER_MAX   32
      |         ^~~~~~~~~~~~~~~~~~~~~
/scratch2/agustin/zephyr-chipyard-sw/zephyr_ws/zephyr/include/zephyr/posix/posix_limits.h:28:9: warning: "_POSIX_HOST_NAME_MAX" redefined
   28 | #define _POSIX_HOST_NAME_MAX                (255)
      |         ^~~~~~~~~~~~~~~~~~~~
/scratch2/dima/zephyr-chipyard-sw-fresh/tools-manual/zephyr-sdk-1.0.0-beta1/gnu/riscv64-zephyr-elf/riscv64-zephyr-elf/sys-include/sys/syslimits.h:68:9: note: this is the location of the previous definition
   68 | #define _POSIX_HOST_NAME_MAX    255
      |         ^~~~~~~~~~~~~~~~~~~~
/scratch2/agustin/zephyr-chipyard-sw/zephyr_ws/zephyr/include/zephyr/posix/posix_limits.h:29:9: warning: "_POSIX_LINK_MAX" redefined
   29 | #define _POSIX_LINK_MAX                     (8)
      |         ^~~~~~~~~~~~~~~
/scratch2/dima/zephyr-chipyard-sw-fresh/tools-manual/zephyr-sdk-1.0.0-beta1/gnu/riscv64-zephyr-elf/riscv64-zephyr-elf/sys-include/sys/syslimits.h:69:9: note: this is the location of the previous definition
   69 | #define _POSIX_LINK_MAX         8
      |         ^~~~~~~~~~~~~~~
/scratch2/agustin/zephyr-chipyard-sw/zephyr_ws/zephyr/include/zephyr/posix/posix_limits.h:30:9: warning: "_POSIX_LOGIN_NAME_MAX" redefined
   30 | #define _POSIX_LOGIN_NAME_MAX               (9)
      |         ^~~~~~~~~~~~~~~~~~~~~
/scratch2/dima/zephyr-chipyard-sw-fresh/tools-manual/zephyr-sdk-1.0.0-beta1/gnu/riscv64-zephyr-elf/riscv64-zephyr-elf/sys-include/sys/syslimits.h:70:9: note: this is the location of the previous definition
   70 | #define _POSIX_LOGIN_NAME_MAX   9
      |         ^~~~~~~~~~~~~~~~~~~~~
/scratch2/agustin/zephyr-chipyard-sw/zephyr_ws/zephyr/include/zephyr/posix/posix_limits.h:31:9: warning: "_POSIX_MAX_CANON" redefined
   31 | #define _POSIX_MAX_CANON                    (255)
      |         ^~~~~~~~~~~~~~~~
/scratch2/dima/zephyr-chipyard-sw-fresh/tools-manual/zephyr-sdk-1.0.0-beta1/gnu/riscv64-zephyr-elf/riscv64-zephyr-elf/sys-include/sys/syslimits.h:71:9: note: this is the location of the previous definition
   71 | #define _POSIX_MAX_CANON        255
      |         ^~~~~~~~~~~~~~~~
/scratch2/agustin/zephyr-chipyard-sw/zephyr_ws/zephyr/include/zephyr/posix/posix_limits.h:32:9: warning: "_POSIX_MAX_INPUT" redefined
   32 | #define _POSIX_MAX_INPUT                    (255)
      |         ^~~~~~~~~~~~~~~~
/scratch2/dima/zephyr-chipyard-sw-fresh/tools-manual/zephyr-sdk-1.0.0-beta1/gnu/riscv64-zephyr-elf/riscv64-zephyr-elf/sys-include/sys/syslimits.h:72:9: note: this is the location of the previous definition
   72 | #define _POSIX_MAX_INPUT        255
      |         ^~~~~~~~~~~~~~~~
/scratch2/agustin/zephyr-chipyard-sw/zephyr_ws/zephyr/include/zephyr/posix/posix_limits.h:33:9: warning: "_POSIX_MQ_OPEN_MAX" redefined
   33 | #define _POSIX_MQ_OPEN_MAX                  (8)
      |         ^~~~~~~~~~~~~~~~~~
/scratch2/dima/zephyr-chipyard-sw-fresh/tools-manual/zephyr-sdk-1.0.0-beta1/gnu/riscv64-zephyr-elf/riscv64-zephyr-elf/sys-include/sys/syslimits.h:73:9: note: this is the location of the previous definition
   73 | #define _POSIX_MQ_OPEN_MAX      8
      |         ^~~~~~~~~~~~~~~~~~
/scratch2/agustin/zephyr-chipyard-sw/zephyr_ws/zephyr/include/zephyr/posix/posix_limits.h:34:9: warning: "_POSIX_MQ_PRIO_MAX" redefined
   34 | #define _POSIX_MQ_PRIO_MAX                  (32)
      |         ^~~~~~~~~~~~~~~~~~
/scratch2/dima/zephyr-chipyard-sw-fresh/tools-manual/zephyr-sdk-1.0.0-beta1/gnu/riscv64-zephyr-elf/riscv64-zephyr-elf/sys-include/sys/syslimits.h:74:9: note: this is the location of the previous definition
   74 | #define _POSIX_MQ_PRIO_MAX      32
      |         ^~~~~~~~~~~~~~~~~~
/scratch2/agustin/zephyr-chipyard-sw/zephyr_ws/zephyr/include/zephyr/posix/posix_limits.h:35:9: warning: "_POSIX_NAME_MAX" redefined
   35 | #define _POSIX_NAME_MAX                     (14)
      |         ^~~~~~~~~~~~~~~
/scratch2/dima/zephyr-chipyard-sw-fresh/tools-manual/zephyr-sdk-1.0.0-beta1/gnu/riscv64-zephyr-elf/riscv64-zephyr-elf/sys-include/sys/syslimits.h:75:9: note: this is the location of the previous definition
   75 | #define _POSIX_NAME_MAX         14
      |         ^~~~~~~~~~~~~~~
/scratch2/agustin/zephyr-chipyard-sw/zephyr_ws/zephyr/include/zephyr/posix/posix_limits.h:36:9: warning: "_POSIX_NGROUPS_MAX" redefined
   36 | #define _POSIX_NGROUPS_MAX                  (8)
      |         ^~~~~~~~~~~~~~~~~~
/scratch2/dima/zephyr-chipyard-sw-fresh/tools-manual/zephyr-sdk-1.0.0-beta1/gnu/riscv64-zephyr-elf/riscv64-zephyr-elf/sys-include/sys/syslimits.h:76:9: note: this is the location of the previous definition
   76 | #define _POSIX_NGROUPS_MAX      0
      |         ^~~~~~~~~~~~~~~~~~
/scratch2/agustin/zephyr-chipyard-sw/zephyr_ws/zephyr/include/zephyr/posix/posix_limits.h:37:9: warning: "_POSIX_OPEN_MAX" redefined
   37 | #define _POSIX_OPEN_MAX                     (20)
      |         ^~~~~~~~~~~~~~~
/scratch2/dima/zephyr-chipyard-sw-fresh/tools-manual/zephyr-sdk-1.0.0-beta1/gnu/riscv64-zephyr-elf/riscv64-zephyr-elf/sys-include/sys/syslimits.h:77:9: note: this is the location of the previous definition
   77 | #define _POSIX_OPEN_MAX         16
      |         ^~~~~~~~~~~~~~~
/scratch2/agustin/zephyr-chipyard-sw/zephyr_ws/zephyr/include/zephyr/posix/posix_limits.h:38:9: warning: "_POSIX_PATH_MAX" redefined
   38 | #define _POSIX_PATH_MAX                     (256)
      |         ^~~~~~~~~~~~~~~
/scratch2/dima/zephyr-chipyard-sw-fresh/tools-manual/zephyr-sdk-1.0.0-beta1/gnu/riscv64-zephyr-elf/riscv64-zephyr-elf/sys-include/sys/syslimits.h:78:9: note: this is the location of the previous definition
   78 | #define _POSIX_PATH_MAX         255
      |         ^~~~~~~~~~~~~~~
/scratch2/agustin/zephyr-chipyard-sw/zephyr_ws/zephyr/include/zephyr/posix/posix_limits.h:39:9: warning: "_POSIX_PIPE_BUF" redefined
   39 | #define _POSIX_PIPE_BUF                     (512)
      |         ^~~~~~~~~~~~~~~
/scratch2/dima/zephyr-chipyard-sw-fresh/tools-manual/zephyr-sdk-1.0.0-beta1/gnu/riscv64-zephyr-elf/riscv64-zephyr-elf/sys-include/sys/syslimits.h:79:9: note: this is the location of the previous definition
   79 | #define _POSIX_PIPE_BUF         512
      |         ^~~~~~~~~~~~~~~
/scratch2/agustin/zephyr-chipyard-sw/zephyr_ws/zephyr/include/zephyr/posix/posix_limits.h:40:9: warning: "_POSIX_RE_DUP_MAX" redefined
   40 | #define _POSIX_RE_DUP_MAX                   (255)
      |         ^~~~~~~~~~~~~~~~~
/scratch2/dima/zephyr-chipyard-sw-fresh/tools-manual/zephyr-sdk-1.0.0-beta1/gnu/riscv64-zephyr-elf/riscv64-zephyr-elf/sys-include/sys/syslimits.h:80:9: note: this is the location of the previous definition
   80 | #define _POSIX_RE_DUP_MAX       255
      |         ^~~~~~~~~~~~~~~~~
/scratch2/agustin/zephyr-chipyard-sw/zephyr_ws/zephyr/include/zephyr/posix/posix_limits.h:41:9: warning: "_POSIX_RTSIG_MAX" redefined
   41 | #define _POSIX_RTSIG_MAX                    (8)
      |         ^~~~~~~~~~~~~~~~
/scratch2/dima/zephyr-chipyard-sw-fresh/tools-manual/zephyr-sdk-1.0.0-beta1/gnu/riscv64-zephyr-elf/riscv64-zephyr-elf/sys-include/sys/syslimits.h:81:9: note: this is the location of the previous definition
   81 | #define _POSIX_RTSIG_MAX        8
      |         ^~~~~~~~~~~~~~~~
/scratch2/agustin/zephyr-chipyard-sw/zephyr_ws/zephyr/include/zephyr/posix/posix_limits.h:42:9: warning: "_POSIX_SEM_NSEMS_MAX" redefined
   42 | #define _POSIX_SEM_NSEMS_MAX                (256)
      |         ^~~~~~~~~~~~~~~~~~~~
/scratch2/dima/zephyr-chipyard-sw-fresh/tools-manual/zephyr-sdk-1.0.0-beta1/gnu/riscv64-zephyr-elf/riscv64-zephyr-elf/sys-include/sys/syslimits.h:82:9: note: this is the location of the previous definition
   82 | #define _POSIX_SEM_NSEMS_MAX    256
      |         ^~~~~~~~~~~~~~~~~~~~
/scratch2/agustin/zephyr-chipyard-sw/zephyr_ws/zephyr/include/zephyr/posix/posix_limits.h:43:9: warning: "_POSIX_SEM_VALUE_MAX" redefined
   43 | #define _POSIX_SEM_VALUE_MAX                (32767)
      |         ^~~~~~~~~~~~~~~~~~~~
/scratch2/dima/zephyr-chipyard-sw-fresh/tools-manual/zephyr-sdk-1.0.0-beta1/gnu/riscv64-zephyr-elf/riscv64-zephyr-elf/sys-include/sys/syslimits.h:83:9: note: this is the location of the previous definition
   83 | #define _POSIX_SEM_VALUE_MAX    32767
      |         ^~~~~~~~~~~~~~~~~~~~
/scratch2/agustin/zephyr-chipyard-sw/zephyr_ws/zephyr/include/zephyr/posix/posix_limits.h:44:9: warning: "_POSIX_SIGQUEUE_MAX" redefined
   44 | #define _POSIX_SIGQUEUE_MAX                 (32)
      |         ^~~~~~~~~~~~~~~~~~~
/scratch2/dima/zephyr-chipyard-sw-fresh/tools-manual/zephyr-sdk-1.0.0-beta1/gnu/riscv64-zephyr-elf/riscv64-zephyr-elf/sys-include/sys/syslimits.h:84:9: note: this is the location of the previous definition
   84 | #define _POSIX_SIGQUEUE_MAX     32
      |         ^~~~~~~~~~~~~~~~~~~
/scratch2/agustin/zephyr-chipyard-sw/zephyr_ws/zephyr/include/zephyr/posix/posix_limits.h:45:9: warning: "_POSIX_SSIZE_MAX" redefined
   45 | #define _POSIX_SSIZE_MAX                    (32767)
      |         ^~~~~~~~~~~~~~~~
/scratch2/dima/zephyr-chipyard-sw-fresh/tools-manual/zephyr-sdk-1.0.0-beta1/gnu/riscv64-zephyr-elf/riscv64-zephyr-elf/sys-include/sys/syslimits.h:85:9: note: this is the location of the previous definition
   85 | #define _POSIX_SSIZE_MAX        32767
      |         ^~~~~~~~~~~~~~~~
/scratch2/agustin/zephyr-chipyard-sw/zephyr_ws/zephyr/include/zephyr/posix/posix_limits.h:46:9: warning: "_POSIX_SS_REPL_MAX" redefined
   46 | #define _POSIX_SS_REPL_MAX                  (4)
      |         ^~~~~~~~~~~~~~~~~~
/scratch2/dima/zephyr-chipyard-sw-fresh/tools-manual/zephyr-sdk-1.0.0-beta1/gnu/riscv64-zephyr-elf/riscv64-zephyr-elf/sys-include/sys/syslimits.h:86:9: note: this is the location of the previous definition
   86 | #define _POSIX_SS_REPL_MAX      4
      |         ^~~~~~~~~~~~~~~~~~
/scratch2/agustin/zephyr-chipyard-sw/zephyr_ws/zephyr/include/zephyr/posix/posix_limits.h:47:9: warning: "_POSIX_STREAM_MAX" redefined
   47 | #define _POSIX_STREAM_MAX                   (8)
      |         ^~~~~~~~~~~~~~~~~
/scratch2/dima/zephyr-chipyard-sw-fresh/tools-manual/zephyr-sdk-1.0.0-beta1/gnu/riscv64-zephyr-elf/riscv64-zephyr-elf/sys-include/sys/syslimits.h:87:9: note: this is the location of the previous definition
   87 | #define _POSIX_STREAM_MAX       8
      |         ^~~~~~~~~~~~~~~~~
/scratch2/agustin/zephyr-chipyard-sw/zephyr_ws/zephyr/include/zephyr/posix/posix_limits.h:48:9: warning: "_POSIX_SYMLINK_MAX" redefined
   48 | #define _POSIX_SYMLINK_MAX                  (255)
      |         ^~~~~~~~~~~~~~~~~~
/scratch2/dima/zephyr-chipyard-sw-fresh/tools-manual/zephyr-sdk-1.0.0-beta1/gnu/riscv64-zephyr-elf/riscv64-zephyr-elf/sys-include/sys/syslimits.h:88:9: note: this is the location of the previous definition
   88 | #define _POSIX_SYMLINK_MAX      255
      |         ^~~~~~~~~~~~~~~~~~
/scratch2/agustin/zephyr-chipyard-sw/zephyr_ws/zephyr/include/zephyr/posix/posix_limits.h:49:9: warning: "_POSIX_SYMLOOP_MAX" redefined
   49 | #define _POSIX_SYMLOOP_MAX                  (8)
      |         ^~~~~~~~~~~~~~~~~~
/scratch2/dima/zephyr-chipyard-sw-fresh/tools-manual/zephyr-sdk-1.0.0-beta1/gnu/riscv64-zephyr-elf/riscv64-zephyr-elf/sys-include/sys/syslimits.h:89:9: note: this is the location of the previous definition
   89 | #define _POSIX_SYMLOOP_MAX      8
      |         ^~~~~~~~~~~~~~~~~~
/scratch2/agustin/zephyr-chipyard-sw/zephyr_ws/zephyr/include/zephyr/posix/posix_limits.h:50:9: warning: "_POSIX_THREAD_DESTRUCTOR_ITERATIONS" redefined
   50 | #define _POSIX_THREAD_DESTRUCTOR_ITERATIONS (4)
      |         ^~~~~~~~~~~~~~~~~~~~~~~~~~~~~~~~~~~
/scratch2/dima/zephyr-chipyard-sw-fresh/tools-manual/zephyr-sdk-1.0.0-beta1/gnu/riscv64-zephyr-elf/riscv64-zephyr-elf/sys-include/sys/syslimits.h:90:9: note: this is the location of the previous definition
   90 | #define _POSIX_THREAD_DESTRUCTOR_ITERATIONS     4
      |         ^~~~~~~~~~~~~~~~~~~~~~~~~~~~~~~~~~~
/scratch2/agustin/zephyr-chipyard-sw/zephyr_ws/zephyr/include/zephyr/posix/posix_limits.h:51:9: warning: "_POSIX_THREAD_KEYS_MAX" redefined
   51 | #define _POSIX_THREAD_KEYS_MAX              (128)
      |         ^~~~~~~~~~~~~~~~~~~~~~
/scratch2/dima/zephyr-chipyard-sw-fresh/tools-manual/zephyr-sdk-1.0.0-beta1/gnu/riscv64-zephyr-elf/riscv64-zephyr-elf/sys-include/sys/syslimits.h:91:9: note: this is the location of the previous definition
   91 | #define _POSIX_THREAD_KEYS_MAX  128
      |         ^~~~~~~~~~~~~~~~~~~~~~
/scratch2/agustin/zephyr-chipyard-sw/zephyr_ws/zephyr/include/zephyr/posix/posix_limits.h:52:9: warning: "_POSIX_THREAD_THREADS_MAX" redefined
   52 | #define _POSIX_THREAD_THREADS_MAX           (64)
      |         ^~~~~~~~~~~~~~~~~~~~~~~~~
/scratch2/dima/zephyr-chipyard-sw-fresh/tools-manual/zephyr-sdk-1.0.0-beta1/gnu/riscv64-zephyr-elf/riscv64-zephyr-elf/sys-include/sys/syslimits.h:92:9: note: this is the location of the previous definition
   92 | #define _POSIX_THREAD_THREADS_MAX       64
      |         ^~~~~~~~~~~~~~~~~~~~~~~~~
/scratch2/agustin/zephyr-chipyard-sw/zephyr_ws/zephyr/include/zephyr/posix/posix_limits.h:53:9: warning: "_POSIX_TIMER_MAX" redefined
   53 | #define _POSIX_TIMER_MAX                    (32)
      |         ^~~~~~~~~~~~~~~~
/scratch2/dima/zephyr-chipyard-sw-fresh/tools-manual/zephyr-sdk-1.0.0-beta1/gnu/riscv64-zephyr-elf/riscv64-zephyr-elf/sys-include/sys/syslimits.h:93:9: note: this is the location of the previous definition
   93 | #define _POSIX_TIMER_MAX        32
      |         ^~~~~~~~~~~~~~~~
/scratch2/agustin/zephyr-chipyard-sw/zephyr_ws/zephyr/include/zephyr/posix/posix_limits.h:54:9: warning: "_POSIX_TRACE_EVENT_NAME_MAX" redefined
   54 | #define _POSIX_TRACE_EVENT_NAME_MAX         (30)
      |         ^~~~~~~~~~~~~~~~~~~~~~~~~~~
/scratch2/dima/zephyr-chipyard-sw-fresh/tools-manual/zephyr-sdk-1.0.0-beta1/gnu/riscv64-zephyr-elf/riscv64-zephyr-elf/sys-include/sys/syslimits.h:94:9: note: this is the location of the previous definition
   94 | #define _POSIX_TRACE_EVENT_NAME_MAX     30
      |         ^~~~~~~~~~~~~~~~~~~~~~~~~~~
/scratch2/agustin/zephyr-chipyard-sw/zephyr_ws/zephyr/include/zephyr/posix/posix_limits.h:55:9: warning: "_POSIX_TRACE_NAME_MAX" redefined
   55 | #define _POSIX_TRACE_NAME_MAX               (8)
      |         ^~~~~~~~~~~~~~~~~~~~~
/scratch2/dima/zephyr-chipyard-sw-fresh/tools-manual/zephyr-sdk-1.0.0-beta1/gnu/riscv64-zephyr-elf/riscv64-zephyr-elf/sys-include/sys/syslimits.h:95:9: note: this is the location of the previous definition
   95 | #define _POSIX_TRACE_NAME_MAX   8
      |         ^~~~~~~~~~~~~~~~~~~~~
/scratch2/agustin/zephyr-chipyard-sw/zephyr_ws/zephyr/include/zephyr/posix/posix_limits.h:56:9: warning: "_POSIX_TRACE_SYS_MAX" redefined
   56 | #define _POSIX_TRACE_SYS_MAX                (8)
      |         ^~~~~~~~~~~~~~~~~~~~
/scratch2/dima/zephyr-chipyard-sw-fresh/tools-manual/zephyr-sdk-1.0.0-beta1/gnu/riscv64-zephyr-elf/riscv64-zephyr-elf/sys-include/sys/syslimits.h:96:9: note: this is the location of the previous definition
   96 | #define _POSIX_TRACE_SYS_MAX    8
      |         ^~~~~~~~~~~~~~~~~~~~
/scratch2/agustin/zephyr-chipyard-sw/zephyr_ws/zephyr/include/zephyr/posix/posix_limits.h:57:9: warning: "_POSIX_TRACE_USER_EVENT_MAX" redefined
   57 | #define _POSIX_TRACE_USER_EVENT_MAX         (32)
      |         ^~~~~~~~~~~~~~~~~~~~~~~~~~~
/scratch2/dima/zephyr-chipyard-sw-fresh/tools-manual/zephyr-sdk-1.0.0-beta1/gnu/riscv64-zephyr-elf/riscv64-zephyr-elf/sys-include/sys/syslimits.h:97:9: note: this is the location of the previous definition
   97 | #define _POSIX_TRACE_USER_EVENT_MAX     32
      |         ^~~~~~~~~~~~~~~~~~~~~~~~~~~
/scratch2/agustin/zephyr-chipyard-sw/zephyr_ws/zephyr/include/zephyr/posix/posix_limits.h:58:9: warning: "_POSIX_TTY_NAME_MAX" redefined
   58 | #define _POSIX_TTY_NAME_MAX                 (9)
      |         ^~~~~~~~~~~~~~~~~~~
/scratch2/dima/zephyr-chipyard-sw-fresh/tools-manual/zephyr-sdk-1.0.0-beta1/gnu/riscv64-zephyr-elf/riscv64-zephyr-elf/sys-include/sys/syslimits.h:98:9: note: this is the location of the previous definition
   98 | #define _POSIX_TTY_NAME_MAX     9
      |         ^~~~~~~~~~~~~~~~~~~
/scratch2/agustin/zephyr-chipyard-sw/zephyr_ws/zephyr/include/zephyr/posix/posix_limits.h:59:9: warning: "_POSIX_TZNAME_MAX" redefined
   59 | #define _POSIX_TZNAME_MAX                   (6)
      |         ^~~~~~~~~~~~~~~~~
/scratch2/dima/zephyr-chipyard-sw-fresh/tools-manual/zephyr-sdk-1.0.0-beta1/gnu/riscv64-zephyr-elf/riscv64-zephyr-elf/sys-include/sys/syslimits.h:99:9: note: this is the location of the previous definition
   99 | #define _POSIX_TZNAME_MAX       3
      |         ^~~~~~~~~~~~~~~~~
/scratch2/agustin/zephyr-chipyard-sw/zephyr_ws/zephyr/include/zephyr/posix/posix_limits.h:60:9: warning: "_POSIX2_BC_BASE_MAX" redefined
   60 | #define _POSIX2_BC_BASE_MAX                 (99)
      |         ^~~~~~~~~~~~~~~~~~~
/scratch2/dima/zephyr-chipyard-sw-fresh/tools-manual/zephyr-sdk-1.0.0-beta1/gnu/riscv64-zephyr-elf/riscv64-zephyr-elf/sys-include/sys/syslimits.h:100:9: note: this is the location of the previous definition
  100 | #define _POSIX2_BC_BASE_MAX     99
      |         ^~~~~~~~~~~~~~~~~~~
/scratch2/agustin/zephyr-chipyard-sw/zephyr_ws/zephyr/include/zephyr/posix/posix_limits.h:61:9: warning: "_POSIX2_BC_DIM_MAX" redefined
   61 | #define _POSIX2_BC_DIM_MAX                  (2048)
      |         ^~~~~~~~~~~~~~~~~~
/scratch2/dima/zephyr-chipyard-sw-fresh/tools-manual/zephyr-sdk-1.0.0-beta1/gnu/riscv64-zephyr-elf/riscv64-zephyr-elf/sys-include/sys/syslimits.h:101:9: note: this is the location of the previous definition
  101 | #define _POSIX2_BC_DIM_MAX      2048
      |         ^~~~~~~~~~~~~~~~~~
/scratch2/agustin/zephyr-chipyard-sw/zephyr_ws/zephyr/include/zephyr/posix/posix_limits.h:62:9: warning: "_POSIX2_BC_SCALE_MAX" redefined
   62 | #define _POSIX2_BC_SCALE_MAX                (99)
      |         ^~~~~~~~~~~~~~~~~~~~
/scratch2/dima/zephyr-chipyard-sw-fresh/tools-manual/zephyr-sdk-1.0.0-beta1/gnu/riscv64-zephyr-elf/riscv64-zephyr-elf/sys-include/sys/syslimits.h:102:9: note: this is the location of the previous definition
  102 | #define _POSIX2_BC_SCALE_MAX    99
      |         ^~~~~~~~~~~~~~~~~~~~
/scratch2/agustin/zephyr-chipyard-sw/zephyr_ws/zephyr/include/zephyr/posix/posix_limits.h:63:9: warning: "_POSIX2_BC_STRING_MAX" redefined
   63 | #define _POSIX2_BC_STRING_MAX               (1000)
      |         ^~~~~~~~~~~~~~~~~~~~~
/scratch2/dima/zephyr-chipyard-sw-fresh/tools-manual/zephyr-sdk-1.0.0-beta1/gnu/riscv64-zephyr-elf/riscv64-zephyr-elf/sys-include/sys/syslimits.h:103:9: note: this is the location of the previous definition
  103 | #define _POSIX2_BC_STRING_MAX   1000
      |         ^~~~~~~~~~~~~~~~~~~~~
/scratch2/agustin/zephyr-chipyard-sw/zephyr_ws/zephyr/include/zephyr/posix/posix_limits.h:64:9: warning: "_POSIX2_CHARCLASS_NAME_MAX" redefined
   64 | #define _POSIX2_CHARCLASS_NAME_MAX          (14)
      |         ^~~~~~~~~~~~~~~~~~~~~~~~~~
/scratch2/dima/zephyr-chipyard-sw-fresh/tools-manual/zephyr-sdk-1.0.0-beta1/gnu/riscv64-zephyr-elf/riscv64-zephyr-elf/sys-include/sys/syslimits.h:104:9: note: this is the location of the previous definition
  104 | #define _POSIX2_CHARCLASS_NAME_MAX      14
      |         ^~~~~~~~~~~~~~~~~~~~~~~~~~
/scratch2/agustin/zephyr-chipyard-sw/zephyr_ws/zephyr/include/zephyr/posix/posix_limits.h:65:9: warning: "_POSIX2_COLL_WEIGHTS_MAX" redefined
   65 | #define _POSIX2_COLL_WEIGHTS_MAX            (2)
      |         ^~~~~~~~~~~~~~~~~~~~~~~~
/scratch2/dima/zephyr-chipyard-sw-fresh/tools-manual/zephyr-sdk-1.0.0-beta1/gnu/riscv64-zephyr-elf/riscv64-zephyr-elf/sys-include/sys/syslimits.h:105:9: note: this is the location of the previous definition
  105 | #define _POSIX2_COLL_WEIGHTS_MAX        2
      |         ^~~~~~~~~~~~~~~~~~~~~~~~
/scratch2/agustin/zephyr-chipyard-sw/zephyr_ws/zephyr/include/zephyr/posix/posix_limits.h:66:9: warning: "_POSIX2_EXPR_NEST_MAX" redefined
   66 | #define _POSIX2_EXPR_NEST_MAX               (32)
      |         ^~~~~~~~~~~~~~~~~~~~~
/scratch2/dima/zephyr-chipyard-sw-fresh/tools-manual/zephyr-sdk-1.0.0-beta1/gnu/riscv64-zephyr-elf/riscv64-zephyr-elf/sys-include/sys/syslimits.h:106:9: note: this is the location of the previous definition
  106 | #define _POSIX2_EXPR_NEST_MAX   32
      |         ^~~~~~~~~~~~~~~~~~~~~
/scratch2/agustin/zephyr-chipyard-sw/zephyr_ws/zephyr/include/zephyr/posix/posix_limits.h:67:9: warning: "_POSIX2_LINE_MAX" redefined
   67 | #define _POSIX2_LINE_MAX                    (2048)
      |         ^~~~~~~~~~~~~~~~
/scratch2/dima/zephyr-chipyard-sw-fresh/tools-manual/zephyr-sdk-1.0.0-beta1/gnu/riscv64-zephyr-elf/riscv64-zephyr-elf/sys-include/sys/syslimits.h:107:9: note: this is the location of the previous definition
  107 | #define _POSIX2_LINE_MAX        2048
      |         ^~~~~~~~~~~~~~~~
/scratch2/agustin/zephyr-chipyard-sw/zephyr_ws/zephyr/include/zephyr/posix/posix_limits.h:83:9: warning: "ARG_MAX" redefined
   83 | #define ARG_MAX                       _POSIX_ARG_MAX
      |         ^~~~~~~
/scratch2/dima/zephyr-chipyard-sw-fresh/tools-manual/zephyr-sdk-1.0.0-beta1/gnu/riscv64-zephyr-elf/riscv64-zephyr-elf/sys-include/sys/syslimits.h:41:9: note: this is the location of the previous definition
   41 | #define ARG_MAX                 65536   /* max bytes for an exec function */
      |         ^~~~~~~
/scratch2/agustin/zephyr-chipyard-sw/zephyr_ws/zephyr/include/zephyr/posix/posix_limits.h:84:9: warning: "ATEXIT_MAX" redefined
   84 | #define ATEXIT_MAX                    (32)
      |         ^~~~~~~~~~
/scratch2/dima/zephyr-chipyard-sw-fresh/tools-manual/zephyr-sdk-1.0.0-beta1/gnu/riscv64-zephyr-elf/riscv64-zephyr-elf/sys-include/sys/syslimits.h:42:9: note: this is the location of the previous definition
   42 | #define ATEXIT_MAX                 32   /* max atexit functions */
      |         ^~~~~~~~~~
/scratch2/agustin/zephyr-chipyard-sw/zephyr_ws/zephyr/include/zephyr/posix/posix_limits.h:93:9: warning: "OPEN_MAX" redefined
   93 | #define OPEN_MAX                      CONFIG_POSIX_OPEN_MAX
      |         ^~~~~~~~
/scratch2/dima/zephyr-chipyard-sw-fresh/tools-manual/zephyr-sdk-1.0.0-beta1/gnu/riscv64-zephyr-elf/riscv64-zephyr-elf/sys-include/sys/syslimits.h:45:9: note: this is the location of the previous definition
   45 | #define OPEN_MAX                   64   /* max open files per process */
      |         ^~~~~~~~
/scratch2/agustin/zephyr-chipyard-sw/zephyr_ws/zephyr/include/zephyr/posix/posix_limits.h:96:9: warning: "PATH_MAX" redefined
   96 | #define PATH_MAX                      _POSIX_PATH_MAX
      |         ^~~~~~~~
/scratch2/dima/zephyr-chipyard-sw-fresh/tools-manual/zephyr-sdk-1.0.0-beta1/gnu/riscv64-zephyr-elf/riscv64-zephyr-elf/sys-include/sys/syslimits.h:53:9: note: this is the location of the previous definition
   53 | #define PATH_MAX                 1024   /* max bytes in pathname */
      |         ^~~~~~~~
/scratch2/agustin/zephyr-chipyard-sw/zephyr_ws/zephyr/include/zephyr/posix/posix_limits.h:114:9: warning: "TZNAME_MAX" redefined
  114 | #define TZNAME_MAX                    _POSIX_TZNAME_MAX
      |         ^~~~~~~~~~
/scratch2/dima/zephyr-chipyard-sw-fresh/tools-manual/zephyr-sdk-1.0.0-beta1/gnu/riscv64-zephyr-elf/riscv64-zephyr-elf/sys-include/sys/syslimits.h:46:9: note: this is the location of the previous definition
   46 | #define TZNAME_MAX                 10   /* max time zone name length */
      |         ^~~~~~~~~~
[104/216] Building C object zephyr/CMakeFiles/zephyr.dir/lib/heap/heap.c.obj
[105/216] Building C object zephyr/lib/libc/common/CMakeFiles/lib__libc__common.dir/source/thrd/tss.c.obj
In file included from /scratch2/agustin/zephyr-chipyard-sw/zephyr_ws/zephyr/include/zephyr/posix/sys/sysconf.h:11,
                 from /scratch2/agustin/zephyr-chipyard-sw/zephyr_ws/zephyr/include/zephyr/posix/unistd.h:18,
                 from /scratch2/agustin/zephyr-chipyard-sw/zephyr_ws/zephyr/include/zephyr/posix/pthread.h:15,
                 from /scratch2/agustin/zephyr-chipyard-sw/zephyr_ws/zephyr/lib/libc/common/source/thrd/tss.c:11:
/scratch2/agustin/zephyr-chipyard-sw/zephyr_ws/zephyr/include/zephyr/posix/posix_limits.h:23:9: warning: "_POSIX_AIO_LISTIO_MAX" redefined
   23 | #define _POSIX_AIO_LISTIO_MAX               (2)
      |         ^~~~~~~~~~~~~~~~~~~~~
In file included from /scratch2/dima/zephyr-chipyard-sw-fresh/tools-manual/zephyr-sdk-1.0.0-beta1/gnu/riscv64-zephyr-elf/riscv64-zephyr-elf/sys-include/limits.h:6,
                 from /scratch2/dima/zephyr-chipyard-sw-fresh/tools-manual/zephyr-sdk-1.0.0-beta1/gnu/riscv64-zephyr-elf/lib/gcc/riscv64-zephyr-elf/14.3.0/include/limits.h:210,
                 from /scratch2/dima/zephyr-chipyard-sw-fresh/tools-manual/zephyr-sdk-1.0.0-beta1/gnu/riscv64-zephyr-elf/lib/gcc/riscv64-zephyr-elf/14.3.0/include/syslimits.h:7,
                 from /scratch2/dima/zephyr-chipyard-sw-fresh/tools-manual/zephyr-sdk-1.0.0-beta1/gnu/riscv64-zephyr-elf/lib/gcc/riscv64-zephyr-elf/14.3.0/include/limits.h:34,
                 from /scratch2/agustin/zephyr-chipyard-sw/zephyr_ws/zephyr/include/zephyr/kernel_includes.h:22,
                 from /scratch2/agustin/zephyr-chipyard-sw/zephyr_ws/zephyr/include/zephyr/kernel.h:17,
                 from /scratch2/agustin/zephyr-chipyard-sw/zephyr_ws/zephyr/lib/libc/common/source/thrd/tss.c:10:
/scratch2/dima/zephyr-chipyard-sw-fresh/tools-manual/zephyr-sdk-1.0.0-beta1/gnu/riscv64-zephyr-elf/riscv64-zephyr-elf/sys-include/sys/syslimits.h:63:9: note: this is the location of the previous definition
   63 | #define _POSIX_AIO_LISTIO_MAX   2
      |         ^~~~~~~~~~~~~~~~~~~~~
/scratch2/agustin/zephyr-chipyard-sw/zephyr_ws/zephyr/include/zephyr/posix/posix_limits.h:24:9: warning: "_POSIX_AIO_MAX" redefined
   24 | #define _POSIX_AIO_MAX                      (1)
      |         ^~~~~~~~~~~~~~
/scratch2/dima/zephyr-chipyard-sw-fresh/tools-manual/zephyr-sdk-1.0.0-beta1/gnu/riscv64-zephyr-elf/riscv64-zephyr-elf/sys-include/sys/syslimits.h:64:9: note: this is the location of the previous definition
   64 | #define _POSIX_AIO_MAX          1
      |         ^~~~~~~~~~~~~~
/scratch2/agustin/zephyr-chipyard-sw/zephyr_ws/zephyr/include/zephyr/posix/posix_limits.h:25:9: warning: "_POSIX_ARG_MAX" redefined
   25 | #define _POSIX_ARG_MAX                      (4096)
      |         ^~~~~~~~~~~~~~
/scratch2/dima/zephyr-chipyard-sw-fresh/tools-manual/zephyr-sdk-1.0.0-beta1/gnu/riscv64-zephyr-elf/riscv64-zephyr-elf/sys-include/sys/syslimits.h:65:9: note: this is the location of the previous definition
   65 | #define _POSIX_ARG_MAX          4096
      |         ^~~~~~~~~~~~~~
/scratch2/agustin/zephyr-chipyard-sw/zephyr_ws/zephyr/include/zephyr/posix/posix_limits.h:26:9: warning: "_POSIX_CHILD_MAX" redefined
   26 | #define _POSIX_CHILD_MAX                    (25)
      |         ^~~~~~~~~~~~~~~~
/scratch2/dima/zephyr-chipyard-sw-fresh/tools-manual/zephyr-sdk-1.0.0-beta1/gnu/riscv64-zephyr-elf/riscv64-zephyr-elf/sys-include/sys/syslimits.h:66:9: note: this is the location of the previous definition
   66 | #define _POSIX_CHILD_MAX        6
      |         ^~~~~~~~~~~~~~~~
/scratch2/agustin/zephyr-chipyard-sw/zephyr_ws/zephyr/include/zephyr/posix/posix_limits.h:27:9: warning: "_POSIX_DELAYTIMER_MAX" redefined
   27 | #define _POSIX_DELAYTIMER_MAX               (32)
      |         ^~~~~~~~~~~~~~~~~~~~~
/scratch2/dima/zephyr-chipyard-sw-fresh/tools-manual/zephyr-sdk-1.0.0-beta1/gnu/riscv64-zephyr-elf/riscv64-zephyr-elf/sys-include/sys/syslimits.h:67:9: note: this is the location of the previous definition
   67 | #define _POSIX_DELAYTIMER_MAX   32
      |         ^~~~~~~~~~~~~~~~~~~~~
/scratch2/agustin/zephyr-chipyard-sw/zephyr_ws/zephyr/include/zephyr/posix/posix_limits.h:28:9: warning: "_POSIX_HOST_NAME_MAX" redefined
   28 | #define _POSIX_HOST_NAME_MAX                (255)
      |         ^~~~~~~~~~~~~~~~~~~~
/scratch2/dima/zephyr-chipyard-sw-fresh/tools-manual/zephyr-sdk-1.0.0-beta1/gnu/riscv64-zephyr-elf/riscv64-zephyr-elf/sys-include/sys/syslimits.h:68:9: note: this is the location of the previous definition
   68 | #define _POSIX_HOST_NAME_MAX    255
      |         ^~~~~~~~~~~~~~~~~~~~
/scratch2/agustin/zephyr-chipyard-sw/zephyr_ws/zephyr/include/zephyr/posix/posix_limits.h:29:9: warning: "_POSIX_LINK_MAX" redefined
   29 | #define _POSIX_LINK_MAX                     (8)
      |         ^~~~~~~~~~~~~~~
/scratch2/dima/zephyr-chipyard-sw-fresh/tools-manual/zephyr-sdk-1.0.0-beta1/gnu/riscv64-zephyr-elf/riscv64-zephyr-elf/sys-include/sys/syslimits.h:69:9: note: this is the location of the previous definition
   69 | #define _POSIX_LINK_MAX         8
      |         ^~~~~~~~~~~~~~~
/scratch2/agustin/zephyr-chipyard-sw/zephyr_ws/zephyr/include/zephyr/posix/posix_limits.h:30:9: warning: "_POSIX_LOGIN_NAME_MAX" redefined
   30 | #define _POSIX_LOGIN_NAME_MAX               (9)
      |         ^~~~~~~~~~~~~~~~~~~~~
/scratch2/dima/zephyr-chipyard-sw-fresh/tools-manual/zephyr-sdk-1.0.0-beta1/gnu/riscv64-zephyr-elf/riscv64-zephyr-elf/sys-include/sys/syslimits.h:70:9: note: this is the location of the previous definition
   70 | #define _POSIX_LOGIN_NAME_MAX   9
      |         ^~~~~~~~~~~~~~~~~~~~~
/scratch2/agustin/zephyr-chipyard-sw/zephyr_ws/zephyr/include/zephyr/posix/posix_limits.h:31:9: warning: "_POSIX_MAX_CANON" redefined
   31 | #define _POSIX_MAX_CANON                    (255)
      |         ^~~~~~~~~~~~~~~~
/scratch2/dima/zephyr-chipyard-sw-fresh/tools-manual/zephyr-sdk-1.0.0-beta1/gnu/riscv64-zephyr-elf/riscv64-zephyr-elf/sys-include/sys/syslimits.h:71:9: note: this is the location of the previous definition
   71 | #define _POSIX_MAX_CANON        255
      |         ^~~~~~~~~~~~~~~~
/scratch2/agustin/zephyr-chipyard-sw/zephyr_ws/zephyr/include/zephyr/posix/posix_limits.h:32:9: warning: "_POSIX_MAX_INPUT" redefined
   32 | #define _POSIX_MAX_INPUT                    (255)
      |         ^~~~~~~~~~~~~~~~
/scratch2/dima/zephyr-chipyard-sw-fresh/tools-manual/zephyr-sdk-1.0.0-beta1/gnu/riscv64-zephyr-elf/riscv64-zephyr-elf/sys-include/sys/syslimits.h:72:9: note: this is the location of the previous definition
   72 | #define _POSIX_MAX_INPUT        255
      |         ^~~~~~~~~~~~~~~~
/scratch2/agustin/zephyr-chipyard-sw/zephyr_ws/zephyr/include/zephyr/posix/posix_limits.h:33:9: warning: "_POSIX_MQ_OPEN_MAX" redefined
   33 | #define _POSIX_MQ_OPEN_MAX                  (8)
      |         ^~~~~~~~~~~~~~~~~~
/scratch2/dima/zephyr-chipyard-sw-fresh/tools-manual/zephyr-sdk-1.0.0-beta1/gnu/riscv64-zephyr-elf/riscv64-zephyr-elf/sys-include/sys/syslimits.h:73:9: note: this is the location of the previous definition
   73 | #define _POSIX_MQ_OPEN_MAX      8
      |         ^~~~~~~~~~~~~~~~~~
/scratch2/agustin/zephyr-chipyard-sw/zephyr_ws/zephyr/include/zephyr/posix/posix_limits.h:34:9: warning: "_POSIX_MQ_PRIO_MAX" redefined
   34 | #define _POSIX_MQ_PRIO_MAX                  (32)
      |         ^~~~~~~~~~~~~~~~~~
/scratch2/dima/zephyr-chipyard-sw-fresh/tools-manual/zephyr-sdk-1.0.0-beta1/gnu/riscv64-zephyr-elf/riscv64-zephyr-elf/sys-include/sys/syslimits.h:74:9: note: this is the location of the previous definition
   74 | #define _POSIX_MQ_PRIO_MAX      32
      |         ^~~~~~~~~~~~~~~~~~
/scratch2/agustin/zephyr-chipyard-sw/zephyr_ws/zephyr/include/zephyr/posix/posix_limits.h:35:9: warning: "_POSIX_NAME_MAX" redefined
   35 | #define _POSIX_NAME_MAX                     (14)
      |         ^~~~~~~~~~~~~~~
/scratch2/dima/zephyr-chipyard-sw-fresh/tools-manual/zephyr-sdk-1.0.0-beta1/gnu/riscv64-zephyr-elf/riscv64-zephyr-elf/sys-include/sys/syslimits.h:75:9: note: this is the location of the previous definition
   75 | #define _POSIX_NAME_MAX         14
      |         ^~~~~~~~~~~~~~~
/scratch2/agustin/zephyr-chipyard-sw/zephyr_ws/zephyr/include/zephyr/posix/posix_limits.h:36:9: warning: "_POSIX_NGROUPS_MAX" redefined
   36 | #define _POSIX_NGROUPS_MAX                  (8)
      |         ^~~~~~~~~~~~~~~~~~
/scratch2/dima/zephyr-chipyard-sw-fresh/tools-manual/zephyr-sdk-1.0.0-beta1/gnu/riscv64-zephyr-elf/riscv64-zephyr-elf/sys-include/sys/syslimits.h:76:9: note: this is the location of the previous definition
   76 | #define _POSIX_NGROUPS_MAX      0
      |         ^~~~~~~~~~~~~~~~~~
/scratch2/agustin/zephyr-chipyard-sw/zephyr_ws/zephyr/include/zephyr/posix/posix_limits.h:37:9: warning: "_POSIX_OPEN_MAX" redefined
   37 | #define _POSIX_OPEN_MAX                     (20)
      |         ^~~~~~~~~~~~~~~
/scratch2/dima/zephyr-chipyard-sw-fresh/tools-manual/zephyr-sdk-1.0.0-beta1/gnu/riscv64-zephyr-elf/riscv64-zephyr-elf/sys-include/sys/syslimits.h:77:9: note: this is the location of the previous definition
   77 | #define _POSIX_OPEN_MAX         16
      |         ^~~~~~~~~~~~~~~
/scratch2/agustin/zephyr-chipyard-sw/zephyr_ws/zephyr/include/zephyr/posix/posix_limits.h:38:9: warning: "_POSIX_PATH_MAX" redefined
   38 | #define _POSIX_PATH_MAX                     (256)
      |         ^~~~~~~~~~~~~~~
/scratch2/dima/zephyr-chipyard-sw-fresh/tools-manual/zephyr-sdk-1.0.0-beta1/gnu/riscv64-zephyr-elf/riscv64-zephyr-elf/sys-include/sys/syslimits.h:78:9: note: this is the location of the previous definition
   78 | #define _POSIX_PATH_MAX         255
      |         ^~~~~~~~~~~~~~~
/scratch2/agustin/zephyr-chipyard-sw/zephyr_ws/zephyr/include/zephyr/posix/posix_limits.h:39:9: warning: "_POSIX_PIPE_BUF" redefined
   39 | #define _POSIX_PIPE_BUF                     (512)
      |         ^~~~~~~~~~~~~~~
/scratch2/dima/zephyr-chipyard-sw-fresh/tools-manual/zephyr-sdk-1.0.0-beta1/gnu/riscv64-zephyr-elf/riscv64-zephyr-elf/sys-include/sys/syslimits.h:79:9: note: this is the location of the previous definition
   79 | #define _POSIX_PIPE_BUF         512
      |         ^~~~~~~~~~~~~~~
/scratch2/agustin/zephyr-chipyard-sw/zephyr_ws/zephyr/include/zephyr/posix/posix_limits.h:40:9: warning: "_POSIX_RE_DUP_MAX" redefined
   40 | #define _POSIX_RE_DUP_MAX                   (255)
      |         ^~~~~~~~~~~~~~~~~
/scratch2/dima/zephyr-chipyard-sw-fresh/tools-manual/zephyr-sdk-1.0.0-beta1/gnu/riscv64-zephyr-elf/riscv64-zephyr-elf/sys-include/sys/syslimits.h:80:9: note: this is the location of the previous definition
   80 | #define _POSIX_RE_DUP_MAX       255
      |         ^~~~~~~~~~~~~~~~~
/scratch2/agustin/zephyr-chipyard-sw/zephyr_ws/zephyr/include/zephyr/posix/posix_limits.h:41:9: warning: "_POSIX_RTSIG_MAX" redefined
   41 | #define _POSIX_RTSIG_MAX                    (8)
      |         ^~~~~~~~~~~~~~~~
/scratch2/dima/zephyr-chipyard-sw-fresh/tools-manual/zephyr-sdk-1.0.0-beta1/gnu/riscv64-zephyr-elf/riscv64-zephyr-elf/sys-include/sys/syslimits.h:81:9: note: this is the location of the previous definition
   81 | #define _POSIX_RTSIG_MAX        8
      |         ^~~~~~~~~~~~~~~~
/scratch2/agustin/zephyr-chipyard-sw/zephyr_ws/zephyr/include/zephyr/posix/posix_limits.h:42:9: warning: "_POSIX_SEM_NSEMS_MAX" redefined
   42 | #define _POSIX_SEM_NSEMS_MAX                (256)
      |         ^~~~~~~~~~~~~~~~~~~~
/scratch2/dima/zephyr-chipyard-sw-fresh/tools-manual/zephyr-sdk-1.0.0-beta1/gnu/riscv64-zephyr-elf/riscv64-zephyr-elf/sys-include/sys/syslimits.h:82:9: note: this is the location of the previous definition
   82 | #define _POSIX_SEM_NSEMS_MAX    256
      |         ^~~~~~~~~~~~~~~~~~~~
/scratch2/agustin/zephyr-chipyard-sw/zephyr_ws/zephyr/include/zephyr/posix/posix_limits.h:43:9: warning: "_POSIX_SEM_VALUE_MAX" redefined
   43 | #define _POSIX_SEM_VALUE_MAX                (32767)
      |         ^~~~~~~~~~~~~~~~~~~~
/scratch2/dima/zephyr-chipyard-sw-fresh/tools-manual/zephyr-sdk-1.0.0-beta1/gnu/riscv64-zephyr-elf/riscv64-zephyr-elf/sys-include/sys/syslimits.h:83:9: note: this is the location of the previous definition
   83 | #define _POSIX_SEM_VALUE_MAX    32767
      |         ^~~~~~~~~~~~~~~~~~~~
/scratch2/agustin/zephyr-chipyard-sw/zephyr_ws/zephyr/include/zephyr/posix/posix_limits.h:44:9: warning: "_POSIX_SIGQUEUE_MAX" redefined
   44 | #define _POSIX_SIGQUEUE_MAX                 (32)
      |         ^~~~~~~~~~~~~~~~~~~
/scratch2/dima/zephyr-chipyard-sw-fresh/tools-manual/zephyr-sdk-1.0.0-beta1/gnu/riscv64-zephyr-elf/riscv64-zephyr-elf/sys-include/sys/syslimits.h:84:9: note: this is the location of the previous definition
   84 | #define _POSIX_SIGQUEUE_MAX     32
      |         ^~~~~~~~~~~~~~~~~~~
/scratch2/agustin/zephyr-chipyard-sw/zephyr_ws/zephyr/include/zephyr/posix/posix_limits.h:45:9: warning: "_POSIX_SSIZE_MAX" redefined
   45 | #define _POSIX_SSIZE_MAX                    (32767)
      |         ^~~~~~~~~~~~~~~~
/scratch2/dima/zephyr-chipyard-sw-fresh/tools-manual/zephyr-sdk-1.0.0-beta1/gnu/riscv64-zephyr-elf/riscv64-zephyr-elf/sys-include/sys/syslimits.h:85:9: note: this is the location of the previous definition
   85 | #define _POSIX_SSIZE_MAX        32767
      |         ^~~~~~~~~~~~~~~~
/scratch2/agustin/zephyr-chipyard-sw/zephyr_ws/zephyr/include/zephyr/posix/posix_limits.h:46:9: warning: "_POSIX_SS_REPL_MAX" redefined
   46 | #define _POSIX_SS_REPL_MAX                  (4)
      |         ^~~~~~~~~~~~~~~~~~
/scratch2/dima/zephyr-chipyard-sw-fresh/tools-manual/zephyr-sdk-1.0.0-beta1/gnu/riscv64-zephyr-elf/riscv64-zephyr-elf/sys-include/sys/syslimits.h:86:9: note: this is the location of the previous definition
   86 | #define _POSIX_SS_REPL_MAX      4
      |         ^~~~~~~~~~~~~~~~~~
/scratch2/agustin/zephyr-chipyard-sw/zephyr_ws/zephyr/include/zephyr/posix/posix_limits.h:47:9: warning: "_POSIX_STREAM_MAX" redefined
   47 | #define _POSIX_STREAM_MAX                   (8)
      |         ^~~~~~~~~~~~~~~~~
/scratch2/dima/zephyr-chipyard-sw-fresh/tools-manual/zephyr-sdk-1.0.0-beta1/gnu/riscv64-zephyr-elf/riscv64-zephyr-elf/sys-include/sys/syslimits.h:87:9: note: this is the location of the previous definition
   87 | #define _POSIX_STREAM_MAX       8
      |         ^~~~~~~~~~~~~~~~~
/scratch2/agustin/zephyr-chipyard-sw/zephyr_ws/zephyr/include/zephyr/posix/posix_limits.h:48:9: warning: "_POSIX_SYMLINK_MAX" redefined
   48 | #define _POSIX_SYMLINK_MAX                  (255)
      |         ^~~~~~~~~~~~~~~~~~
/scratch2/dima/zephyr-chipyard-sw-fresh/tools-manual/zephyr-sdk-1.0.0-beta1/gnu/riscv64-zephyr-elf/riscv64-zephyr-elf/sys-include/sys/syslimits.h:88:9: note: this is the location of the previous definition
   88 | #define _POSIX_SYMLINK_MAX      255
      |         ^~~~~~~~~~~~~~~~~~
/scratch2/agustin/zephyr-chipyard-sw/zephyr_ws/zephyr/include/zephyr/posix/posix_limits.h:49:9: warning: "_POSIX_SYMLOOP_MAX" redefined
   49 | #define _POSIX_SYMLOOP_MAX                  (8)
      |         ^~~~~~~~~~~~~~~~~~
/scratch2/dima/zephyr-chipyard-sw-fresh/tools-manual/zephyr-sdk-1.0.0-beta1/gnu/riscv64-zephyr-elf/riscv64-zephyr-elf/sys-include/sys/syslimits.h:89:9: note: this is the location of the previous definition
   89 | #define _POSIX_SYMLOOP_MAX      8
      |         ^~~~~~~~~~~~~~~~~~
/scratch2/agustin/zephyr-chipyard-sw/zephyr_ws/zephyr/include/zephyr/posix/posix_limits.h:50:9: warning: "_POSIX_THREAD_DESTRUCTOR_ITERATIONS" redefined
   50 | #define _POSIX_THREAD_DESTRUCTOR_ITERATIONS (4)
      |         ^~~~~~~~~~~~~~~~~~~~~~~~~~~~~~~~~~~
/scratch2/dima/zephyr-chipyard-sw-fresh/tools-manual/zephyr-sdk-1.0.0-beta1/gnu/riscv64-zephyr-elf/riscv64-zephyr-elf/sys-include/sys/syslimits.h:90:9: note: this is the location of the previous definition
   90 | #define _POSIX_THREAD_DESTRUCTOR_ITERATIONS     4
      |         ^~~~~~~~~~~~~~~~~~~~~~~~~~~~~~~~~~~
/scratch2/agustin/zephyr-chipyard-sw/zephyr_ws/zephyr/include/zephyr/posix/posix_limits.h:51:9: warning: "_POSIX_THREAD_KEYS_MAX" redefined
   51 | #define _POSIX_THREAD_KEYS_MAX              (128)
      |         ^~~~~~~~~~~~~~~~~~~~~~
/scratch2/dima/zephyr-chipyard-sw-fresh/tools-manual/zephyr-sdk-1.0.0-beta1/gnu/riscv64-zephyr-elf/riscv64-zephyr-elf/sys-include/sys/syslimits.h:91:9: note: this is the location of the previous definition
   91 | #define _POSIX_THREAD_KEYS_MAX  128
      |         ^~~~~~~~~~~~~~~~~~~~~~
/scratch2/agustin/zephyr-chipyard-sw/zephyr_ws/zephyr/include/zephyr/posix/posix_limits.h:52:9: warning: "_POSIX_THREAD_THREADS_MAX" redefined
   52 | #define _POSIX_THREAD_THREADS_MAX           (64)
      |         ^~~~~~~~~~~~~~~~~~~~~~~~~
/scratch2/dima/zephyr-chipyard-sw-fresh/tools-manual/zephyr-sdk-1.0.0-beta1/gnu/riscv64-zephyr-elf/riscv64-zephyr-elf/sys-include/sys/syslimits.h:92:9: note: this is the location of the previous definition
   92 | #define _POSIX_THREAD_THREADS_MAX       64
      |         ^~~~~~~~~~~~~~~~~~~~~~~~~
/scratch2/agustin/zephyr-chipyard-sw/zephyr_ws/zephyr/include/zephyr/posix/posix_limits.h:53:9: warning: "_POSIX_TIMER_MAX" redefined
   53 | #define _POSIX_TIMER_MAX                    (32)
      |         ^~~~~~~~~~~~~~~~
/scratch2/dima/zephyr-chipyard-sw-fresh/tools-manual/zephyr-sdk-1.0.0-beta1/gnu/riscv64-zephyr-elf/riscv64-zephyr-elf/sys-include/sys/syslimits.h:93:9: note: this is the location of the previous definition
   93 | #define _POSIX_TIMER_MAX        32
      |         ^~~~~~~~~~~~~~~~
/scratch2/agustin/zephyr-chipyard-sw/zephyr_ws/zephyr/include/zephyr/posix/posix_limits.h:54:9: warning: "_POSIX_TRACE_EVENT_NAME_MAX" redefined
   54 | #define _POSIX_TRACE_EVENT_NAME_MAX         (30)
      |         ^~~~~~~~~~~~~~~~~~~~~~~~~~~
/scratch2/dima/zephyr-chipyard-sw-fresh/tools-manual/zephyr-sdk-1.0.0-beta1/gnu/riscv64-zephyr-elf/riscv64-zephyr-elf/sys-include/sys/syslimits.h:94:9: note: this is the location of the previous definition
   94 | #define _POSIX_TRACE_EVENT_NAME_MAX     30
      |         ^~~~~~~~~~~~~~~~~~~~~~~~~~~
/scratch2/agustin/zephyr-chipyard-sw/zephyr_ws/zephyr/include/zephyr/posix/posix_limits.h:55:9: warning: "_POSIX_TRACE_NAME_MAX" redefined
   55 | #define _POSIX_TRACE_NAME_MAX               (8)
      |         ^~~~~~~~~~~~~~~~~~~~~
/scratch2/dima/zephyr-chipyard-sw-fresh/tools-manual/zephyr-sdk-1.0.0-beta1/gnu/riscv64-zephyr-elf/riscv64-zephyr-elf/sys-include/sys/syslimits.h:95:9: note: this is the location of the previous definition
   95 | #define _POSIX_TRACE_NAME_MAX   8
      |         ^~~~~~~~~~~~~~~~~~~~~
/scratch2/agustin/zephyr-chipyard-sw/zephyr_ws/zephyr/include/zephyr/posix/posix_limits.h:56:9: warning: "_POSIX_TRACE_SYS_MAX" redefined
   56 | #define _POSIX_TRACE_SYS_MAX                (8)
      |         ^~~~~~~~~~~~~~~~~~~~
/scratch2/dima/zephyr-chipyard-sw-fresh/tools-manual/zephyr-sdk-1.0.0-beta1/gnu/riscv64-zephyr-elf/riscv64-zephyr-elf/sys-include/sys/syslimits.h:96:9: note: this is the location of the previous definition
   96 | #define _POSIX_TRACE_SYS_MAX    8
      |         ^~~~~~~~~~~~~~~~~~~~
/scratch2/agustin/zephyr-chipyard-sw/zephyr_ws/zephyr/include/zephyr/posix/posix_limits.h:57:9: warning: "_POSIX_TRACE_USER_EVENT_MAX" redefined
   57 | #define _POSIX_TRACE_USER_EVENT_MAX         (32)
      |         ^~~~~~~~~~~~~~~~~~~~~~~~~~~
/scratch2/dima/zephyr-chipyard-sw-fresh/tools-manual/zephyr-sdk-1.0.0-beta1/gnu/riscv64-zephyr-elf/riscv64-zephyr-elf/sys-include/sys/syslimits.h:97:9: note: this is the location of the previous definition
   97 | #define _POSIX_TRACE_USER_EVENT_MAX     32
      |         ^~~~~~~~~~~~~~~~~~~~~~~~~~~
/scratch2/agustin/zephyr-chipyard-sw/zephyr_ws/zephyr/include/zephyr/posix/posix_limits.h:58:9: warning: "_POSIX_TTY_NAME_MAX" redefined
   58 | #define _POSIX_TTY_NAME_MAX                 (9)
      |         ^~~~~~~~~~~~~~~~~~~
/scratch2/dima/zephyr-chipyard-sw-fresh/tools-manual/zephyr-sdk-1.0.0-beta1/gnu/riscv64-zephyr-elf/riscv64-zephyr-elf/sys-include/sys/syslimits.h:98:9: note: this is the location of the previous definition
   98 | #define _POSIX_TTY_NAME_MAX     9
      |         ^~~~~~~~~~~~~~~~~~~
/scratch2/agustin/zephyr-chipyard-sw/zephyr_ws/zephyr/include/zephyr/posix/posix_limits.h:59:9: warning: "_POSIX_TZNAME_MAX" redefined
   59 | #define _POSIX_TZNAME_MAX                   (6)
      |         ^~~~~~~~~~~~~~~~~
/scratch2/dima/zephyr-chipyard-sw-fresh/tools-manual/zephyr-sdk-1.0.0-beta1/gnu/riscv64-zephyr-elf/riscv64-zephyr-elf/sys-include/sys/syslimits.h:99:9: note: this is the location of the previous definition
   99 | #define _POSIX_TZNAME_MAX       3
      |         ^~~~~~~~~~~~~~~~~
/scratch2/agustin/zephyr-chipyard-sw/zephyr_ws/zephyr/include/zephyr/posix/posix_limits.h:60:9: warning: "_POSIX2_BC_BASE_MAX" redefined
   60 | #define _POSIX2_BC_BASE_MAX                 (99)
      |         ^~~~~~~~~~~~~~~~~~~
/scratch2/dima/zephyr-chipyard-sw-fresh/tools-manual/zephyr-sdk-1.0.0-beta1/gnu/riscv64-zephyr-elf/riscv64-zephyr-elf/sys-include/sys/syslimits.h:100:9: note: this is the location of the previous definition
  100 | #define _POSIX2_BC_BASE_MAX     99
      |         ^~~~~~~~~~~~~~~~~~~
/scratch2/agustin/zephyr-chipyard-sw/zephyr_ws/zephyr/include/zephyr/posix/posix_limits.h:61:9: warning: "_POSIX2_BC_DIM_MAX" redefined
   61 | #define _POSIX2_BC_DIM_MAX                  (2048)
      |         ^~~~~~~~~~~~~~~~~~
/scratch2/dima/zephyr-chipyard-sw-fresh/tools-manual/zephyr-sdk-1.0.0-beta1/gnu/riscv64-zephyr-elf/riscv64-zephyr-elf/sys-include/sys/syslimits.h:101:9: note: this is the location of the previous definition
  101 | #define _POSIX2_BC_DIM_MAX      2048
      |         ^~~~~~~~~~~~~~~~~~
/scratch2/agustin/zephyr-chipyard-sw/zephyr_ws/zephyr/include/zephyr/posix/posix_limits.h:62:9: warning: "_POSIX2_BC_SCALE_MAX" redefined
   62 | #define _POSIX2_BC_SCALE_MAX                (99)
      |         ^~~~~~~~~~~~~~~~~~~~
/scratch2/dima/zephyr-chipyard-sw-fresh/tools-manual/zephyr-sdk-1.0.0-beta1/gnu/riscv64-zephyr-elf/riscv64-zephyr-elf/sys-include/sys/syslimits.h:102:9: note: this is the location of the previous definition
  102 | #define _POSIX2_BC_SCALE_MAX    99
      |         ^~~~~~~~~~~~~~~~~~~~
/scratch2/agustin/zephyr-chipyard-sw/zephyr_ws/zephyr/include/zephyr/posix/posix_limits.h:63:9: warning: "_POSIX2_BC_STRING_MAX" redefined
   63 | #define _POSIX2_BC_STRING_MAX               (1000)
      |         ^~~~~~~~~~~~~~~~~~~~~
/scratch2/dima/zephyr-chipyard-sw-fresh/tools-manual/zephyr-sdk-1.0.0-beta1/gnu/riscv64-zephyr-elf/riscv64-zephyr-elf/sys-include/sys/syslimits.h:103:9: note: this is the location of the previous definition
  103 | #define _POSIX2_BC_STRING_MAX   1000
      |         ^~~~~~~~~~~~~~~~~~~~~
/scratch2/agustin/zephyr-chipyard-sw/zephyr_ws/zephyr/include/zephyr/posix/posix_limits.h:64:9: warning: "_POSIX2_CHARCLASS_NAME_MAX" redefined
   64 | #define _POSIX2_CHARCLASS_NAME_MAX          (14)
      |         ^~~~~~~~~~~~~~~~~~~~~~~~~~
/scratch2/dima/zephyr-chipyard-sw-fresh/tools-manual/zephyr-sdk-1.0.0-beta1/gnu/riscv64-zephyr-elf/riscv64-zephyr-elf/sys-include/sys/syslimits.h:104:9: note: this is the location of the previous definition
  104 | #define _POSIX2_CHARCLASS_NAME_MAX      14
      |         ^~~~~~~~~~~~~~~~~~~~~~~~~~
/scratch2/agustin/zephyr-chipyard-sw/zephyr_ws/zephyr/include/zephyr/posix/posix_limits.h:65:9: warning: "_POSIX2_COLL_WEIGHTS_MAX" redefined
   65 | #define _POSIX2_COLL_WEIGHTS_MAX            (2)
      |         ^~~~~~~~~~~~~~~~~~~~~~~~
/scratch2/dima/zephyr-chipyard-sw-fresh/tools-manual/zephyr-sdk-1.0.0-beta1/gnu/riscv64-zephyr-elf/riscv64-zephyr-elf/sys-include/sys/syslimits.h:105:9: note: this is the location of the previous definition
  105 | #define _POSIX2_COLL_WEIGHTS_MAX        2
      |         ^~~~~~~~~~~~~~~~~~~~~~~~
/scratch2/agustin/zephyr-chipyard-sw/zephyr_ws/zephyr/include/zephyr/posix/posix_limits.h:66:9: warning: "_POSIX2_EXPR_NEST_MAX" redefined
   66 | #define _POSIX2_EXPR_NEST_MAX               (32)
      |         ^~~~~~~~~~~~~~~~~~~~~
/scratch2/dima/zephyr-chipyard-sw-fresh/tools-manual/zephyr-sdk-1.0.0-beta1/gnu/riscv64-zephyr-elf/riscv64-zephyr-elf/sys-include/sys/syslimits.h:106:9: note: this is the location of the previous definition
  106 | #define _POSIX2_EXPR_NEST_MAX   32
      |         ^~~~~~~~~~~~~~~~~~~~~
/scratch2/agustin/zephyr-chipyard-sw/zephyr_ws/zephyr/include/zephyr/posix/posix_limits.h:67:9: warning: "_POSIX2_LINE_MAX" redefined
   67 | #define _POSIX2_LINE_MAX                    (2048)
      |         ^~~~~~~~~~~~~~~~
/scratch2/dima/zephyr-chipyard-sw-fresh/tools-manual/zephyr-sdk-1.0.0-beta1/gnu/riscv64-zephyr-elf/riscv64-zephyr-elf/sys-include/sys/syslimits.h:107:9: note: this is the location of the previous definition
  107 | #define _POSIX2_LINE_MAX        2048
      |         ^~~~~~~~~~~~~~~~
/scratch2/agustin/zephyr-chipyard-sw/zephyr_ws/zephyr/include/zephyr/posix/posix_limits.h:83:9: warning: "ARG_MAX" redefined
   83 | #define ARG_MAX                       _POSIX_ARG_MAX
      |         ^~~~~~~
/scratch2/dima/zephyr-chipyard-sw-fresh/tools-manual/zephyr-sdk-1.0.0-beta1/gnu/riscv64-zephyr-elf/riscv64-zephyr-elf/sys-include/sys/syslimits.h:41:9: note: this is the location of the previous definition
   41 | #define ARG_MAX                 65536   /* max bytes for an exec function */
      |         ^~~~~~~
/scratch2/agustin/zephyr-chipyard-sw/zephyr_ws/zephyr/include/zephyr/posix/posix_limits.h:84:9: warning: "ATEXIT_MAX" redefined
   84 | #define ATEXIT_MAX                    (32)
      |         ^~~~~~~~~~
/scratch2/dima/zephyr-chipyard-sw-fresh/tools-manual/zephyr-sdk-1.0.0-beta1/gnu/riscv64-zephyr-elf/riscv64-zephyr-elf/sys-include/sys/syslimits.h:42:9: note: this is the location of the previous definition
   42 | #define ATEXIT_MAX                 32   /* max atexit functions */
      |         ^~~~~~~~~~
/scratch2/agustin/zephyr-chipyard-sw/zephyr_ws/zephyr/include/zephyr/posix/posix_limits.h:93:9: warning: "OPEN_MAX" redefined
   93 | #define OPEN_MAX                      CONFIG_POSIX_OPEN_MAX
      |         ^~~~~~~~
/scratch2/dima/zephyr-chipyard-sw-fresh/tools-manual/zephyr-sdk-1.0.0-beta1/gnu/riscv64-zephyr-elf/riscv64-zephyr-elf/sys-include/sys/syslimits.h:45:9: note: this is the location of the previous definition
   45 | #define OPEN_MAX                   64   /* max open files per process */
      |         ^~~~~~~~
/scratch2/agustin/zephyr-chipyard-sw/zephyr_ws/zephyr/include/zephyr/posix/posix_limits.h:96:9: warning: "PATH_MAX" redefined
   96 | #define PATH_MAX                      _POSIX_PATH_MAX
      |         ^~~~~~~~
/scratch2/dima/zephyr-chipyard-sw-fresh/tools-manual/zephyr-sdk-1.0.0-beta1/gnu/riscv64-zephyr-elf/riscv64-zephyr-elf/sys-include/sys/syslimits.h:53:9: note: this is the location of the previous definition
   53 | #define PATH_MAX                 1024   /* max bytes in pathname */
      |         ^~~~~~~~
/scratch2/agustin/zephyr-chipyard-sw/zephyr_ws/zephyr/include/zephyr/posix/posix_limits.h:114:9: warning: "TZNAME_MAX" redefined
  114 | #define TZNAME_MAX                    _POSIX_TZNAME_MAX
      |         ^~~~~~~~~~
/scratch2/dima/zephyr-chipyard-sw-fresh/tools-manual/zephyr-sdk-1.0.0-beta1/gnu/riscv64-zephyr-elf/riscv64-zephyr-elf/sys-include/sys/syslimits.h:46:9: note: this is the location of the previous definition
   46 | #define TZNAME_MAX                 10   /* max time zone name length */
      |         ^~~~~~~~~~
[106/216] Building C object zephyr/CMakeFiles/zephyr.dir/lib/utils/rb.c.obj
[107/216] Building C object zephyr/subsys/fs/CMakeFiles/subsys__fs.dir/fs_impl.c.obj
[108/216] Linking C static library zephyr/lib/posix/eventfd/liblib__posix__eventfd.a
[109/216] Building C object zephyr/subsys/timing/CMakeFiles/subsys__timing.dir/timing.c.obj
[110/216] Linking C static library zephyr/arch/arch/riscv/core/libarch__riscv__core.a
[111/216] Building C object zephyr/CMakeFiles/zephyr.dir/lib/utils/bitarray.c.obj
[112/216] Building C object zephyr/lib/posix/options/CMakeFiles/lib__posix__options.dir/file_system_r.c.obj
[113/216] Building C object zephyr/lib/posix/options/CMakeFiles/lib__posix__options.dir/mlockall.c.obj
[114/216] Building C object zephyr/CMakeFiles/zephyr.dir/lib/os/cbprintf_packaged.c.obj
[115/216] Linking C static library zephyr/lib/libc/picolibc/liblib__libc__picolibc.a
[116/216] Building C object zephyr/drivers/console/CMakeFiles/drivers__console.dir/uart_console.c.obj
[117/216] Linking C static library zephyr/lib/libc/common/liblib__libc__common.a
[118/216] Building C object zephyr/lib/os/zvfs/CMakeFiles/lib__os__zvfs.dir/zvfs_poll.c.obj
[119/216] Linking C static library zephyr/subsys/timing/libsubsys__timing.a
[120/216] Building C object zephyr/lib/posix/options/CMakeFiles/lib__posix__options.dir/timespec_to_timeout.c.obj
[121/216] Building C object zephyr/lib/posix/options/CMakeFiles/lib__posix__options.dir/sleep.c.obj
In file included from /scratch2/agustin/zephyr-chipyard-sw/zephyr_ws/zephyr/include/zephyr/posix/sys/sysconf.h:11,
                 from /scratch2/agustin/zephyr-chipyard-sw/zephyr_ws/zephyr/include/zephyr/posix/unistd.h:18,
                 from /scratch2/agustin/zephyr-chipyard-sw/zephyr_ws/zephyr/lib/posix/options/sleep.c:10:
/scratch2/agustin/zephyr-chipyard-sw/zephyr_ws/zephyr/include/zephyr/posix/posix_limits.h:23:9: warning: "_POSIX_AIO_LISTIO_MAX" redefined
   23 | #define _POSIX_AIO_LISTIO_MAX               (2)
      |         ^~~~~~~~~~~~~~~~~~~~~
In file included from /scratch2/dima/zephyr-chipyard-sw-fresh/tools-manual/zephyr-sdk-1.0.0-beta1/gnu/riscv64-zephyr-elf/riscv64-zephyr-elf/sys-include/limits.h:6,
                 from /scratch2/dima/zephyr-chipyard-sw-fresh/tools-manual/zephyr-sdk-1.0.0-beta1/gnu/riscv64-zephyr-elf/lib/gcc/riscv64-zephyr-elf/14.3.0/include/limits.h:210,
                 from /scratch2/dima/zephyr-chipyard-sw-fresh/tools-manual/zephyr-sdk-1.0.0-beta1/gnu/riscv64-zephyr-elf/lib/gcc/riscv64-zephyr-elf/14.3.0/include/syslimits.h:7,
                 from /scratch2/dima/zephyr-chipyard-sw-fresh/tools-manual/zephyr-sdk-1.0.0-beta1/gnu/riscv64-zephyr-elf/lib/gcc/riscv64-zephyr-elf/14.3.0/include/limits.h:34,
                 from /scratch2/agustin/zephyr-chipyard-sw/zephyr_ws/zephyr/include/zephyr/kernel_includes.h:22,
                 from /scratch2/agustin/zephyr-chipyard-sw/zephyr_ws/zephyr/include/zephyr/kernel.h:17,
                 from /scratch2/agustin/zephyr-chipyard-sw/zephyr_ws/zephyr/lib/posix/options/sleep.c:9:
/scratch2/dima/zephyr-chipyard-sw-fresh/tools-manual/zephyr-sdk-1.0.0-beta1/gnu/riscv64-zephyr-elf/riscv64-zephyr-elf/sys-include/sys/syslimits.h:63:9: note: this is the location of the previous definition
   63 | #define _POSIX_AIO_LISTIO_MAX   2
      |         ^~~~~~~~~~~~~~~~~~~~~
/scratch2/agustin/zephyr-chipyard-sw/zephyr_ws/zephyr/include/zephyr/posix/posix_limits.h:24:9: warning: "_POSIX_AIO_MAX" redefined
   24 | #define _POSIX_AIO_MAX                      (1)
      |         ^~~~~~~~~~~~~~
/scratch2/dima/zephyr-chipyard-sw-fresh/tools-manual/zephyr-sdk-1.0.0-beta1/gnu/riscv64-zephyr-elf/riscv64-zephyr-elf/sys-include/sys/syslimits.h:64:9: note: this is the location of the previous definition
   64 | #define _POSIX_AIO_MAX          1
      |         ^~~~~~~~~~~~~~
/scratch2/agustin/zephyr-chipyard-sw/zephyr_ws/zephyr/include/zephyr/posix/posix_limits.h:25:9: warning: "_POSIX_ARG_MAX" redefined
   25 | #define _POSIX_ARG_MAX                      (4096)
      |         ^~~~~~~~~~~~~~
/scratch2/dima/zephyr-chipyard-sw-fresh/tools-manual/zephyr-sdk-1.0.0-beta1/gnu/riscv64-zephyr-elf/riscv64-zephyr-elf/sys-include/sys/syslimits.h:65:9: note: this is the location of the previous definition
   65 | #define _POSIX_ARG_MAX          4096
      |         ^~~~~~~~~~~~~~
/scratch2/agustin/zephyr-chipyard-sw/zephyr_ws/zephyr/include/zephyr/posix/posix_limits.h:26:9: warning: "_POSIX_CHILD_MAX" redefined
   26 | #define _POSIX_CHILD_MAX                    (25)
      |         ^~~~~~~~~~~~~~~~
/scratch2/dima/zephyr-chipyard-sw-fresh/tools-manual/zephyr-sdk-1.0.0-beta1/gnu/riscv64-zephyr-elf/riscv64-zephyr-elf/sys-include/sys/syslimits.h:66:9: note: this is the location of the previous definition
   66 | #define _POSIX_CHILD_MAX        6
      |         ^~~~~~~~~~~~~~~~
/scratch2/agustin/zephyr-chipyard-sw/zephyr_ws/zephyr/include/zephyr/posix/posix_limits.h:27:9: warning: "_POSIX_DELAYTIMER_MAX" redefined
   27 | #define _POSIX_DELAYTIMER_MAX               (32)
      |         ^~~~~~~~~~~~~~~~~~~~~
/scratch2/dima/zephyr-chipyard-sw-fresh/tools-manual/zephyr-sdk-1.0.0-beta1/gnu/riscv64-zephyr-elf/riscv64-zephyr-elf/sys-include/sys/syslimits.h:67:9: note: this is the location of the previous definition
   67 | #define _POSIX_DELAYTIMER_MAX   32
      |         ^~~~~~~~~~~~~~~~~~~~~
/scratch2/agustin/zephyr-chipyard-sw/zephyr_ws/zephyr/include/zephyr/posix/posix_limits.h:28:9: warning: "_POSIX_HOST_NAME_MAX" redefined
   28 | #define _POSIX_HOST_NAME_MAX                (255)
      |         ^~~~~~~~~~~~~~~~~~~~
/scratch2/dima/zephyr-chipyard-sw-fresh/tools-manual/zephyr-sdk-1.0.0-beta1/gnu/riscv64-zephyr-elf/riscv64-zephyr-elf/sys-include/sys/syslimits.h:68:9: note: this is the location of the previous definition
   68 | #define _POSIX_HOST_NAME_MAX    255
      |         ^~~~~~~~~~~~~~~~~~~~
/scratch2/agustin/zephyr-chipyard-sw/zephyr_ws/zephyr/include/zephyr/posix/posix_limits.h:29:9: warning: "_POSIX_LINK_MAX" redefined
   29 | #define _POSIX_LINK_MAX                     (8)
      |         ^~~~~~~~~~~~~~~
/scratch2/dima/zephyr-chipyard-sw-fresh/tools-manual/zephyr-sdk-1.0.0-beta1/gnu/riscv64-zephyr-elf/riscv64-zephyr-elf/sys-include/sys/syslimits.h:69:9: note: this is the location of the previous definition
   69 | #define _POSIX_LINK_MAX         8
      |         ^~~~~~~~~~~~~~~
/scratch2/agustin/zephyr-chipyard-sw/zephyr_ws/zephyr/include/zephyr/posix/posix_limits.h:30:9: warning: "_POSIX_LOGIN_NAME_MAX" redefined
   30 | #define _POSIX_LOGIN_NAME_MAX               (9)
      |         ^~~~~~~~~~~~~~~~~~~~~
/scratch2/dima/zephyr-chipyard-sw-fresh/tools-manual/zephyr-sdk-1.0.0-beta1/gnu/riscv64-zephyr-elf/riscv64-zephyr-elf/sys-include/sys/syslimits.h:70:9: note: this is the location of the previous definition
   70 | #define _POSIX_LOGIN_NAME_MAX   9
      |         ^~~~~~~~~~~~~~~~~~~~~
/scratch2/agustin/zephyr-chipyard-sw/zephyr_ws/zephyr/include/zephyr/posix/posix_limits.h:31:9: warning: "_POSIX_MAX_CANON" redefined
   31 | #define _POSIX_MAX_CANON                    (255)
      |         ^~~~~~~~~~~~~~~~
/scratch2/dima/zephyr-chipyard-sw-fresh/tools-manual/zephyr-sdk-1.0.0-beta1/gnu/riscv64-zephyr-elf/riscv64-zephyr-elf/sys-include/sys/syslimits.h:71:9: note: this is the location of the previous definition
   71 | #define _POSIX_MAX_CANON        255
      |         ^~~~~~~~~~~~~~~~
/scratch2/agustin/zephyr-chipyard-sw/zephyr_ws/zephyr/include/zephyr/posix/posix_limits.h:32:9: warning: "_POSIX_MAX_INPUT" redefined
   32 | #define _POSIX_MAX_INPUT                    (255)
      |         ^~~~~~~~~~~~~~~~
/scratch2/dima/zephyr-chipyard-sw-fresh/tools-manual/zephyr-sdk-1.0.0-beta1/gnu/riscv64-zephyr-elf/riscv64-zephyr-elf/sys-include/sys/syslimits.h:72:9: note: this is the location of the previous definition
   72 | #define _POSIX_MAX_INPUT        255
      |         ^~~~~~~~~~~~~~~~
/scratch2/agustin/zephyr-chipyard-sw/zephyr_ws/zephyr/include/zephyr/posix/posix_limits.h:33:9: warning: "_POSIX_MQ_OPEN_MAX" redefined
   33 | #define _POSIX_MQ_OPEN_MAX                  (8)
      |         ^~~~~~~~~~~~~~~~~~
/scratch2/dima/zephyr-chipyard-sw-fresh/tools-manual/zephyr-sdk-1.0.0-beta1/gnu/riscv64-zephyr-elf/riscv64-zephyr-elf/sys-include/sys/syslimits.h:73:9: note: this is the location of the previous definition
   73 | #define _POSIX_MQ_OPEN_MAX      8
      |         ^~~~~~~~~~~~~~~~~~
/scratch2/agustin/zephyr-chipyard-sw/zephyr_ws/zephyr/include/zephyr/posix/posix_limits.h:34:9: warning: "_POSIX_MQ_PRIO_MAX" redefined
   34 | #define _POSIX_MQ_PRIO_MAX                  (32)
      |         ^~~~~~~~~~~~~~~~~~
/scratch2/dima/zephyr-chipyard-sw-fresh/tools-manual/zephyr-sdk-1.0.0-beta1/gnu/riscv64-zephyr-elf/riscv64-zephyr-elf/sys-include/sys/syslimits.h:74:9: note: this is the location of the previous definition
   74 | #define _POSIX_MQ_PRIO_MAX      32
      |         ^~~~~~~~~~~~~~~~~~
/scratch2/agustin/zephyr-chipyard-sw/zephyr_ws/zephyr/include/zephyr/posix/posix_limits.h:35:9: warning: "_POSIX_NAME_MAX" redefined
   35 | #define _POSIX_NAME_MAX                     (14)
      |         ^~~~~~~~~~~~~~~
/scratch2/dima/zephyr-chipyard-sw-fresh/tools-manual/zephyr-sdk-1.0.0-beta1/gnu/riscv64-zephyr-elf/riscv64-zephyr-elf/sys-include/sys/syslimits.h:75:9: note: this is the location of the previous definition
   75 | #define _POSIX_NAME_MAX         14
      |         ^~~~~~~~~~~~~~~
/scratch2/agustin/zephyr-chipyard-sw/zephyr_ws/zephyr/include/zephyr/posix/posix_limits.h:36:9: warning: "_POSIX_NGROUPS_MAX" redefined
   36 | #define _POSIX_NGROUPS_MAX                  (8)
      |         ^~~~~~~~~~~~~~~~~~
/scratch2/dima/zephyr-chipyard-sw-fresh/tools-manual/zephyr-sdk-1.0.0-beta1/gnu/riscv64-zephyr-elf/riscv64-zephyr-elf/sys-include/sys/syslimits.h:76:9: note: this is the location of the previous definition
   76 | #define _POSIX_NGROUPS_MAX      0
      |         ^~~~~~~~~~~~~~~~~~
/scratch2/agustin/zephyr-chipyard-sw/zephyr_ws/zephyr/include/zephyr/posix/posix_limits.h:37:9: warning: "_POSIX_OPEN_MAX" redefined
   37 | #define _POSIX_OPEN_MAX                     (20)
      |         ^~~~~~~~~~~~~~~
/scratch2/dima/zephyr-chipyard-sw-fresh/tools-manual/zephyr-sdk-1.0.0-beta1/gnu/riscv64-zephyr-elf/riscv64-zephyr-elf/sys-include/sys/syslimits.h:77:9: note: this is the location of the previous definition
   77 | #define _POSIX_OPEN_MAX         16
      |         ^~~~~~~~~~~~~~~
/scratch2/agustin/zephyr-chipyard-sw/zephyr_ws/zephyr/include/zephyr/posix/posix_limits.h:38:9: warning: "_POSIX_PATH_MAX" redefined
   38 | #define _POSIX_PATH_MAX                     (256)
      |         ^~~~~~~~~~~~~~~
/scratch2/dima/zephyr-chipyard-sw-fresh/tools-manual/zephyr-sdk-1.0.0-beta1/gnu/riscv64-zephyr-elf/riscv64-zephyr-elf/sys-include/sys/syslimits.h:78:9: note: this is the location of the previous definition
   78 | #define _POSIX_PATH_MAX         255
      |         ^~~~~~~~~~~~~~~
/scratch2/agustin/zephyr-chipyard-sw/zephyr_ws/zephyr/include/zephyr/posix/posix_limits.h:39:9: warning: "_POSIX_PIPE_BUF" redefined
   39 | #define _POSIX_PIPE_BUF                     (512)
      |         ^~~~~~~~~~~~~~~
/scratch2/dima/zephyr-chipyard-sw-fresh/tools-manual/zephyr-sdk-1.0.0-beta1/gnu/riscv64-zephyr-elf/riscv64-zephyr-elf/sys-include/sys/syslimits.h:79:9: note: this is the location of the previous definition
   79 | #define _POSIX_PIPE_BUF         512
      |         ^~~~~~~~~~~~~~~
/scratch2/agustin/zephyr-chipyard-sw/zephyr_ws/zephyr/include/zephyr/posix/posix_limits.h:40:9: warning: "_POSIX_RE_DUP_MAX" redefined
   40 | #define _POSIX_RE_DUP_MAX                   (255)
      |         ^~~~~~~~~~~~~~~~~
/scratch2/dima/zephyr-chipyard-sw-fresh/tools-manual/zephyr-sdk-1.0.0-beta1/gnu/riscv64-zephyr-elf/riscv64-zephyr-elf/sys-include/sys/syslimits.h:80:9: note: this is the location of the previous definition
   80 | #define _POSIX_RE_DUP_MAX       255
      |         ^~~~~~~~~~~~~~~~~
/scratch2/agustin/zephyr-chipyard-sw/zephyr_ws/zephyr/include/zephyr/posix/posix_limits.h:41:9: warning: "_POSIX_RTSIG_MAX" redefined
   41 | #define _POSIX_RTSIG_MAX                    (8)
      |         ^~~~~~~~~~~~~~~~
/scratch2/dima/zephyr-chipyard-sw-fresh/tools-manual/zephyr-sdk-1.0.0-beta1/gnu/riscv64-zephyr-elf/riscv64-zephyr-elf/sys-include/sys/syslimits.h:81:9: note: this is the location of the previous definition
   81 | #define _POSIX_RTSIG_MAX        8
      |         ^~~~~~~~~~~~~~~~
/scratch2/agustin/zephyr-chipyard-sw/zephyr_ws/zephyr/include/zephyr/posix/posix_limits.h:42:9: warning: "_POSIX_SEM_NSEMS_MAX" redefined
   42 | #define _POSIX_SEM_NSEMS_MAX                (256)
      |         ^~~~~~~~~~~~~~~~~~~~
/scratch2/dima/zephyr-chipyard-sw-fresh/tools-manual/zephyr-sdk-1.0.0-beta1/gnu/riscv64-zephyr-elf/riscv64-zephyr-elf/sys-include/sys/syslimits.h:82:9: note: this is the location of the previous definition
   82 | #define _POSIX_SEM_NSEMS_MAX    256
      |         ^~~~~~~~~~~~~~~~~~~~
/scratch2/agustin/zephyr-chipyard-sw/zephyr_ws/zephyr/include/zephyr/posix/posix_limits.h:43:9: warning: "_POSIX_SEM_VALUE_MAX" redefined
   43 | #define _POSIX_SEM_VALUE_MAX                (32767)
      |         ^~~~~~~~~~~~~~~~~~~~
/scratch2/dima/zephyr-chipyard-sw-fresh/tools-manual/zephyr-sdk-1.0.0-beta1/gnu/riscv64-zephyr-elf/riscv64-zephyr-elf/sys-include/sys/syslimits.h:83:9: note: this is the location of the previous definition
   83 | #define _POSIX_SEM_VALUE_MAX    32767
      |         ^~~~~~~~~~~~~~~~~~~~
/scratch2/agustin/zephyr-chipyard-sw/zephyr_ws/zephyr/include/zephyr/posix/posix_limits.h:44:9: warning: "_POSIX_SIGQUEUE_MAX" redefined
   44 | #define _POSIX_SIGQUEUE_MAX                 (32)
      |         ^~~~~~~~~~~~~~~~~~~
/scratch2/dima/zephyr-chipyard-sw-fresh/tools-manual/zephyr-sdk-1.0.0-beta1/gnu/riscv64-zephyr-elf/riscv64-zephyr-elf/sys-include/sys/syslimits.h:84:9: note: this is the location of the previous definition
   84 | #define _POSIX_SIGQUEUE_MAX     32
      |         ^~~~~~~~~~~~~~~~~~~
/scratch2/agustin/zephyr-chipyard-sw/zephyr_ws/zephyr/include/zephyr/posix/posix_limits.h:45:9: warning: "_POSIX_SSIZE_MAX" redefined
   45 | #define _POSIX_SSIZE_MAX                    (32767)
      |         ^~~~~~~~~~~~~~~~
/scratch2/dima/zephyr-chipyard-sw-fresh/tools-manual/zephyr-sdk-1.0.0-beta1/gnu/riscv64-zephyr-elf/riscv64-zephyr-elf/sys-include/sys/syslimits.h:85:9: note: this is the location of the previous definition
   85 | #define _POSIX_SSIZE_MAX        32767
      |         ^~~~~~~~~~~~~~~~
/scratch2/agustin/zephyr-chipyard-sw/zephyr_ws/zephyr/include/zephyr/posix/posix_limits.h:46:9: warning: "_POSIX_SS_REPL_MAX" redefined
   46 | #define _POSIX_SS_REPL_MAX                  (4)
      |         ^~~~~~~~~~~~~~~~~~
/scratch2/dima/zephyr-chipyard-sw-fresh/tools-manual/zephyr-sdk-1.0.0-beta1/gnu/riscv64-zephyr-elf/riscv64-zephyr-elf/sys-include/sys/syslimits.h:86:9: note: this is the location of the previous definition
   86 | #define _POSIX_SS_REPL_MAX      4
      |         ^~~~~~~~~~~~~~~~~~
/scratch2/agustin/zephyr-chipyard-sw/zephyr_ws/zephyr/include/zephyr/posix/posix_limits.h:47:9: warning: "_POSIX_STREAM_MAX" redefined
   47 | #define _POSIX_STREAM_MAX                   (8)
      |         ^~~~~~~~~~~~~~~~~
/scratch2/dima/zephyr-chipyard-sw-fresh/tools-manual/zephyr-sdk-1.0.0-beta1/gnu/riscv64-zephyr-elf/riscv64-zephyr-elf/sys-include/sys/syslimits.h:87:9: note: this is the location of the previous definition
   87 | #define _POSIX_STREAM_MAX       8
      |         ^~~~~~~~~~~~~~~~~
/scratch2/agustin/zephyr-chipyard-sw/zephyr_ws/zephyr/include/zephyr/posix/posix_limits.h:48:9: warning: "_POSIX_SYMLINK_MAX" redefined
   48 | #define _POSIX_SYMLINK_MAX                  (255)
      |         ^~~~~~~~~~~~~~~~~~
/scratch2/dima/zephyr-chipyard-sw-fresh/tools-manual/zephyr-sdk-1.0.0-beta1/gnu/riscv64-zephyr-elf/riscv64-zephyr-elf/sys-include/sys/syslimits.h:88:9: note: this is the location of the previous definition
   88 | #define _POSIX_SYMLINK_MAX      255
      |         ^~~~~~~~~~~~~~~~~~
/scratch2/agustin/zephyr-chipyard-sw/zephyr_ws/zephyr/include/zephyr/posix/posix_limits.h:49:9: warning: "_POSIX_SYMLOOP_MAX" redefined
   49 | #define _POSIX_SYMLOOP_MAX                  (8)
      |         ^~~~~~~~~~~~~~~~~~
/scratch2/dima/zephyr-chipyard-sw-fresh/tools-manual/zephyr-sdk-1.0.0-beta1/gnu/riscv64-zephyr-elf/riscv64-zephyr-elf/sys-include/sys/syslimits.h:89:9: note: this is the location of the previous definition
   89 | #define _POSIX_SYMLOOP_MAX      8
      |         ^~~~~~~~~~~~~~~~~~
/scratch2/agustin/zephyr-chipyard-sw/zephyr_ws/zephyr/include/zephyr/posix/posix_limits.h:50:9: warning: "_POSIX_THREAD_DESTRUCTOR_ITERATIONS" redefined
   50 | #define _POSIX_THREAD_DESTRUCTOR_ITERATIONS (4)
      |         ^~~~~~~~~~~~~~~~~~~~~~~~~~~~~~~~~~~
/scratch2/dima/zephyr-chipyard-sw-fresh/tools-manual/zephyr-sdk-1.0.0-beta1/gnu/riscv64-zephyr-elf/riscv64-zephyr-elf/sys-include/sys/syslimits.h:90:9: note: this is the location of the previous definition
   90 | #define _POSIX_THREAD_DESTRUCTOR_ITERATIONS     4
      |         ^~~~~~~~~~~~~~~~~~~~~~~~~~~~~~~~~~~
/scratch2/agustin/zephyr-chipyard-sw/zephyr_ws/zephyr/include/zephyr/posix/posix_limits.h:51:9: warning: "_POSIX_THREAD_KEYS_MAX" redefined
   51 | #define _POSIX_THREAD_KEYS_MAX              (128)
      |         ^~~~~~~~~~~~~~~~~~~~~~
/scratch2/dima/zephyr-chipyard-sw-fresh/tools-manual/zephyr-sdk-1.0.0-beta1/gnu/riscv64-zephyr-elf/riscv64-zephyr-elf/sys-include/sys/syslimits.h:91:9: note: this is the location of the previous definition
   91 | #define _POSIX_THREAD_KEYS_MAX  128
      |         ^~~~~~~~~~~~~~~~~~~~~~
/scratch2/agustin/zephyr-chipyard-sw/zephyr_ws/zephyr/include/zephyr/posix/posix_limits.h:52:9: warning: "_POSIX_THREAD_THREADS_MAX" redefined
   52 | #define _POSIX_THREAD_THREADS_MAX           (64)
      |         ^~~~~~~~~~~~~~~~~~~~~~~~~
/scratch2/dima/zephyr-chipyard-sw-fresh/tools-manual/zephyr-sdk-1.0.0-beta1/gnu/riscv64-zephyr-elf/riscv64-zephyr-elf/sys-include/sys/syslimits.h:92:9: note: this is the location of the previous definition
   92 | #define _POSIX_THREAD_THREADS_MAX       64
      |         ^~~~~~~~~~~~~~~~~~~~~~~~~
/scratch2/agustin/zephyr-chipyard-sw/zephyr_ws/zephyr/include/zephyr/posix/posix_limits.h:53:9: warning: "_POSIX_TIMER_MAX" redefined
   53 | #define _POSIX_TIMER_MAX                    (32)
      |         ^~~~~~~~~~~~~~~~
/scratch2/dima/zephyr-chipyard-sw-fresh/tools-manual/zephyr-sdk-1.0.0-beta1/gnu/riscv64-zephyr-elf/riscv64-zephyr-elf/sys-include/sys/syslimits.h:93:9: note: this is the location of the previous definition
   93 | #define _POSIX_TIMER_MAX        32
      |         ^~~~~~~~~~~~~~~~
/scratch2/agustin/zephyr-chipyard-sw/zephyr_ws/zephyr/include/zephyr/posix/posix_limits.h:54:9: warning: "_POSIX_TRACE_EVENT_NAME_MAX" redefined
   54 | #define _POSIX_TRACE_EVENT_NAME_MAX         (30)
      |         ^~~~~~~~~~~~~~~~~~~~~~~~~~~
/scratch2/dima/zephyr-chipyard-sw-fresh/tools-manual/zephyr-sdk-1.0.0-beta1/gnu/riscv64-zephyr-elf/riscv64-zephyr-elf/sys-include/sys/syslimits.h:94:9: note: this is the location of the previous definition
   94 | #define _POSIX_TRACE_EVENT_NAME_MAX     30
      |         ^~~~~~~~~~~~~~~~~~~~~~~~~~~
/scratch2/agustin/zephyr-chipyard-sw/zephyr_ws/zephyr/include/zephyr/posix/posix_limits.h:55:9: warning: "_POSIX_TRACE_NAME_MAX" redefined
   55 | #define _POSIX_TRACE_NAME_MAX               (8)
      |         ^~~~~~~~~~~~~~~~~~~~~
/scratch2/dima/zephyr-chipyard-sw-fresh/tools-manual/zephyr-sdk-1.0.0-beta1/gnu/riscv64-zephyr-elf/riscv64-zephyr-elf/sys-include/sys/syslimits.h:95:9: note: this is the location of the previous definition
   95 | #define _POSIX_TRACE_NAME_MAX   8
      |         ^~~~~~~~~~~~~~~~~~~~~
/scratch2/agustin/zephyr-chipyard-sw/zephyr_ws/zephyr/include/zephyr/posix/posix_limits.h:56:9: warning: "_POSIX_TRACE_SYS_MAX" redefined
   56 | #define _POSIX_TRACE_SYS_MAX                (8)
      |         ^~~~~~~~~~~~~~~~~~~~
/scratch2/dima/zephyr-chipyard-sw-fresh/tools-manual/zephyr-sdk-1.0.0-beta1/gnu/riscv64-zephyr-elf/riscv64-zephyr-elf/sys-include/sys/syslimits.h:96:9: note: this is the location of the previous definition
   96 | #define _POSIX_TRACE_SYS_MAX    8
      |         ^~~~~~~~~~~~~~~~~~~~
/scratch2/agustin/zephyr-chipyard-sw/zephyr_ws/zephyr/include/zephyr/posix/posix_limits.h:57:9: warning: "_POSIX_TRACE_USER_EVENT_MAX" redefined
   57 | #define _POSIX_TRACE_USER_EVENT_MAX         (32)
      |         ^~~~~~~~~~~~~~~~~~~~~~~~~~~
/scratch2/dima/zephyr-chipyard-sw-fresh/tools-manual/zephyr-sdk-1.0.0-beta1/gnu/riscv64-zephyr-elf/riscv64-zephyr-elf/sys-include/sys/syslimits.h:97:9: note: this is the location of the previous definition
   97 | #define _POSIX_TRACE_USER_EVENT_MAX     32
      |         ^~~~~~~~~~~~~~~~~~~~~~~~~~~
/scratch2/agustin/zephyr-chipyard-sw/zephyr_ws/zephyr/include/zephyr/posix/posix_limits.h:58:9: warning: "_POSIX_TTY_NAME_MAX" redefined
   58 | #define _POSIX_TTY_NAME_MAX                 (9)
      |         ^~~~~~~~~~~~~~~~~~~
/scratch2/dima/zephyr-chipyard-sw-fresh/tools-manual/zephyr-sdk-1.0.0-beta1/gnu/riscv64-zephyr-elf/riscv64-zephyr-elf/sys-include/sys/syslimits.h:98:9: note: this is the location of the previous definition
   98 | #define _POSIX_TTY_NAME_MAX     9
      |         ^~~~~~~~~~~~~~~~~~~
/scratch2/agustin/zephyr-chipyard-sw/zephyr_ws/zephyr/include/zephyr/posix/posix_limits.h:59:9: warning: "_POSIX_TZNAME_MAX" redefined
   59 | #define _POSIX_TZNAME_MAX                   (6)
      |         ^~~~~~~~~~~~~~~~~
/scratch2/dima/zephyr-chipyard-sw-fresh/tools-manual/zephyr-sdk-1.0.0-beta1/gnu/riscv64-zephyr-elf/riscv64-zephyr-elf/sys-include/sys/syslimits.h:99:9: note: this is the location of the previous definition
   99 | #define _POSIX_TZNAME_MAX       3
      |         ^~~~~~~~~~~~~~~~~
/scratch2/agustin/zephyr-chipyard-sw/zephyr_ws/zephyr/include/zephyr/posix/posix_limits.h:60:9: warning: "_POSIX2_BC_BASE_MAX" redefined
   60 | #define _POSIX2_BC_BASE_MAX                 (99)
      |         ^~~~~~~~~~~~~~~~~~~
/scratch2/dima/zephyr-chipyard-sw-fresh/tools-manual/zephyr-sdk-1.0.0-beta1/gnu/riscv64-zephyr-elf/riscv64-zephyr-elf/sys-include/sys/syslimits.h:100:9: note: this is the location of the previous definition
  100 | #define _POSIX2_BC_BASE_MAX     99
      |         ^~~~~~~~~~~~~~~~~~~
/scratch2/agustin/zephyr-chipyard-sw/zephyr_ws/zephyr/include/zephyr/posix/posix_limits.h:61:9: warning: "_POSIX2_BC_DIM_MAX" redefined
   61 | #define _POSIX2_BC_DIM_MAX                  (2048)
      |         ^~~~~~~~~~~~~~~~~~
/scratch2/dima/zephyr-chipyard-sw-fresh/tools-manual/zephyr-sdk-1.0.0-beta1/gnu/riscv64-zephyr-elf/riscv64-zephyr-elf/sys-include/sys/syslimits.h:101:9: note: this is the location of the previous definition
  101 | #define _POSIX2_BC_DIM_MAX      2048
      |         ^~~~~~~~~~~~~~~~~~
/scratch2/agustin/zephyr-chipyard-sw/zephyr_ws/zephyr/include/zephyr/posix/posix_limits.h:62:9: warning: "_POSIX2_BC_SCALE_MAX" redefined
   62 | #define _POSIX2_BC_SCALE_MAX                (99)
      |         ^~~~~~~~~~~~~~~~~~~~
/scratch2/dima/zephyr-chipyard-sw-fresh/tools-manual/zephyr-sdk-1.0.0-beta1/gnu/riscv64-zephyr-elf/riscv64-zephyr-elf/sys-include/sys/syslimits.h:102:9: note: this is the location of the previous definition
  102 | #define _POSIX2_BC_SCALE_MAX    99
      |         ^~~~~~~~~~~~~~~~~~~~
/scratch2/agustin/zephyr-chipyard-sw/zephyr_ws/zephyr/include/zephyr/posix/posix_limits.h:63:9: warning: "_POSIX2_BC_STRING_MAX" redefined
   63 | #define _POSIX2_BC_STRING_MAX               (1000)
      |         ^~~~~~~~~~~~~~~~~~~~~
/scratch2/dima/zephyr-chipyard-sw-fresh/tools-manual/zephyr-sdk-1.0.0-beta1/gnu/riscv64-zephyr-elf/riscv64-zephyr-elf/sys-include/sys/syslimits.h:103:9: note: this is the location of the previous definition
  103 | #define _POSIX2_BC_STRING_MAX   1000
      |         ^~~~~~~~~~~~~~~~~~~~~
/scratch2/agustin/zephyr-chipyard-sw/zephyr_ws/zephyr/include/zephyr/posix/posix_limits.h:64:9: warning: "_POSIX2_CHARCLASS_NAME_MAX" redefined
   64 | #define _POSIX2_CHARCLASS_NAME_MAX          (14)
      |         ^~~~~~~~~~~~~~~~~~~~~~~~~~
/scratch2/dima/zephyr-chipyard-sw-fresh/tools-manual/zephyr-sdk-1.0.0-beta1/gnu/riscv64-zephyr-elf/riscv64-zephyr-elf/sys-include/sys/syslimits.h:104:9: note: this is the location of the previous definition
  104 | #define _POSIX2_CHARCLASS_NAME_MAX      14
      |         ^~~~~~~~~~~~~~~~~~~~~~~~~~
/scratch2/agustin/zephyr-chipyard-sw/zephyr_ws/zephyr/include/zephyr/posix/posix_limits.h:65:9: warning: "_POSIX2_COLL_WEIGHTS_MAX" redefined
   65 | #define _POSIX2_COLL_WEIGHTS_MAX            (2)
      |         ^~~~~~~~~~~~~~~~~~~~~~~~
/scratch2/dima/zephyr-chipyard-sw-fresh/tools-manual/zephyr-sdk-1.0.0-beta1/gnu/riscv64-zephyr-elf/riscv64-zephyr-elf/sys-include/sys/syslimits.h:105:9: note: this is the location of the previous definition
  105 | #define _POSIX2_COLL_WEIGHTS_MAX        2
      |         ^~~~~~~~~~~~~~~~~~~~~~~~
/scratch2/agustin/zephyr-chipyard-sw/zephyr_ws/zephyr/include/zephyr/posix/posix_limits.h:66:9: warning: "_POSIX2_EXPR_NEST_MAX" redefined
   66 | #define _POSIX2_EXPR_NEST_MAX               (32)
      |         ^~~~~~~~~~~~~~~~~~~~~
/scratch2/dima/zephyr-chipyard-sw-fresh/tools-manual/zephyr-sdk-1.0.0-beta1/gnu/riscv64-zephyr-elf/riscv64-zephyr-elf/sys-include/sys/syslimits.h:106:9: note: this is the location of the previous definition
  106 | #define _POSIX2_EXPR_NEST_MAX   32
      |         ^~~~~~~~~~~~~~~~~~~~~
/scratch2/agustin/zephyr-chipyard-sw/zephyr_ws/zephyr/include/zephyr/posix/posix_limits.h:67:9: warning: "_POSIX2_LINE_MAX" redefined
   67 | #define _POSIX2_LINE_MAX                    (2048)
      |         ^~~~~~~~~~~~~~~~
/scratch2/dima/zephyr-chipyard-sw-fresh/tools-manual/zephyr-sdk-1.0.0-beta1/gnu/riscv64-zephyr-elf/riscv64-zephyr-elf/sys-include/sys/syslimits.h:107:9: note: this is the location of the previous definition
  107 | #define _POSIX2_LINE_MAX        2048
      |         ^~~~~~~~~~~~~~~~
/scratch2/agustin/zephyr-chipyard-sw/zephyr_ws/zephyr/include/zephyr/posix/posix_limits.h:83:9: warning: "ARG_MAX" redefined
   83 | #define ARG_MAX                       _POSIX_ARG_MAX
      |         ^~~~~~~
/scratch2/dima/zephyr-chipyard-sw-fresh/tools-manual/zephyr-sdk-1.0.0-beta1/gnu/riscv64-zephyr-elf/riscv64-zephyr-elf/sys-include/sys/syslimits.h:41:9: note: this is the location of the previous definition
   41 | #define ARG_MAX                 65536   /* max bytes for an exec function */
      |         ^~~~~~~
/scratch2/agustin/zephyr-chipyard-sw/zephyr_ws/zephyr/include/zephyr/posix/posix_limits.h:84:9: warning: "ATEXIT_MAX" redefined
   84 | #define ATEXIT_MAX                    (32)
      |         ^~~~~~~~~~
/scratch2/dima/zephyr-chipyard-sw-fresh/tools-manual/zephyr-sdk-1.0.0-beta1/gnu/riscv64-zephyr-elf/riscv64-zephyr-elf/sys-include/sys/syslimits.h:42:9: note: this is the location of the previous definition
   42 | #define ATEXIT_MAX                 32   /* max atexit functions */
      |         ^~~~~~~~~~
/scratch2/agustin/zephyr-chipyard-sw/zephyr_ws/zephyr/include/zephyr/posix/posix_limits.h:93:9: warning: "OPEN_MAX" redefined
   93 | #define OPEN_MAX                      CONFIG_POSIX_OPEN_MAX
      |         ^~~~~~~~
/scratch2/dima/zephyr-chipyard-sw-fresh/tools-manual/zephyr-sdk-1.0.0-beta1/gnu/riscv64-zephyr-elf/riscv64-zephyr-elf/sys-include/sys/syslimits.h:45:9: note: this is the location of the previous definition
   45 | #define OPEN_MAX                   64   /* max open files per process */
      |         ^~~~~~~~
/scratch2/agustin/zephyr-chipyard-sw/zephyr_ws/zephyr/include/zephyr/posix/posix_limits.h:96:9: warning: "PATH_MAX" redefined
   96 | #define PATH_MAX                      _POSIX_PATH_MAX
      |         ^~~~~~~~
/scratch2/dima/zephyr-chipyard-sw-fresh/tools-manual/zephyr-sdk-1.0.0-beta1/gnu/riscv64-zephyr-elf/riscv64-zephyr-elf/sys-include/sys/syslimits.h:53:9: note: this is the location of the previous definition
   53 | #define PATH_MAX                 1024   /* max bytes in pathname */
      |         ^~~~~~~~
/scratch2/agustin/zephyr-chipyard-sw/zephyr_ws/zephyr/include/zephyr/posix/posix_limits.h:114:9: warning: "TZNAME_MAX" redefined
  114 | #define TZNAME_MAX                    _POSIX_TZNAME_MAX
      |         ^~~~~~~~~~
/scratch2/dima/zephyr-chipyard-sw-fresh/tools-manual/zephyr-sdk-1.0.0-beta1/gnu/riscv64-zephyr-elf/riscv64-zephyr-elf/sys-include/sys/syslimits.h:46:9: note: this is the location of the previous definition
   46 | #define TZNAME_MAX                 10   /* max time zone name length */
      |         ^~~~~~~~~~
[122/216] Building C object zephyr/lib/posix/options/CMakeFiles/lib__posix__options.dir/clock_selection.c.obj
In file included from /scratch2/agustin/zephyr-chipyard-sw/zephyr_ws/zephyr/include/zephyr/posix/sys/sysconf.h:11,
                 from /scratch2/agustin/zephyr-chipyard-sw/zephyr_ws/zephyr/include/zephyr/posix/unistd.h:18,
                 from /scratch2/agustin/zephyr-chipyard-sw/zephyr_ws/zephyr/include/zephyr/posix/pthread.h:15,
                 from /scratch2/agustin/zephyr-chipyard-sw/zephyr_ws/zephyr/lib/posix/options/posix_internal.h:15,
                 from /scratch2/agustin/zephyr-chipyard-sw/zephyr_ws/zephyr/lib/posix/options/clock_selection.c:9:
/scratch2/agustin/zephyr-chipyard-sw/zephyr_ws/zephyr/include/zephyr/posix/posix_limits.h:23:9: warning: "_POSIX_AIO_LISTIO_MAX" redefined
   23 | #define _POSIX_AIO_LISTIO_MAX               (2)
      |         ^~~~~~~~~~~~~~~~~~~~~
In file included from /scratch2/dima/zephyr-chipyard-sw-fresh/tools-manual/zephyr-sdk-1.0.0-beta1/gnu/riscv64-zephyr-elf/riscv64-zephyr-elf/sys-include/limits.h:6,
                 from /scratch2/dima/zephyr-chipyard-sw-fresh/tools-manual/zephyr-sdk-1.0.0-beta1/gnu/riscv64-zephyr-elf/lib/gcc/riscv64-zephyr-elf/14.3.0/include/limits.h:210,
                 from /scratch2/dima/zephyr-chipyard-sw-fresh/tools-manual/zephyr-sdk-1.0.0-beta1/gnu/riscv64-zephyr-elf/lib/gcc/riscv64-zephyr-elf/14.3.0/include/syslimits.h:7,
                 from /scratch2/dima/zephyr-chipyard-sw-fresh/tools-manual/zephyr-sdk-1.0.0-beta1/gnu/riscv64-zephyr-elf/lib/gcc/riscv64-zephyr-elf/14.3.0/include/limits.h:34,
                 from /scratch2/agustin/zephyr-chipyard-sw/zephyr_ws/zephyr/include/zephyr/sys/timeutil.h:25,
                 from /scratch2/agustin/zephyr-chipyard-sw/zephyr_ws/zephyr/lib/posix/options/posix_clock.h:17,
                 from /scratch2/agustin/zephyr-chipyard-sw/zephyr_ws/zephyr/lib/posix/options/clock_selection.c:8:
/scratch2/dima/zephyr-chipyard-sw-fresh/tools-manual/zephyr-sdk-1.0.0-beta1/gnu/riscv64-zephyr-elf/riscv64-zephyr-elf/sys-include/sys/syslimits.h:63:9: note: this is the location of the previous definition
   63 | #define _POSIX_AIO_LISTIO_MAX   2
      |         ^~~~~~~~~~~~~~~~~~~~~
/scratch2/agustin/zephyr-chipyard-sw/zephyr_ws/zephyr/include/zephyr/posix/posix_limits.h:24:9: warning: "_POSIX_AIO_MAX" redefined
   24 | #define _POSIX_AIO_MAX                      (1)
      |         ^~~~~~~~~~~~~~
/scratch2/dima/zephyr-chipyard-sw-fresh/tools-manual/zephyr-sdk-1.0.0-beta1/gnu/riscv64-zephyr-elf/riscv64-zephyr-elf/sys-include/sys/syslimits.h:64:9: note: this is the location of the previous definition
   64 | #define _POSIX_AIO_MAX          1
      |         ^~~~~~~~~~~~~~
/scratch2/agustin/zephyr-chipyard-sw/zephyr_ws/zephyr/include/zephyr/posix/posix_limits.h:25:9: warning: "_POSIX_ARG_MAX" redefined
   25 | #define _POSIX_ARG_MAX                      (4096)
      |         ^~~~~~~~~~~~~~
/scratch2/dima/zephyr-chipyard-sw-fresh/tools-manual/zephyr-sdk-1.0.0-beta1/gnu/riscv64-zephyr-elf/riscv64-zephyr-elf/sys-include/sys/syslimits.h:65:9: note: this is the location of the previous definition
   65 | #define _POSIX_ARG_MAX          4096
      |         ^~~~~~~~~~~~~~
/scratch2/agustin/zephyr-chipyard-sw/zephyr_ws/zephyr/include/zephyr/posix/posix_limits.h:26:9: warning: "_POSIX_CHILD_MAX" redefined
   26 | #define _POSIX_CHILD_MAX                    (25)
      |         ^~~~~~~~~~~~~~~~
/scratch2/dima/zephyr-chipyard-sw-fresh/tools-manual/zephyr-sdk-1.0.0-beta1/gnu/riscv64-zephyr-elf/riscv64-zephyr-elf/sys-include/sys/syslimits.h:66:9: note: this is the location of the previous definition
   66 | #define _POSIX_CHILD_MAX        6
      |         ^~~~~~~~~~~~~~~~
/scratch2/agustin/zephyr-chipyard-sw/zephyr_ws/zephyr/include/zephyr/posix/posix_limits.h:27:9: warning: "_POSIX_DELAYTIMER_MAX" redefined
   27 | #define _POSIX_DELAYTIMER_MAX               (32)
      |         ^~~~~~~~~~~~~~~~~~~~~
/scratch2/dima/zephyr-chipyard-sw-fresh/tools-manual/zephyr-sdk-1.0.0-beta1/gnu/riscv64-zephyr-elf/riscv64-zephyr-elf/sys-include/sys/syslimits.h:67:9: note: this is the location of the previous definition
   67 | #define _POSIX_DELAYTIMER_MAX   32
      |         ^~~~~~~~~~~~~~~~~~~~~
/scratch2/agustin/zephyr-chipyard-sw/zephyr_ws/zephyr/include/zephyr/posix/posix_limits.h:28:9: warning: "_POSIX_HOST_NAME_MAX" redefined
   28 | #define _POSIX_HOST_NAME_MAX                (255)
      |         ^~~~~~~~~~~~~~~~~~~~
/scratch2/dima/zephyr-chipyard-sw-fresh/tools-manual/zephyr-sdk-1.0.0-beta1/gnu/riscv64-zephyr-elf/riscv64-zephyr-elf/sys-include/sys/syslimits.h:68:9: note: this is the location of the previous definition
   68 | #define _POSIX_HOST_NAME_MAX    255
      |         ^~~~~~~~~~~~~~~~~~~~
/scratch2/agustin/zephyr-chipyard-sw/zephyr_ws/zephyr/include/zephyr/posix/posix_limits.h:29:9: warning: "_POSIX_LINK_MAX" redefined
   29 | #define _POSIX_LINK_MAX                     (8)
      |         ^~~~~~~~~~~~~~~
/scratch2/dima/zephyr-chipyard-sw-fresh/tools-manual/zephyr-sdk-1.0.0-beta1/gnu/riscv64-zephyr-elf/riscv64-zephyr-elf/sys-include/sys/syslimits.h:69:9: note: this is the location of the previous definition
   69 | #define _POSIX_LINK_MAX         8
      |         ^~~~~~~~~~~~~~~
/scratch2/agustin/zephyr-chipyard-sw/zephyr_ws/zephyr/include/zephyr/posix/posix_limits.h:30:9: warning: "_POSIX_LOGIN_NAME_MAX" redefined
   30 | #define _POSIX_LOGIN_NAME_MAX               (9)
      |         ^~~~~~~~~~~~~~~~~~~~~
/scratch2/dima/zephyr-chipyard-sw-fresh/tools-manual/zephyr-sdk-1.0.0-beta1/gnu/riscv64-zephyr-elf/riscv64-zephyr-elf/sys-include/sys/syslimits.h:70:9: note: this is the location of the previous definition
   70 | #define _POSIX_LOGIN_NAME_MAX   9
      |         ^~~~~~~~~~~~~~~~~~~~~
/scratch2/agustin/zephyr-chipyard-sw/zephyr_ws/zephyr/include/zephyr/posix/posix_limits.h:31:9: warning: "_POSIX_MAX_CANON" redefined
   31 | #define _POSIX_MAX_CANON                    (255)
      |         ^~~~~~~~~~~~~~~~
/scratch2/dima/zephyr-chipyard-sw-fresh/tools-manual/zephyr-sdk-1.0.0-beta1/gnu/riscv64-zephyr-elf/riscv64-zephyr-elf/sys-include/sys/syslimits.h:71:9: note: this is the location of the previous definition
   71 | #define _POSIX_MAX_CANON        255
      |         ^~~~~~~~~~~~~~~~
/scratch2/agustin/zephyr-chipyard-sw/zephyr_ws/zephyr/include/zephyr/posix/posix_limits.h:32:9: warning: "_POSIX_MAX_INPUT" redefined
   32 | #define _POSIX_MAX_INPUT                    (255)
      |         ^~~~~~~~~~~~~~~~
/scratch2/dima/zephyr-chipyard-sw-fresh/tools-manual/zephyr-sdk-1.0.0-beta1/gnu/riscv64-zephyr-elf/riscv64-zephyr-elf/sys-include/sys/syslimits.h:72:9: note: this is the location of the previous definition
   72 | #define _POSIX_MAX_INPUT        255
      |         ^~~~~~~~~~~~~~~~
/scratch2/agustin/zephyr-chipyard-sw/zephyr_ws/zephyr/include/zephyr/posix/posix_limits.h:33:9: warning: "_POSIX_MQ_OPEN_MAX" redefined
   33 | #define _POSIX_MQ_OPEN_MAX                  (8)
      |         ^~~~~~~~~~~~~~~~~~
/scratch2/dima/zephyr-chipyard-sw-fresh/tools-manual/zephyr-sdk-1.0.0-beta1/gnu/riscv64-zephyr-elf/riscv64-zephyr-elf/sys-include/sys/syslimits.h:73:9: note: this is the location of the previous definition
   73 | #define _POSIX_MQ_OPEN_MAX      8
      |         ^~~~~~~~~~~~~~~~~~
/scratch2/agustin/zephyr-chipyard-sw/zephyr_ws/zephyr/include/zephyr/posix/posix_limits.h:34:9: warning: "_POSIX_MQ_PRIO_MAX" redefined
   34 | #define _POSIX_MQ_PRIO_MAX                  (32)
      |         ^~~~~~~~~~~~~~~~~~
/scratch2/dima/zephyr-chipyard-sw-fresh/tools-manual/zephyr-sdk-1.0.0-beta1/gnu/riscv64-zephyr-elf/riscv64-zephyr-elf/sys-include/sys/syslimits.h:74:9: note: this is the location of the previous definition
   74 | #define _POSIX_MQ_PRIO_MAX      32
      |         ^~~~~~~~~~~~~~~~~~
/scratch2/agustin/zephyr-chipyard-sw/zephyr_ws/zephyr/include/zephyr/posix/posix_limits.h:35:9: warning: "_POSIX_NAME_MAX" redefined
   35 | #define _POSIX_NAME_MAX                     (14)
      |         ^~~~~~~~~~~~~~~
/scratch2/dima/zephyr-chipyard-sw-fresh/tools-manual/zephyr-sdk-1.0.0-beta1/gnu/riscv64-zephyr-elf/riscv64-zephyr-elf/sys-include/sys/syslimits.h:75:9: note: this is the location of the previous definition
   75 | #define _POSIX_NAME_MAX         14
      |         ^~~~~~~~~~~~~~~
/scratch2/agustin/zephyr-chipyard-sw/zephyr_ws/zephyr/include/zephyr/posix/posix_limits.h:36:9: warning: "_POSIX_NGROUPS_MAX" redefined
   36 | #define _POSIX_NGROUPS_MAX                  (8)
      |         ^~~~~~~~~~~~~~~~~~
/scratch2/dima/zephyr-chipyard-sw-fresh/tools-manual/zephyr-sdk-1.0.0-beta1/gnu/riscv64-zephyr-elf/riscv64-zephyr-elf/sys-include/sys/syslimits.h:76:9: note: this is the location of the previous definition
   76 | #define _POSIX_NGROUPS_MAX      0
      |         ^~~~~~~~~~~~~~~~~~
/scratch2/agustin/zephyr-chipyard-sw/zephyr_ws/zephyr/include/zephyr/posix/posix_limits.h:37:9: warning: "_POSIX_OPEN_MAX" redefined
   37 | #define _POSIX_OPEN_MAX                     (20)
      |         ^~~~~~~~~~~~~~~
/scratch2/dima/zephyr-chipyard-sw-fresh/tools-manual/zephyr-sdk-1.0.0-beta1/gnu/riscv64-zephyr-elf/riscv64-zephyr-elf/sys-include/sys/syslimits.h:77:9: note: this is the location of the previous definition
   77 | #define _POSIX_OPEN_MAX         16
      |         ^~~~~~~~~~~~~~~
/scratch2/agustin/zephyr-chipyard-sw/zephyr_ws/zephyr/include/zephyr/posix/posix_limits.h:38:9: warning: "_POSIX_PATH_MAX" redefined
   38 | #define _POSIX_PATH_MAX                     (256)
      |         ^~~~~~~~~~~~~~~
/scratch2/dima/zephyr-chipyard-sw-fresh/tools-manual/zephyr-sdk-1.0.0-beta1/gnu/riscv64-zephyr-elf/riscv64-zephyr-elf/sys-include/sys/syslimits.h:78:9: note: this is the location of the previous definition
   78 | #define _POSIX_PATH_MAX         255
      |         ^~~~~~~~~~~~~~~
/scratch2/agustin/zephyr-chipyard-sw/zephyr_ws/zephyr/include/zephyr/posix/posix_limits.h:39:9: warning: "_POSIX_PIPE_BUF" redefined
   39 | #define _POSIX_PIPE_BUF                     (512)
      |         ^~~~~~~~~~~~~~~
/scratch2/dima/zephyr-chipyard-sw-fresh/tools-manual/zephyr-sdk-1.0.0-beta1/gnu/riscv64-zephyr-elf/riscv64-zephyr-elf/sys-include/sys/syslimits.h:79:9: note: this is the location of the previous definition
   79 | #define _POSIX_PIPE_BUF         512
      |         ^~~~~~~~~~~~~~~
/scratch2/agustin/zephyr-chipyard-sw/zephyr_ws/zephyr/include/zephyr/posix/posix_limits.h:40:9: warning: "_POSIX_RE_DUP_MAX" redefined
   40 | #define _POSIX_RE_DUP_MAX                   (255)
      |         ^~~~~~~~~~~~~~~~~
/scratch2/dima/zephyr-chipyard-sw-fresh/tools-manual/zephyr-sdk-1.0.0-beta1/gnu/riscv64-zephyr-elf/riscv64-zephyr-elf/sys-include/sys/syslimits.h:80:9: note: this is the location of the previous definition
   80 | #define _POSIX_RE_DUP_MAX       255
      |         ^~~~~~~~~~~~~~~~~
/scratch2/agustin/zephyr-chipyard-sw/zephyr_ws/zephyr/include/zephyr/posix/posix_limits.h:41:9: warning: "_POSIX_RTSIG_MAX" redefined
   41 | #define _POSIX_RTSIG_MAX                    (8)
      |         ^~~~~~~~~~~~~~~~
/scratch2/dima/zephyr-chipyard-sw-fresh/tools-manual/zephyr-sdk-1.0.0-beta1/gnu/riscv64-zephyr-elf/riscv64-zephyr-elf/sys-include/sys/syslimits.h:81:9: note: this is the location of the previous definition
   81 | #define _POSIX_RTSIG_MAX        8
      |         ^~~~~~~~~~~~~~~~
/scratch2/agustin/zephyr-chipyard-sw/zephyr_ws/zephyr/include/zephyr/posix/posix_limits.h:42:9: warning: "_POSIX_SEM_NSEMS_MAX" redefined
   42 | #define _POSIX_SEM_NSEMS_MAX                (256)
      |         ^~~~~~~~~~~~~~~~~~~~
/scratch2/dima/zephyr-chipyard-sw-fresh/tools-manual/zephyr-sdk-1.0.0-beta1/gnu/riscv64-zephyr-elf/riscv64-zephyr-elf/sys-include/sys/syslimits.h:82:9: note: this is the location of the previous definition
   82 | #define _POSIX_SEM_NSEMS_MAX    256
      |         ^~~~~~~~~~~~~~~~~~~~
/scratch2/agustin/zephyr-chipyard-sw/zephyr_ws/zephyr/include/zephyr/posix/posix_limits.h:43:9: warning: "_POSIX_SEM_VALUE_MAX" redefined
   43 | #define _POSIX_SEM_VALUE_MAX                (32767)
      |         ^~~~~~~~~~~~~~~~~~~~
/scratch2/dima/zephyr-chipyard-sw-fresh/tools-manual/zephyr-sdk-1.0.0-beta1/gnu/riscv64-zephyr-elf/riscv64-zephyr-elf/sys-include/sys/syslimits.h:83:9: note: this is the location of the previous definition
   83 | #define _POSIX_SEM_VALUE_MAX    32767
      |         ^~~~~~~~~~~~~~~~~~~~
/scratch2/agustin/zephyr-chipyard-sw/zephyr_ws/zephyr/include/zephyr/posix/posix_limits.h:44:9: warning: "_POSIX_SIGQUEUE_MAX" redefined
   44 | #define _POSIX_SIGQUEUE_MAX                 (32)
      |         ^~~~~~~~~~~~~~~~~~~
/scratch2/dima/zephyr-chipyard-sw-fresh/tools-manual/zephyr-sdk-1.0.0-beta1/gnu/riscv64-zephyr-elf/riscv64-zephyr-elf/sys-include/sys/syslimits.h:84:9: note: this is the location of the previous definition
   84 | #define _POSIX_SIGQUEUE_MAX     32
      |         ^~~~~~~~~~~~~~~~~~~
/scratch2/agustin/zephyr-chipyard-sw/zephyr_ws/zephyr/include/zephyr/posix/posix_limits.h:45:9: warning: "_POSIX_SSIZE_MAX" redefined
   45 | #define _POSIX_SSIZE_MAX                    (32767)
      |         ^~~~~~~~~~~~~~~~
/scratch2/dima/zephyr-chipyard-sw-fresh/tools-manual/zephyr-sdk-1.0.0-beta1/gnu/riscv64-zephyr-elf/riscv64-zephyr-elf/sys-include/sys/syslimits.h:85:9: note: this is the location of the previous definition
   85 | #define _POSIX_SSIZE_MAX        32767
      |         ^~~~~~~~~~~~~~~~
/scratch2/agustin/zephyr-chipyard-sw/zephyr_ws/zephyr/include/zephyr/posix/posix_limits.h:46:9: warning: "_POSIX_SS_REPL_MAX" redefined
   46 | #define _POSIX_SS_REPL_MAX                  (4)
      |         ^~~~~~~~~~~~~~~~~~
/scratch2/dima/zephyr-chipyard-sw-fresh/tools-manual/zephyr-sdk-1.0.0-beta1/gnu/riscv64-zephyr-elf/riscv64-zephyr-elf/sys-include/sys/syslimits.h:86:9: note: this is the location of the previous definition
   86 | #define _POSIX_SS_REPL_MAX      4
      |         ^~~~~~~~~~~~~~~~~~
/scratch2/agustin/zephyr-chipyard-sw/zephyr_ws/zephyr/include/zephyr/posix/posix_limits.h:47:9: warning: "_POSIX_STREAM_MAX" redefined
   47 | #define _POSIX_STREAM_MAX                   (8)
      |         ^~~~~~~~~~~~~~~~~
/scratch2/dima/zephyr-chipyard-sw-fresh/tools-manual/zephyr-sdk-1.0.0-beta1/gnu/riscv64-zephyr-elf/riscv64-zephyr-elf/sys-include/sys/syslimits.h:87:9: note: this is the location of the previous definition
   87 | #define _POSIX_STREAM_MAX       8
      |         ^~~~~~~~~~~~~~~~~
/scratch2/agustin/zephyr-chipyard-sw/zephyr_ws/zephyr/include/zephyr/posix/posix_limits.h:48:9: warning: "_POSIX_SYMLINK_MAX" redefined
   48 | #define _POSIX_SYMLINK_MAX                  (255)
      |         ^~~~~~~~~~~~~~~~~~
/scratch2/dima/zephyr-chipyard-sw-fresh/tools-manual/zephyr-sdk-1.0.0-beta1/gnu/riscv64-zephyr-elf/riscv64-zephyr-elf/sys-include/sys/syslimits.h:88:9: note: this is the location of the previous definition
   88 | #define _POSIX_SYMLINK_MAX      255
      |         ^~~~~~~~~~~~~~~~~~
/scratch2/agustin/zephyr-chipyard-sw/zephyr_ws/zephyr/include/zephyr/posix/posix_limits.h:49:9: warning: "_POSIX_SYMLOOP_MAX" redefined
   49 | #define _POSIX_SYMLOOP_MAX                  (8)
      |         ^~~~~~~~~~~~~~~~~~
/scratch2/dima/zephyr-chipyard-sw-fresh/tools-manual/zephyr-sdk-1.0.0-beta1/gnu/riscv64-zephyr-elf/riscv64-zephyr-elf/sys-include/sys/syslimits.h:89:9: note: this is the location of the previous definition
   89 | #define _POSIX_SYMLOOP_MAX      8
      |         ^~~~~~~~~~~~~~~~~~
/scratch2/agustin/zephyr-chipyard-sw/zephyr_ws/zephyr/include/zephyr/posix/posix_limits.h:50:9: warning: "_POSIX_THREAD_DESTRUCTOR_ITERATIONS" redefined
   50 | #define _POSIX_THREAD_DESTRUCTOR_ITERATIONS (4)
      |         ^~~~~~~~~~~~~~~~~~~~~~~~~~~~~~~~~~~
/scratch2/dima/zephyr-chipyard-sw-fresh/tools-manual/zephyr-sdk-1.0.0-beta1/gnu/riscv64-zephyr-elf/riscv64-zephyr-elf/sys-include/sys/syslimits.h:90:9: note: this is the location of the previous definition
   90 | #define _POSIX_THREAD_DESTRUCTOR_ITERATIONS     4
      |         ^~~~~~~~~~~~~~~~~~~~~~~~~~~~~~~~~~~
/scratch2/agustin/zephyr-chipyard-sw/zephyr_ws/zephyr/include/zephyr/posix/posix_limits.h:51:9: warning: "_POSIX_THREAD_KEYS_MAX" redefined
   51 | #define _POSIX_THREAD_KEYS_MAX              (128)
      |         ^~~~~~~~~~~~~~~~~~~~~~
/scratch2/dima/zephyr-chipyard-sw-fresh/tools-manual/zephyr-sdk-1.0.0-beta1/gnu/riscv64-zephyr-elf/riscv64-zephyr-elf/sys-include/sys/syslimits.h:91:9: note: this is the location of the previous definition
   91 | #define _POSIX_THREAD_KEYS_MAX  128
      |         ^~~~~~~~~~~~~~~~~~~~~~
/scratch2/agustin/zephyr-chipyard-sw/zephyr_ws/zephyr/include/zephyr/posix/posix_limits.h:52:9: warning: "_POSIX_THREAD_THREADS_MAX" redefined
   52 | #define _POSIX_THREAD_THREADS_MAX           (64)
      |         ^~~~~~~~~~~~~~~~~~~~~~~~~
/scratch2/dima/zephyr-chipyard-sw-fresh/tools-manual/zephyr-sdk-1.0.0-beta1/gnu/riscv64-zephyr-elf/riscv64-zephyr-elf/sys-include/sys/syslimits.h:92:9: note: this is the location of the previous definition
   92 | #define _POSIX_THREAD_THREADS_MAX       64
      |         ^~~~~~~~~~~~~~~~~~~~~~~~~
/scratch2/agustin/zephyr-chipyard-sw/zephyr_ws/zephyr/include/zephyr/posix/posix_limits.h:53:9: warning: "_POSIX_TIMER_MAX" redefined
   53 | #define _POSIX_TIMER_MAX                    (32)
      |         ^~~~~~~~~~~~~~~~
/scratch2/dima/zephyr-chipyard-sw-fresh/tools-manual/zephyr-sdk-1.0.0-beta1/gnu/riscv64-zephyr-elf/riscv64-zephyr-elf/sys-include/sys/syslimits.h:93:9: note: this is the location of the previous definition
   93 | #define _POSIX_TIMER_MAX        32
      |         ^~~~~~~~~~~~~~~~
/scratch2/agustin/zephyr-chipyard-sw/zephyr_ws/zephyr/include/zephyr/posix/posix_limits.h:54:9: warning: "_POSIX_TRACE_EVENT_NAME_MAX" redefined
   54 | #define _POSIX_TRACE_EVENT_NAME_MAX         (30)
      |         ^~~~~~~~~~~~~~~~~~~~~~~~~~~
/scratch2/dima/zephyr-chipyard-sw-fresh/tools-manual/zephyr-sdk-1.0.0-beta1/gnu/riscv64-zephyr-elf/riscv64-zephyr-elf/sys-include/sys/syslimits.h:94:9: note: this is the location of the previous definition
   94 | #define _POSIX_TRACE_EVENT_NAME_MAX     30
      |         ^~~~~~~~~~~~~~~~~~~~~~~~~~~
/scratch2/agustin/zephyr-chipyard-sw/zephyr_ws/zephyr/include/zephyr/posix/posix_limits.h:55:9: warning: "_POSIX_TRACE_NAME_MAX" redefined
   55 | #define _POSIX_TRACE_NAME_MAX               (8)
      |         ^~~~~~~~~~~~~~~~~~~~~
/scratch2/dima/zephyr-chipyard-sw-fresh/tools-manual/zephyr-sdk-1.0.0-beta1/gnu/riscv64-zephyr-elf/riscv64-zephyr-elf/sys-include/sys/syslimits.h:95:9: note: this is the location of the previous definition
   95 | #define _POSIX_TRACE_NAME_MAX   8
      |         ^~~~~~~~~~~~~~~~~~~~~
/scratch2/agustin/zephyr-chipyard-sw/zephyr_ws/zephyr/include/zephyr/posix/posix_limits.h:56:9: warning: "_POSIX_TRACE_SYS_MAX" redefined
   56 | #define _POSIX_TRACE_SYS_MAX                (8)
      |         ^~~~~~~~~~~~~~~~~~~~
/scratch2/dima/zephyr-chipyard-sw-fresh/tools-manual/zephyr-sdk-1.0.0-beta1/gnu/riscv64-zephyr-elf/riscv64-zephyr-elf/sys-include/sys/syslimits.h:96:9: note: this is the location of the previous definition
   96 | #define _POSIX_TRACE_SYS_MAX    8
      |         ^~~~~~~~~~~~~~~~~~~~
/scratch2/agustin/zephyr-chipyard-sw/zephyr_ws/zephyr/include/zephyr/posix/posix_limits.h:57:9: warning: "_POSIX_TRACE_USER_EVENT_MAX" redefined
   57 | #define _POSIX_TRACE_USER_EVENT_MAX         (32)
      |         ^~~~~~~~~~~~~~~~~~~~~~~~~~~
/scratch2/dima/zephyr-chipyard-sw-fresh/tools-manual/zephyr-sdk-1.0.0-beta1/gnu/riscv64-zephyr-elf/riscv64-zephyr-elf/sys-include/sys/syslimits.h:97:9: note: this is the location of the previous definition
   97 | #define _POSIX_TRACE_USER_EVENT_MAX     32
      |         ^~~~~~~~~~~~~~~~~~~~~~~~~~~
/scratch2/agustin/zephyr-chipyard-sw/zephyr_ws/zephyr/include/zephyr/posix/posix_limits.h:58:9: warning: "_POSIX_TTY_NAME_MAX" redefined
   58 | #define _POSIX_TTY_NAME_MAX                 (9)
      |         ^~~~~~~~~~~~~~~~~~~
/scratch2/dima/zephyr-chipyard-sw-fresh/tools-manual/zephyr-sdk-1.0.0-beta1/gnu/riscv64-zephyr-elf/riscv64-zephyr-elf/sys-include/sys/syslimits.h:98:9: note: this is the location of the previous definition
   98 | #define _POSIX_TTY_NAME_MAX     9
      |         ^~~~~~~~~~~~~~~~~~~
/scratch2/agustin/zephyr-chipyard-sw/zephyr_ws/zephyr/include/zephyr/posix/posix_limits.h:59:9: warning: "_POSIX_TZNAME_MAX" redefined
   59 | #define _POSIX_TZNAME_MAX                   (6)
      |         ^~~~~~~~~~~~~~~~~
/scratch2/dima/zephyr-chipyard-sw-fresh/tools-manual/zephyr-sdk-1.0.0-beta1/gnu/riscv64-zephyr-elf/riscv64-zephyr-elf/sys-include/sys/syslimits.h:99:9: note: this is the location of the previous definition
   99 | #define _POSIX_TZNAME_MAX       3
      |         ^~~~~~~~~~~~~~~~~
/scratch2/agustin/zephyr-chipyard-sw/zephyr_ws/zephyr/include/zephyr/posix/posix_limits.h:60:9: warning: "_POSIX2_BC_BASE_MAX" redefined
   60 | #define _POSIX2_BC_BASE_MAX                 (99)
      |         ^~~~~~~~~~~~~~~~~~~
/scratch2/dima/zephyr-chipyard-sw-fresh/tools-manual/zephyr-sdk-1.0.0-beta1/gnu/riscv64-zephyr-elf/riscv64-zephyr-elf/sys-include/sys/syslimits.h:100:9: note: this is the location of the previous definition
  100 | #define _POSIX2_BC_BASE_MAX     99
      |         ^~~~~~~~~~~~~~~~~~~
/scratch2/agustin/zephyr-chipyard-sw/zephyr_ws/zephyr/include/zephyr/posix/posix_limits.h:61:9: warning: "_POSIX2_BC_DIM_MAX" redefined
   61 | #define _POSIX2_BC_DIM_MAX                  (2048)
      |         ^~~~~~~~~~~~~~~~~~
/scratch2/dima/zephyr-chipyard-sw-fresh/tools-manual/zephyr-sdk-1.0.0-beta1/gnu/riscv64-zephyr-elf/riscv64-zephyr-elf/sys-include/sys/syslimits.h:101:9: note: this is the location of the previous definition
  101 | #define _POSIX2_BC_DIM_MAX      2048
      |         ^~~~~~~~~~~~~~~~~~
/scratch2/agustin/zephyr-chipyard-sw/zephyr_ws/zephyr/include/zephyr/posix/posix_limits.h:62:9: warning: "_POSIX2_BC_SCALE_MAX" redefined
   62 | #define _POSIX2_BC_SCALE_MAX                (99)
      |         ^~~~~~~~~~~~~~~~~~~~
/scratch2/dima/zephyr-chipyard-sw-fresh/tools-manual/zephyr-sdk-1.0.0-beta1/gnu/riscv64-zephyr-elf/riscv64-zephyr-elf/sys-include/sys/syslimits.h:102:9: note: this is the location of the previous definition
  102 | #define _POSIX2_BC_SCALE_MAX    99
      |         ^~~~~~~~~~~~~~~~~~~~
/scratch2/agustin/zephyr-chipyard-sw/zephyr_ws/zephyr/include/zephyr/posix/posix_limits.h:63:9: warning: "_POSIX2_BC_STRING_MAX" redefined
   63 | #define _POSIX2_BC_STRING_MAX               (1000)
      |         ^~~~~~~~~~~~~~~~~~~~~
/scratch2/dima/zephyr-chipyard-sw-fresh/tools-manual/zephyr-sdk-1.0.0-beta1/gnu/riscv64-zephyr-elf/riscv64-zephyr-elf/sys-include/sys/syslimits.h:103:9: note: this is the location of the previous definition
  103 | #define _POSIX2_BC_STRING_MAX   1000
      |         ^~~~~~~~~~~~~~~~~~~~~
/scratch2/agustin/zephyr-chipyard-sw/zephyr_ws/zephyr/include/zephyr/posix/posix_limits.h:64:9: warning: "_POSIX2_CHARCLASS_NAME_MAX" redefined
   64 | #define _POSIX2_CHARCLASS_NAME_MAX          (14)
      |         ^~~~~~~~~~~~~~~~~~~~~~~~~~
/scratch2/dima/zephyr-chipyard-sw-fresh/tools-manual/zephyr-sdk-1.0.0-beta1/gnu/riscv64-zephyr-elf/riscv64-zephyr-elf/sys-include/sys/syslimits.h:104:9: note: this is the location of the previous definition
  104 | #define _POSIX2_CHARCLASS_NAME_MAX      14
      |         ^~~~~~~~~~~~~~~~~~~~~~~~~~
/scratch2/agustin/zephyr-chipyard-sw/zephyr_ws/zephyr/include/zephyr/posix/posix_limits.h:65:9: warning: "_POSIX2_COLL_WEIGHTS_MAX" redefined
   65 | #define _POSIX2_COLL_WEIGHTS_MAX            (2)
      |         ^~~~~~~~~~~~~~~~~~~~~~~~
/scratch2/dima/zephyr-chipyard-sw-fresh/tools-manual/zephyr-sdk-1.0.0-beta1/gnu/riscv64-zephyr-elf/riscv64-zephyr-elf/sys-include/sys/syslimits.h:105:9: note: this is the location of the previous definition
  105 | #define _POSIX2_COLL_WEIGHTS_MAX        2
      |         ^~~~~~~~~~~~~~~~~~~~~~~~
/scratch2/agustin/zephyr-chipyard-sw/zephyr_ws/zephyr/include/zephyr/posix/posix_limits.h:66:9: warning: "_POSIX2_EXPR_NEST_MAX" redefined
   66 | #define _POSIX2_EXPR_NEST_MAX               (32)
      |         ^~~~~~~~~~~~~~~~~~~~~
/scratch2/dima/zephyr-chipyard-sw-fresh/tools-manual/zephyr-sdk-1.0.0-beta1/gnu/riscv64-zephyr-elf/riscv64-zephyr-elf/sys-include/sys/syslimits.h:106:9: note: this is the location of the previous definition
  106 | #define _POSIX2_EXPR_NEST_MAX   32
      |         ^~~~~~~~~~~~~~~~~~~~~
/scratch2/agustin/zephyr-chipyard-sw/zephyr_ws/zephyr/include/zephyr/posix/posix_limits.h:67:9: warning: "_POSIX2_LINE_MAX" redefined
   67 | #define _POSIX2_LINE_MAX                    (2048)
      |         ^~~~~~~~~~~~~~~~
/scratch2/dima/zephyr-chipyard-sw-fresh/tools-manual/zephyr-sdk-1.0.0-beta1/gnu/riscv64-zephyr-elf/riscv64-zephyr-elf/sys-include/sys/syslimits.h:107:9: note: this is the location of the previous definition
  107 | #define _POSIX2_LINE_MAX        2048
      |         ^~~~~~~~~~~~~~~~
/scratch2/agustin/zephyr-chipyard-sw/zephyr_ws/zephyr/include/zephyr/posix/posix_limits.h:83:9: warning: "ARG_MAX" redefined
   83 | #define ARG_MAX                       _POSIX_ARG_MAX
      |         ^~~~~~~
/scratch2/dima/zephyr-chipyard-sw-fresh/tools-manual/zephyr-sdk-1.0.0-beta1/gnu/riscv64-zephyr-elf/riscv64-zephyr-elf/sys-include/sys/syslimits.h:41:9: note: this is the location of the previous definition
   41 | #define ARG_MAX                 65536   /* max bytes for an exec function */
      |         ^~~~~~~
/scratch2/agustin/zephyr-chipyard-sw/zephyr_ws/zephyr/include/zephyr/posix/posix_limits.h:84:9: warning: "ATEXIT_MAX" redefined
   84 | #define ATEXIT_MAX                    (32)
      |         ^~~~~~~~~~
/scratch2/dima/zephyr-chipyard-sw-fresh/tools-manual/zephyr-sdk-1.0.0-beta1/gnu/riscv64-zephyr-elf/riscv64-zephyr-elf/sys-include/sys/syslimits.h:42:9: note: this is the location of the previous definition
   42 | #define ATEXIT_MAX                 32   /* max atexit functions */
      |         ^~~~~~~~~~
/scratch2/agustin/zephyr-chipyard-sw/zephyr_ws/zephyr/include/zephyr/posix/posix_limits.h:93:9: warning: "OPEN_MAX" redefined
   93 | #define OPEN_MAX                      CONFIG_POSIX_OPEN_MAX
      |         ^~~~~~~~
/scratch2/dima/zephyr-chipyard-sw-fresh/tools-manual/zephyr-sdk-1.0.0-beta1/gnu/riscv64-zephyr-elf/riscv64-zephyr-elf/sys-include/sys/syslimits.h:45:9: note: this is the location of the previous definition
   45 | #define OPEN_MAX                   64   /* max open files per process */
      |         ^~~~~~~~
/scratch2/agustin/zephyr-chipyard-sw/zephyr_ws/zephyr/include/zephyr/posix/posix_limits.h:96:9: warning: "PATH_MAX" redefined
   96 | #define PATH_MAX                      _POSIX_PATH_MAX
      |         ^~~~~~~~
/scratch2/dima/zephyr-chipyard-sw-fresh/tools-manual/zephyr-sdk-1.0.0-beta1/gnu/riscv64-zephyr-elf/riscv64-zephyr-elf/sys-include/sys/syslimits.h:53:9: note: this is the location of the previous definition
   53 | #define PATH_MAX                 1024   /* max bytes in pathname */
      |         ^~~~~~~~
/scratch2/agustin/zephyr-chipyard-sw/zephyr_ws/zephyr/include/zephyr/posix/posix_limits.h:114:9: warning: "TZNAME_MAX" redefined
  114 | #define TZNAME_MAX                    _POSIX_TZNAME_MAX
      |         ^~~~~~~~~~
/scratch2/dima/zephyr-chipyard-sw-fresh/tools-manual/zephyr-sdk-1.0.0-beta1/gnu/riscv64-zephyr-elf/riscv64-zephyr-elf/sys-include/sys/syslimits.h:46:9: note: this is the location of the previous definition
   46 | #define TZNAME_MAX                 10   /* max time zone name length */
      |         ^~~~~~~~~~
[123/216] Building C object zephyr/lib/posix/options/CMakeFiles/lib__posix__options.dir/mmap.c.obj
In file included from /scratch2/agustin/zephyr-chipyard-sw/zephyr_ws/zephyr/include/zephyr/posix/sys/sysconf.h:11,
                 from /scratch2/agustin/zephyr-chipyard-sw/zephyr_ws/zephyr/include/zephyr/posix/unistd.h:18,
                 from /scratch2/agustin/zephyr-chipyard-sw/zephyr_ws/zephyr/lib/posix/options/mmap.c:16:
/scratch2/agustin/zephyr-chipyard-sw/zephyr_ws/zephyr/include/zephyr/posix/posix_limits.h:23:9: warning: "_POSIX_AIO_LISTIO_MAX" redefined
   23 | #define _POSIX_AIO_LISTIO_MAX               (2)
      |         ^~~~~~~~~~~~~~~~~~~~~
In file included from /scratch2/dima/zephyr-chipyard-sw-fresh/tools-manual/zephyr-sdk-1.0.0-beta1/gnu/riscv64-zephyr-elf/riscv64-zephyr-elf/sys-include/limits.h:6,
                 from /scratch2/dima/zephyr-chipyard-sw-fresh/tools-manual/zephyr-sdk-1.0.0-beta1/gnu/riscv64-zephyr-elf/lib/gcc/riscv64-zephyr-elf/14.3.0/include/limits.h:210,
                 from /scratch2/dima/zephyr-chipyard-sw-fresh/tools-manual/zephyr-sdk-1.0.0-beta1/gnu/riscv64-zephyr-elf/lib/gcc/riscv64-zephyr-elf/14.3.0/include/syslimits.h:7,
                 from /scratch2/dima/zephyr-chipyard-sw-fresh/tools-manual/zephyr-sdk-1.0.0-beta1/gnu/riscv64-zephyr-elf/lib/gcc/riscv64-zephyr-elf/14.3.0/include/limits.h:34,
                 from /scratch2/agustin/zephyr-chipyard-sw/zephyr_ws/zephyr/include/zephyr/kernel_includes.h:22,
                 from /scratch2/agustin/zephyr-chipyard-sw/zephyr_ws/zephyr/include/zephyr/kernel.h:17,
                 from /scratch2/agustin/zephyr-chipyard-sw/zephyr_ws/zephyr/kernel/include/kernel_arch_interface.h:20,
                 from /scratch2/agustin/zephyr-chipyard-sw/zephyr_ws/zephyr/lib/posix/options/mmap.c:11:
/scratch2/dima/zephyr-chipyard-sw-fresh/tools-manual/zephyr-sdk-1.0.0-beta1/gnu/riscv64-zephyr-elf/riscv64-zephyr-elf/sys-include/sys/syslimits.h:63:9: note: this is the location of the previous definition
   63 | #define _POSIX_AIO_LISTIO_MAX   2
      |         ^~~~~~~~~~~~~~~~~~~~~
/scratch2/agustin/zephyr-chipyard-sw/zephyr_ws/zephyr/include/zephyr/posix/posix_limits.h:24:9: warning: "_POSIX_AIO_MAX" redefined
   24 | #define _POSIX_AIO_MAX                      (1)
      |         ^~~~~~~~~~~~~~
/scratch2/dima/zephyr-chipyard-sw-fresh/tools-manual/zephyr-sdk-1.0.0-beta1/gnu/riscv64-zephyr-elf/riscv64-zephyr-elf/sys-include/sys/syslimits.h:64:9: note: this is the location of the previous definition
   64 | #define _POSIX_AIO_MAX          1
      |         ^~~~~~~~~~~~~~
/scratch2/agustin/zephyr-chipyard-sw/zephyr_ws/zephyr/include/zephyr/posix/posix_limits.h:25:9: warning: "_POSIX_ARG_MAX" redefined
   25 | #define _POSIX_ARG_MAX                      (4096)
      |         ^~~~~~~~~~~~~~
/scratch2/dima/zephyr-chipyard-sw-fresh/tools-manual/zephyr-sdk-1.0.0-beta1/gnu/riscv64-zephyr-elf/riscv64-zephyr-elf/sys-include/sys/syslimits.h:65:9: note: this is the location of the previous definition
   65 | #define _POSIX_ARG_MAX          4096
      |         ^~~~~~~~~~~~~~
/scratch2/agustin/zephyr-chipyard-sw/zephyr_ws/zephyr/include/zephyr/posix/posix_limits.h:26:9: warning: "_POSIX_CHILD_MAX" redefined
   26 | #define _POSIX_CHILD_MAX                    (25)
      |         ^~~~~~~~~~~~~~~~
/scratch2/dima/zephyr-chipyard-sw-fresh/tools-manual/zephyr-sdk-1.0.0-beta1/gnu/riscv64-zephyr-elf/riscv64-zephyr-elf/sys-include/sys/syslimits.h:66:9: note: this is the location of the previous definition
   66 | #define _POSIX_CHILD_MAX        6
      |         ^~~~~~~~~~~~~~~~
/scratch2/agustin/zephyr-chipyard-sw/zephyr_ws/zephyr/include/zephyr/posix/posix_limits.h:27:9: warning: "_POSIX_DELAYTIMER_MAX" redefined
   27 | #define _POSIX_DELAYTIMER_MAX               (32)
      |         ^~~~~~~~~~~~~~~~~~~~~
/scratch2/dima/zephyr-chipyard-sw-fresh/tools-manual/zephyr-sdk-1.0.0-beta1/gnu/riscv64-zephyr-elf/riscv64-zephyr-elf/sys-include/sys/syslimits.h:67:9: note: this is the location of the previous definition
   67 | #define _POSIX_DELAYTIMER_MAX   32
      |         ^~~~~~~~~~~~~~~~~~~~~
/scratch2/agustin/zephyr-chipyard-sw/zephyr_ws/zephyr/include/zephyr/posix/posix_limits.h:28:9: warning: "_POSIX_HOST_NAME_MAX" redefined
   28 | #define _POSIX_HOST_NAME_MAX                (255)
      |         ^~~~~~~~~~~~~~~~~~~~
/scratch2/dima/zephyr-chipyard-sw-fresh/tools-manual/zephyr-sdk-1.0.0-beta1/gnu/riscv64-zephyr-elf/riscv64-zephyr-elf/sys-include/sys/syslimits.h:68:9: note: this is the location of the previous definition
   68 | #define _POSIX_HOST_NAME_MAX    255
      |         ^~~~~~~~~~~~~~~~~~~~
/scratch2/agustin/zephyr-chipyard-sw/zephyr_ws/zephyr/include/zephyr/posix/posix_limits.h:29:9: warning: "_POSIX_LINK_MAX" redefined
   29 | #define _POSIX_LINK_MAX                     (8)
      |         ^~~~~~~~~~~~~~~
/scratch2/dima/zephyr-chipyard-sw-fresh/tools-manual/zephyr-sdk-1.0.0-beta1/gnu/riscv64-zephyr-elf/riscv64-zephyr-elf/sys-include/sys/syslimits.h:69:9: note: this is the location of the previous definition
   69 | #define _POSIX_LINK_MAX         8
      |         ^~~~~~~~~~~~~~~
/scratch2/agustin/zephyr-chipyard-sw/zephyr_ws/zephyr/include/zephyr/posix/posix_limits.h:30:9: warning: "_POSIX_LOGIN_NAME_MAX" redefined
   30 | #define _POSIX_LOGIN_NAME_MAX               (9)
      |         ^~~~~~~~~~~~~~~~~~~~~
/scratch2/dima/zephyr-chipyard-sw-fresh/tools-manual/zephyr-sdk-1.0.0-beta1/gnu/riscv64-zephyr-elf/riscv64-zephyr-elf/sys-include/sys/syslimits.h:70:9: note: this is the location of the previous definition
   70 | #define _POSIX_LOGIN_NAME_MAX   9
      |         ^~~~~~~~~~~~~~~~~~~~~
/scratch2/agustin/zephyr-chipyard-sw/zephyr_ws/zephyr/include/zephyr/posix/posix_limits.h:31:9: warning: "_POSIX_MAX_CANON" redefined
   31 | #define _POSIX_MAX_CANON                    (255)
      |         ^~~~~~~~~~~~~~~~
/scratch2/dima/zephyr-chipyard-sw-fresh/tools-manual/zephyr-sdk-1.0.0-beta1/gnu/riscv64-zephyr-elf/riscv64-zephyr-elf/sys-include/sys/syslimits.h:71:9: note: this is the location of the previous definition
   71 | #define _POSIX_MAX_CANON        255
      |         ^~~~~~~~~~~~~~~~
/scratch2/agustin/zephyr-chipyard-sw/zephyr_ws/zephyr/include/zephyr/posix/posix_limits.h:32:9: warning: "_POSIX_MAX_INPUT" redefined
   32 | #define _POSIX_MAX_INPUT                    (255)
      |         ^~~~~~~~~~~~~~~~
/scratch2/dima/zephyr-chipyard-sw-fresh/tools-manual/zephyr-sdk-1.0.0-beta1/gnu/riscv64-zephyr-elf/riscv64-zephyr-elf/sys-include/sys/syslimits.h:72:9: note: this is the location of the previous definition
   72 | #define _POSIX_MAX_INPUT        255
      |         ^~~~~~~~~~~~~~~~
/scratch2/agustin/zephyr-chipyard-sw/zephyr_ws/zephyr/include/zephyr/posix/posix_limits.h:33:9: warning: "_POSIX_MQ_OPEN_MAX" redefined
   33 | #define _POSIX_MQ_OPEN_MAX                  (8)
      |         ^~~~~~~~~~~~~~~~~~
/scratch2/dima/zephyr-chipyard-sw-fresh/tools-manual/zephyr-sdk-1.0.0-beta1/gnu/riscv64-zephyr-elf/riscv64-zephyr-elf/sys-include/sys/syslimits.h:73:9: note: this is the location of the previous definition
   73 | #define _POSIX_MQ_OPEN_MAX      8
      |         ^~~~~~~~~~~~~~~~~~
/scratch2/agustin/zephyr-chipyard-sw/zephyr_ws/zephyr/include/zephyr/posix/posix_limits.h:34:9: warning: "_POSIX_MQ_PRIO_MAX" redefined
   34 | #define _POSIX_MQ_PRIO_MAX                  (32)
      |         ^~~~~~~~~~~~~~~~~~
/scratch2/dima/zephyr-chipyard-sw-fresh/tools-manual/zephyr-sdk-1.0.0-beta1/gnu/riscv64-zephyr-elf/riscv64-zephyr-elf/sys-include/sys/syslimits.h:74:9: note: this is the location of the previous definition
   74 | #define _POSIX_MQ_PRIO_MAX      32
      |         ^~~~~~~~~~~~~~~~~~
/scratch2/agustin/zephyr-chipyard-sw/zephyr_ws/zephyr/include/zephyr/posix/posix_limits.h:35:9: warning: "_POSIX_NAME_MAX" redefined
   35 | #define _POSIX_NAME_MAX                     (14)
      |         ^~~~~~~~~~~~~~~
/scratch2/dima/zephyr-chipyard-sw-fresh/tools-manual/zephyr-sdk-1.0.0-beta1/gnu/riscv64-zephyr-elf/riscv64-zephyr-elf/sys-include/sys/syslimits.h:75:9: note: this is the location of the previous definition
   75 | #define _POSIX_NAME_MAX         14
      |         ^~~~~~~~~~~~~~~
/scratch2/agustin/zephyr-chipyard-sw/zephyr_ws/zephyr/include/zephyr/posix/posix_limits.h:36:9: warning: "_POSIX_NGROUPS_MAX" redefined
   36 | #define _POSIX_NGROUPS_MAX                  (8)
      |         ^~~~~~~~~~~~~~~~~~
/scratch2/dima/zephyr-chipyard-sw-fresh/tools-manual/zephyr-sdk-1.0.0-beta1/gnu/riscv64-zephyr-elf/riscv64-zephyr-elf/sys-include/sys/syslimits.h:76:9: note: this is the location of the previous definition
   76 | #define _POSIX_NGROUPS_MAX      0
      |         ^~~~~~~~~~~~~~~~~~
/scratch2/agustin/zephyr-chipyard-sw/zephyr_ws/zephyr/include/zephyr/posix/posix_limits.h:37:9: warning: "_POSIX_OPEN_MAX" redefined
   37 | #define _POSIX_OPEN_MAX                     (20)
      |         ^~~~~~~~~~~~~~~
/scratch2/dima/zephyr-chipyard-sw-fresh/tools-manual/zephyr-sdk-1.0.0-beta1/gnu/riscv64-zephyr-elf/riscv64-zephyr-elf/sys-include/sys/syslimits.h:77:9: note: this is the location of the previous definition
   77 | #define _POSIX_OPEN_MAX         16
      |         ^~~~~~~~~~~~~~~
/scratch2/agustin/zephyr-chipyard-sw/zephyr_ws/zephyr/include/zephyr/posix/posix_limits.h:38:9: warning: "_POSIX_PATH_MAX" redefined
   38 | #define _POSIX_PATH_MAX                     (256)
      |         ^~~~~~~~~~~~~~~
/scratch2/dima/zephyr-chipyard-sw-fresh/tools-manual/zephyr-sdk-1.0.0-beta1/gnu/riscv64-zephyr-elf/riscv64-zephyr-elf/sys-include/sys/syslimits.h:78:9: note: this is the location of the previous definition
   78 | #define _POSIX_PATH_MAX         255
      |         ^~~~~~~~~~~~~~~
/scratch2/agustin/zephyr-chipyard-sw/zephyr_ws/zephyr/include/zephyr/posix/posix_limits.h:39:9: warning: "_POSIX_PIPE_BUF" redefined
   39 | #define _POSIX_PIPE_BUF                     (512)
      |         ^~~~~~~~~~~~~~~
/scratch2/dima/zephyr-chipyard-sw-fresh/tools-manual/zephyr-sdk-1.0.0-beta1/gnu/riscv64-zephyr-elf/riscv64-zephyr-elf/sys-include/sys/syslimits.h:79:9: note: this is the location of the previous definition
   79 | #define _POSIX_PIPE_BUF         512
      |         ^~~~~~~~~~~~~~~
/scratch2/agustin/zephyr-chipyard-sw/zephyr_ws/zephyr/include/zephyr/posix/posix_limits.h:40:9: warning: "_POSIX_RE_DUP_MAX" redefined
   40 | #define _POSIX_RE_DUP_MAX                   (255)
      |         ^~~~~~~~~~~~~~~~~
/scratch2/dima/zephyr-chipyard-sw-fresh/tools-manual/zephyr-sdk-1.0.0-beta1/gnu/riscv64-zephyr-elf/riscv64-zephyr-elf/sys-include/sys/syslimits.h:80:9: note: this is the location of the previous definition
   80 | #define _POSIX_RE_DUP_MAX       255
      |         ^~~~~~~~~~~~~~~~~
/scratch2/agustin/zephyr-chipyard-sw/zephyr_ws/zephyr/include/zephyr/posix/posix_limits.h:41:9: warning: "_POSIX_RTSIG_MAX" redefined
   41 | #define _POSIX_RTSIG_MAX                    (8)
      |         ^~~~~~~~~~~~~~~~
/scratch2/dima/zephyr-chipyard-sw-fresh/tools-manual/zephyr-sdk-1.0.0-beta1/gnu/riscv64-zephyr-elf/riscv64-zephyr-elf/sys-include/sys/syslimits.h:81:9: note: this is the location of the previous definition
   81 | #define _POSIX_RTSIG_MAX        8
      |         ^~~~~~~~~~~~~~~~
/scratch2/agustin/zephyr-chipyard-sw/zephyr_ws/zephyr/include/zephyr/posix/posix_limits.h:42:9: warning: "_POSIX_SEM_NSEMS_MAX" redefined
   42 | #define _POSIX_SEM_NSEMS_MAX                (256)
      |         ^~~~~~~~~~~~~~~~~~~~
/scratch2/dima/zephyr-chipyard-sw-fresh/tools-manual/zephyr-sdk-1.0.0-beta1/gnu/riscv64-zephyr-elf/riscv64-zephyr-elf/sys-include/sys/syslimits.h:82:9: note: this is the location of the previous definition
   82 | #define _POSIX_SEM_NSEMS_MAX    256
      |         ^~~~~~~~~~~~~~~~~~~~
/scratch2/agustin/zephyr-chipyard-sw/zephyr_ws/zephyr/include/zephyr/posix/posix_limits.h:43:9: warning: "_POSIX_SEM_VALUE_MAX" redefined
   43 | #define _POSIX_SEM_VALUE_MAX                (32767)
      |         ^~~~~~~~~~~~~~~~~~~~
/scratch2/dima/zephyr-chipyard-sw-fresh/tools-manual/zephyr-sdk-1.0.0-beta1/gnu/riscv64-zephyr-elf/riscv64-zephyr-elf/sys-include/sys/syslimits.h:83:9: note: this is the location of the previous definition
   83 | #define _POSIX_SEM_VALUE_MAX    32767
      |         ^~~~~~~~~~~~~~~~~~~~
/scratch2/agustin/zephyr-chipyard-sw/zephyr_ws/zephyr/include/zephyr/posix/posix_limits.h:44:9: warning: "_POSIX_SIGQUEUE_MAX" redefined
   44 | #define _POSIX_SIGQUEUE_MAX                 (32)
      |         ^~~~~~~~~~~~~~~~~~~
/scratch2/dima/zephyr-chipyard-sw-fresh/tools-manual/zephyr-sdk-1.0.0-beta1/gnu/riscv64-zephyr-elf/riscv64-zephyr-elf/sys-include/sys/syslimits.h:84:9: note: this is the location of the previous definition
   84 | #define _POSIX_SIGQUEUE_MAX     32
      |         ^~~~~~~~~~~~~~~~~~~
/scratch2/agustin/zephyr-chipyard-sw/zephyr_ws/zephyr/include/zephyr/posix/posix_limits.h:45:9: warning: "_POSIX_SSIZE_MAX" redefined
   45 | #define _POSIX_SSIZE_MAX                    (32767)
      |         ^~~~~~~~~~~~~~~~
/scratch2/dima/zephyr-chipyard-sw-fresh/tools-manual/zephyr-sdk-1.0.0-beta1/gnu/riscv64-zephyr-elf/riscv64-zephyr-elf/sys-include/sys/syslimits.h:85:9: note: this is the location of the previous definition
   85 | #define _POSIX_SSIZE_MAX        32767
      |         ^~~~~~~~~~~~~~~~
/scratch2/agustin/zephyr-chipyard-sw/zephyr_ws/zephyr/include/zephyr/posix/posix_limits.h:46:9: warning: "_POSIX_SS_REPL_MAX" redefined
   46 | #define _POSIX_SS_REPL_MAX                  (4)
      |         ^~~~~~~~~~~~~~~~~~
/scratch2/dima/zephyr-chipyard-sw-fresh/tools-manual/zephyr-sdk-1.0.0-beta1/gnu/riscv64-zephyr-elf/riscv64-zephyr-elf/sys-include/sys/syslimits.h:86:9: note: this is the location of the previous definition
   86 | #define _POSIX_SS_REPL_MAX      4
      |         ^~~~~~~~~~~~~~~~~~
/scratch2/agustin/zephyr-chipyard-sw/zephyr_ws/zephyr/include/zephyr/posix/posix_limits.h:47:9: warning: "_POSIX_STREAM_MAX" redefined
   47 | #define _POSIX_STREAM_MAX                   (8)
      |         ^~~~~~~~~~~~~~~~~
/scratch2/dima/zephyr-chipyard-sw-fresh/tools-manual/zephyr-sdk-1.0.0-beta1/gnu/riscv64-zephyr-elf/riscv64-zephyr-elf/sys-include/sys/syslimits.h:87:9: note: this is the location of the previous definition
   87 | #define _POSIX_STREAM_MAX       8
      |         ^~~~~~~~~~~~~~~~~
/scratch2/agustin/zephyr-chipyard-sw/zephyr_ws/zephyr/include/zephyr/posix/posix_limits.h:48:9: warning: "_POSIX_SYMLINK_MAX" redefined
   48 | #define _POSIX_SYMLINK_MAX                  (255)
      |         ^~~~~~~~~~~~~~~~~~
/scratch2/dima/zephyr-chipyard-sw-fresh/tools-manual/zephyr-sdk-1.0.0-beta1/gnu/riscv64-zephyr-elf/riscv64-zephyr-elf/sys-include/sys/syslimits.h:88:9: note: this is the location of the previous definition
   88 | #define _POSIX_SYMLINK_MAX      255
      |         ^~~~~~~~~~~~~~~~~~
/scratch2/agustin/zephyr-chipyard-sw/zephyr_ws/zephyr/include/zephyr/posix/posix_limits.h:49:9: warning: "_POSIX_SYMLOOP_MAX" redefined
   49 | #define _POSIX_SYMLOOP_MAX                  (8)
      |         ^~~~~~~~~~~~~~~~~~
/scratch2/dima/zephyr-chipyard-sw-fresh/tools-manual/zephyr-sdk-1.0.0-beta1/gnu/riscv64-zephyr-elf/riscv64-zephyr-elf/sys-include/sys/syslimits.h:89:9: note: this is the location of the previous definition
   89 | #define _POSIX_SYMLOOP_MAX      8
      |         ^~~~~~~~~~~~~~~~~~
/scratch2/agustin/zephyr-chipyard-sw/zephyr_ws/zephyr/include/zephyr/posix/posix_limits.h:50:9: warning: "_POSIX_THREAD_DESTRUCTOR_ITERATIONS" redefined
   50 | #define _POSIX_THREAD_DESTRUCTOR_ITERATIONS (4)
      |         ^~~~~~~~~~~~~~~~~~~~~~~~~~~~~~~~~~~
/scratch2/dima/zephyr-chipyard-sw-fresh/tools-manual/zephyr-sdk-1.0.0-beta1/gnu/riscv64-zephyr-elf/riscv64-zephyr-elf/sys-include/sys/syslimits.h:90:9: note: this is the location of the previous definition
   90 | #define _POSIX_THREAD_DESTRUCTOR_ITERATIONS     4
      |         ^~~~~~~~~~~~~~~~~~~~~~~~~~~~~~~~~~~
/scratch2/agustin/zephyr-chipyard-sw/zephyr_ws/zephyr/include/zephyr/posix/posix_limits.h:51:9: warning: "_POSIX_THREAD_KEYS_MAX" redefined
   51 | #define _POSIX_THREAD_KEYS_MAX              (128)
      |         ^~~~~~~~~~~~~~~~~~~~~~
/scratch2/dima/zephyr-chipyard-sw-fresh/tools-manual/zephyr-sdk-1.0.0-beta1/gnu/riscv64-zephyr-elf/riscv64-zephyr-elf/sys-include/sys/syslimits.h:91:9: note: this is the location of the previous definition
   91 | #define _POSIX_THREAD_KEYS_MAX  128
      |         ^~~~~~~~~~~~~~~~~~~~~~
/scratch2/agustin/zephyr-chipyard-sw/zephyr_ws/zephyr/include/zephyr/posix/posix_limits.h:52:9: warning: "_POSIX_THREAD_THREADS_MAX" redefined
   52 | #define _POSIX_THREAD_THREADS_MAX           (64)
      |         ^~~~~~~~~~~~~~~~~~~~~~~~~
/scratch2/dima/zephyr-chipyard-sw-fresh/tools-manual/zephyr-sdk-1.0.0-beta1/gnu/riscv64-zephyr-elf/riscv64-zephyr-elf/sys-include/sys/syslimits.h:92:9: note: this is the location of the previous definition
   92 | #define _POSIX_THREAD_THREADS_MAX       64
      |         ^~~~~~~~~~~~~~~~~~~~~~~~~
/scratch2/agustin/zephyr-chipyard-sw/zephyr_ws/zephyr/include/zephyr/posix/posix_limits.h:53:9: warning: "_POSIX_TIMER_MAX" redefined
   53 | #define _POSIX_TIMER_MAX                    (32)
      |         ^~~~~~~~~~~~~~~~
/scratch2/dima/zephyr-chipyard-sw-fresh/tools-manual/zephyr-sdk-1.0.0-beta1/gnu/riscv64-zephyr-elf/riscv64-zephyr-elf/sys-include/sys/syslimits.h:93:9: note: this is the location of the previous definition
   93 | #define _POSIX_TIMER_MAX        32
      |         ^~~~~~~~~~~~~~~~
/scratch2/agustin/zephyr-chipyard-sw/zephyr_ws/zephyr/include/zephyr/posix/posix_limits.h:54:9: warning: "_POSIX_TRACE_EVENT_NAME_MAX" redefined
   54 | #define _POSIX_TRACE_EVENT_NAME_MAX         (30)
      |         ^~~~~~~~~~~~~~~~~~~~~~~~~~~
/scratch2/dima/zephyr-chipyard-sw-fresh/tools-manual/zephyr-sdk-1.0.0-beta1/gnu/riscv64-zephyr-elf/riscv64-zephyr-elf/sys-include/sys/syslimits.h:94:9: note: this is the location of the previous definition
   94 | #define _POSIX_TRACE_EVENT_NAME_MAX     30
      |         ^~~~~~~~~~~~~~~~~~~~~~~~~~~
/scratch2/agustin/zephyr-chipyard-sw/zephyr_ws/zephyr/include/zephyr/posix/posix_limits.h:55:9: warning: "_POSIX_TRACE_NAME_MAX" redefined
   55 | #define _POSIX_TRACE_NAME_MAX               (8)
      |         ^~~~~~~~~~~~~~~~~~~~~
/scratch2/dima/zephyr-chipyard-sw-fresh/tools-manual/zephyr-sdk-1.0.0-beta1/gnu/riscv64-zephyr-elf/riscv64-zephyr-elf/sys-include/sys/syslimits.h:95:9: note: this is the location of the previous definition
   95 | #define _POSIX_TRACE_NAME_MAX   8
      |         ^~~~~~~~~~~~~~~~~~~~~
/scratch2/agustin/zephyr-chipyard-sw/zephyr_ws/zephyr/include/zephyr/posix/posix_limits.h:56:9: warning: "_POSIX_TRACE_SYS_MAX" redefined
   56 | #define _POSIX_TRACE_SYS_MAX                (8)
      |         ^~~~~~~~~~~~~~~~~~~~
/scratch2/dima/zephyr-chipyard-sw-fresh/tools-manual/zephyr-sdk-1.0.0-beta1/gnu/riscv64-zephyr-elf/riscv64-zephyr-elf/sys-include/sys/syslimits.h:96:9: note: this is the location of the previous definition
   96 | #define _POSIX_TRACE_SYS_MAX    8
      |         ^~~~~~~~~~~~~~~~~~~~
/scratch2/agustin/zephyr-chipyard-sw/zephyr_ws/zephyr/include/zephyr/posix/posix_limits.h:57:9: warning: "_POSIX_TRACE_USER_EVENT_MAX" redefined
   57 | #define _POSIX_TRACE_USER_EVENT_MAX         (32)
      |         ^~~~~~~~~~~~~~~~~~~~~~~~~~~
/scratch2/dima/zephyr-chipyard-sw-fresh/tools-manual/zephyr-sdk-1.0.0-beta1/gnu/riscv64-zephyr-elf/riscv64-zephyr-elf/sys-include/sys/syslimits.h:97:9: note: this is the location of the previous definition
   97 | #define _POSIX_TRACE_USER_EVENT_MAX     32
      |         ^~~~~~~~~~~~~~~~~~~~~~~~~~~
/scratch2/agustin/zephyr-chipyard-sw/zephyr_ws/zephyr/include/zephyr/posix/posix_limits.h:58:9: warning: "_POSIX_TTY_NAME_MAX" redefined
   58 | #define _POSIX_TTY_NAME_MAX                 (9)
      |         ^~~~~~~~~~~~~~~~~~~
/scratch2/dima/zephyr-chipyard-sw-fresh/tools-manual/zephyr-sdk-1.0.0-beta1/gnu/riscv64-zephyr-elf/riscv64-zephyr-elf/sys-include/sys/syslimits.h:98:9: note: this is the location of the previous definition
   98 | #define _POSIX_TTY_NAME_MAX     9
      |         ^~~~~~~~~~~~~~~~~~~
/scratch2/agustin/zephyr-chipyard-sw/zephyr_ws/zephyr/include/zephyr/posix/posix_limits.h:59:9: warning: "_POSIX_TZNAME_MAX" redefined
   59 | #define _POSIX_TZNAME_MAX                   (6)
      |         ^~~~~~~~~~~~~~~~~
/scratch2/dima/zephyr-chipyard-sw-fresh/tools-manual/zephyr-sdk-1.0.0-beta1/gnu/riscv64-zephyr-elf/riscv64-zephyr-elf/sys-include/sys/syslimits.h:99:9: note: this is the location of the previous definition
   99 | #define _POSIX_TZNAME_MAX       3
      |         ^~~~~~~~~~~~~~~~~
/scratch2/agustin/zephyr-chipyard-sw/zephyr_ws/zephyr/include/zephyr/posix/posix_limits.h:60:9: warning: "_POSIX2_BC_BASE_MAX" redefined
   60 | #define _POSIX2_BC_BASE_MAX                 (99)
      |         ^~~~~~~~~~~~~~~~~~~
/scratch2/dima/zephyr-chipyard-sw-fresh/tools-manual/zephyr-sdk-1.0.0-beta1/gnu/riscv64-zephyr-elf/riscv64-zephyr-elf/sys-include/sys/syslimits.h:100:9: note: this is the location of the previous definition
  100 | #define _POSIX2_BC_BASE_MAX     99
      |         ^~~~~~~~~~~~~~~~~~~
/scratch2/agustin/zephyr-chipyard-sw/zephyr_ws/zephyr/include/zephyr/posix/posix_limits.h:61:9: warning: "_POSIX2_BC_DIM_MAX" redefined
   61 | #define _POSIX2_BC_DIM_MAX                  (2048)
      |         ^~~~~~~~~~~~~~~~~~
/scratch2/dima/zephyr-chipyard-sw-fresh/tools-manual/zephyr-sdk-1.0.0-beta1/gnu/riscv64-zephyr-elf/riscv64-zephyr-elf/sys-include/sys/syslimits.h:101:9: note: this is the location of the previous definition
  101 | #define _POSIX2_BC_DIM_MAX      2048
      |         ^~~~~~~~~~~~~~~~~~
/scratch2/agustin/zephyr-chipyard-sw/zephyr_ws/zephyr/include/zephyr/posix/posix_limits.h:62:9: warning: "_POSIX2_BC_SCALE_MAX" redefined
   62 | #define _POSIX2_BC_SCALE_MAX                (99)
      |         ^~~~~~~~~~~~~~~~~~~~
/scratch2/dima/zephyr-chipyard-sw-fresh/tools-manual/zephyr-sdk-1.0.0-beta1/gnu/riscv64-zephyr-elf/riscv64-zephyr-elf/sys-include/sys/syslimits.h:102:9: note: this is the location of the previous definition
  102 | #define _POSIX2_BC_SCALE_MAX    99
      |         ^~~~~~~~~~~~~~~~~~~~
/scratch2/agustin/zephyr-chipyard-sw/zephyr_ws/zephyr/include/zephyr/posix/posix_limits.h:63:9: warning: "_POSIX2_BC_STRING_MAX" redefined
   63 | #define _POSIX2_BC_STRING_MAX               (1000)
      |         ^~~~~~~~~~~~~~~~~~~~~
/scratch2/dima/zephyr-chipyard-sw-fresh/tools-manual/zephyr-sdk-1.0.0-beta1/gnu/riscv64-zephyr-elf/riscv64-zephyr-elf/sys-include/sys/syslimits.h:103:9: note: this is the location of the previous definition
  103 | #define _POSIX2_BC_STRING_MAX   1000
      |         ^~~~~~~~~~~~~~~~~~~~~
/scratch2/agustin/zephyr-chipyard-sw/zephyr_ws/zephyr/include/zephyr/posix/posix_limits.h:64:9: warning: "_POSIX2_CHARCLASS_NAME_MAX" redefined
   64 | #define _POSIX2_CHARCLASS_NAME_MAX          (14)
      |         ^~~~~~~~~~~~~~~~~~~~~~~~~~
/scratch2/dima/zephyr-chipyard-sw-fresh/tools-manual/zephyr-sdk-1.0.0-beta1/gnu/riscv64-zephyr-elf/riscv64-zephyr-elf/sys-include/sys/syslimits.h:104:9: note: this is the location of the previous definition
  104 | #define _POSIX2_CHARCLASS_NAME_MAX      14
      |         ^~~~~~~~~~~~~~~~~~~~~~~~~~
/scratch2/agustin/zephyr-chipyard-sw/zephyr_ws/zephyr/include/zephyr/posix/posix_limits.h:65:9: warning: "_POSIX2_COLL_WEIGHTS_MAX" redefined
   65 | #define _POSIX2_COLL_WEIGHTS_MAX            (2)
      |         ^~~~~~~~~~~~~~~~~~~~~~~~
/scratch2/dima/zephyr-chipyard-sw-fresh/tools-manual/zephyr-sdk-1.0.0-beta1/gnu/riscv64-zephyr-elf/riscv64-zephyr-elf/sys-include/sys/syslimits.h:105:9: note: this is the location of the previous definition
  105 | #define _POSIX2_COLL_WEIGHTS_MAX        2
      |         ^~~~~~~~~~~~~~~~~~~~~~~~
/scratch2/agustin/zephyr-chipyard-sw/zephyr_ws/zephyr/include/zephyr/posix/posix_limits.h:66:9: warning: "_POSIX2_EXPR_NEST_MAX" redefined
   66 | #define _POSIX2_EXPR_NEST_MAX               (32)
      |         ^~~~~~~~~~~~~~~~~~~~~
/scratch2/dima/zephyr-chipyard-sw-fresh/tools-manual/zephyr-sdk-1.0.0-beta1/gnu/riscv64-zephyr-elf/riscv64-zephyr-elf/sys-include/sys/syslimits.h:106:9: note: this is the location of the previous definition
  106 | #define _POSIX2_EXPR_NEST_MAX   32
      |         ^~~~~~~~~~~~~~~~~~~~~
/scratch2/agustin/zephyr-chipyard-sw/zephyr_ws/zephyr/include/zephyr/posix/posix_limits.h:67:9: warning: "_POSIX2_LINE_MAX" redefined
   67 | #define _POSIX2_LINE_MAX                    (2048)
      |         ^~~~~~~~~~~~~~~~
/scratch2/dima/zephyr-chipyard-sw-fresh/tools-manual/zephyr-sdk-1.0.0-beta1/gnu/riscv64-zephyr-elf/riscv64-zephyr-elf/sys-include/sys/syslimits.h:107:9: note: this is the location of the previous definition
  107 | #define _POSIX2_LINE_MAX        2048
      |         ^~~~~~~~~~~~~~~~
/scratch2/agustin/zephyr-chipyard-sw/zephyr_ws/zephyr/include/zephyr/posix/posix_limits.h:83:9: warning: "ARG_MAX" redefined
   83 | #define ARG_MAX                       _POSIX_ARG_MAX
      |         ^~~~~~~
/scratch2/dima/zephyr-chipyard-sw-fresh/tools-manual/zephyr-sdk-1.0.0-beta1/gnu/riscv64-zephyr-elf/riscv64-zephyr-elf/sys-include/sys/syslimits.h:41:9: note: this is the location of the previous definition
   41 | #define ARG_MAX                 65536   /* max bytes for an exec function */
      |         ^~~~~~~
/scratch2/agustin/zephyr-chipyard-sw/zephyr_ws/zephyr/include/zephyr/posix/posix_limits.h:84:9: warning: "ATEXIT_MAX" redefined
   84 | #define ATEXIT_MAX                    (32)
      |         ^~~~~~~~~~
/scratch2/dima/zephyr-chipyard-sw-fresh/tools-manual/zephyr-sdk-1.0.0-beta1/gnu/riscv64-zephyr-elf/riscv64-zephyr-elf/sys-include/sys/syslimits.h:42:9: note: this is the location of the previous definition
   42 | #define ATEXIT_MAX                 32   /* max atexit functions */
      |         ^~~~~~~~~~
/scratch2/agustin/zephyr-chipyard-sw/zephyr_ws/zephyr/include/zephyr/posix/posix_limits.h:93:9: warning: "OPEN_MAX" redefined
   93 | #define OPEN_MAX                      CONFIG_POSIX_OPEN_MAX
      |         ^~~~~~~~
/scratch2/dima/zephyr-chipyard-sw-fresh/tools-manual/zephyr-sdk-1.0.0-beta1/gnu/riscv64-zephyr-elf/riscv64-zephyr-elf/sys-include/sys/syslimits.h:45:9: note: this is the location of the previous definition
   45 | #define OPEN_MAX                   64   /* max open files per process */
      |         ^~~~~~~~
/scratch2/agustin/zephyr-chipyard-sw/zephyr_ws/zephyr/include/zephyr/posix/posix_limits.h:96:9: warning: "PATH_MAX" redefined
   96 | #define PATH_MAX                      _POSIX_PATH_MAX
      |         ^~~~~~~~
/scratch2/dima/zephyr-chipyard-sw-fresh/tools-manual/zephyr-sdk-1.0.0-beta1/gnu/riscv64-zephyr-elf/riscv64-zephyr-elf/sys-include/sys/syslimits.h:53:9: note: this is the location of the previous definition
   53 | #define PATH_MAX                 1024   /* max bytes in pathname */
      |         ^~~~~~~~
/scratch2/agustin/zephyr-chipyard-sw/zephyr_ws/zephyr/include/zephyr/posix/posix_limits.h:114:9: warning: "TZNAME_MAX" redefined
  114 | #define TZNAME_MAX                    _POSIX_TZNAME_MAX
      |         ^~~~~~~~~~
/scratch2/dima/zephyr-chipyard-sw-fresh/tools-manual/zephyr-sdk-1.0.0-beta1/gnu/riscv64-zephyr-elf/riscv64-zephyr-elf/sys-include/sys/syslimits.h:46:9: note: this is the location of the previous definition
   46 | #define TZNAME_MAX                 10   /* max time zone name length */
      |         ^~~~~~~~~~
[124/216] Building C object zephyr/lib/posix/options/CMakeFiles/lib__posix__options.dir/multi_process.c.obj
In file included from /scratch2/agustin/zephyr-chipyard-sw/zephyr_ws/zephyr/include/zephyr/posix/sys/sysconf.h:11,
                 from /scratch2/agustin/zephyr-chipyard-sw/zephyr_ws/zephyr/include/zephyr/posix/unistd.h:18,
                 from /scratch2/agustin/zephyr-chipyard-sw/zephyr_ws/zephyr/lib/posix/options/multi_process.c:12:
/scratch2/agustin/zephyr-chipyard-sw/zephyr_ws/zephyr/include/zephyr/posix/posix_limits.h:23:9: warning: "_POSIX_AIO_LISTIO_MAX" redefined
   23 | #define _POSIX_AIO_LISTIO_MAX               (2)
      |         ^~~~~~~~~~~~~~~~~~~~~
In file included from /scratch2/dima/zephyr-chipyard-sw-fresh/tools-manual/zephyr-sdk-1.0.0-beta1/gnu/riscv64-zephyr-elf/riscv64-zephyr-elf/sys-include/limits.h:6,
                 from /scratch2/dima/zephyr-chipyard-sw-fresh/tools-manual/zephyr-sdk-1.0.0-beta1/gnu/riscv64-zephyr-elf/lib/gcc/riscv64-zephyr-elf/14.3.0/include/limits.h:210,
                 from /scratch2/dima/zephyr-chipyard-sw-fresh/tools-manual/zephyr-sdk-1.0.0-beta1/gnu/riscv64-zephyr-elf/lib/gcc/riscv64-zephyr-elf/14.3.0/include/syslimits.h:7,
                 from /scratch2/dima/zephyr-chipyard-sw-fresh/tools-manual/zephyr-sdk-1.0.0-beta1/gnu/riscv64-zephyr-elf/lib/gcc/riscv64-zephyr-elf/14.3.0/include/limits.h:34,
                 from /scratch2/agustin/zephyr-chipyard-sw/zephyr_ws/zephyr/include/zephyr/kernel_includes.h:22,
                 from /scratch2/agustin/zephyr-chipyard-sw/zephyr_ws/zephyr/include/zephyr/kernel.h:17,
                 from /scratch2/agustin/zephyr-chipyard-sw/zephyr_ws/zephyr/lib/posix/options/multi_process.c:10:
/scratch2/dima/zephyr-chipyard-sw-fresh/tools-manual/zephyr-sdk-1.0.0-beta1/gnu/riscv64-zephyr-elf/riscv64-zephyr-elf/sys-include/sys/syslimits.h:63:9: note: this is the location of the previous definition
   63 | #define _POSIX_AIO_LISTIO_MAX   2
      |         ^~~~~~~~~~~~~~~~~~~~~
/scratch2/agustin/zephyr-chipyard-sw/zephyr_ws/zephyr/include/zephyr/posix/posix_limits.h:24:9: warning: "_POSIX_AIO_MAX" redefined
   24 | #define _POSIX_AIO_MAX                      (1)
      |         ^~~~~~~~~~~~~~
/scratch2/dima/zephyr-chipyard-sw-fresh/tools-manual/zephyr-sdk-1.0.0-beta1/gnu/riscv64-zephyr-elf/riscv64-zephyr-elf/sys-include/sys/syslimits.h:64:9: note: this is the location of the previous definition
   64 | #define _POSIX_AIO_MAX          1
      |         ^~~~~~~~~~~~~~
/scratch2/agustin/zephyr-chipyard-sw/zephyr_ws/zephyr/include/zephyr/posix/posix_limits.h:25:9: warning: "_POSIX_ARG_MAX" redefined
   25 | #define _POSIX_ARG_MAX                      (4096)
      |         ^~~~~~~~~~~~~~
/scratch2/dima/zephyr-chipyard-sw-fresh/tools-manual/zephyr-sdk-1.0.0-beta1/gnu/riscv64-zephyr-elf/riscv64-zephyr-elf/sys-include/sys/syslimits.h:65:9: note: this is the location of the previous definition
   65 | #define _POSIX_ARG_MAX          4096
      |         ^~~~~~~~~~~~~~
/scratch2/agustin/zephyr-chipyard-sw/zephyr_ws/zephyr/include/zephyr/posix/posix_limits.h:26:9: warning: "_POSIX_CHILD_MAX" redefined
   26 | #define _POSIX_CHILD_MAX                    (25)
      |         ^~~~~~~~~~~~~~~~
/scratch2/dima/zephyr-chipyard-sw-fresh/tools-manual/zephyr-sdk-1.0.0-beta1/gnu/riscv64-zephyr-elf/riscv64-zephyr-elf/sys-include/sys/syslimits.h:66:9: note: this is the location of the previous definition
   66 | #define _POSIX_CHILD_MAX        6
      |         ^~~~~~~~~~~~~~~~
/scratch2/agustin/zephyr-chipyard-sw/zephyr_ws/zephyr/include/zephyr/posix/posix_limits.h:27:9: warning: "_POSIX_DELAYTIMER_MAX" redefined
   27 | #define _POSIX_DELAYTIMER_MAX               (32)
      |         ^~~~~~~~~~~~~~~~~~~~~
/scratch2/dima/zephyr-chipyard-sw-fresh/tools-manual/zephyr-sdk-1.0.0-beta1/gnu/riscv64-zephyr-elf/riscv64-zephyr-elf/sys-include/sys/syslimits.h:67:9: note: this is the location of the previous definition
   67 | #define _POSIX_DELAYTIMER_MAX   32
      |         ^~~~~~~~~~~~~~~~~~~~~
/scratch2/agustin/zephyr-chipyard-sw/zephyr_ws/zephyr/include/zephyr/posix/posix_limits.h:28:9: warning: "_POSIX_HOST_NAME_MAX" redefined
   28 | #define _POSIX_HOST_NAME_MAX                (255)
      |         ^~~~~~~~~~~~~~~~~~~~
/scratch2/dima/zephyr-chipyard-sw-fresh/tools-manual/zephyr-sdk-1.0.0-beta1/gnu/riscv64-zephyr-elf/riscv64-zephyr-elf/sys-include/sys/syslimits.h:68:9: note: this is the location of the previous definition
   68 | #define _POSIX_HOST_NAME_MAX    255
      |         ^~~~~~~~~~~~~~~~~~~~
/scratch2/agustin/zephyr-chipyard-sw/zephyr_ws/zephyr/include/zephyr/posix/posix_limits.h:29:9: warning: "_POSIX_LINK_MAX" redefined
   29 | #define _POSIX_LINK_MAX                     (8)
      |         ^~~~~~~~~~~~~~~
/scratch2/dima/zephyr-chipyard-sw-fresh/tools-manual/zephyr-sdk-1.0.0-beta1/gnu/riscv64-zephyr-elf/riscv64-zephyr-elf/sys-include/sys/syslimits.h:69:9: note: this is the location of the previous definition
   69 | #define _POSIX_LINK_MAX         8
      |         ^~~~~~~~~~~~~~~
/scratch2/agustin/zephyr-chipyard-sw/zephyr_ws/zephyr/include/zephyr/posix/posix_limits.h:30:9: warning: "_POSIX_LOGIN_NAME_MAX" redefined
   30 | #define _POSIX_LOGIN_NAME_MAX               (9)
      |         ^~~~~~~~~~~~~~~~~~~~~
/scratch2/dima/zephyr-chipyard-sw-fresh/tools-manual/zephyr-sdk-1.0.0-beta1/gnu/riscv64-zephyr-elf/riscv64-zephyr-elf/sys-include/sys/syslimits.h:70:9: note: this is the location of the previous definition
   70 | #define _POSIX_LOGIN_NAME_MAX   9
      |         ^~~~~~~~~~~~~~~~~~~~~
/scratch2/agustin/zephyr-chipyard-sw/zephyr_ws/zephyr/include/zephyr/posix/posix_limits.h:31:9: warning: "_POSIX_MAX_CANON" redefined
   31 | #define _POSIX_MAX_CANON                    (255)
      |         ^~~~~~~~~~~~~~~~
/scratch2/dima/zephyr-chipyard-sw-fresh/tools-manual/zephyr-sdk-1.0.0-beta1/gnu/riscv64-zephyr-elf/riscv64-zephyr-elf/sys-include/sys/syslimits.h:71:9: note: this is the location of the previous definition
   71 | #define _POSIX_MAX_CANON        255
      |         ^~~~~~~~~~~~~~~~
/scratch2/agustin/zephyr-chipyard-sw/zephyr_ws/zephyr/include/zephyr/posix/posix_limits.h:32:9: warning: "_POSIX_MAX_INPUT" redefined
   32 | #define _POSIX_MAX_INPUT                    (255)
      |         ^~~~~~~~~~~~~~~~
/scratch2/dima/zephyr-chipyard-sw-fresh/tools-manual/zephyr-sdk-1.0.0-beta1/gnu/riscv64-zephyr-elf/riscv64-zephyr-elf/sys-include/sys/syslimits.h:72:9: note: this is the location of the previous definition
   72 | #define _POSIX_MAX_INPUT        255
      |         ^~~~~~~~~~~~~~~~
/scratch2/agustin/zephyr-chipyard-sw/zephyr_ws/zephyr/include/zephyr/posix/posix_limits.h:33:9: warning: "_POSIX_MQ_OPEN_MAX" redefined
   33 | #define _POSIX_MQ_OPEN_MAX                  (8)
      |         ^~~~~~~~~~~~~~~~~~
/scratch2/dima/zephyr-chipyard-sw-fresh/tools-manual/zephyr-sdk-1.0.0-beta1/gnu/riscv64-zephyr-elf/riscv64-zephyr-elf/sys-include/sys/syslimits.h:73:9: note: this is the location of the previous definition
   73 | #define _POSIX_MQ_OPEN_MAX      8
      |         ^~~~~~~~~~~~~~~~~~
/scratch2/agustin/zephyr-chipyard-sw/zephyr_ws/zephyr/include/zephyr/posix/posix_limits.h:34:9: warning: "_POSIX_MQ_PRIO_MAX" redefined
   34 | #define _POSIX_MQ_PRIO_MAX                  (32)
      |         ^~~~~~~~~~~~~~~~~~
/scratch2/dima/zephyr-chipyard-sw-fresh/tools-manual/zephyr-sdk-1.0.0-beta1/gnu/riscv64-zephyr-elf/riscv64-zephyr-elf/sys-include/sys/syslimits.h:74:9: note: this is the location of the previous definition
   74 | #define _POSIX_MQ_PRIO_MAX      32
      |         ^~~~~~~~~~~~~~~~~~
/scratch2/agustin/zephyr-chipyard-sw/zephyr_ws/zephyr/include/zephyr/posix/posix_limits.h:35:9: warning: "_POSIX_NAME_MAX" redefined
   35 | #define _POSIX_NAME_MAX                     (14)
      |         ^~~~~~~~~~~~~~~
/scratch2/dima/zephyr-chipyard-sw-fresh/tools-manual/zephyr-sdk-1.0.0-beta1/gnu/riscv64-zephyr-elf/riscv64-zephyr-elf/sys-include/sys/syslimits.h:75:9: note: this is the location of the previous definition
   75 | #define _POSIX_NAME_MAX         14
      |         ^~~~~~~~~~~~~~~
/scratch2/agustin/zephyr-chipyard-sw/zephyr_ws/zephyr/include/zephyr/posix/posix_limits.h:36:9: warning: "_POSIX_NGROUPS_MAX" redefined
   36 | #define _POSIX_NGROUPS_MAX                  (8)
      |         ^~~~~~~~~~~~~~~~~~
/scratch2/dima/zephyr-chipyard-sw-fresh/tools-manual/zephyr-sdk-1.0.0-beta1/gnu/riscv64-zephyr-elf/riscv64-zephyr-elf/sys-include/sys/syslimits.h:76:9: note: this is the location of the previous definition
   76 | #define _POSIX_NGROUPS_MAX      0
      |         ^~~~~~~~~~~~~~~~~~
/scratch2/agustin/zephyr-chipyard-sw/zephyr_ws/zephyr/include/zephyr/posix/posix_limits.h:37:9: warning: "_POSIX_OPEN_MAX" redefined
   37 | #define _POSIX_OPEN_MAX                     (20)
      |         ^~~~~~~~~~~~~~~
/scratch2/dima/zephyr-chipyard-sw-fresh/tools-manual/zephyr-sdk-1.0.0-beta1/gnu/riscv64-zephyr-elf/riscv64-zephyr-elf/sys-include/sys/syslimits.h:77:9: note: this is the location of the previous definition
   77 | #define _POSIX_OPEN_MAX         16
      |         ^~~~~~~~~~~~~~~
/scratch2/agustin/zephyr-chipyard-sw/zephyr_ws/zephyr/include/zephyr/posix/posix_limits.h:38:9: warning: "_POSIX_PATH_MAX" redefined
   38 | #define _POSIX_PATH_MAX                     (256)
      |         ^~~~~~~~~~~~~~~
/scratch2/dima/zephyr-chipyard-sw-fresh/tools-manual/zephyr-sdk-1.0.0-beta1/gnu/riscv64-zephyr-elf/riscv64-zephyr-elf/sys-include/sys/syslimits.h:78:9: note: this is the location of the previous definition
   78 | #define _POSIX_PATH_MAX         255
      |         ^~~~~~~~~~~~~~~
/scratch2/agustin/zephyr-chipyard-sw/zephyr_ws/zephyr/include/zephyr/posix/posix_limits.h:39:9: warning: "_POSIX_PIPE_BUF" redefined
   39 | #define _POSIX_PIPE_BUF                     (512)
      |         ^~~~~~~~~~~~~~~
/scratch2/dima/zephyr-chipyard-sw-fresh/tools-manual/zephyr-sdk-1.0.0-beta1/gnu/riscv64-zephyr-elf/riscv64-zephyr-elf/sys-include/sys/syslimits.h:79:9: note: this is the location of the previous definition
   79 | #define _POSIX_PIPE_BUF         512
      |         ^~~~~~~~~~~~~~~
/scratch2/agustin/zephyr-chipyard-sw/zephyr_ws/zephyr/include/zephyr/posix/posix_limits.h:40:9: warning: "_POSIX_RE_DUP_MAX" redefined
   40 | #define _POSIX_RE_DUP_MAX                   (255)
      |         ^~~~~~~~~~~~~~~~~
/scratch2/dima/zephyr-chipyard-sw-fresh/tools-manual/zephyr-sdk-1.0.0-beta1/gnu/riscv64-zephyr-elf/riscv64-zephyr-elf/sys-include/sys/syslimits.h:80:9: note: this is the location of the previous definition
   80 | #define _POSIX_RE_DUP_MAX       255
      |         ^~~~~~~~~~~~~~~~~
/scratch2/agustin/zephyr-chipyard-sw/zephyr_ws/zephyr/include/zephyr/posix/posix_limits.h:41:9: warning: "_POSIX_RTSIG_MAX" redefined
   41 | #define _POSIX_RTSIG_MAX                    (8)
      |         ^~~~~~~~~~~~~~~~
/scratch2/dima/zephyr-chipyard-sw-fresh/tools-manual/zephyr-sdk-1.0.0-beta1/gnu/riscv64-zephyr-elf/riscv64-zephyr-elf/sys-include/sys/syslimits.h:81:9: note: this is the location of the previous definition
   81 | #define _POSIX_RTSIG_MAX        8
      |         ^~~~~~~~~~~~~~~~
/scratch2/agustin/zephyr-chipyard-sw/zephyr_ws/zephyr/include/zephyr/posix/posix_limits.h:42:9: warning: "_POSIX_SEM_NSEMS_MAX" redefined
   42 | #define _POSIX_SEM_NSEMS_MAX                (256)
      |         ^~~~~~~~~~~~~~~~~~~~
/scratch2/dima/zephyr-chipyard-sw-fresh/tools-manual/zephyr-sdk-1.0.0-beta1/gnu/riscv64-zephyr-elf/riscv64-zephyr-elf/sys-include/sys/syslimits.h:82:9: note: this is the location of the previous definition
   82 | #define _POSIX_SEM_NSEMS_MAX    256
      |         ^~~~~~~~~~~~~~~~~~~~
/scratch2/agustin/zephyr-chipyard-sw/zephyr_ws/zephyr/include/zephyr/posix/posix_limits.h:43:9: warning: "_POSIX_SEM_VALUE_MAX" redefined
   43 | #define _POSIX_SEM_VALUE_MAX                (32767)
      |         ^~~~~~~~~~~~~~~~~~~~
/scratch2/dima/zephyr-chipyard-sw-fresh/tools-manual/zephyr-sdk-1.0.0-beta1/gnu/riscv64-zephyr-elf/riscv64-zephyr-elf/sys-include/sys/syslimits.h:83:9: note: this is the location of the previous definition
   83 | #define _POSIX_SEM_VALUE_MAX    32767
      |         ^~~~~~~~~~~~~~~~~~~~
/scratch2/agustin/zephyr-chipyard-sw/zephyr_ws/zephyr/include/zephyr/posix/posix_limits.h:44:9: warning: "_POSIX_SIGQUEUE_MAX" redefined
   44 | #define _POSIX_SIGQUEUE_MAX                 (32)
      |         ^~~~~~~~~~~~~~~~~~~
/scratch2/dima/zephyr-chipyard-sw-fresh/tools-manual/zephyr-sdk-1.0.0-beta1/gnu/riscv64-zephyr-elf/riscv64-zephyr-elf/sys-include/sys/syslimits.h:84:9: note: this is the location of the previous definition
   84 | #define _POSIX_SIGQUEUE_MAX     32
      |         ^~~~~~~~~~~~~~~~~~~
/scratch2/agustin/zephyr-chipyard-sw/zephyr_ws/zephyr/include/zephyr/posix/posix_limits.h:45:9: warning: "_POSIX_SSIZE_MAX" redefined
   45 | #define _POSIX_SSIZE_MAX                    (32767)
      |         ^~~~~~~~~~~~~~~~
/scratch2/dima/zephyr-chipyard-sw-fresh/tools-manual/zephyr-sdk-1.0.0-beta1/gnu/riscv64-zephyr-elf/riscv64-zephyr-elf/sys-include/sys/syslimits.h:85:9: note: this is the location of the previous definition
   85 | #define _POSIX_SSIZE_MAX        32767
      |         ^~~~~~~~~~~~~~~~
/scratch2/agustin/zephyr-chipyard-sw/zephyr_ws/zephyr/include/zephyr/posix/posix_limits.h:46:9: warning: "_POSIX_SS_REPL_MAX" redefined
   46 | #define _POSIX_SS_REPL_MAX                  (4)
      |         ^~~~~~~~~~~~~~~~~~
/scratch2/dima/zephyr-chipyard-sw-fresh/tools-manual/zephyr-sdk-1.0.0-beta1/gnu/riscv64-zephyr-elf/riscv64-zephyr-elf/sys-include/sys/syslimits.h:86:9: note: this is the location of the previous definition
   86 | #define _POSIX_SS_REPL_MAX      4
      |         ^~~~~~~~~~~~~~~~~~
/scratch2/agustin/zephyr-chipyard-sw/zephyr_ws/zephyr/include/zephyr/posix/posix_limits.h:47:9: warning: "_POSIX_STREAM_MAX" redefined
   47 | #define _POSIX_STREAM_MAX                   (8)
      |         ^~~~~~~~~~~~~~~~~
/scratch2/dima/zephyr-chipyard-sw-fresh/tools-manual/zephyr-sdk-1.0.0-beta1/gnu/riscv64-zephyr-elf/riscv64-zephyr-elf/sys-include/sys/syslimits.h:87:9: note: this is the location of the previous definition
   87 | #define _POSIX_STREAM_MAX       8
      |         ^~~~~~~~~~~~~~~~~
/scratch2/agustin/zephyr-chipyard-sw/zephyr_ws/zephyr/include/zephyr/posix/posix_limits.h:48:9: warning: "_POSIX_SYMLINK_MAX" redefined
   48 | #define _POSIX_SYMLINK_MAX                  (255)
      |         ^~~~~~~~~~~~~~~~~~
/scratch2/dima/zephyr-chipyard-sw-fresh/tools-manual/zephyr-sdk-1.0.0-beta1/gnu/riscv64-zephyr-elf/riscv64-zephyr-elf/sys-include/sys/syslimits.h:88:9: note: this is the location of the previous definition
   88 | #define _POSIX_SYMLINK_MAX      255
      |         ^~~~~~~~~~~~~~~~~~
/scratch2/agustin/zephyr-chipyard-sw/zephyr_ws/zephyr/include/zephyr/posix/posix_limits.h:49:9: warning: "_POSIX_SYMLOOP_MAX" redefined
   49 | #define _POSIX_SYMLOOP_MAX                  (8)
      |         ^~~~~~~~~~~~~~~~~~
/scratch2/dima/zephyr-chipyard-sw-fresh/tools-manual/zephyr-sdk-1.0.0-beta1/gnu/riscv64-zephyr-elf/riscv64-zephyr-elf/sys-include/sys/syslimits.h:89:9: note: this is the location of the previous definition
   89 | #define _POSIX_SYMLOOP_MAX      8
      |         ^~~~~~~~~~~~~~~~~~
/scratch2/agustin/zephyr-chipyard-sw/zephyr_ws/zephyr/include/zephyr/posix/posix_limits.h:50:9: warning: "_POSIX_THREAD_DESTRUCTOR_ITERATIONS" redefined
   50 | #define _POSIX_THREAD_DESTRUCTOR_ITERATIONS (4)
      |         ^~~~~~~~~~~~~~~~~~~~~~~~~~~~~~~~~~~
/scratch2/dima/zephyr-chipyard-sw-fresh/tools-manual/zephyr-sdk-1.0.0-beta1/gnu/riscv64-zephyr-elf/riscv64-zephyr-elf/sys-include/sys/syslimits.h:90:9: note: this is the location of the previous definition
   90 | #define _POSIX_THREAD_DESTRUCTOR_ITERATIONS     4
      |         ^~~~~~~~~~~~~~~~~~~~~~~~~~~~~~~~~~~
/scratch2/agustin/zephyr-chipyard-sw/zephyr_ws/zephyr/include/zephyr/posix/posix_limits.h:51:9: warning: "_POSIX_THREAD_KEYS_MAX" redefined
   51 | #define _POSIX_THREAD_KEYS_MAX              (128)
      |         ^~~~~~~~~~~~~~~~~~~~~~
/scratch2/dima/zephyr-chipyard-sw-fresh/tools-manual/zephyr-sdk-1.0.0-beta1/gnu/riscv64-zephyr-elf/riscv64-zephyr-elf/sys-include/sys/syslimits.h:91:9: note: this is the location of the previous definition
   91 | #define _POSIX_THREAD_KEYS_MAX  128
      |         ^~~~~~~~~~~~~~~~~~~~~~
/scratch2/agustin/zephyr-chipyard-sw/zephyr_ws/zephyr/include/zephyr/posix/posix_limits.h:52:9: warning: "_POSIX_THREAD_THREADS_MAX" redefined
   52 | #define _POSIX_THREAD_THREADS_MAX           (64)
      |         ^~~~~~~~~~~~~~~~~~~~~~~~~
/scratch2/dima/zephyr-chipyard-sw-fresh/tools-manual/zephyr-sdk-1.0.0-beta1/gnu/riscv64-zephyr-elf/riscv64-zephyr-elf/sys-include/sys/syslimits.h:92:9: note: this is the location of the previous definition
   92 | #define _POSIX_THREAD_THREADS_MAX       64
      |         ^~~~~~~~~~~~~~~~~~~~~~~~~
/scratch2/agustin/zephyr-chipyard-sw/zephyr_ws/zephyr/include/zephyr/posix/posix_limits.h:53:9: warning: "_POSIX_TIMER_MAX" redefined
   53 | #define _POSIX_TIMER_MAX                    (32)
      |         ^~~~~~~~~~~~~~~~
/scratch2/dima/zephyr-chipyard-sw-fresh/tools-manual/zephyr-sdk-1.0.0-beta1/gnu/riscv64-zephyr-elf/riscv64-zephyr-elf/sys-include/sys/syslimits.h:93:9: note: this is the location of the previous definition
   93 | #define _POSIX_TIMER_MAX        32
      |         ^~~~~~~~~~~~~~~~
/scratch2/agustin/zephyr-chipyard-sw/zephyr_ws/zephyr/include/zephyr/posix/posix_limits.h:54:9: warning: "_POSIX_TRACE_EVENT_NAME_MAX" redefined
   54 | #define _POSIX_TRACE_EVENT_NAME_MAX         (30)
      |         ^~~~~~~~~~~~~~~~~~~~~~~~~~~
/scratch2/dima/zephyr-chipyard-sw-fresh/tools-manual/zephyr-sdk-1.0.0-beta1/gnu/riscv64-zephyr-elf/riscv64-zephyr-elf/sys-include/sys/syslimits.h:94:9: note: this is the location of the previous definition
   94 | #define _POSIX_TRACE_EVENT_NAME_MAX     30
      |         ^~~~~~~~~~~~~~~~~~~~~~~~~~~
/scratch2/agustin/zephyr-chipyard-sw/zephyr_ws/zephyr/include/zephyr/posix/posix_limits.h:55:9: warning: "_POSIX_TRACE_NAME_MAX" redefined
   55 | #define _POSIX_TRACE_NAME_MAX               (8)
      |         ^~~~~~~~~~~~~~~~~~~~~
/scratch2/dima/zephyr-chipyard-sw-fresh/tools-manual/zephyr-sdk-1.0.0-beta1/gnu/riscv64-zephyr-elf/riscv64-zephyr-elf/sys-include/sys/syslimits.h:95:9: note: this is the location of the previous definition
   95 | #define _POSIX_TRACE_NAME_MAX   8
      |         ^~~~~~~~~~~~~~~~~~~~~
/scratch2/agustin/zephyr-chipyard-sw/zephyr_ws/zephyr/include/zephyr/posix/posix_limits.h:56:9: warning: "_POSIX_TRACE_SYS_MAX" redefined
   56 | #define _POSIX_TRACE_SYS_MAX                (8)
      |         ^~~~~~~~~~~~~~~~~~~~
/scratch2/dima/zephyr-chipyard-sw-fresh/tools-manual/zephyr-sdk-1.0.0-beta1/gnu/riscv64-zephyr-elf/riscv64-zephyr-elf/sys-include/sys/syslimits.h:96:9: note: this is the location of the previous definition
   96 | #define _POSIX_TRACE_SYS_MAX    8
      |         ^~~~~~~~~~~~~~~~~~~~
/scratch2/agustin/zephyr-chipyard-sw/zephyr_ws/zephyr/include/zephyr/posix/posix_limits.h:57:9: warning: "_POSIX_TRACE_USER_EVENT_MAX" redefined
   57 | #define _POSIX_TRACE_USER_EVENT_MAX         (32)
      |         ^~~~~~~~~~~~~~~~~~~~~~~~~~~
/scratch2/dima/zephyr-chipyard-sw-fresh/tools-manual/zephyr-sdk-1.0.0-beta1/gnu/riscv64-zephyr-elf/riscv64-zephyr-elf/sys-include/sys/syslimits.h:97:9: note: this is the location of the previous definition
   97 | #define _POSIX_TRACE_USER_EVENT_MAX     32
      |         ^~~~~~~~~~~~~~~~~~~~~~~~~~~
/scratch2/agustin/zephyr-chipyard-sw/zephyr_ws/zephyr/include/zephyr/posix/posix_limits.h:58:9: warning: "_POSIX_TTY_NAME_MAX" redefined
   58 | #define _POSIX_TTY_NAME_MAX                 (9)
      |         ^~~~~~~~~~~~~~~~~~~
/scratch2/dima/zephyr-chipyard-sw-fresh/tools-manual/zephyr-sdk-1.0.0-beta1/gnu/riscv64-zephyr-elf/riscv64-zephyr-elf/sys-include/sys/syslimits.h:98:9: note: this is the location of the previous definition
   98 | #define _POSIX_TTY_NAME_MAX     9
      |         ^~~~~~~~~~~~~~~~~~~
/scratch2/agustin/zephyr-chipyard-sw/zephyr_ws/zephyr/include/zephyr/posix/posix_limits.h:59:9: warning: "_POSIX_TZNAME_MAX" redefined
   59 | #define _POSIX_TZNAME_MAX                   (6)
      |         ^~~~~~~~~~~~~~~~~
/scratch2/dima/zephyr-chipyard-sw-fresh/tools-manual/zephyr-sdk-1.0.0-beta1/gnu/riscv64-zephyr-elf/riscv64-zephyr-elf/sys-include/sys/syslimits.h:99:9: note: this is the location of the previous definition
   99 | #define _POSIX_TZNAME_MAX       3
      |         ^~~~~~~~~~~~~~~~~
/scratch2/agustin/zephyr-chipyard-sw/zephyr_ws/zephyr/include/zephyr/posix/posix_limits.h:60:9: warning: "_POSIX2_BC_BASE_MAX" redefined
   60 | #define _POSIX2_BC_BASE_MAX                 (99)
      |         ^~~~~~~~~~~~~~~~~~~
/scratch2/dima/zephyr-chipyard-sw-fresh/tools-manual/zephyr-sdk-1.0.0-beta1/gnu/riscv64-zephyr-elf/riscv64-zephyr-elf/sys-include/sys/syslimits.h:100:9: note: this is the location of the previous definition
  100 | #define _POSIX2_BC_BASE_MAX     99
      |         ^~~~~~~~~~~~~~~~~~~
/scratch2/agustin/zephyr-chipyard-sw/zephyr_ws/zephyr/include/zephyr/posix/posix_limits.h:61:9: warning: "_POSIX2_BC_DIM_MAX" redefined
   61 | #define _POSIX2_BC_DIM_MAX                  (2048)
      |         ^~~~~~~~~~~~~~~~~~
/scratch2/dima/zephyr-chipyard-sw-fresh/tools-manual/zephyr-sdk-1.0.0-beta1/gnu/riscv64-zephyr-elf/riscv64-zephyr-elf/sys-include/sys/syslimits.h:101:9: note: this is the location of the previous definition
  101 | #define _POSIX2_BC_DIM_MAX      2048
      |         ^~~~~~~~~~~~~~~~~~
/scratch2/agustin/zephyr-chipyard-sw/zephyr_ws/zephyr/include/zephyr/posix/posix_limits.h:62:9: warning: "_POSIX2_BC_SCALE_MAX" redefined
   62 | #define _POSIX2_BC_SCALE_MAX                (99)
      |         ^~~~~~~~~~~~~~~~~~~~
/scratch2/dima/zephyr-chipyard-sw-fresh/tools-manual/zephyr-sdk-1.0.0-beta1/gnu/riscv64-zephyr-elf/riscv64-zephyr-elf/sys-include/sys/syslimits.h:102:9: note: this is the location of the previous definition
  102 | #define _POSIX2_BC_SCALE_MAX    99
      |         ^~~~~~~~~~~~~~~~~~~~
/scratch2/agustin/zephyr-chipyard-sw/zephyr_ws/zephyr/include/zephyr/posix/posix_limits.h:63:9: warning: "_POSIX2_BC_STRING_MAX" redefined
   63 | #define _POSIX2_BC_STRING_MAX               (1000)
      |         ^~~~~~~~~~~~~~~~~~~~~
/scratch2/dima/zephyr-chipyard-sw-fresh/tools-manual/zephyr-sdk-1.0.0-beta1/gnu/riscv64-zephyr-elf/riscv64-zephyr-elf/sys-include/sys/syslimits.h:103:9: note: this is the location of the previous definition
  103 | #define _POSIX2_BC_STRING_MAX   1000
      |         ^~~~~~~~~~~~~~~~~~~~~
/scratch2/agustin/zephyr-chipyard-sw/zephyr_ws/zephyr/include/zephyr/posix/posix_limits.h:64:9: warning: "_POSIX2_CHARCLASS_NAME_MAX" redefined
   64 | #define _POSIX2_CHARCLASS_NAME_MAX          (14)
      |         ^~~~~~~~~~~~~~~~~~~~~~~~~~
/scratch2/dima/zephyr-chipyard-sw-fresh/tools-manual/zephyr-sdk-1.0.0-beta1/gnu/riscv64-zephyr-elf/riscv64-zephyr-elf/sys-include/sys/syslimits.h:104:9: note: this is the location of the previous definition
  104 | #define _POSIX2_CHARCLASS_NAME_MAX      14
      |         ^~~~~~~~~~~~~~~~~~~~~~~~~~
/scratch2/agustin/zephyr-chipyard-sw/zephyr_ws/zephyr/include/zephyr/posix/posix_limits.h:65:9: warning: "_POSIX2_COLL_WEIGHTS_MAX" redefined
   65 | #define _POSIX2_COLL_WEIGHTS_MAX            (2)
      |         ^~~~~~~~~~~~~~~~~~~~~~~~
/scratch2/dima/zephyr-chipyard-sw-fresh/tools-manual/zephyr-sdk-1.0.0-beta1/gnu/riscv64-zephyr-elf/riscv64-zephyr-elf/sys-include/sys/syslimits.h:105:9: note: this is the location of the previous definition
  105 | #define _POSIX2_COLL_WEIGHTS_MAX        2
      |         ^~~~~~~~~~~~~~~~~~~~~~~~
/scratch2/agustin/zephyr-chipyard-sw/zephyr_ws/zephyr/include/zephyr/posix/posix_limits.h:66:9: warning: "_POSIX2_EXPR_NEST_MAX" redefined
   66 | #define _POSIX2_EXPR_NEST_MAX               (32)
      |         ^~~~~~~~~~~~~~~~~~~~~
/scratch2/dima/zephyr-chipyard-sw-fresh/tools-manual/zephyr-sdk-1.0.0-beta1/gnu/riscv64-zephyr-elf/riscv64-zephyr-elf/sys-include/sys/syslimits.h:106:9: note: this is the location of the previous definition
  106 | #define _POSIX2_EXPR_NEST_MAX   32
      |         ^~~~~~~~~~~~~~~~~~~~~
/scratch2/agustin/zephyr-chipyard-sw/zephyr_ws/zephyr/include/zephyr/posix/posix_limits.h:67:9: warning: "_POSIX2_LINE_MAX" redefined
   67 | #define _POSIX2_LINE_MAX                    (2048)
      |         ^~~~~~~~~~~~~~~~
/scratch2/dima/zephyr-chipyard-sw-fresh/tools-manual/zephyr-sdk-1.0.0-beta1/gnu/riscv64-zephyr-elf/riscv64-zephyr-elf/sys-include/sys/syslimits.h:107:9: note: this is the location of the previous definition
  107 | #define _POSIX2_LINE_MAX        2048
      |         ^~~~~~~~~~~~~~~~
/scratch2/agustin/zephyr-chipyard-sw/zephyr_ws/zephyr/include/zephyr/posix/posix_limits.h:83:9: warning: "ARG_MAX" redefined
   83 | #define ARG_MAX                       _POSIX_ARG_MAX
      |         ^~~~~~~
/scratch2/dima/zephyr-chipyard-sw-fresh/tools-manual/zephyr-sdk-1.0.0-beta1/gnu/riscv64-zephyr-elf/riscv64-zephyr-elf/sys-include/sys/syslimits.h:41:9: note: this is the location of the previous definition
   41 | #define ARG_MAX                 65536   /* max bytes for an exec function */
      |         ^~~~~~~
/scratch2/agustin/zephyr-chipyard-sw/zephyr_ws/zephyr/include/zephyr/posix/posix_limits.h:84:9: warning: "ATEXIT_MAX" redefined
   84 | #define ATEXIT_MAX                    (32)
      |         ^~~~~~~~~~
/scratch2/dima/zephyr-chipyard-sw-fresh/tools-manual/zephyr-sdk-1.0.0-beta1/gnu/riscv64-zephyr-elf/riscv64-zephyr-elf/sys-include/sys/syslimits.h:42:9: note: this is the location of the previous definition
   42 | #define ATEXIT_MAX                 32   /* max atexit functions */
      |         ^~~~~~~~~~
/scratch2/agustin/zephyr-chipyard-sw/zephyr_ws/zephyr/include/zephyr/posix/posix_limits.h:93:9: warning: "OPEN_MAX" redefined
   93 | #define OPEN_MAX                      CONFIG_POSIX_OPEN_MAX
      |         ^~~~~~~~
/scratch2/dima/zephyr-chipyard-sw-fresh/tools-manual/zephyr-sdk-1.0.0-beta1/gnu/riscv64-zephyr-elf/riscv64-zephyr-elf/sys-include/sys/syslimits.h:45:9: note: this is the location of the previous definition
   45 | #define OPEN_MAX                   64   /* max open files per process */
      |         ^~~~~~~~
/scratch2/agustin/zephyr-chipyard-sw/zephyr_ws/zephyr/include/zephyr/posix/posix_limits.h:96:9: warning: "PATH_MAX" redefined
   96 | #define PATH_MAX                      _POSIX_PATH_MAX
      |         ^~~~~~~~
/scratch2/dima/zephyr-chipyard-sw-fresh/tools-manual/zephyr-sdk-1.0.0-beta1/gnu/riscv64-zephyr-elf/riscv64-zephyr-elf/sys-include/sys/syslimits.h:53:9: note: this is the location of the previous definition
   53 | #define PATH_MAX                 1024   /* max bytes in pathname */
      |         ^~~~~~~~
/scratch2/agustin/zephyr-chipyard-sw/zephyr_ws/zephyr/include/zephyr/posix/posix_limits.h:114:9: warning: "TZNAME_MAX" redefined
  114 | #define TZNAME_MAX                    _POSIX_TZNAME_MAX
      |         ^~~~~~~~~~
/scratch2/dima/zephyr-chipyard-sw-fresh/tools-manual/zephyr-sdk-1.0.0-beta1/gnu/riscv64-zephyr-elf/riscv64-zephyr-elf/sys-include/sys/syslimits.h:46:9: note: this is the location of the previous definition
   46 | #define TZNAME_MAX                 10   /* max time zone name length */
      |         ^~~~~~~~~~
[125/216] Building C object zephyr/lib/posix/options/CMakeFiles/lib__posix__options.dir/barrier.c.obj
In file included from /scratch2/agustin/zephyr-chipyard-sw/zephyr_ws/zephyr/include/zephyr/posix/sys/sysconf.h:11,
                 from /scratch2/agustin/zephyr-chipyard-sw/zephyr_ws/zephyr/include/zephyr/posix/unistd.h:18,
                 from /scratch2/agustin/zephyr-chipyard-sw/zephyr_ws/zephyr/include/zephyr/posix/pthread.h:15,
                 from /scratch2/agustin/zephyr-chipyard-sw/zephyr_ws/zephyr/lib/posix/options/posix_internal.h:15,
                 from /scratch2/agustin/zephyr-chipyard-sw/zephyr_ws/zephyr/lib/posix/options/barrier.c:8:
/scratch2/agustin/zephyr-chipyard-sw/zephyr_ws/zephyr/include/zephyr/posix/posix_limits.h:23:9: warning: "_POSIX_AIO_LISTIO_MAX" redefined
   23 | #define _POSIX_AIO_LISTIO_MAX               (2)
      |         ^~~~~~~~~~~~~~~~~~~~~
In file included from /scratch2/dima/zephyr-chipyard-sw-fresh/tools-manual/zephyr-sdk-1.0.0-beta1/gnu/riscv64-zephyr-elf/riscv64-zephyr-elf/sys-include/limits.h:6,
                 from /scratch2/dima/zephyr-chipyard-sw-fresh/tools-manual/zephyr-sdk-1.0.0-beta1/gnu/riscv64-zephyr-elf/lib/gcc/riscv64-zephyr-elf/14.3.0/include/limits.h:210,
                 from /scratch2/dima/zephyr-chipyard-sw-fresh/tools-manual/zephyr-sdk-1.0.0-beta1/gnu/riscv64-zephyr-elf/lib/gcc/riscv64-zephyr-elf/14.3.0/include/syslimits.h:7,
                 from /scratch2/dima/zephyr-chipyard-sw-fresh/tools-manual/zephyr-sdk-1.0.0-beta1/gnu/riscv64-zephyr-elf/lib/gcc/riscv64-zephyr-elf/14.3.0/include/limits.h:34,
                 from /scratch2/agustin/zephyr-chipyard-sw/zephyr_ws/zephyr/include/zephyr/kernel_includes.h:22,
                 from /scratch2/agustin/zephyr-chipyard-sw/zephyr_ws/zephyr/include/zephyr/kernel.h:17,
                 from /scratch2/agustin/zephyr-chipyard-sw/zephyr_ws/zephyr/lib/posix/options/posix_internal.h:14:
/scratch2/dima/zephyr-chipyard-sw-fresh/tools-manual/zephyr-sdk-1.0.0-beta1/gnu/riscv64-zephyr-elf/riscv64-zephyr-elf/sys-include/sys/syslimits.h:63:9: note: this is the location of the previous definition
   63 | #define _POSIX_AIO_LISTIO_MAX   2
      |         ^~~~~~~~~~~~~~~~~~~~~
/scratch2/agustin/zephyr-chipyard-sw/zephyr_ws/zephyr/include/zephyr/posix/posix_limits.h:24:9: warning: "_POSIX_AIO_MAX" redefined
   24 | #define _POSIX_AIO_MAX                      (1)
      |         ^~~~~~~~~~~~~~
/scratch2/dima/zephyr-chipyard-sw-fresh/tools-manual/zephyr-sdk-1.0.0-beta1/gnu/riscv64-zephyr-elf/riscv64-zephyr-elf/sys-include/sys/syslimits.h:64:9: note: this is the location of the previous definition
   64 | #define _POSIX_AIO_MAX          1
      |         ^~~~~~~~~~~~~~
/scratch2/agustin/zephyr-chipyard-sw/zephyr_ws/zephyr/include/zephyr/posix/posix_limits.h:25:9: warning: "_POSIX_ARG_MAX" redefined
   25 | #define _POSIX_ARG_MAX                      (4096)
      |         ^~~~~~~~~~~~~~
/scratch2/dima/zephyr-chipyard-sw-fresh/tools-manual/zephyr-sdk-1.0.0-beta1/gnu/riscv64-zephyr-elf/riscv64-zephyr-elf/sys-include/sys/syslimits.h:65:9: note: this is the location of the previous definition
   65 | #define _POSIX_ARG_MAX          4096
      |         ^~~~~~~~~~~~~~
/scratch2/agustin/zephyr-chipyard-sw/zephyr_ws/zephyr/include/zephyr/posix/posix_limits.h:26:9: warning: "_POSIX_CHILD_MAX" redefined
   26 | #define _POSIX_CHILD_MAX                    (25)
      |         ^~~~~~~~~~~~~~~~
/scratch2/dima/zephyr-chipyard-sw-fresh/tools-manual/zephyr-sdk-1.0.0-beta1/gnu/riscv64-zephyr-elf/riscv64-zephyr-elf/sys-include/sys/syslimits.h:66:9: note: this is the location of the previous definition
   66 | #define _POSIX_CHILD_MAX        6
      |         ^~~~~~~~~~~~~~~~
/scratch2/agustin/zephyr-chipyard-sw/zephyr_ws/zephyr/include/zephyr/posix/posix_limits.h:27:9: warning: "_POSIX_DELAYTIMER_MAX" redefined
   27 | #define _POSIX_DELAYTIMER_MAX               (32)
      |         ^~~~~~~~~~~~~~~~~~~~~
/scratch2/dima/zephyr-chipyard-sw-fresh/tools-manual/zephyr-sdk-1.0.0-beta1/gnu/riscv64-zephyr-elf/riscv64-zephyr-elf/sys-include/sys/syslimits.h:67:9: note: this is the location of the previous definition
   67 | #define _POSIX_DELAYTIMER_MAX   32
      |         ^~~~~~~~~~~~~~~~~~~~~
/scratch2/agustin/zephyr-chipyard-sw/zephyr_ws/zephyr/include/zephyr/posix/posix_limits.h:28:9: warning: "_POSIX_HOST_NAME_MAX" redefined
   28 | #define _POSIX_HOST_NAME_MAX                (255)
      |         ^~~~~~~~~~~~~~~~~~~~
/scratch2/dima/zephyr-chipyard-sw-fresh/tools-manual/zephyr-sdk-1.0.0-beta1/gnu/riscv64-zephyr-elf/riscv64-zephyr-elf/sys-include/sys/syslimits.h:68:9: note: this is the location of the previous definition
   68 | #define _POSIX_HOST_NAME_MAX    255
      |         ^~~~~~~~~~~~~~~~~~~~
/scratch2/agustin/zephyr-chipyard-sw/zephyr_ws/zephyr/include/zephyr/posix/posix_limits.h:29:9: warning: "_POSIX_LINK_MAX" redefined
   29 | #define _POSIX_LINK_MAX                     (8)
      |         ^~~~~~~~~~~~~~~
/scratch2/dima/zephyr-chipyard-sw-fresh/tools-manual/zephyr-sdk-1.0.0-beta1/gnu/riscv64-zephyr-elf/riscv64-zephyr-elf/sys-include/sys/syslimits.h:69:9: note: this is the location of the previous definition
   69 | #define _POSIX_LINK_MAX         8
      |         ^~~~~~~~~~~~~~~
/scratch2/agustin/zephyr-chipyard-sw/zephyr_ws/zephyr/include/zephyr/posix/posix_limits.h:30:9: warning: "_POSIX_LOGIN_NAME_MAX" redefined
   30 | #define _POSIX_LOGIN_NAME_MAX               (9)
      |         ^~~~~~~~~~~~~~~~~~~~~
/scratch2/dima/zephyr-chipyard-sw-fresh/tools-manual/zephyr-sdk-1.0.0-beta1/gnu/riscv64-zephyr-elf/riscv64-zephyr-elf/sys-include/sys/syslimits.h:70:9: note: this is the location of the previous definition
   70 | #define _POSIX_LOGIN_NAME_MAX   9
      |         ^~~~~~~~~~~~~~~~~~~~~
/scratch2/agustin/zephyr-chipyard-sw/zephyr_ws/zephyr/include/zephyr/posix/posix_limits.h:31:9: warning: "_POSIX_MAX_CANON" redefined
   31 | #define _POSIX_MAX_CANON                    (255)
      |         ^~~~~~~~~~~~~~~~
/scratch2/dima/zephyr-chipyard-sw-fresh/tools-manual/zephyr-sdk-1.0.0-beta1/gnu/riscv64-zephyr-elf/riscv64-zephyr-elf/sys-include/sys/syslimits.h:71:9: note: this is the location of the previous definition
   71 | #define _POSIX_MAX_CANON        255
      |         ^~~~~~~~~~~~~~~~
/scratch2/agustin/zephyr-chipyard-sw/zephyr_ws/zephyr/include/zephyr/posix/posix_limits.h:32:9: warning: "_POSIX_MAX_INPUT" redefined
   32 | #define _POSIX_MAX_INPUT                    (255)
      |         ^~~~~~~~~~~~~~~~
/scratch2/dima/zephyr-chipyard-sw-fresh/tools-manual/zephyr-sdk-1.0.0-beta1/gnu/riscv64-zephyr-elf/riscv64-zephyr-elf/sys-include/sys/syslimits.h:72:9: note: this is the location of the previous definition
   72 | #define _POSIX_MAX_INPUT        255
      |         ^~~~~~~~~~~~~~~~
/scratch2/agustin/zephyr-chipyard-sw/zephyr_ws/zephyr/include/zephyr/posix/posix_limits.h:33:9: warning: "_POSIX_MQ_OPEN_MAX" redefined
   33 | #define _POSIX_MQ_OPEN_MAX                  (8)
      |         ^~~~~~~~~~~~~~~~~~
/scratch2/dima/zephyr-chipyard-sw-fresh/tools-manual/zephyr-sdk-1.0.0-beta1/gnu/riscv64-zephyr-elf/riscv64-zephyr-elf/sys-include/sys/syslimits.h:73:9: note: this is the location of the previous definition
   73 | #define _POSIX_MQ_OPEN_MAX      8
      |         ^~~~~~~~~~~~~~~~~~
/scratch2/agustin/zephyr-chipyard-sw/zephyr_ws/zephyr/include/zephyr/posix/posix_limits.h:34:9: warning: "_POSIX_MQ_PRIO_MAX" redefined
   34 | #define _POSIX_MQ_PRIO_MAX                  (32)
      |         ^~~~~~~~~~~~~~~~~~
/scratch2/dima/zephyr-chipyard-sw-fresh/tools-manual/zephyr-sdk-1.0.0-beta1/gnu/riscv64-zephyr-elf/riscv64-zephyr-elf/sys-include/sys/syslimits.h:74:9: note: this is the location of the previous definition
   74 | #define _POSIX_MQ_PRIO_MAX      32
      |         ^~~~~~~~~~~~~~~~~~
/scratch2/agustin/zephyr-chipyard-sw/zephyr_ws/zephyr/include/zephyr/posix/posix_limits.h:35:9: warning: "_POSIX_NAME_MAX" redefined
   35 | #define _POSIX_NAME_MAX                     (14)
      |         ^~~~~~~~~~~~~~~
/scratch2/dima/zephyr-chipyard-sw-fresh/tools-manual/zephyr-sdk-1.0.0-beta1/gnu/riscv64-zephyr-elf/riscv64-zephyr-elf/sys-include/sys/syslimits.h:75:9: note: this is the location of the previous definition
   75 | #define _POSIX_NAME_MAX         14
      |         ^~~~~~~~~~~~~~~
/scratch2/agustin/zephyr-chipyard-sw/zephyr_ws/zephyr/include/zephyr/posix/posix_limits.h:36:9: warning: "_POSIX_NGROUPS_MAX" redefined
   36 | #define _POSIX_NGROUPS_MAX                  (8)
      |         ^~~~~~~~~~~~~~~~~~
/scratch2/dima/zephyr-chipyard-sw-fresh/tools-manual/zephyr-sdk-1.0.0-beta1/gnu/riscv64-zephyr-elf/riscv64-zephyr-elf/sys-include/sys/syslimits.h:76:9: note: this is the location of the previous definition
   76 | #define _POSIX_NGROUPS_MAX      0
      |         ^~~~~~~~~~~~~~~~~~
/scratch2/agustin/zephyr-chipyard-sw/zephyr_ws/zephyr/include/zephyr/posix/posix_limits.h:37:9: warning: "_POSIX_OPEN_MAX" redefined
   37 | #define _POSIX_OPEN_MAX                     (20)
      |         ^~~~~~~~~~~~~~~
/scratch2/dima/zephyr-chipyard-sw-fresh/tools-manual/zephyr-sdk-1.0.0-beta1/gnu/riscv64-zephyr-elf/riscv64-zephyr-elf/sys-include/sys/syslimits.h:77:9: note: this is the location of the previous definition
   77 | #define _POSIX_OPEN_MAX         16
      |         ^~~~~~~~~~~~~~~
/scratch2/agustin/zephyr-chipyard-sw/zephyr_ws/zephyr/include/zephyr/posix/posix_limits.h:38:9: warning: "_POSIX_PATH_MAX" redefined
   38 | #define _POSIX_PATH_MAX                     (256)
      |         ^~~~~~~~~~~~~~~
/scratch2/dima/zephyr-chipyard-sw-fresh/tools-manual/zephyr-sdk-1.0.0-beta1/gnu/riscv64-zephyr-elf/riscv64-zephyr-elf/sys-include/sys/syslimits.h:78:9: note: this is the location of the previous definition
   78 | #define _POSIX_PATH_MAX         255
      |         ^~~~~~~~~~~~~~~
/scratch2/agustin/zephyr-chipyard-sw/zephyr_ws/zephyr/include/zephyr/posix/posix_limits.h:39:9: warning: "_POSIX_PIPE_BUF" redefined
   39 | #define _POSIX_PIPE_BUF                     (512)
      |         ^~~~~~~~~~~~~~~
/scratch2/dima/zephyr-chipyard-sw-fresh/tools-manual/zephyr-sdk-1.0.0-beta1/gnu/riscv64-zephyr-elf/riscv64-zephyr-elf/sys-include/sys/syslimits.h:79:9: note: this is the location of the previous definition
   79 | #define _POSIX_PIPE_BUF         512
      |         ^~~~~~~~~~~~~~~
/scratch2/agustin/zephyr-chipyard-sw/zephyr_ws/zephyr/include/zephyr/posix/posix_limits.h:40:9: warning: "_POSIX_RE_DUP_MAX" redefined
   40 | #define _POSIX_RE_DUP_MAX                   (255)
      |         ^~~~~~~~~~~~~~~~~
/scratch2/dima/zephyr-chipyard-sw-fresh/tools-manual/zephyr-sdk-1.0.0-beta1/gnu/riscv64-zephyr-elf/riscv64-zephyr-elf/sys-include/sys/syslimits.h:80:9: note: this is the location of the previous definition
   80 | #define _POSIX_RE_DUP_MAX       255
      |         ^~~~~~~~~~~~~~~~~
/scratch2/agustin/zephyr-chipyard-sw/zephyr_ws/zephyr/include/zephyr/posix/posix_limits.h:41:9: warning: "_POSIX_RTSIG_MAX" redefined
   41 | #define _POSIX_RTSIG_MAX                    (8)
      |         ^~~~~~~~~~~~~~~~
/scratch2/dima/zephyr-chipyard-sw-fresh/tools-manual/zephyr-sdk-1.0.0-beta1/gnu/riscv64-zephyr-elf/riscv64-zephyr-elf/sys-include/sys/syslimits.h:81:9: note: this is the location of the previous definition
   81 | #define _POSIX_RTSIG_MAX        8
      |         ^~~~~~~~~~~~~~~~
/scratch2/agustin/zephyr-chipyard-sw/zephyr_ws/zephyr/include/zephyr/posix/posix_limits.h:42:9: warning: "_POSIX_SEM_NSEMS_MAX" redefined
   42 | #define _POSIX_SEM_NSEMS_MAX                (256)
      |         ^~~~~~~~~~~~~~~~~~~~
/scratch2/dima/zephyr-chipyard-sw-fresh/tools-manual/zephyr-sdk-1.0.0-beta1/gnu/riscv64-zephyr-elf/riscv64-zephyr-elf/sys-include/sys/syslimits.h:82:9: note: this is the location of the previous definition
   82 | #define _POSIX_SEM_NSEMS_MAX    256
      |         ^~~~~~~~~~~~~~~~~~~~
/scratch2/agustin/zephyr-chipyard-sw/zephyr_ws/zephyr/include/zephyr/posix/posix_limits.h:43:9: warning: "_POSIX_SEM_VALUE_MAX" redefined
   43 | #define _POSIX_SEM_VALUE_MAX                (32767)
      |         ^~~~~~~~~~~~~~~~~~~~
/scratch2/dima/zephyr-chipyard-sw-fresh/tools-manual/zephyr-sdk-1.0.0-beta1/gnu/riscv64-zephyr-elf/riscv64-zephyr-elf/sys-include/sys/syslimits.h:83:9: note: this is the location of the previous definition
   83 | #define _POSIX_SEM_VALUE_MAX    32767
      |         ^~~~~~~~~~~~~~~~~~~~
/scratch2/agustin/zephyr-chipyard-sw/zephyr_ws/zephyr/include/zephyr/posix/posix_limits.h:44:9: warning: "_POSIX_SIGQUEUE_MAX" redefined
   44 | #define _POSIX_SIGQUEUE_MAX                 (32)
      |         ^~~~~~~~~~~~~~~~~~~
/scratch2/dima/zephyr-chipyard-sw-fresh/tools-manual/zephyr-sdk-1.0.0-beta1/gnu/riscv64-zephyr-elf/riscv64-zephyr-elf/sys-include/sys/syslimits.h:84:9: note: this is the location of the previous definition
   84 | #define _POSIX_SIGQUEUE_MAX     32
      |         ^~~~~~~~~~~~~~~~~~~
/scratch2/agustin/zephyr-chipyard-sw/zephyr_ws/zephyr/include/zephyr/posix/posix_limits.h:45:9: warning: "_POSIX_SSIZE_MAX" redefined
   45 | #define _POSIX_SSIZE_MAX                    (32767)
      |         ^~~~~~~~~~~~~~~~
/scratch2/dima/zephyr-chipyard-sw-fresh/tools-manual/zephyr-sdk-1.0.0-beta1/gnu/riscv64-zephyr-elf/riscv64-zephyr-elf/sys-include/sys/syslimits.h:85:9: note: this is the location of the previous definition
   85 | #define _POSIX_SSIZE_MAX        32767
      |         ^~~~~~~~~~~~~~~~
/scratch2/agustin/zephyr-chipyard-sw/zephyr_ws/zephyr/include/zephyr/posix/posix_limits.h:46:9: warning: "_POSIX_SS_REPL_MAX" redefined
   46 | #define _POSIX_SS_REPL_MAX                  (4)
      |         ^~~~~~~~~~~~~~~~~~
/scratch2/dima/zephyr-chipyard-sw-fresh/tools-manual/zephyr-sdk-1.0.0-beta1/gnu/riscv64-zephyr-elf/riscv64-zephyr-elf/sys-include/sys/syslimits.h:86:9: note: this is the location of the previous definition
   86 | #define _POSIX_SS_REPL_MAX      4
      |         ^~~~~~~~~~~~~~~~~~
/scratch2/agustin/zephyr-chipyard-sw/zephyr_ws/zephyr/include/zephyr/posix/posix_limits.h:47:9: warning: "_POSIX_STREAM_MAX" redefined
   47 | #define _POSIX_STREAM_MAX                   (8)
      |         ^~~~~~~~~~~~~~~~~
/scratch2/dima/zephyr-chipyard-sw-fresh/tools-manual/zephyr-sdk-1.0.0-beta1/gnu/riscv64-zephyr-elf/riscv64-zephyr-elf/sys-include/sys/syslimits.h:87:9: note: this is the location of the previous definition
   87 | #define _POSIX_STREAM_MAX       8
      |         ^~~~~~~~~~~~~~~~~
/scratch2/agustin/zephyr-chipyard-sw/zephyr_ws/zephyr/include/zephyr/posix/posix_limits.h:48:9: warning: "_POSIX_SYMLINK_MAX" redefined
   48 | #define _POSIX_SYMLINK_MAX                  (255)
      |         ^~~~~~~~~~~~~~~~~~
/scratch2/dima/zephyr-chipyard-sw-fresh/tools-manual/zephyr-sdk-1.0.0-beta1/gnu/riscv64-zephyr-elf/riscv64-zephyr-elf/sys-include/sys/syslimits.h:88:9: note: this is the location of the previous definition
   88 | #define _POSIX_SYMLINK_MAX      255
      |         ^~~~~~~~~~~~~~~~~~
/scratch2/agustin/zephyr-chipyard-sw/zephyr_ws/zephyr/include/zephyr/posix/posix_limits.h:49:9: warning: "_POSIX_SYMLOOP_MAX" redefined
   49 | #define _POSIX_SYMLOOP_MAX                  (8)
      |         ^~~~~~~~~~~~~~~~~~
/scratch2/dima/zephyr-chipyard-sw-fresh/tools-manual/zephyr-sdk-1.0.0-beta1/gnu/riscv64-zephyr-elf/riscv64-zephyr-elf/sys-include/sys/syslimits.h:89:9: note: this is the location of the previous definition
   89 | #define _POSIX_SYMLOOP_MAX      8
      |         ^~~~~~~~~~~~~~~~~~
/scratch2/agustin/zephyr-chipyard-sw/zephyr_ws/zephyr/include/zephyr/posix/posix_limits.h:50:9: warning: "_POSIX_THREAD_DESTRUCTOR_ITERATIONS" redefined
   50 | #define _POSIX_THREAD_DESTRUCTOR_ITERATIONS (4)
      |         ^~~~~~~~~~~~~~~~~~~~~~~~~~~~~~~~~~~
/scratch2/dima/zephyr-chipyard-sw-fresh/tools-manual/zephyr-sdk-1.0.0-beta1/gnu/riscv64-zephyr-elf/riscv64-zephyr-elf/sys-include/sys/syslimits.h:90:9: note: this is the location of the previous definition
   90 | #define _POSIX_THREAD_DESTRUCTOR_ITERATIONS     4
      |         ^~~~~~~~~~~~~~~~~~~~~~~~~~~~~~~~~~~
/scratch2/agustin/zephyr-chipyard-sw/zephyr_ws/zephyr/include/zephyr/posix/posix_limits.h:51:9: warning: "_POSIX_THREAD_KEYS_MAX" redefined
   51 | #define _POSIX_THREAD_KEYS_MAX              (128)
      |         ^~~~~~~~~~~~~~~~~~~~~~
/scratch2/dima/zephyr-chipyard-sw-fresh/tools-manual/zephyr-sdk-1.0.0-beta1/gnu/riscv64-zephyr-elf/riscv64-zephyr-elf/sys-include/sys/syslimits.h:91:9: note: this is the location of the previous definition
   91 | #define _POSIX_THREAD_KEYS_MAX  128
      |         ^~~~~~~~~~~~~~~~~~~~~~
/scratch2/agustin/zephyr-chipyard-sw/zephyr_ws/zephyr/include/zephyr/posix/posix_limits.h:52:9: warning: "_POSIX_THREAD_THREADS_MAX" redefined
   52 | #define _POSIX_THREAD_THREADS_MAX           (64)
      |         ^~~~~~~~~~~~~~~~~~~~~~~~~
/scratch2/dima/zephyr-chipyard-sw-fresh/tools-manual/zephyr-sdk-1.0.0-beta1/gnu/riscv64-zephyr-elf/riscv64-zephyr-elf/sys-include/sys/syslimits.h:92:9: note: this is the location of the previous definition
   92 | #define _POSIX_THREAD_THREADS_MAX       64
      |         ^~~~~~~~~~~~~~~~~~~~~~~~~
/scratch2/agustin/zephyr-chipyard-sw/zephyr_ws/zephyr/include/zephyr/posix/posix_limits.h:53:9: warning: "_POSIX_TIMER_MAX" redefined
   53 | #define _POSIX_TIMER_MAX                    (32)
      |         ^~~~~~~~~~~~~~~~
/scratch2/dima/zephyr-chipyard-sw-fresh/tools-manual/zephyr-sdk-1.0.0-beta1/gnu/riscv64-zephyr-elf/riscv64-zephyr-elf/sys-include/sys/syslimits.h:93:9: note: this is the location of the previous definition
   93 | #define _POSIX_TIMER_MAX        32
      |         ^~~~~~~~~~~~~~~~
/scratch2/agustin/zephyr-chipyard-sw/zephyr_ws/zephyr/include/zephyr/posix/posix_limits.h:54:9: warning: "_POSIX_TRACE_EVENT_NAME_MAX" redefined
   54 | #define _POSIX_TRACE_EVENT_NAME_MAX         (30)
      |         ^~~~~~~~~~~~~~~~~~~~~~~~~~~
/scratch2/dima/zephyr-chipyard-sw-fresh/tools-manual/zephyr-sdk-1.0.0-beta1/gnu/riscv64-zephyr-elf/riscv64-zephyr-elf/sys-include/sys/syslimits.h:94:9: note: this is the location of the previous definition
   94 | #define _POSIX_TRACE_EVENT_NAME_MAX     30
      |         ^~~~~~~~~~~~~~~~~~~~~~~~~~~
/scratch2/agustin/zephyr-chipyard-sw/zephyr_ws/zephyr/include/zephyr/posix/posix_limits.h:55:9: warning: "_POSIX_TRACE_NAME_MAX" redefined
   55 | #define _POSIX_TRACE_NAME_MAX               (8)
      |         ^~~~~~~~~~~~~~~~~~~~~
/scratch2/dima/zephyr-chipyard-sw-fresh/tools-manual/zephyr-sdk-1.0.0-beta1/gnu/riscv64-zephyr-elf/riscv64-zephyr-elf/sys-include/sys/syslimits.h:95:9: note: this is the location of the previous definition
   95 | #define _POSIX_TRACE_NAME_MAX   8
      |         ^~~~~~~~~~~~~~~~~~~~~
/scratch2/agustin/zephyr-chipyard-sw/zephyr_ws/zephyr/include/zephyr/posix/posix_limits.h:56:9: warning: "_POSIX_TRACE_SYS_MAX" redefined
   56 | #define _POSIX_TRACE_SYS_MAX                (8)
      |         ^~~~~~~~~~~~~~~~~~~~
/scratch2/dima/zephyr-chipyard-sw-fresh/tools-manual/zephyr-sdk-1.0.0-beta1/gnu/riscv64-zephyr-elf/riscv64-zephyr-elf/sys-include/sys/syslimits.h:96:9: note: this is the location of the previous definition
   96 | #define _POSIX_TRACE_SYS_MAX    8
      |         ^~~~~~~~~~~~~~~~~~~~
/scratch2/agustin/zephyr-chipyard-sw/zephyr_ws/zephyr/include/zephyr/posix/posix_limits.h:57:9: warning: "_POSIX_TRACE_USER_EVENT_MAX" redefined
   57 | #define _POSIX_TRACE_USER_EVENT_MAX         (32)
      |         ^~~~~~~~~~~~~~~~~~~~~~~~~~~
/scratch2/dima/zephyr-chipyard-sw-fresh/tools-manual/zephyr-sdk-1.0.0-beta1/gnu/riscv64-zephyr-elf/riscv64-zephyr-elf/sys-include/sys/syslimits.h:97:9: note: this is the location of the previous definition
   97 | #define _POSIX_TRACE_USER_EVENT_MAX     32
      |         ^~~~~~~~~~~~~~~~~~~~~~~~~~~
/scratch2/agustin/zephyr-chipyard-sw/zephyr_ws/zephyr/include/zephyr/posix/posix_limits.h:58:9: warning: "_POSIX_TTY_NAME_MAX" redefined
   58 | #define _POSIX_TTY_NAME_MAX                 (9)
      |         ^~~~~~~~~~~~~~~~~~~
/scratch2/dima/zephyr-chipyard-sw-fresh/tools-manual/zephyr-sdk-1.0.0-beta1/gnu/riscv64-zephyr-elf/riscv64-zephyr-elf/sys-include/sys/syslimits.h:98:9: note: this is the location of the previous definition
   98 | #define _POSIX_TTY_NAME_MAX     9
      |         ^~~~~~~~~~~~~~~~~~~
/scratch2/agustin/zephyr-chipyard-sw/zephyr_ws/zephyr/include/zephyr/posix/posix_limits.h:59:9: warning: "_POSIX_TZNAME_MAX" redefined
   59 | #define _POSIX_TZNAME_MAX                   (6)
      |         ^~~~~~~~~~~~~~~~~
/scratch2/dima/zephyr-chipyard-sw-fresh/tools-manual/zephyr-sdk-1.0.0-beta1/gnu/riscv64-zephyr-elf/riscv64-zephyr-elf/sys-include/sys/syslimits.h:99:9: note: this is the location of the previous definition
   99 | #define _POSIX_TZNAME_MAX       3
      |         ^~~~~~~~~~~~~~~~~
/scratch2/agustin/zephyr-chipyard-sw/zephyr_ws/zephyr/include/zephyr/posix/posix_limits.h:60:9: warning: "_POSIX2_BC_BASE_MAX" redefined
   60 | #define _POSIX2_BC_BASE_MAX                 (99)
      |         ^~~~~~~~~~~~~~~~~~~
/scratch2/dima/zephyr-chipyard-sw-fresh/tools-manual/zephyr-sdk-1.0.0-beta1/gnu/riscv64-zephyr-elf/riscv64-zephyr-elf/sys-include/sys/syslimits.h:100:9: note: this is the location of the previous definition
  100 | #define _POSIX2_BC_BASE_MAX     99
      |         ^~~~~~~~~~~~~~~~~~~
/scratch2/agustin/zephyr-chipyard-sw/zephyr_ws/zephyr/include/zephyr/posix/posix_limits.h:61:9: warning: "_POSIX2_BC_DIM_MAX" redefined
   61 | #define _POSIX2_BC_DIM_MAX                  (2048)
      |         ^~~~~~~~~~~~~~~~~~
/scratch2/dima/zephyr-chipyard-sw-fresh/tools-manual/zephyr-sdk-1.0.0-beta1/gnu/riscv64-zephyr-elf/riscv64-zephyr-elf/sys-include/sys/syslimits.h:101:9: note: this is the location of the previous definition
  101 | #define _POSIX2_BC_DIM_MAX      2048
      |         ^~~~~~~~~~~~~~~~~~
/scratch2/agustin/zephyr-chipyard-sw/zephyr_ws/zephyr/include/zephyr/posix/posix_limits.h:62:9: warning: "_POSIX2_BC_SCALE_MAX" redefined
   62 | #define _POSIX2_BC_SCALE_MAX                (99)
      |         ^~~~~~~~~~~~~~~~~~~~
/scratch2/dima/zephyr-chipyard-sw-fresh/tools-manual/zephyr-sdk-1.0.0-beta1/gnu/riscv64-zephyr-elf/riscv64-zephyr-elf/sys-include/sys/syslimits.h:102:9: note: this is the location of the previous definition
  102 | #define _POSIX2_BC_SCALE_MAX    99
      |         ^~~~~~~~~~~~~~~~~~~~
/scratch2/agustin/zephyr-chipyard-sw/zephyr_ws/zephyr/include/zephyr/posix/posix_limits.h:63:9: warning: "_POSIX2_BC_STRING_MAX" redefined
   63 | #define _POSIX2_BC_STRING_MAX               (1000)
      |         ^~~~~~~~~~~~~~~~~~~~~
/scratch2/dima/zephyr-chipyard-sw-fresh/tools-manual/zephyr-sdk-1.0.0-beta1/gnu/riscv64-zephyr-elf/riscv64-zephyr-elf/sys-include/sys/syslimits.h:103:9: note: this is the location of the previous definition
  103 | #define _POSIX2_BC_STRING_MAX   1000
      |         ^~~~~~~~~~~~~~~~~~~~~
/scratch2/agustin/zephyr-chipyard-sw/zephyr_ws/zephyr/include/zephyr/posix/posix_limits.h:64:9: warning: "_POSIX2_CHARCLASS_NAME_MAX" redefined
   64 | #define _POSIX2_CHARCLASS_NAME_MAX          (14)
      |         ^~~~~~~~~~~~~~~~~~~~~~~~~~
/scratch2/dima/zephyr-chipyard-sw-fresh/tools-manual/zephyr-sdk-1.0.0-beta1/gnu/riscv64-zephyr-elf/riscv64-zephyr-elf/sys-include/sys/syslimits.h:104:9: note: this is the location of the previous definition
  104 | #define _POSIX2_CHARCLASS_NAME_MAX      14
      |         ^~~~~~~~~~~~~~~~~~~~~~~~~~
/scratch2/agustin/zephyr-chipyard-sw/zephyr_ws/zephyr/include/zephyr/posix/posix_limits.h:65:9: warning: "_POSIX2_COLL_WEIGHTS_MAX" redefined
   65 | #define _POSIX2_COLL_WEIGHTS_MAX            (2)
      |         ^~~~~~~~~~~~~~~~~~~~~~~~
/scratch2/dima/zephyr-chipyard-sw-fresh/tools-manual/zephyr-sdk-1.0.0-beta1/gnu/riscv64-zephyr-elf/riscv64-zephyr-elf/sys-include/sys/syslimits.h:105:9: note: this is the location of the previous definition
  105 | #define _POSIX2_COLL_WEIGHTS_MAX        2
      |         ^~~~~~~~~~~~~~~~~~~~~~~~
/scratch2/agustin/zephyr-chipyard-sw/zephyr_ws/zephyr/include/zephyr/posix/posix_limits.h:66:9: warning: "_POSIX2_EXPR_NEST_MAX" redefined
   66 | #define _POSIX2_EXPR_NEST_MAX               (32)
      |         ^~~~~~~~~~~~~~~~~~~~~
/scratch2/dima/zephyr-chipyard-sw-fresh/tools-manual/zephyr-sdk-1.0.0-beta1/gnu/riscv64-zephyr-elf/riscv64-zephyr-elf/sys-include/sys/syslimits.h:106:9: note: this is the location of the previous definition
  106 | #define _POSIX2_EXPR_NEST_MAX   32
      |         ^~~~~~~~~~~~~~~~~~~~~
/scratch2/agustin/zephyr-chipyard-sw/zephyr_ws/zephyr/include/zephyr/posix/posix_limits.h:67:9: warning: "_POSIX2_LINE_MAX" redefined
   67 | #define _POSIX2_LINE_MAX                    (2048)
      |         ^~~~~~~~~~~~~~~~
/scratch2/dima/zephyr-chipyard-sw-fresh/tools-manual/zephyr-sdk-1.0.0-beta1/gnu/riscv64-zephyr-elf/riscv64-zephyr-elf/sys-include/sys/syslimits.h:107:9: note: this is the location of the previous definition
  107 | #define _POSIX2_LINE_MAX        2048
      |         ^~~~~~~~~~~~~~~~
/scratch2/agustin/zephyr-chipyard-sw/zephyr_ws/zephyr/include/zephyr/posix/posix_limits.h:83:9: warning: "ARG_MAX" redefined
   83 | #define ARG_MAX                       _POSIX_ARG_MAX
      |         ^~~~~~~
/scratch2/dima/zephyr-chipyard-sw-fresh/tools-manual/zephyr-sdk-1.0.0-beta1/gnu/riscv64-zephyr-elf/riscv64-zephyr-elf/sys-include/sys/syslimits.h:41:9: note: this is the location of the previous definition
   41 | #define ARG_MAX                 65536   /* max bytes for an exec function */
      |         ^~~~~~~
/scratch2/agustin/zephyr-chipyard-sw/zephyr_ws/zephyr/include/zephyr/posix/posix_limits.h:84:9: warning: "ATEXIT_MAX" redefined
   84 | #define ATEXIT_MAX                    (32)
      |         ^~~~~~~~~~
/scratch2/dima/zephyr-chipyard-sw-fresh/tools-manual/zephyr-sdk-1.0.0-beta1/gnu/riscv64-zephyr-elf/riscv64-zephyr-elf/sys-include/sys/syslimits.h:42:9: note: this is the location of the previous definition
   42 | #define ATEXIT_MAX                 32   /* max atexit functions */
      |         ^~~~~~~~~~
/scratch2/agustin/zephyr-chipyard-sw/zephyr_ws/zephyr/include/zephyr/posix/posix_limits.h:93:9: warning: "OPEN_MAX" redefined
   93 | #define OPEN_MAX                      CONFIG_POSIX_OPEN_MAX
      |         ^~~~~~~~
/scratch2/dima/zephyr-chipyard-sw-fresh/tools-manual/zephyr-sdk-1.0.0-beta1/gnu/riscv64-zephyr-elf/riscv64-zephyr-elf/sys-include/sys/syslimits.h:45:9: note: this is the location of the previous definition
   45 | #define OPEN_MAX                   64   /* max open files per process */
      |         ^~~~~~~~
/scratch2/agustin/zephyr-chipyard-sw/zephyr_ws/zephyr/include/zephyr/posix/posix_limits.h:96:9: warning: "PATH_MAX" redefined
   96 | #define PATH_MAX                      _POSIX_PATH_MAX
      |         ^~~~~~~~
/scratch2/dima/zephyr-chipyard-sw-fresh/tools-manual/zephyr-sdk-1.0.0-beta1/gnu/riscv64-zephyr-elf/riscv64-zephyr-elf/sys-include/sys/syslimits.h:53:9: note: this is the location of the previous definition
   53 | #define PATH_MAX                 1024   /* max bytes in pathname */
      |         ^~~~~~~~
/scratch2/agustin/zephyr-chipyard-sw/zephyr_ws/zephyr/include/zephyr/posix/posix_limits.h:114:9: warning: "TZNAME_MAX" redefined
  114 | #define TZNAME_MAX                    _POSIX_TZNAME_MAX
      |         ^~~~~~~~~~
/scratch2/dima/zephyr-chipyard-sw-fresh/tools-manual/zephyr-sdk-1.0.0-beta1/gnu/riscv64-zephyr-elf/riscv64-zephyr-elf/sys-include/sys/syslimits.h:46:9: note: this is the location of the previous definition
   46 | #define TZNAME_MAX                 10   /* max time zone name length */
      |         ^~~~~~~~~~
[126/216] Building C object zephyr/lib/posix/options/CMakeFiles/lib__posix__options.dir/uname.c.obj
[127/216] Building C object zephyr/lib/posix/c_lib_ext/CMakeFiles/lib__posix__c_lib_ext.dir/fnmatch.c.obj
[128/216] Building C object zephyr/lib/posix/options/CMakeFiles/lib__posix__options.dir/fd_mgmt.c.obj
In file included from /scratch2/agustin/zephyr-chipyard-sw/zephyr_ws/zephyr/include/zephyr/posix/sys/sysconf.h:11,
                 from /scratch2/agustin/zephyr-chipyard-sw/zephyr_ws/zephyr/include/zephyr/posix/unistd.h:18,
                 from /scratch2/agustin/zephyr-chipyard-sw/zephyr_ws/zephyr/lib/posix/options/fd_mgmt.c:11:
/scratch2/agustin/zephyr-chipyard-sw/zephyr_ws/zephyr/include/zephyr/posix/posix_limits.h:23:9: warning: "_POSIX_AIO_LISTIO_MAX" redefined
   23 | #define _POSIX_AIO_LISTIO_MAX               (2)
      |         ^~~~~~~~~~~~~~~~~~~~~
In file included from /scratch2/dima/zephyr-chipyard-sw-fresh/tools-manual/zephyr-sdk-1.0.0-beta1/gnu/riscv64-zephyr-elf/riscv64-zephyr-elf/sys-include/limits.h:6,
                 from /scratch2/dima/zephyr-chipyard-sw-fresh/tools-manual/zephyr-sdk-1.0.0-beta1/gnu/riscv64-zephyr-elf/lib/gcc/riscv64-zephyr-elf/14.3.0/include/limits.h:210,
                 from /scratch2/dima/zephyr-chipyard-sw-fresh/tools-manual/zephyr-sdk-1.0.0-beta1/gnu/riscv64-zephyr-elf/lib/gcc/riscv64-zephyr-elf/14.3.0/include/syslimits.h:7,
                 from /scratch2/dima/zephyr-chipyard-sw-fresh/tools-manual/zephyr-sdk-1.0.0-beta1/gnu/riscv64-zephyr-elf/lib/gcc/riscv64-zephyr-elf/14.3.0/include/limits.h:34,
                 from /scratch2/agustin/zephyr-chipyard-sw/zephyr_ws/zephyr/include/zephyr/kernel_includes.h:22,
                 from /scratch2/agustin/zephyr-chipyard-sw/zephyr_ws/zephyr/include/zephyr/kernel.h:17,
                 from /scratch2/agustin/zephyr-chipyard-sw/zephyr_ws/zephyr/include/zephyr/posix/posix_types.h:30,
                 from /scratch2/agustin/zephyr-chipyard-sw/zephyr_ws/zephyr/include/zephyr/posix/unistd.h:11:
/scratch2/dima/zephyr-chipyard-sw-fresh/tools-manual/zephyr-sdk-1.0.0-beta1/gnu/riscv64-zephyr-elf/riscv64-zephyr-elf/sys-include/sys/syslimits.h:63:9: note: this is the location of the previous definition
   63 | #define _POSIX_AIO_LISTIO_MAX   2
      |         ^~~~~~~~~~~~~~~~~~~~~
/scratch2/agustin/zephyr-chipyard-sw/zephyr_ws/zephyr/include/zephyr/posix/posix_limits.h:24:9: warning: "_POSIX_AIO_MAX" redefined
   24 | #define _POSIX_AIO_MAX                      (1)
      |         ^~~~~~~~~~~~~~
/scratch2/dima/zephyr-chipyard-sw-fresh/tools-manual/zephyr-sdk-1.0.0-beta1/gnu/riscv64-zephyr-elf/riscv64-zephyr-elf/sys-include/sys/syslimits.h:64:9: note: this is the location of the previous definition
   64 | #define _POSIX_AIO_MAX          1
      |         ^~~~~~~~~~~~~~
/scratch2/agustin/zephyr-chipyard-sw/zephyr_ws/zephyr/include/zephyr/posix/posix_limits.h:25:9: warning: "_POSIX_ARG_MAX" redefined
   25 | #define _POSIX_ARG_MAX                      (4096)
      |         ^~~~~~~~~~~~~~
/scratch2/dima/zephyr-chipyard-sw-fresh/tools-manual/zephyr-sdk-1.0.0-beta1/gnu/riscv64-zephyr-elf/riscv64-zephyr-elf/sys-include/sys/syslimits.h:65:9: note: this is the location of the previous definition
   65 | #define _POSIX_ARG_MAX          4096
      |         ^~~~~~~~~~~~~~
/scratch2/agustin/zephyr-chipyard-sw/zephyr_ws/zephyr/include/zephyr/posix/posix_limits.h:26:9: warning: "_POSIX_CHILD_MAX" redefined
   26 | #define _POSIX_CHILD_MAX                    (25)
      |         ^~~~~~~~~~~~~~~~
/scratch2/dima/zephyr-chipyard-sw-fresh/tools-manual/zephyr-sdk-1.0.0-beta1/gnu/riscv64-zephyr-elf/riscv64-zephyr-elf/sys-include/sys/syslimits.h:66:9: note: this is the location of the previous definition
   66 | #define _POSIX_CHILD_MAX        6
      |         ^~~~~~~~~~~~~~~~
/scratch2/agustin/zephyr-chipyard-sw/zephyr_ws/zephyr/include/zephyr/posix/posix_limits.h:27:9: warning: "_POSIX_DELAYTIMER_MAX" redefined
   27 | #define _POSIX_DELAYTIMER_MAX               (32)
      |         ^~~~~~~~~~~~~~~~~~~~~
/scratch2/dima/zephyr-chipyard-sw-fresh/tools-manual/zephyr-sdk-1.0.0-beta1/gnu/riscv64-zephyr-elf/riscv64-zephyr-elf/sys-include/sys/syslimits.h:67:9: note: this is the location of the previous definition
   67 | #define _POSIX_DELAYTIMER_MAX   32
      |         ^~~~~~~~~~~~~~~~~~~~~
/scratch2/agustin/zephyr-chipyard-sw/zephyr_ws/zephyr/include/zephyr/posix/posix_limits.h:28:9: warning: "_POSIX_HOST_NAME_MAX" redefined
   28 | #define _POSIX_HOST_NAME_MAX                (255)
      |         ^~~~~~~~~~~~~~~~~~~~
/scratch2/dima/zephyr-chipyard-sw-fresh/tools-manual/zephyr-sdk-1.0.0-beta1/gnu/riscv64-zephyr-elf/riscv64-zephyr-elf/sys-include/sys/syslimits.h:68:9: note: this is the location of the previous definition
   68 | #define _POSIX_HOST_NAME_MAX    255
      |         ^~~~~~~~~~~~~~~~~~~~
/scratch2/agustin/zephyr-chipyard-sw/zephyr_ws/zephyr/include/zephyr/posix/posix_limits.h:29:9: warning: "_POSIX_LINK_MAX" redefined
   29 | #define _POSIX_LINK_MAX                     (8)
      |         ^~~~~~~~~~~~~~~
/scratch2/dima/zephyr-chipyard-sw-fresh/tools-manual/zephyr-sdk-1.0.0-beta1/gnu/riscv64-zephyr-elf/riscv64-zephyr-elf/sys-include/sys/syslimits.h:69:9: note: this is the location of the previous definition
   69 | #define _POSIX_LINK_MAX         8
      |         ^~~~~~~~~~~~~~~
/scratch2/agustin/zephyr-chipyard-sw/zephyr_ws/zephyr/include/zephyr/posix/posix_limits.h:30:9: warning: "_POSIX_LOGIN_NAME_MAX" redefined
   30 | #define _POSIX_LOGIN_NAME_MAX               (9)
      |         ^~~~~~~~~~~~~~~~~~~~~
/scratch2/dima/zephyr-chipyard-sw-fresh/tools-manual/zephyr-sdk-1.0.0-beta1/gnu/riscv64-zephyr-elf/riscv64-zephyr-elf/sys-include/sys/syslimits.h:70:9: note: this is the location of the previous definition
   70 | #define _POSIX_LOGIN_NAME_MAX   9
      |         ^~~~~~~~~~~~~~~~~~~~~
/scratch2/agustin/zephyr-chipyard-sw/zephyr_ws/zephyr/include/zephyr/posix/posix_limits.h:31:9: warning: "_POSIX_MAX_CANON" redefined
   31 | #define _POSIX_MAX_CANON                    (255)
      |         ^~~~~~~~~~~~~~~~
/scratch2/dima/zephyr-chipyard-sw-fresh/tools-manual/zephyr-sdk-1.0.0-beta1/gnu/riscv64-zephyr-elf/riscv64-zephyr-elf/sys-include/sys/syslimits.h:71:9: note: this is the location of the previous definition
   71 | #define _POSIX_MAX_CANON        255
      |         ^~~~~~~~~~~~~~~~
/scratch2/agustin/zephyr-chipyard-sw/zephyr_ws/zephyr/include/zephyr/posix/posix_limits.h:32:9: warning: "_POSIX_MAX_INPUT" redefined
   32 | #define _POSIX_MAX_INPUT                    (255)
      |         ^~~~~~~~~~~~~~~~
/scratch2/dima/zephyr-chipyard-sw-fresh/tools-manual/zephyr-sdk-1.0.0-beta1/gnu/riscv64-zephyr-elf/riscv64-zephyr-elf/sys-include/sys/syslimits.h:72:9: note: this is the location of the previous definition
   72 | #define _POSIX_MAX_INPUT        255
      |         ^~~~~~~~~~~~~~~~
/scratch2/agustin/zephyr-chipyard-sw/zephyr_ws/zephyr/include/zephyr/posix/posix_limits.h:33:9: warning: "_POSIX_MQ_OPEN_MAX" redefined
   33 | #define _POSIX_MQ_OPEN_MAX                  (8)
      |         ^~~~~~~~~~~~~~~~~~
/scratch2/dima/zephyr-chipyard-sw-fresh/tools-manual/zephyr-sdk-1.0.0-beta1/gnu/riscv64-zephyr-elf/riscv64-zephyr-elf/sys-include/sys/syslimits.h:73:9: note: this is the location of the previous definition
   73 | #define _POSIX_MQ_OPEN_MAX      8
      |         ^~~~~~~~~~~~~~~~~~
/scratch2/agustin/zephyr-chipyard-sw/zephyr_ws/zephyr/include/zephyr/posix/posix_limits.h:34:9: warning: "_POSIX_MQ_PRIO_MAX" redefined
   34 | #define _POSIX_MQ_PRIO_MAX                  (32)
      |         ^~~~~~~~~~~~~~~~~~
/scratch2/dima/zephyr-chipyard-sw-fresh/tools-manual/zephyr-sdk-1.0.0-beta1/gnu/riscv64-zephyr-elf/riscv64-zephyr-elf/sys-include/sys/syslimits.h:74:9: note: this is the location of the previous definition
   74 | #define _POSIX_MQ_PRIO_MAX      32
      |         ^~~~~~~~~~~~~~~~~~
/scratch2/agustin/zephyr-chipyard-sw/zephyr_ws/zephyr/include/zephyr/posix/posix_limits.h:35:9: warning: "_POSIX_NAME_MAX" redefined
   35 | #define _POSIX_NAME_MAX                     (14)
      |         ^~~~~~~~~~~~~~~
/scratch2/dima/zephyr-chipyard-sw-fresh/tools-manual/zephyr-sdk-1.0.0-beta1/gnu/riscv64-zephyr-elf/riscv64-zephyr-elf/sys-include/sys/syslimits.h:75:9: note: this is the location of the previous definition
   75 | #define _POSIX_NAME_MAX         14
      |         ^~~~~~~~~~~~~~~
/scratch2/agustin/zephyr-chipyard-sw/zephyr_ws/zephyr/include/zephyr/posix/posix_limits.h:36:9: warning: "_POSIX_NGROUPS_MAX" redefined
   36 | #define _POSIX_NGROUPS_MAX                  (8)
      |         ^~~~~~~~~~~~~~~~~~
/scratch2/dima/zephyr-chipyard-sw-fresh/tools-manual/zephyr-sdk-1.0.0-beta1/gnu/riscv64-zephyr-elf/riscv64-zephyr-elf/sys-include/sys/syslimits.h:76:9: note: this is the location of the previous definition
   76 | #define _POSIX_NGROUPS_MAX      0
      |         ^~~~~~~~~~~~~~~~~~
/scratch2/agustin/zephyr-chipyard-sw/zephyr_ws/zephyr/include/zephyr/posix/posix_limits.h:37:9: warning: "_POSIX_OPEN_MAX" redefined
   37 | #define _POSIX_OPEN_MAX                     (20)
      |         ^~~~~~~~~~~~~~~
/scratch2/dima/zephyr-chipyard-sw-fresh/tools-manual/zephyr-sdk-1.0.0-beta1/gnu/riscv64-zephyr-elf/riscv64-zephyr-elf/sys-include/sys/syslimits.h:77:9: note: this is the location of the previous definition
   77 | #define _POSIX_OPEN_MAX         16
      |         ^~~~~~~~~~~~~~~
/scratch2/agustin/zephyr-chipyard-sw/zephyr_ws/zephyr/include/zephyr/posix/posix_limits.h:38:9: warning: "_POSIX_PATH_MAX" redefined
   38 | #define _POSIX_PATH_MAX                     (256)
      |         ^~~~~~~~~~~~~~~
/scratch2/dima/zephyr-chipyard-sw-fresh/tools-manual/zephyr-sdk-1.0.0-beta1/gnu/riscv64-zephyr-elf/riscv64-zephyr-elf/sys-include/sys/syslimits.h:78:9: note: this is the location of the previous definition
   78 | #define _POSIX_PATH_MAX         255
      |         ^~~~~~~~~~~~~~~
/scratch2/agustin/zephyr-chipyard-sw/zephyr_ws/zephyr/include/zephyr/posix/posix_limits.h:39:9: warning: "_POSIX_PIPE_BUF" redefined
   39 | #define _POSIX_PIPE_BUF                     (512)
      |         ^~~~~~~~~~~~~~~
/scratch2/dima/zephyr-chipyard-sw-fresh/tools-manual/zephyr-sdk-1.0.0-beta1/gnu/riscv64-zephyr-elf/riscv64-zephyr-elf/sys-include/sys/syslimits.h:79:9: note: this is the location of the previous definition
   79 | #define _POSIX_PIPE_BUF         512
      |         ^~~~~~~~~~~~~~~
/scratch2/agustin/zephyr-chipyard-sw/zephyr_ws/zephyr/include/zephyr/posix/posix_limits.h:40:9: warning: "_POSIX_RE_DUP_MAX" redefined
   40 | #define _POSIX_RE_DUP_MAX                   (255)
      |         ^~~~~~~~~~~~~~~~~
/scratch2/dima/zephyr-chipyard-sw-fresh/tools-manual/zephyr-sdk-1.0.0-beta1/gnu/riscv64-zephyr-elf/riscv64-zephyr-elf/sys-include/sys/syslimits.h:80:9: note: this is the location of the previous definition
   80 | #define _POSIX_RE_DUP_MAX       255
      |         ^~~~~~~~~~~~~~~~~
/scratch2/agustin/zephyr-chipyard-sw/zephyr_ws/zephyr/include/zephyr/posix/posix_limits.h:41:9: warning: "_POSIX_RTSIG_MAX" redefined
   41 | #define _POSIX_RTSIG_MAX                    (8)
      |         ^~~~~~~~~~~~~~~~
/scratch2/dima/zephyr-chipyard-sw-fresh/tools-manual/zephyr-sdk-1.0.0-beta1/gnu/riscv64-zephyr-elf/riscv64-zephyr-elf/sys-include/sys/syslimits.h:81:9: note: this is the location of the previous definition
   81 | #define _POSIX_RTSIG_MAX        8
      |         ^~~~~~~~~~~~~~~~
/scratch2/agustin/zephyr-chipyard-sw/zephyr_ws/zephyr/include/zephyr/posix/posix_limits.h:42:9: warning: "_POSIX_SEM_NSEMS_MAX" redefined
   42 | #define _POSIX_SEM_NSEMS_MAX                (256)
      |         ^~~~~~~~~~~~~~~~~~~~
/scratch2/dima/zephyr-chipyard-sw-fresh/tools-manual/zephyr-sdk-1.0.0-beta1/gnu/riscv64-zephyr-elf/riscv64-zephyr-elf/sys-include/sys/syslimits.h:82:9: note: this is the location of the previous definition
   82 | #define _POSIX_SEM_NSEMS_MAX    256
      |         ^~~~~~~~~~~~~~~~~~~~
/scratch2/agustin/zephyr-chipyard-sw/zephyr_ws/zephyr/include/zephyr/posix/posix_limits.h:43:9: warning: "_POSIX_SEM_VALUE_MAX" redefined
   43 | #define _POSIX_SEM_VALUE_MAX                (32767)
      |         ^~~~~~~~~~~~~~~~~~~~
/scratch2/dima/zephyr-chipyard-sw-fresh/tools-manual/zephyr-sdk-1.0.0-beta1/gnu/riscv64-zephyr-elf/riscv64-zephyr-elf/sys-include/sys/syslimits.h:83:9: note: this is the location of the previous definition
   83 | #define _POSIX_SEM_VALUE_MAX    32767
      |         ^~~~~~~~~~~~~~~~~~~~
/scratch2/agustin/zephyr-chipyard-sw/zephyr_ws/zephyr/include/zephyr/posix/posix_limits.h:44:9: warning: "_POSIX_SIGQUEUE_MAX" redefined
   44 | #define _POSIX_SIGQUEUE_MAX                 (32)
      |         ^~~~~~~~~~~~~~~~~~~
/scratch2/dima/zephyr-chipyard-sw-fresh/tools-manual/zephyr-sdk-1.0.0-beta1/gnu/riscv64-zephyr-elf/riscv64-zephyr-elf/sys-include/sys/syslimits.h:84:9: note: this is the location of the previous definition
   84 | #define _POSIX_SIGQUEUE_MAX     32
      |         ^~~~~~~~~~~~~~~~~~~
/scratch2/agustin/zephyr-chipyard-sw/zephyr_ws/zephyr/include/zephyr/posix/posix_limits.h:45:9: warning: "_POSIX_SSIZE_MAX" redefined
   45 | #define _POSIX_SSIZE_MAX                    (32767)
      |         ^~~~~~~~~~~~~~~~
/scratch2/dima/zephyr-chipyard-sw-fresh/tools-manual/zephyr-sdk-1.0.0-beta1/gnu/riscv64-zephyr-elf/riscv64-zephyr-elf/sys-include/sys/syslimits.h:85:9: note: this is the location of the previous definition
   85 | #define _POSIX_SSIZE_MAX        32767
      |         ^~~~~~~~~~~~~~~~
/scratch2/agustin/zephyr-chipyard-sw/zephyr_ws/zephyr/include/zephyr/posix/posix_limits.h:46:9: warning: "_POSIX_SS_REPL_MAX" redefined
   46 | #define _POSIX_SS_REPL_MAX                  (4)
      |         ^~~~~~~~~~~~~~~~~~
/scratch2/dima/zephyr-chipyard-sw-fresh/tools-manual/zephyr-sdk-1.0.0-beta1/gnu/riscv64-zephyr-elf/riscv64-zephyr-elf/sys-include/sys/syslimits.h:86:9: note: this is the location of the previous definition
   86 | #define _POSIX_SS_REPL_MAX      4
      |         ^~~~~~~~~~~~~~~~~~
/scratch2/agustin/zephyr-chipyard-sw/zephyr_ws/zephyr/include/zephyr/posix/posix_limits.h:47:9: warning: "_POSIX_STREAM_MAX" redefined
   47 | #define _POSIX_STREAM_MAX                   (8)
      |         ^~~~~~~~~~~~~~~~~
/scratch2/dima/zephyr-chipyard-sw-fresh/tools-manual/zephyr-sdk-1.0.0-beta1/gnu/riscv64-zephyr-elf/riscv64-zephyr-elf/sys-include/sys/syslimits.h:87:9: note: this is the location of the previous definition
   87 | #define _POSIX_STREAM_MAX       8
      |         ^~~~~~~~~~~~~~~~~
/scratch2/agustin/zephyr-chipyard-sw/zephyr_ws/zephyr/include/zephyr/posix/posix_limits.h:48:9: warning: "_POSIX_SYMLINK_MAX" redefined
   48 | #define _POSIX_SYMLINK_MAX                  (255)
      |         ^~~~~~~~~~~~~~~~~~
/scratch2/dima/zephyr-chipyard-sw-fresh/tools-manual/zephyr-sdk-1.0.0-beta1/gnu/riscv64-zephyr-elf/riscv64-zephyr-elf/sys-include/sys/syslimits.h:88:9: note: this is the location of the previous definition
   88 | #define _POSIX_SYMLINK_MAX      255
      |         ^~~~~~~~~~~~~~~~~~
/scratch2/agustin/zephyr-chipyard-sw/zephyr_ws/zephyr/include/zephyr/posix/posix_limits.h:49:9: warning: "_POSIX_SYMLOOP_MAX" redefined
   49 | #define _POSIX_SYMLOOP_MAX                  (8)
      |         ^~~~~~~~~~~~~~~~~~
/scratch2/dima/zephyr-chipyard-sw-fresh/tools-manual/zephyr-sdk-1.0.0-beta1/gnu/riscv64-zephyr-elf/riscv64-zephyr-elf/sys-include/sys/syslimits.h:89:9: note: this is the location of the previous definition
   89 | #define _POSIX_SYMLOOP_MAX      8
      |         ^~~~~~~~~~~~~~~~~~
/scratch2/agustin/zephyr-chipyard-sw/zephyr_ws/zephyr/include/zephyr/posix/posix_limits.h:50:9: warning: "_POSIX_THREAD_DESTRUCTOR_ITERATIONS" redefined
   50 | #define _POSIX_THREAD_DESTRUCTOR_ITERATIONS (4)
      |         ^~~~~~~~~~~~~~~~~~~~~~~~~~~~~~~~~~~
/scratch2/dima/zephyr-chipyard-sw-fresh/tools-manual/zephyr-sdk-1.0.0-beta1/gnu/riscv64-zephyr-elf/riscv64-zephyr-elf/sys-include/sys/syslimits.h:90:9: note: this is the location of the previous definition
   90 | #define _POSIX_THREAD_DESTRUCTOR_ITERATIONS     4
      |         ^~~~~~~~~~~~~~~~~~~~~~~~~~~~~~~~~~~
/scratch2/agustin/zephyr-chipyard-sw/zephyr_ws/zephyr/include/zephyr/posix/posix_limits.h:51:9: warning: "_POSIX_THREAD_KEYS_MAX" redefined
   51 | #define _POSIX_THREAD_KEYS_MAX              (128)
      |         ^~~~~~~~~~~~~~~~~~~~~~
/scratch2/dima/zephyr-chipyard-sw-fresh/tools-manual/zephyr-sdk-1.0.0-beta1/gnu/riscv64-zephyr-elf/riscv64-zephyr-elf/sys-include/sys/syslimits.h:91:9: note: this is the location of the previous definition
   91 | #define _POSIX_THREAD_KEYS_MAX  128
      |         ^~~~~~~~~~~~~~~~~~~~~~
/scratch2/agustin/zephyr-chipyard-sw/zephyr_ws/zephyr/include/zephyr/posix/posix_limits.h:52:9: warning: "_POSIX_THREAD_THREADS_MAX" redefined
   52 | #define _POSIX_THREAD_THREADS_MAX           (64)
      |         ^~~~~~~~~~~~~~~~~~~~~~~~~
/scratch2/dima/zephyr-chipyard-sw-fresh/tools-manual/zephyr-sdk-1.0.0-beta1/gnu/riscv64-zephyr-elf/riscv64-zephyr-elf/sys-include/sys/syslimits.h:92:9: note: this is the location of the previous definition
   92 | #define _POSIX_THREAD_THREADS_MAX       64
      |         ^~~~~~~~~~~~~~~~~~~~~~~~~
/scratch2/agustin/zephyr-chipyard-sw/zephyr_ws/zephyr/include/zephyr/posix/posix_limits.h:53:9: warning: "_POSIX_TIMER_MAX" redefined
   53 | #define _POSIX_TIMER_MAX                    (32)
      |         ^~~~~~~~~~~~~~~~
/scratch2/dima/zephyr-chipyard-sw-fresh/tools-manual/zephyr-sdk-1.0.0-beta1/gnu/riscv64-zephyr-elf/riscv64-zephyr-elf/sys-include/sys/syslimits.h:93:9: note: this is the location of the previous definition
   93 | #define _POSIX_TIMER_MAX        32
      |         ^~~~~~~~~~~~~~~~
/scratch2/agustin/zephyr-chipyard-sw/zephyr_ws/zephyr/include/zephyr/posix/posix_limits.h:54:9: warning: "_POSIX_TRACE_EVENT_NAME_MAX" redefined
   54 | #define _POSIX_TRACE_EVENT_NAME_MAX         (30)
      |         ^~~~~~~~~~~~~~~~~~~~~~~~~~~
/scratch2/dima/zephyr-chipyard-sw-fresh/tools-manual/zephyr-sdk-1.0.0-beta1/gnu/riscv64-zephyr-elf/riscv64-zephyr-elf/sys-include/sys/syslimits.h:94:9: note: this is the location of the previous definition
   94 | #define _POSIX_TRACE_EVENT_NAME_MAX     30
      |         ^~~~~~~~~~~~~~~~~~~~~~~~~~~
/scratch2/agustin/zephyr-chipyard-sw/zephyr_ws/zephyr/include/zephyr/posix/posix_limits.h:55:9: warning: "_POSIX_TRACE_NAME_MAX" redefined
   55 | #define _POSIX_TRACE_NAME_MAX               (8)
      |         ^~~~~~~~~~~~~~~~~~~~~
/scratch2/dima/zephyr-chipyard-sw-fresh/tools-manual/zephyr-sdk-1.0.0-beta1/gnu/riscv64-zephyr-elf/riscv64-zephyr-elf/sys-include/sys/syslimits.h:95:9: note: this is the location of the previous definition
   95 | #define _POSIX_TRACE_NAME_MAX   8
      |         ^~~~~~~~~~~~~~~~~~~~~
/scratch2/agustin/zephyr-chipyard-sw/zephyr_ws/zephyr/include/zephyr/posix/posix_limits.h:56:9: warning: "_POSIX_TRACE_SYS_MAX" redefined
   56 | #define _POSIX_TRACE_SYS_MAX                (8)
      |         ^~~~~~~~~~~~~~~~~~~~
/scratch2/dima/zephyr-chipyard-sw-fresh/tools-manual/zephyr-sdk-1.0.0-beta1/gnu/riscv64-zephyr-elf/riscv64-zephyr-elf/sys-include/sys/syslimits.h:96:9: note: this is the location of the previous definition
   96 | #define _POSIX_TRACE_SYS_MAX    8
      |         ^~~~~~~~~~~~~~~~~~~~
/scratch2/agustin/zephyr-chipyard-sw/zephyr_ws/zephyr/include/zephyr/posix/posix_limits.h:57:9: warning: "_POSIX_TRACE_USER_EVENT_MAX" redefined
   57 | #define _POSIX_TRACE_USER_EVENT_MAX         (32)
      |         ^~~~~~~~~~~~~~~~~~~~~~~~~~~
/scratch2/dima/zephyr-chipyard-sw-fresh/tools-manual/zephyr-sdk-1.0.0-beta1/gnu/riscv64-zephyr-elf/riscv64-zephyr-elf/sys-include/sys/syslimits.h:97:9: note: this is the location of the previous definition
   97 | #define _POSIX_TRACE_USER_EVENT_MAX     32
      |         ^~~~~~~~~~~~~~~~~~~~~~~~~~~
/scratch2/agustin/zephyr-chipyard-sw/zephyr_ws/zephyr/include/zephyr/posix/posix_limits.h:58:9: warning: "_POSIX_TTY_NAME_MAX" redefined
   58 | #define _POSIX_TTY_NAME_MAX                 (9)
      |         ^~~~~~~~~~~~~~~~~~~
/scratch2/dima/zephyr-chipyard-sw-fresh/tools-manual/zephyr-sdk-1.0.0-beta1/gnu/riscv64-zephyr-elf/riscv64-zephyr-elf/sys-include/sys/syslimits.h:98:9: note: this is the location of the previous definition
   98 | #define _POSIX_TTY_NAME_MAX     9
      |         ^~~~~~~~~~~~~~~~~~~
/scratch2/agustin/zephyr-chipyard-sw/zephyr_ws/zephyr/include/zephyr/posix/posix_limits.h:59:9: warning: "_POSIX_TZNAME_MAX" redefined
   59 | #define _POSIX_TZNAME_MAX                   (6)
      |         ^~~~~~~~~~~~~~~~~
/scratch2/dima/zephyr-chipyard-sw-fresh/tools-manual/zephyr-sdk-1.0.0-beta1/gnu/riscv64-zephyr-elf/riscv64-zephyr-elf/sys-include/sys/syslimits.h:99:9: note: this is the location of the previous definition
   99 | #define _POSIX_TZNAME_MAX       3
      |         ^~~~~~~~~~~~~~~~~
/scratch2/agustin/zephyr-chipyard-sw/zephyr_ws/zephyr/include/zephyr/posix/posix_limits.h:60:9: warning: "_POSIX2_BC_BASE_MAX" redefined
   60 | #define _POSIX2_BC_BASE_MAX                 (99)
      |         ^~~~~~~~~~~~~~~~~~~
/scratch2/dima/zephyr-chipyard-sw-fresh/tools-manual/zephyr-sdk-1.0.0-beta1/gnu/riscv64-zephyr-elf/riscv64-zephyr-elf/sys-include/sys/syslimits.h:100:9: note: this is the location of the previous definition
  100 | #define _POSIX2_BC_BASE_MAX     99
      |         ^~~~~~~~~~~~~~~~~~~
/scratch2/agustin/zephyr-chipyard-sw/zephyr_ws/zephyr/include/zephyr/posix/posix_limits.h:61:9: warning: "_POSIX2_BC_DIM_MAX" redefined
   61 | #define _POSIX2_BC_DIM_MAX                  (2048)
      |         ^~~~~~~~~~~~~~~~~~
/scratch2/dima/zephyr-chipyard-sw-fresh/tools-manual/zephyr-sdk-1.0.0-beta1/gnu/riscv64-zephyr-elf/riscv64-zephyr-elf/sys-include/sys/syslimits.h:101:9: note: this is the location of the previous definition
  101 | #define _POSIX2_BC_DIM_MAX      2048
      |         ^~~~~~~~~~~~~~~~~~
/scratch2/agustin/zephyr-chipyard-sw/zephyr_ws/zephyr/include/zephyr/posix/posix_limits.h:62:9: warning: "_POSIX2_BC_SCALE_MAX" redefined
   62 | #define _POSIX2_BC_SCALE_MAX                (99)
      |         ^~~~~~~~~~~~~~~~~~~~
/scratch2/dima/zephyr-chipyard-sw-fresh/tools-manual/zephyr-sdk-1.0.0-beta1/gnu/riscv64-zephyr-elf/riscv64-zephyr-elf/sys-include/sys/syslimits.h:102:9: note: this is the location of the previous definition
  102 | #define _POSIX2_BC_SCALE_MAX    99
      |         ^~~~~~~~~~~~~~~~~~~~
/scratch2/agustin/zephyr-chipyard-sw/zephyr_ws/zephyr/include/zephyr/posix/posix_limits.h:63:9: warning: "_POSIX2_BC_STRING_MAX" redefined
   63 | #define _POSIX2_BC_STRING_MAX               (1000)
      |         ^~~~~~~~~~~~~~~~~~~~~
/scratch2/dima/zephyr-chipyard-sw-fresh/tools-manual/zephyr-sdk-1.0.0-beta1/gnu/riscv64-zephyr-elf/riscv64-zephyr-elf/sys-include/sys/syslimits.h:103:9: note: this is the location of the previous definition
  103 | #define _POSIX2_BC_STRING_MAX   1000
      |         ^~~~~~~~~~~~~~~~~~~~~
/scratch2/agustin/zephyr-chipyard-sw/zephyr_ws/zephyr/include/zephyr/posix/posix_limits.h:64:9: warning: "_POSIX2_CHARCLASS_NAME_MAX" redefined
   64 | #define _POSIX2_CHARCLASS_NAME_MAX          (14)
      |         ^~~~~~~~~~~~~~~~~~~~~~~~~~
/scratch2/dima/zephyr-chipyard-sw-fresh/tools-manual/zephyr-sdk-1.0.0-beta1/gnu/riscv64-zephyr-elf/riscv64-zephyr-elf/sys-include/sys/syslimits.h:104:9: note: this is the location of the previous definition
  104 | #define _POSIX2_CHARCLASS_NAME_MAX      14
      |         ^~~~~~~~~~~~~~~~~~~~~~~~~~
/scratch2/agustin/zephyr-chipyard-sw/zephyr_ws/zephyr/include/zephyr/posix/posix_limits.h:65:9: warning: "_POSIX2_COLL_WEIGHTS_MAX" redefined
   65 | #define _POSIX2_COLL_WEIGHTS_MAX            (2)
      |         ^~~~~~~~~~~~~~~~~~~~~~~~
/scratch2/dima/zephyr-chipyard-sw-fresh/tools-manual/zephyr-sdk-1.0.0-beta1/gnu/riscv64-zephyr-elf/riscv64-zephyr-elf/sys-include/sys/syslimits.h:105:9: note: this is the location of the previous definition
  105 | #define _POSIX2_COLL_WEIGHTS_MAX        2
      |         ^~~~~~~~~~~~~~~~~~~~~~~~
/scratch2/agustin/zephyr-chipyard-sw/zephyr_ws/zephyr/include/zephyr/posix/posix_limits.h:66:9: warning: "_POSIX2_EXPR_NEST_MAX" redefined
   66 | #define _POSIX2_EXPR_NEST_MAX               (32)
      |         ^~~~~~~~~~~~~~~~~~~~~
/scratch2/dima/zephyr-chipyard-sw-fresh/tools-manual/zephyr-sdk-1.0.0-beta1/gnu/riscv64-zephyr-elf/riscv64-zephyr-elf/sys-include/sys/syslimits.h:106:9: note: this is the location of the previous definition
  106 | #define _POSIX2_EXPR_NEST_MAX   32
      |         ^~~~~~~~~~~~~~~~~~~~~
/scratch2/agustin/zephyr-chipyard-sw/zephyr_ws/zephyr/include/zephyr/posix/posix_limits.h:67:9: warning: "_POSIX2_LINE_MAX" redefined
   67 | #define _POSIX2_LINE_MAX                    (2048)
      |         ^~~~~~~~~~~~~~~~
/scratch2/dima/zephyr-chipyard-sw-fresh/tools-manual/zephyr-sdk-1.0.0-beta1/gnu/riscv64-zephyr-elf/riscv64-zephyr-elf/sys-include/sys/syslimits.h:107:9: note: this is the location of the previous definition
  107 | #define _POSIX2_LINE_MAX        2048
      |         ^~~~~~~~~~~~~~~~
/scratch2/agustin/zephyr-chipyard-sw/zephyr_ws/zephyr/include/zephyr/posix/posix_limits.h:83:9: warning: "ARG_MAX" redefined
   83 | #define ARG_MAX                       _POSIX_ARG_MAX
      |         ^~~~~~~
/scratch2/dima/zephyr-chipyard-sw-fresh/tools-manual/zephyr-sdk-1.0.0-beta1/gnu/riscv64-zephyr-elf/riscv64-zephyr-elf/sys-include/sys/syslimits.h:41:9: note: this is the location of the previous definition
   41 | #define ARG_MAX                 65536   /* max bytes for an exec function */
      |         ^~~~~~~
/scratch2/agustin/zephyr-chipyard-sw/zephyr_ws/zephyr/include/zephyr/posix/posix_limits.h:84:9: warning: "ATEXIT_MAX" redefined
   84 | #define ATEXIT_MAX                    (32)
      |         ^~~~~~~~~~
/scratch2/dima/zephyr-chipyard-sw-fresh/tools-manual/zephyr-sdk-1.0.0-beta1/gnu/riscv64-zephyr-elf/riscv64-zephyr-elf/sys-include/sys/syslimits.h:42:9: note: this is the location of the previous definition
   42 | #define ATEXIT_MAX                 32   /* max atexit functions */
      |         ^~~~~~~~~~
/scratch2/agustin/zephyr-chipyard-sw/zephyr_ws/zephyr/include/zephyr/posix/posix_limits.h:93:9: warning: "OPEN_MAX" redefined
   93 | #define OPEN_MAX                      CONFIG_POSIX_OPEN_MAX
      |         ^~~~~~~~
/scratch2/dima/zephyr-chipyard-sw-fresh/tools-manual/zephyr-sdk-1.0.0-beta1/gnu/riscv64-zephyr-elf/riscv64-zephyr-elf/sys-include/sys/syslimits.h:45:9: note: this is the location of the previous definition
   45 | #define OPEN_MAX                   64   /* max open files per process */
      |         ^~~~~~~~
/scratch2/agustin/zephyr-chipyard-sw/zephyr_ws/zephyr/include/zephyr/posix/posix_limits.h:96:9: warning: "PATH_MAX" redefined
   96 | #define PATH_MAX                      _POSIX_PATH_MAX
      |         ^~~~~~~~
/scratch2/dima/zephyr-chipyard-sw-fresh/tools-manual/zephyr-sdk-1.0.0-beta1/gnu/riscv64-zephyr-elf/riscv64-zephyr-elf/sys-include/sys/syslimits.h:53:9: note: this is the location of the previous definition
   53 | #define PATH_MAX                 1024   /* max bytes in pathname */
      |         ^~~~~~~~
/scratch2/agustin/zephyr-chipyard-sw/zephyr_ws/zephyr/include/zephyr/posix/posix_limits.h:114:9: warning: "TZNAME_MAX" redefined
  114 | #define TZNAME_MAX                    _POSIX_TZNAME_MAX
      |         ^~~~~~~~~~
/scratch2/dima/zephyr-chipyard-sw-fresh/tools-manual/zephyr-sdk-1.0.0-beta1/gnu/riscv64-zephyr-elf/riscv64-zephyr-elf/sys-include/sys/syslimits.h:46:9: note: this is the location of the previous definition
   46 | #define TZNAME_MAX                 10   /* max time zone name length */
      |         ^~~~~~~~~~
[129/216] Building C object zephyr/lib/posix/options/CMakeFiles/lib__posix__options.dir/signal.c.obj
In file included from /scratch2/agustin/zephyr-chipyard-sw/zephyr_ws/zephyr/include/zephyr/posix/sys/sysconf.h:11,
                 from /scratch2/agustin/zephyr-chipyard-sw/zephyr_ws/zephyr/include/zephyr/posix/unistd.h:18,
                 from /scratch2/agustin/zephyr-chipyard-sw/zephyr_ws/zephyr/include/zephyr/posix/pthread.h:15,
                 from /scratch2/agustin/zephyr-chipyard-sw/zephyr_ws/zephyr/lib/posix/options/signal.c:13:
/scratch2/agustin/zephyr-chipyard-sw/zephyr_ws/zephyr/include/zephyr/posix/posix_limits.h:23:9: warning: "_POSIX_AIO_LISTIO_MAX" redefined
   23 | #define _POSIX_AIO_LISTIO_MAX               (2)
      |         ^~~~~~~~~~~~~~~~~~~~~
In file included from /scratch2/dima/zephyr-chipyard-sw-fresh/tools-manual/zephyr-sdk-1.0.0-beta1/gnu/riscv64-zephyr-elf/riscv64-zephyr-elf/sys-include/limits.h:6,
                 from /scratch2/dima/zephyr-chipyard-sw-fresh/tools-manual/zephyr-sdk-1.0.0-beta1/gnu/riscv64-zephyr-elf/lib/gcc/riscv64-zephyr-elf/14.3.0/include/limits.h:210,
                 from /scratch2/dima/zephyr-chipyard-sw-fresh/tools-manual/zephyr-sdk-1.0.0-beta1/gnu/riscv64-zephyr-elf/lib/gcc/riscv64-zephyr-elf/14.3.0/include/syslimits.h:7,
                 from /scratch2/dima/zephyr-chipyard-sw-fresh/tools-manual/zephyr-sdk-1.0.0-beta1/gnu/riscv64-zephyr-elf/lib/gcc/riscv64-zephyr-elf/14.3.0/include/limits.h:34,
                 from /scratch2/agustin/zephyr-chipyard-sw/zephyr_ws/zephyr/include/zephyr/kernel_includes.h:22,
                 from /scratch2/agustin/zephyr-chipyard-sw/zephyr_ws/zephyr/include/zephyr/kernel.h:17,
                 from /scratch2/agustin/zephyr-chipyard-sw/zephyr_ws/zephyr/include/zephyr/posix/pthread.h:14:
/scratch2/dima/zephyr-chipyard-sw-fresh/tools-manual/zephyr-sdk-1.0.0-beta1/gnu/riscv64-zephyr-elf/riscv64-zephyr-elf/sys-include/sys/syslimits.h:63:9: note: this is the location of the previous definition
   63 | #define _POSIX_AIO_LISTIO_MAX   2
      |         ^~~~~~~~~~~~~~~~~~~~~
/scratch2/agustin/zephyr-chipyard-sw/zephyr_ws/zephyr/include/zephyr/posix/posix_limits.h:24:9: warning: "_POSIX_AIO_MAX" redefined
   24 | #define _POSIX_AIO_MAX                      (1)
      |         ^~~~~~~~~~~~~~
/scratch2/dima/zephyr-chipyard-sw-fresh/tools-manual/zephyr-sdk-1.0.0-beta1/gnu/riscv64-zephyr-elf/riscv64-zephyr-elf/sys-include/sys/syslimits.h:64:9: note: this is the location of the previous definition
   64 | #define _POSIX_AIO_MAX          1
      |         ^~~~~~~~~~~~~~
/scratch2/agustin/zephyr-chipyard-sw/zephyr_ws/zephyr/include/zephyr/posix/posix_limits.h:25:9: warning: "_POSIX_ARG_MAX" redefined
   25 | #define _POSIX_ARG_MAX                      (4096)
      |         ^~~~~~~~~~~~~~
/scratch2/dima/zephyr-chipyard-sw-fresh/tools-manual/zephyr-sdk-1.0.0-beta1/gnu/riscv64-zephyr-elf/riscv64-zephyr-elf/sys-include/sys/syslimits.h:65:9: note: this is the location of the previous definition
   65 | #define _POSIX_ARG_MAX          4096
      |         ^~~~~~~~~~~~~~
/scratch2/agustin/zephyr-chipyard-sw/zephyr_ws/zephyr/include/zephyr/posix/posix_limits.h:26:9: warning: "_POSIX_CHILD_MAX" redefined
   26 | #define _POSIX_CHILD_MAX                    (25)
      |         ^~~~~~~~~~~~~~~~
/scratch2/dima/zephyr-chipyard-sw-fresh/tools-manual/zephyr-sdk-1.0.0-beta1/gnu/riscv64-zephyr-elf/riscv64-zephyr-elf/sys-include/sys/syslimits.h:66:9: note: this is the location of the previous definition
   66 | #define _POSIX_CHILD_MAX        6
      |         ^~~~~~~~~~~~~~~~
/scratch2/agustin/zephyr-chipyard-sw/zephyr_ws/zephyr/include/zephyr/posix/posix_limits.h:27:9: warning: "_POSIX_DELAYTIMER_MAX" redefined
   27 | #define _POSIX_DELAYTIMER_MAX               (32)
      |         ^~~~~~~~~~~~~~~~~~~~~
/scratch2/dima/zephyr-chipyard-sw-fresh/tools-manual/zephyr-sdk-1.0.0-beta1/gnu/riscv64-zephyr-elf/riscv64-zephyr-elf/sys-include/sys/syslimits.h:67:9: note: this is the location of the previous definition
   67 | #define _POSIX_DELAYTIMER_MAX   32
      |         ^~~~~~~~~~~~~~~~~~~~~
/scratch2/agustin/zephyr-chipyard-sw/zephyr_ws/zephyr/include/zephyr/posix/posix_limits.h:28:9: warning: "_POSIX_HOST_NAME_MAX" redefined
   28 | #define _POSIX_HOST_NAME_MAX                (255)
      |         ^~~~~~~~~~~~~~~~~~~~
/scratch2/dima/zephyr-chipyard-sw-fresh/tools-manual/zephyr-sdk-1.0.0-beta1/gnu/riscv64-zephyr-elf/riscv64-zephyr-elf/sys-include/sys/syslimits.h:68:9: note: this is the location of the previous definition
   68 | #define _POSIX_HOST_NAME_MAX    255
      |         ^~~~~~~~~~~~~~~~~~~~
/scratch2/agustin/zephyr-chipyard-sw/zephyr_ws/zephyr/include/zephyr/posix/posix_limits.h:29:9: warning: "_POSIX_LINK_MAX" redefined
   29 | #define _POSIX_LINK_MAX                     (8)
      |         ^~~~~~~~~~~~~~~
/scratch2/dima/zephyr-chipyard-sw-fresh/tools-manual/zephyr-sdk-1.0.0-beta1/gnu/riscv64-zephyr-elf/riscv64-zephyr-elf/sys-include/sys/syslimits.h:69:9: note: this is the location of the previous definition
   69 | #define _POSIX_LINK_MAX         8
      |         ^~~~~~~~~~~~~~~
/scratch2/agustin/zephyr-chipyard-sw/zephyr_ws/zephyr/include/zephyr/posix/posix_limits.h:30:9: warning: "_POSIX_LOGIN_NAME_MAX" redefined
   30 | #define _POSIX_LOGIN_NAME_MAX               (9)
      |         ^~~~~~~~~~~~~~~~~~~~~
/scratch2/dima/zephyr-chipyard-sw-fresh/tools-manual/zephyr-sdk-1.0.0-beta1/gnu/riscv64-zephyr-elf/riscv64-zephyr-elf/sys-include/sys/syslimits.h:70:9: note: this is the location of the previous definition
   70 | #define _POSIX_LOGIN_NAME_MAX   9
      |         ^~~~~~~~~~~~~~~~~~~~~
/scratch2/agustin/zephyr-chipyard-sw/zephyr_ws/zephyr/include/zephyr/posix/posix_limits.h:31:9: warning: "_POSIX_MAX_CANON" redefined
   31 | #define _POSIX_MAX_CANON                    (255)
      |         ^~~~~~~~~~~~~~~~
/scratch2/dima/zephyr-chipyard-sw-fresh/tools-manual/zephyr-sdk-1.0.0-beta1/gnu/riscv64-zephyr-elf/riscv64-zephyr-elf/sys-include/sys/syslimits.h:71:9: note: this is the location of the previous definition
   71 | #define _POSIX_MAX_CANON        255
      |         ^~~~~~~~~~~~~~~~
/scratch2/agustin/zephyr-chipyard-sw/zephyr_ws/zephyr/include/zephyr/posix/posix_limits.h:32:9: warning: "_POSIX_MAX_INPUT" redefined
   32 | #define _POSIX_MAX_INPUT                    (255)
      |         ^~~~~~~~~~~~~~~~
/scratch2/dima/zephyr-chipyard-sw-fresh/tools-manual/zephyr-sdk-1.0.0-beta1/gnu/riscv64-zephyr-elf/riscv64-zephyr-elf/sys-include/sys/syslimits.h:72:9: note: this is the location of the previous definition
   72 | #define _POSIX_MAX_INPUT        255
      |         ^~~~~~~~~~~~~~~~
/scratch2/agustin/zephyr-chipyard-sw/zephyr_ws/zephyr/include/zephyr/posix/posix_limits.h:33:9: warning: "_POSIX_MQ_OPEN_MAX" redefined
   33 | #define _POSIX_MQ_OPEN_MAX                  (8)
      |         ^~~~~~~~~~~~~~~~~~
/scratch2/dima/zephyr-chipyard-sw-fresh/tools-manual/zephyr-sdk-1.0.0-beta1/gnu/riscv64-zephyr-elf/riscv64-zephyr-elf/sys-include/sys/syslimits.h:73:9: note: this is the location of the previous definition
   73 | #define _POSIX_MQ_OPEN_MAX      8
      |         ^~~~~~~~~~~~~~~~~~
/scratch2/agustin/zephyr-chipyard-sw/zephyr_ws/zephyr/include/zephyr/posix/posix_limits.h:34:9: warning: "_POSIX_MQ_PRIO_MAX" redefined
   34 | #define _POSIX_MQ_PRIO_MAX                  (32)
      |         ^~~~~~~~~~~~~~~~~~
/scratch2/dima/zephyr-chipyard-sw-fresh/tools-manual/zephyr-sdk-1.0.0-beta1/gnu/riscv64-zephyr-elf/riscv64-zephyr-elf/sys-include/sys/syslimits.h:74:9: note: this is the location of the previous definition
   74 | #define _POSIX_MQ_PRIO_MAX      32
      |         ^~~~~~~~~~~~~~~~~~
/scratch2/agustin/zephyr-chipyard-sw/zephyr_ws/zephyr/include/zephyr/posix/posix_limits.h:35:9: warning: "_POSIX_NAME_MAX" redefined
   35 | #define _POSIX_NAME_MAX                     (14)
      |         ^~~~~~~~~~~~~~~
/scratch2/dima/zephyr-chipyard-sw-fresh/tools-manual/zephyr-sdk-1.0.0-beta1/gnu/riscv64-zephyr-elf/riscv64-zephyr-elf/sys-include/sys/syslimits.h:75:9: note: this is the location of the previous definition
   75 | #define _POSIX_NAME_MAX         14
      |         ^~~~~~~~~~~~~~~
/scratch2/agustin/zephyr-chipyard-sw/zephyr_ws/zephyr/include/zephyr/posix/posix_limits.h:36:9: warning: "_POSIX_NGROUPS_MAX" redefined
   36 | #define _POSIX_NGROUPS_MAX                  (8)
      |         ^~~~~~~~~~~~~~~~~~
/scratch2/dima/zephyr-chipyard-sw-fresh/tools-manual/zephyr-sdk-1.0.0-beta1/gnu/riscv64-zephyr-elf/riscv64-zephyr-elf/sys-include/sys/syslimits.h:76:9: note: this is the location of the previous definition
   76 | #define _POSIX_NGROUPS_MAX      0
      |         ^~~~~~~~~~~~~~~~~~
/scratch2/agustin/zephyr-chipyard-sw/zephyr_ws/zephyr/include/zephyr/posix/posix_limits.h:37:9: warning: "_POSIX_OPEN_MAX" redefined
   37 | #define _POSIX_OPEN_MAX                     (20)
      |         ^~~~~~~~~~~~~~~
/scratch2/dima/zephyr-chipyard-sw-fresh/tools-manual/zephyr-sdk-1.0.0-beta1/gnu/riscv64-zephyr-elf/riscv64-zephyr-elf/sys-include/sys/syslimits.h:77:9: note: this is the location of the previous definition
   77 | #define _POSIX_OPEN_MAX         16
      |         ^~~~~~~~~~~~~~~
/scratch2/agustin/zephyr-chipyard-sw/zephyr_ws/zephyr/include/zephyr/posix/posix_limits.h:38:9: warning: "_POSIX_PATH_MAX" redefined
   38 | #define _POSIX_PATH_MAX                     (256)
      |         ^~~~~~~~~~~~~~~
/scratch2/dima/zephyr-chipyard-sw-fresh/tools-manual/zephyr-sdk-1.0.0-beta1/gnu/riscv64-zephyr-elf/riscv64-zephyr-elf/sys-include/sys/syslimits.h:78:9: note: this is the location of the previous definition
   78 | #define _POSIX_PATH_MAX         255
      |         ^~~~~~~~~~~~~~~
/scratch2/agustin/zephyr-chipyard-sw/zephyr_ws/zephyr/include/zephyr/posix/posix_limits.h:39:9: warning: "_POSIX_PIPE_BUF" redefined
   39 | #define _POSIX_PIPE_BUF                     (512)
      |         ^~~~~~~~~~~~~~~
/scratch2/dima/zephyr-chipyard-sw-fresh/tools-manual/zephyr-sdk-1.0.0-beta1/gnu/riscv64-zephyr-elf/riscv64-zephyr-elf/sys-include/sys/syslimits.h:79:9: note: this is the location of the previous definition
   79 | #define _POSIX_PIPE_BUF         512
      |         ^~~~~~~~~~~~~~~
/scratch2/agustin/zephyr-chipyard-sw/zephyr_ws/zephyr/include/zephyr/posix/posix_limits.h:40:9: warning: "_POSIX_RE_DUP_MAX" redefined
   40 | #define _POSIX_RE_DUP_MAX                   (255)
      |         ^~~~~~~~~~~~~~~~~
/scratch2/dima/zephyr-chipyard-sw-fresh/tools-manual/zephyr-sdk-1.0.0-beta1/gnu/riscv64-zephyr-elf/riscv64-zephyr-elf/sys-include/sys/syslimits.h:80:9: note: this is the location of the previous definition
   80 | #define _POSIX_RE_DUP_MAX       255
      |         ^~~~~~~~~~~~~~~~~
/scratch2/agustin/zephyr-chipyard-sw/zephyr_ws/zephyr/include/zephyr/posix/posix_limits.h:41:9: warning: "_POSIX_RTSIG_MAX" redefined
   41 | #define _POSIX_RTSIG_MAX                    (8)
      |         ^~~~~~~~~~~~~~~~
/scratch2/dima/zephyr-chipyard-sw-fresh/tools-manual/zephyr-sdk-1.0.0-beta1/gnu/riscv64-zephyr-elf/riscv64-zephyr-elf/sys-include/sys/syslimits.h:81:9: note: this is the location of the previous definition
   81 | #define _POSIX_RTSIG_MAX        8
      |         ^~~~~~~~~~~~~~~~
/scratch2/agustin/zephyr-chipyard-sw/zephyr_ws/zephyr/include/zephyr/posix/posix_limits.h:42:9: warning: "_POSIX_SEM_NSEMS_MAX" redefined
   42 | #define _POSIX_SEM_NSEMS_MAX                (256)
      |         ^~~~~~~~~~~~~~~~~~~~
/scratch2/dima/zephyr-chipyard-sw-fresh/tools-manual/zephyr-sdk-1.0.0-beta1/gnu/riscv64-zephyr-elf/riscv64-zephyr-elf/sys-include/sys/syslimits.h:82:9: note: this is the location of the previous definition
   82 | #define _POSIX_SEM_NSEMS_MAX    256
      |         ^~~~~~~~~~~~~~~~~~~~
/scratch2/agustin/zephyr-chipyard-sw/zephyr_ws/zephyr/include/zephyr/posix/posix_limits.h:43:9: warning: "_POSIX_SEM_VALUE_MAX" redefined
   43 | #define _POSIX_SEM_VALUE_MAX                (32767)
      |         ^~~~~~~~~~~~~~~~~~~~
/scratch2/dima/zephyr-chipyard-sw-fresh/tools-manual/zephyr-sdk-1.0.0-beta1/gnu/riscv64-zephyr-elf/riscv64-zephyr-elf/sys-include/sys/syslimits.h:83:9: note: this is the location of the previous definition
   83 | #define _POSIX_SEM_VALUE_MAX    32767
      |         ^~~~~~~~~~~~~~~~~~~~
/scratch2/agustin/zephyr-chipyard-sw/zephyr_ws/zephyr/include/zephyr/posix/posix_limits.h:44:9: warning: "_POSIX_SIGQUEUE_MAX" redefined
   44 | #define _POSIX_SIGQUEUE_MAX                 (32)
      |         ^~~~~~~~~~~~~~~~~~~
/scratch2/dima/zephyr-chipyard-sw-fresh/tools-manual/zephyr-sdk-1.0.0-beta1/gnu/riscv64-zephyr-elf/riscv64-zephyr-elf/sys-include/sys/syslimits.h:84:9: note: this is the location of the previous definition
   84 | #define _POSIX_SIGQUEUE_MAX     32
      |         ^~~~~~~~~~~~~~~~~~~
/scratch2/agustin/zephyr-chipyard-sw/zephyr_ws/zephyr/include/zephyr/posix/posix_limits.h:45:9: warning: "_POSIX_SSIZE_MAX" redefined
   45 | #define _POSIX_SSIZE_MAX                    (32767)
      |         ^~~~~~~~~~~~~~~~
/scratch2/dima/zephyr-chipyard-sw-fresh/tools-manual/zephyr-sdk-1.0.0-beta1/gnu/riscv64-zephyr-elf/riscv64-zephyr-elf/sys-include/sys/syslimits.h:85:9: note: this is the location of the previous definition
   85 | #define _POSIX_SSIZE_MAX        32767
      |         ^~~~~~~~~~~~~~~~
/scratch2/agustin/zephyr-chipyard-sw/zephyr_ws/zephyr/include/zephyr/posix/posix_limits.h:46:9: warning: "_POSIX_SS_REPL_MAX" redefined
   46 | #define _POSIX_SS_REPL_MAX                  (4)
      |         ^~~~~~~~~~~~~~~~~~
/scratch2/dima/zephyr-chipyard-sw-fresh/tools-manual/zephyr-sdk-1.0.0-beta1/gnu/riscv64-zephyr-elf/riscv64-zephyr-elf/sys-include/sys/syslimits.h:86:9: note: this is the location of the previous definition
   86 | #define _POSIX_SS_REPL_MAX      4
      |         ^~~~~~~~~~~~~~~~~~
/scratch2/agustin/zephyr-chipyard-sw/zephyr_ws/zephyr/include/zephyr/posix/posix_limits.h:47:9: warning: "_POSIX_STREAM_MAX" redefined
   47 | #define _POSIX_STREAM_MAX                   (8)
      |         ^~~~~~~~~~~~~~~~~
/scratch2/dima/zephyr-chipyard-sw-fresh/tools-manual/zephyr-sdk-1.0.0-beta1/gnu/riscv64-zephyr-elf/riscv64-zephyr-elf/sys-include/sys/syslimits.h:87:9: note: this is the location of the previous definition
   87 | #define _POSIX_STREAM_MAX       8
      |         ^~~~~~~~~~~~~~~~~
/scratch2/agustin/zephyr-chipyard-sw/zephyr_ws/zephyr/include/zephyr/posix/posix_limits.h:48:9: warning: "_POSIX_SYMLINK_MAX" redefined
   48 | #define _POSIX_SYMLINK_MAX                  (255)
      |         ^~~~~~~~~~~~~~~~~~
/scratch2/dima/zephyr-chipyard-sw-fresh/tools-manual/zephyr-sdk-1.0.0-beta1/gnu/riscv64-zephyr-elf/riscv64-zephyr-elf/sys-include/sys/syslimits.h:88:9: note: this is the location of the previous definition
   88 | #define _POSIX_SYMLINK_MAX      255
      |         ^~~~~~~~~~~~~~~~~~
/scratch2/agustin/zephyr-chipyard-sw/zephyr_ws/zephyr/include/zephyr/posix/posix_limits.h:49:9: warning: "_POSIX_SYMLOOP_MAX" redefined
   49 | #define _POSIX_SYMLOOP_MAX                  (8)
      |         ^~~~~~~~~~~~~~~~~~
/scratch2/dima/zephyr-chipyard-sw-fresh/tools-manual/zephyr-sdk-1.0.0-beta1/gnu/riscv64-zephyr-elf/riscv64-zephyr-elf/sys-include/sys/syslimits.h:89:9: note: this is the location of the previous definition
   89 | #define _POSIX_SYMLOOP_MAX      8
      |         ^~~~~~~~~~~~~~~~~~
/scratch2/agustin/zephyr-chipyard-sw/zephyr_ws/zephyr/include/zephyr/posix/posix_limits.h:50:9: warning: "_POSIX_THREAD_DESTRUCTOR_ITERATIONS" redefined
   50 | #define _POSIX_THREAD_DESTRUCTOR_ITERATIONS (4)
      |         ^~~~~~~~~~~~~~~~~~~~~~~~~~~~~~~~~~~
/scratch2/dima/zephyr-chipyard-sw-fresh/tools-manual/zephyr-sdk-1.0.0-beta1/gnu/riscv64-zephyr-elf/riscv64-zephyr-elf/sys-include/sys/syslimits.h:90:9: note: this is the location of the previous definition
   90 | #define _POSIX_THREAD_DESTRUCTOR_ITERATIONS     4
      |         ^~~~~~~~~~~~~~~~~~~~~~~~~~~~~~~~~~~
/scratch2/agustin/zephyr-chipyard-sw/zephyr_ws/zephyr/include/zephyr/posix/posix_limits.h:51:9: warning: "_POSIX_THREAD_KEYS_MAX" redefined
   51 | #define _POSIX_THREAD_KEYS_MAX              (128)
      |         ^~~~~~~~~~~~~~~~~~~~~~
/scratch2/dima/zephyr-chipyard-sw-fresh/tools-manual/zephyr-sdk-1.0.0-beta1/gnu/riscv64-zephyr-elf/riscv64-zephyr-elf/sys-include/sys/syslimits.h:91:9: note: this is the location of the previous definition
   91 | #define _POSIX_THREAD_KEYS_MAX  128
      |         ^~~~~~~~~~~~~~~~~~~~~~
/scratch2/agustin/zephyr-chipyard-sw/zephyr_ws/zephyr/include/zephyr/posix/posix_limits.h:52:9: warning: "_POSIX_THREAD_THREADS_MAX" redefined
   52 | #define _POSIX_THREAD_THREADS_MAX           (64)
      |         ^~~~~~~~~~~~~~~~~~~~~~~~~
/scratch2/dima/zephyr-chipyard-sw-fresh/tools-manual/zephyr-sdk-1.0.0-beta1/gnu/riscv64-zephyr-elf/riscv64-zephyr-elf/sys-include/sys/syslimits.h:92:9: note: this is the location of the previous definition
   92 | #define _POSIX_THREAD_THREADS_MAX       64
      |         ^~~~~~~~~~~~~~~~~~~~~~~~~
/scratch2/agustin/zephyr-chipyard-sw/zephyr_ws/zephyr/include/zephyr/posix/posix_limits.h:53:9: warning: "_POSIX_TIMER_MAX" redefined
   53 | #define _POSIX_TIMER_MAX                    (32)
      |         ^~~~~~~~~~~~~~~~
/scratch2/dima/zephyr-chipyard-sw-fresh/tools-manual/zephyr-sdk-1.0.0-beta1/gnu/riscv64-zephyr-elf/riscv64-zephyr-elf/sys-include/sys/syslimits.h:93:9: note: this is the location of the previous definition
   93 | #define _POSIX_TIMER_MAX        32
      |         ^~~~~~~~~~~~~~~~
/scratch2/agustin/zephyr-chipyard-sw/zephyr_ws/zephyr/include/zephyr/posix/posix_limits.h:54:9: warning: "_POSIX_TRACE_EVENT_NAME_MAX" redefined
   54 | #define _POSIX_TRACE_EVENT_NAME_MAX         (30)
      |         ^~~~~~~~~~~~~~~~~~~~~~~~~~~
/scratch2/dima/zephyr-chipyard-sw-fresh/tools-manual/zephyr-sdk-1.0.0-beta1/gnu/riscv64-zephyr-elf/riscv64-zephyr-elf/sys-include/sys/syslimits.h:94:9: note: this is the location of the previous definition
   94 | #define _POSIX_TRACE_EVENT_NAME_MAX     30
      |         ^~~~~~~~~~~~~~~~~~~~~~~~~~~
/scratch2/agustin/zephyr-chipyard-sw/zephyr_ws/zephyr/include/zephyr/posix/posix_limits.h:55:9: warning: "_POSIX_TRACE_NAME_MAX" redefined
   55 | #define _POSIX_TRACE_NAME_MAX               (8)
      |         ^~~~~~~~~~~~~~~~~~~~~
/scratch2/dima/zephyr-chipyard-sw-fresh/tools-manual/zephyr-sdk-1.0.0-beta1/gnu/riscv64-zephyr-elf/riscv64-zephyr-elf/sys-include/sys/syslimits.h:95:9: note: this is the location of the previous definition
   95 | #define _POSIX_TRACE_NAME_MAX   8
      |         ^~~~~~~~~~~~~~~~~~~~~
/scratch2/agustin/zephyr-chipyard-sw/zephyr_ws/zephyr/include/zephyr/posix/posix_limits.h:56:9: warning: "_POSIX_TRACE_SYS_MAX" redefined
   56 | #define _POSIX_TRACE_SYS_MAX                (8)
      |         ^~~~~~~~~~~~~~~~~~~~
/scratch2/dima/zephyr-chipyard-sw-fresh/tools-manual/zephyr-sdk-1.0.0-beta1/gnu/riscv64-zephyr-elf/riscv64-zephyr-elf/sys-include/sys/syslimits.h:96:9: note: this is the location of the previous definition
   96 | #define _POSIX_TRACE_SYS_MAX    8
      |         ^~~~~~~~~~~~~~~~~~~~
/scratch2/agustin/zephyr-chipyard-sw/zephyr_ws/zephyr/include/zephyr/posix/posix_limits.h:57:9: warning: "_POSIX_TRACE_USER_EVENT_MAX" redefined
   57 | #define _POSIX_TRACE_USER_EVENT_MAX         (32)
      |         ^~~~~~~~~~~~~~~~~~~~~~~~~~~
/scratch2/dima/zephyr-chipyard-sw-fresh/tools-manual/zephyr-sdk-1.0.0-beta1/gnu/riscv64-zephyr-elf/riscv64-zephyr-elf/sys-include/sys/syslimits.h:97:9: note: this is the location of the previous definition
   97 | #define _POSIX_TRACE_USER_EVENT_MAX     32
      |         ^~~~~~~~~~~~~~~~~~~~~~~~~~~
/scratch2/agustin/zephyr-chipyard-sw/zephyr_ws/zephyr/include/zephyr/posix/posix_limits.h:58:9: warning: "_POSIX_TTY_NAME_MAX" redefined
   58 | #define _POSIX_TTY_NAME_MAX                 (9)
      |         ^~~~~~~~~~~~~~~~~~~
/scratch2/dima/zephyr-chipyard-sw-fresh/tools-manual/zephyr-sdk-1.0.0-beta1/gnu/riscv64-zephyr-elf/riscv64-zephyr-elf/sys-include/sys/syslimits.h:98:9: note: this is the location of the previous definition
   98 | #define _POSIX_TTY_NAME_MAX     9
      |         ^~~~~~~~~~~~~~~~~~~
/scratch2/agustin/zephyr-chipyard-sw/zephyr_ws/zephyr/include/zephyr/posix/posix_limits.h:59:9: warning: "_POSIX_TZNAME_MAX" redefined
   59 | #define _POSIX_TZNAME_MAX                   (6)
      |         ^~~~~~~~~~~~~~~~~
/scratch2/dima/zephyr-chipyard-sw-fresh/tools-manual/zephyr-sdk-1.0.0-beta1/gnu/riscv64-zephyr-elf/riscv64-zephyr-elf/sys-include/sys/syslimits.h:99:9: note: this is the location of the previous definition
   99 | #define _POSIX_TZNAME_MAX       3
      |         ^~~~~~~~~~~~~~~~~
/scratch2/agustin/zephyr-chipyard-sw/zephyr_ws/zephyr/include/zephyr/posix/posix_limits.h:60:9: warning: "_POSIX2_BC_BASE_MAX" redefined
   60 | #define _POSIX2_BC_BASE_MAX                 (99)
      |         ^~~~~~~~~~~~~~~~~~~
/scratch2/dima/zephyr-chipyard-sw-fresh/tools-manual/zephyr-sdk-1.0.0-beta1/gnu/riscv64-zephyr-elf/riscv64-zephyr-elf/sys-include/sys/syslimits.h:100:9: note: this is the location of the previous definition
  100 | #define _POSIX2_BC_BASE_MAX     99
      |         ^~~~~~~~~~~~~~~~~~~
/scratch2/agustin/zephyr-chipyard-sw/zephyr_ws/zephyr/include/zephyr/posix/posix_limits.h:61:9: warning: "_POSIX2_BC_DIM_MAX" redefined
   61 | #define _POSIX2_BC_DIM_MAX                  (2048)
      |         ^~~~~~~~~~~~~~~~~~
/scratch2/dima/zephyr-chipyard-sw-fresh/tools-manual/zephyr-sdk-1.0.0-beta1/gnu/riscv64-zephyr-elf/riscv64-zephyr-elf/sys-include/sys/syslimits.h:101:9: note: this is the location of the previous definition
  101 | #define _POSIX2_BC_DIM_MAX      2048
      |         ^~~~~~~~~~~~~~~~~~
/scratch2/agustin/zephyr-chipyard-sw/zephyr_ws/zephyr/include/zephyr/posix/posix_limits.h:62:9: warning: "_POSIX2_BC_SCALE_MAX" redefined
   62 | #define _POSIX2_BC_SCALE_MAX                (99)
      |         ^~~~~~~~~~~~~~~~~~~~
/scratch2/dima/zephyr-chipyard-sw-fresh/tools-manual/zephyr-sdk-1.0.0-beta1/gnu/riscv64-zephyr-elf/riscv64-zephyr-elf/sys-include/sys/syslimits.h:102:9: note: this is the location of the previous definition
  102 | #define _POSIX2_BC_SCALE_MAX    99
      |         ^~~~~~~~~~~~~~~~~~~~
/scratch2/agustin/zephyr-chipyard-sw/zephyr_ws/zephyr/include/zephyr/posix/posix_limits.h:63:9: warning: "_POSIX2_BC_STRING_MAX" redefined
   63 | #define _POSIX2_BC_STRING_MAX               (1000)
      |         ^~~~~~~~~~~~~~~~~~~~~
/scratch2/dima/zephyr-chipyard-sw-fresh/tools-manual/zephyr-sdk-1.0.0-beta1/gnu/riscv64-zephyr-elf/riscv64-zephyr-elf/sys-include/sys/syslimits.h:103:9: note: this is the location of the previous definition
  103 | #define _POSIX2_BC_STRING_MAX   1000
      |         ^~~~~~~~~~~~~~~~~~~~~
/scratch2/agustin/zephyr-chipyard-sw/zephyr_ws/zephyr/include/zephyr/posix/posix_limits.h:64:9: warning: "_POSIX2_CHARCLASS_NAME_MAX" redefined
   64 | #define _POSIX2_CHARCLASS_NAME_MAX          (14)
      |         ^~~~~~~~~~~~~~~~~~~~~~~~~~
/scratch2/dima/zephyr-chipyard-sw-fresh/tools-manual/zephyr-sdk-1.0.0-beta1/gnu/riscv64-zephyr-elf/riscv64-zephyr-elf/sys-include/sys/syslimits.h:104:9: note: this is the location of the previous definition
  104 | #define _POSIX2_CHARCLASS_NAME_MAX      14
      |         ^~~~~~~~~~~~~~~~~~~~~~~~~~
/scratch2/agustin/zephyr-chipyard-sw/zephyr_ws/zephyr/include/zephyr/posix/posix_limits.h:65:9: warning: "_POSIX2_COLL_WEIGHTS_MAX" redefined
   65 | #define _POSIX2_COLL_WEIGHTS_MAX            (2)
      |         ^~~~~~~~~~~~~~~~~~~~~~~~
/scratch2/dima/zephyr-chipyard-sw-fresh/tools-manual/zephyr-sdk-1.0.0-beta1/gnu/riscv64-zephyr-elf/riscv64-zephyr-elf/sys-include/sys/syslimits.h:105:9: note: this is the location of the previous definition
  105 | #define _POSIX2_COLL_WEIGHTS_MAX        2
      |         ^~~~~~~~~~~~~~~~~~~~~~~~
/scratch2/agustin/zephyr-chipyard-sw/zephyr_ws/zephyr/include/zephyr/posix/posix_limits.h:66:9: warning: "_POSIX2_EXPR_NEST_MAX" redefined
   66 | #define _POSIX2_EXPR_NEST_MAX               (32)
      |         ^~~~~~~~~~~~~~~~~~~~~
/scratch2/dima/zephyr-chipyard-sw-fresh/tools-manual/zephyr-sdk-1.0.0-beta1/gnu/riscv64-zephyr-elf/riscv64-zephyr-elf/sys-include/sys/syslimits.h:106:9: note: this is the location of the previous definition
  106 | #define _POSIX2_EXPR_NEST_MAX   32
      |         ^~~~~~~~~~~~~~~~~~~~~
/scratch2/agustin/zephyr-chipyard-sw/zephyr_ws/zephyr/include/zephyr/posix/posix_limits.h:67:9: warning: "_POSIX2_LINE_MAX" redefined
   67 | #define _POSIX2_LINE_MAX                    (2048)
      |         ^~~~~~~~~~~~~~~~
/scratch2/dima/zephyr-chipyard-sw-fresh/tools-manual/zephyr-sdk-1.0.0-beta1/gnu/riscv64-zephyr-elf/riscv64-zephyr-elf/sys-include/sys/syslimits.h:107:9: note: this is the location of the previous definition
  107 | #define _POSIX2_LINE_MAX        2048
      |         ^~~~~~~~~~~~~~~~
/scratch2/agustin/zephyr-chipyard-sw/zephyr_ws/zephyr/include/zephyr/posix/posix_limits.h:83:9: warning: "ARG_MAX" redefined
   83 | #define ARG_MAX                       _POSIX_ARG_MAX
      |         ^~~~~~~
/scratch2/dima/zephyr-chipyard-sw-fresh/tools-manual/zephyr-sdk-1.0.0-beta1/gnu/riscv64-zephyr-elf/riscv64-zephyr-elf/sys-include/sys/syslimits.h:41:9: note: this is the location of the previous definition
   41 | #define ARG_MAX                 65536   /* max bytes for an exec function */
      |         ^~~~~~~
/scratch2/agustin/zephyr-chipyard-sw/zephyr_ws/zephyr/include/zephyr/posix/posix_limits.h:84:9: warning: "ATEXIT_MAX" redefined
   84 | #define ATEXIT_MAX                    (32)
      |         ^~~~~~~~~~
/scratch2/dima/zephyr-chipyard-sw-fresh/tools-manual/zephyr-sdk-1.0.0-beta1/gnu/riscv64-zephyr-elf/riscv64-zephyr-elf/sys-include/sys/syslimits.h:42:9: note: this is the location of the previous definition
   42 | #define ATEXIT_MAX                 32   /* max atexit functions */
      |         ^~~~~~~~~~
/scratch2/agustin/zephyr-chipyard-sw/zephyr_ws/zephyr/include/zephyr/posix/posix_limits.h:93:9: warning: "OPEN_MAX" redefined
   93 | #define OPEN_MAX                      CONFIG_POSIX_OPEN_MAX
      |         ^~~~~~~~
/scratch2/dima/zephyr-chipyard-sw-fresh/tools-manual/zephyr-sdk-1.0.0-beta1/gnu/riscv64-zephyr-elf/riscv64-zephyr-elf/sys-include/sys/syslimits.h:45:9: note: this is the location of the previous definition
   45 | #define OPEN_MAX                   64   /* max open files per process */
      |         ^~~~~~~~
/scratch2/agustin/zephyr-chipyard-sw/zephyr_ws/zephyr/include/zephyr/posix/posix_limits.h:96:9: warning: "PATH_MAX" redefined
   96 | #define PATH_MAX                      _POSIX_PATH_MAX
      |         ^~~~~~~~
/scratch2/dima/zephyr-chipyard-sw-fresh/tools-manual/zephyr-sdk-1.0.0-beta1/gnu/riscv64-zephyr-elf/riscv64-zephyr-elf/sys-include/sys/syslimits.h:53:9: note: this is the location of the previous definition
   53 | #define PATH_MAX                 1024   /* max bytes in pathname */
      |         ^~~~~~~~
/scratch2/agustin/zephyr-chipyard-sw/zephyr_ws/zephyr/include/zephyr/posix/posix_limits.h:114:9: warning: "TZNAME_MAX" redefined
  114 | #define TZNAME_MAX                    _POSIX_TZNAME_MAX
      |         ^~~~~~~~~~
/scratch2/dima/zephyr-chipyard-sw-fresh/tools-manual/zephyr-sdk-1.0.0-beta1/gnu/riscv64-zephyr-elf/riscv64-zephyr-elf/sys-include/sys/syslimits.h:46:9: note: this is the location of the previous definition
   46 | #define TZNAME_MAX                 10   /* max time zone name length */
      |         ^~~~~~~~~~
[130/216] Linking C static library zephyr/drivers/console/libdrivers__console.a
[131/216] Building C object zephyr/drivers/interrupt_controller/CMakeFiles/drivers__interrupt_controller.dir/intc_plic.c.obj
[132/216] Building C object zephyr/lib/posix/options/CMakeFiles/lib__posix__options.dir/device_io.c.obj
In file included from /scratch2/agustin/zephyr-chipyard-sw/zephyr_ws/zephyr/include/zephyr/posix/sys/sysconf.h:11,
                 from /scratch2/agustin/zephyr-chipyard-sw/zephyr_ws/zephyr/include/zephyr/posix/unistd.h:18,
                 from /scratch2/agustin/zephyr-chipyard-sw/zephyr_ws/zephyr/include/zephyr/net/socket.h:1289,
                 from /scratch2/agustin/zephyr-chipyard-sw/zephyr_ws/zephyr/include/zephyr/posix/poll.h:9,
                 from /scratch2/agustin/zephyr-chipyard-sw/zephyr_ws/zephyr/lib/posix/options/device_io.c:12:
/scratch2/agustin/zephyr-chipyard-sw/zephyr_ws/zephyr/include/zephyr/posix/posix_limits.h:23:9: warning: "_POSIX_AIO_LISTIO_MAX" redefined
   23 | #define _POSIX_AIO_LISTIO_MAX               (2)
      |         ^~~~~~~~~~~~~~~~~~~~~
In file included from /scratch2/dima/zephyr-chipyard-sw-fresh/tools-manual/zephyr-sdk-1.0.0-beta1/gnu/riscv64-zephyr-elf/riscv64-zephyr-elf/sys-include/limits.h:6,
                 from /scratch2/dima/zephyr-chipyard-sw-fresh/tools-manual/zephyr-sdk-1.0.0-beta1/gnu/riscv64-zephyr-elf/lib/gcc/riscv64-zephyr-elf/14.3.0/include/limits.h:210,
                 from /scratch2/dima/zephyr-chipyard-sw-fresh/tools-manual/zephyr-sdk-1.0.0-beta1/gnu/riscv64-zephyr-elf/lib/gcc/riscv64-zephyr-elf/14.3.0/include/syslimits.h:7,
                 from /scratch2/dima/zephyr-chipyard-sw-fresh/tools-manual/zephyr-sdk-1.0.0-beta1/gnu/riscv64-zephyr-elf/lib/gcc/riscv64-zephyr-elf/14.3.0/include/limits.h:34,
                 from /scratch2/agustin/zephyr-chipyard-sw/zephyr_ws/zephyr/include/zephyr/kernel_includes.h:22,
                 from /scratch2/agustin/zephyr-chipyard-sw/zephyr_ws/zephyr/include/zephyr/kernel.h:17,
                 from /scratch2/agustin/zephyr-chipyard-sw/zephyr_ws/zephyr/include/zephyr/sys/fdtable.h:14,
                 from /scratch2/agustin/zephyr-chipyard-sw/zephyr_ws/zephyr/include/zephyr/posix/fcntl.h:10,
                 from /scratch2/agustin/zephyr-chipyard-sw/zephyr_ws/zephyr/lib/posix/options/device_io.c:11:
/scratch2/dima/zephyr-chipyard-sw-fresh/tools-manual/zephyr-sdk-1.0.0-beta1/gnu/riscv64-zephyr-elf/riscv64-zephyr-elf/sys-include/sys/syslimits.h:63:9: note: this is the location of the previous definition
   63 | #define _POSIX_AIO_LISTIO_MAX   2
      |         ^~~~~~~~~~~~~~~~~~~~~
/scratch2/agustin/zephyr-chipyard-sw/zephyr_ws/zephyr/include/zephyr/posix/posix_limits.h:24:9: warning: "_POSIX_AIO_MAX" redefined
   24 | #define _POSIX_AIO_MAX                      (1)
      |         ^~~~~~~~~~~~~~
/scratch2/dima/zephyr-chipyard-sw-fresh/tools-manual/zephyr-sdk-1.0.0-beta1/gnu/riscv64-zephyr-elf/riscv64-zephyr-elf/sys-include/sys/syslimits.h:64:9: note: this is the location of the previous definition
   64 | #define _POSIX_AIO_MAX          1
      |         ^~~~~~~~~~~~~~
/scratch2/agustin/zephyr-chipyard-sw/zephyr_ws/zephyr/include/zephyr/posix/posix_limits.h:25:9: warning: "_POSIX_ARG_MAX" redefined
   25 | #define _POSIX_ARG_MAX                      (4096)
      |         ^~~~~~~~~~~~~~
/scratch2/dima/zephyr-chipyard-sw-fresh/tools-manual/zephyr-sdk-1.0.0-beta1/gnu/riscv64-zephyr-elf/riscv64-zephyr-elf/sys-include/sys/syslimits.h:65:9: note: this is the location of the previous definition
   65 | #define _POSIX_ARG_MAX          4096
      |         ^~~~~~~~~~~~~~
/scratch2/agustin/zephyr-chipyard-sw/zephyr_ws/zephyr/include/zephyr/posix/posix_limits.h:26:9: warning: "_POSIX_CHILD_MAX" redefined
   26 | #define _POSIX_CHILD_MAX                    (25)
      |         ^~~~~~~~~~~~~~~~
/scratch2/dima/zephyr-chipyard-sw-fresh/tools-manual/zephyr-sdk-1.0.0-beta1/gnu/riscv64-zephyr-elf/riscv64-zephyr-elf/sys-include/sys/syslimits.h:66:9: note: this is the location of the previous definition
   66 | #define _POSIX_CHILD_MAX        6
      |         ^~~~~~~~~~~~~~~~
/scratch2/agustin/zephyr-chipyard-sw/zephyr_ws/zephyr/include/zephyr/posix/posix_limits.h:27:9: warning: "_POSIX_DELAYTIMER_MAX" redefined
   27 | #define _POSIX_DELAYTIMER_MAX               (32)
      |         ^~~~~~~~~~~~~~~~~~~~~
/scratch2/dima/zephyr-chipyard-sw-fresh/tools-manual/zephyr-sdk-1.0.0-beta1/gnu/riscv64-zephyr-elf/riscv64-zephyr-elf/sys-include/sys/syslimits.h:67:9: note: this is the location of the previous definition
   67 | #define _POSIX_DELAYTIMER_MAX   32
      |         ^~~~~~~~~~~~~~~~~~~~~
/scratch2/agustin/zephyr-chipyard-sw/zephyr_ws/zephyr/include/zephyr/posix/posix_limits.h:28:9: warning: "_POSIX_HOST_NAME_MAX" redefined
   28 | #define _POSIX_HOST_NAME_MAX                (255)
      |         ^~~~~~~~~~~~~~~~~~~~
/scratch2/dima/zephyr-chipyard-sw-fresh/tools-manual/zephyr-sdk-1.0.0-beta1/gnu/riscv64-zephyr-elf/riscv64-zephyr-elf/sys-include/sys/syslimits.h:68:9: note: this is the location of the previous definition
   68 | #define _POSIX_HOST_NAME_MAX    255
      |         ^~~~~~~~~~~~~~~~~~~~
/scratch2/agustin/zephyr-chipyard-sw/zephyr_ws/zephyr/include/zephyr/posix/posix_limits.h:29:9: warning: "_POSIX_LINK_MAX" redefined
   29 | #define _POSIX_LINK_MAX                     (8)
      |         ^~~~~~~~~~~~~~~
/scratch2/dima/zephyr-chipyard-sw-fresh/tools-manual/zephyr-sdk-1.0.0-beta1/gnu/riscv64-zephyr-elf/riscv64-zephyr-elf/sys-include/sys/syslimits.h:69:9: note: this is the location of the previous definition
   69 | #define _POSIX_LINK_MAX         8
      |         ^~~~~~~~~~~~~~~
/scratch2/agustin/zephyr-chipyard-sw/zephyr_ws/zephyr/include/zephyr/posix/posix_limits.h:30:9: warning: "_POSIX_LOGIN_NAME_MAX" redefined
   30 | #define _POSIX_LOGIN_NAME_MAX               (9)
      |         ^~~~~~~~~~~~~~~~~~~~~
/scratch2/dima/zephyr-chipyard-sw-fresh/tools-manual/zephyr-sdk-1.0.0-beta1/gnu/riscv64-zephyr-elf/riscv64-zephyr-elf/sys-include/sys/syslimits.h:70:9: note: this is the location of the previous definition
   70 | #define _POSIX_LOGIN_NAME_MAX   9
      |         ^~~~~~~~~~~~~~~~~~~~~
/scratch2/agustin/zephyr-chipyard-sw/zephyr_ws/zephyr/include/zephyr/posix/posix_limits.h:31:9: warning: "_POSIX_MAX_CANON" redefined
   31 | #define _POSIX_MAX_CANON                    (255)
      |         ^~~~~~~~~~~~~~~~
/scratch2/dima/zephyr-chipyard-sw-fresh/tools-manual/zephyr-sdk-1.0.0-beta1/gnu/riscv64-zephyr-elf/riscv64-zephyr-elf/sys-include/sys/syslimits.h:71:9: note: this is the location of the previous definition
   71 | #define _POSIX_MAX_CANON        255
      |         ^~~~~~~~~~~~~~~~
/scratch2/agustin/zephyr-chipyard-sw/zephyr_ws/zephyr/include/zephyr/posix/posix_limits.h:32:9: warning: "_POSIX_MAX_INPUT" redefined
   32 | #define _POSIX_MAX_INPUT                    (255)
      |         ^~~~~~~~~~~~~~~~
/scratch2/dima/zephyr-chipyard-sw-fresh/tools-manual/zephyr-sdk-1.0.0-beta1/gnu/riscv64-zephyr-elf/riscv64-zephyr-elf/sys-include/sys/syslimits.h:72:9: note: this is the location of the previous definition
   72 | #define _POSIX_MAX_INPUT        255
      |         ^~~~~~~~~~~~~~~~
/scratch2/agustin/zephyr-chipyard-sw/zephyr_ws/zephyr/include/zephyr/posix/posix_limits.h:33:9: warning: "_POSIX_MQ_OPEN_MAX" redefined
   33 | #define _POSIX_MQ_OPEN_MAX                  (8)
      |         ^~~~~~~~~~~~~~~~~~
/scratch2/dima/zephyr-chipyard-sw-fresh/tools-manual/zephyr-sdk-1.0.0-beta1/gnu/riscv64-zephyr-elf/riscv64-zephyr-elf/sys-include/sys/syslimits.h:73:9: note: this is the location of the previous definition
   73 | #define _POSIX_MQ_OPEN_MAX      8
      |         ^~~~~~~~~~~~~~~~~~
/scratch2/agustin/zephyr-chipyard-sw/zephyr_ws/zephyr/include/zephyr/posix/posix_limits.h:34:9: warning: "_POSIX_MQ_PRIO_MAX" redefined
   34 | #define _POSIX_MQ_PRIO_MAX                  (32)
      |         ^~~~~~~~~~~~~~~~~~
/scratch2/dima/zephyr-chipyard-sw-fresh/tools-manual/zephyr-sdk-1.0.0-beta1/gnu/riscv64-zephyr-elf/riscv64-zephyr-elf/sys-include/sys/syslimits.h:74:9: note: this is the location of the previous definition
   74 | #define _POSIX_MQ_PRIO_MAX      32
      |         ^~~~~~~~~~~~~~~~~~
/scratch2/agustin/zephyr-chipyard-sw/zephyr_ws/zephyr/include/zephyr/posix/posix_limits.h:35:9: warning: "_POSIX_NAME_MAX" redefined
   35 | #define _POSIX_NAME_MAX                     (14)
      |         ^~~~~~~~~~~~~~~
/scratch2/dima/zephyr-chipyard-sw-fresh/tools-manual/zephyr-sdk-1.0.0-beta1/gnu/riscv64-zephyr-elf/riscv64-zephyr-elf/sys-include/sys/syslimits.h:75:9: note: this is the location of the previous definition
   75 | #define _POSIX_NAME_MAX         14
      |         ^~~~~~~~~~~~~~~
/scratch2/agustin/zephyr-chipyard-sw/zephyr_ws/zephyr/include/zephyr/posix/posix_limits.h:36:9: warning: "_POSIX_NGROUPS_MAX" redefined
   36 | #define _POSIX_NGROUPS_MAX                  (8)
      |         ^~~~~~~~~~~~~~~~~~
/scratch2/dima/zephyr-chipyard-sw-fresh/tools-manual/zephyr-sdk-1.0.0-beta1/gnu/riscv64-zephyr-elf/riscv64-zephyr-elf/sys-include/sys/syslimits.h:76:9: note: this is the location of the previous definition
   76 | #define _POSIX_NGROUPS_MAX      0
      |         ^~~~~~~~~~~~~~~~~~
/scratch2/agustin/zephyr-chipyard-sw/zephyr_ws/zephyr/include/zephyr/posix/posix_limits.h:37:9: warning: "_POSIX_OPEN_MAX" redefined
   37 | #define _POSIX_OPEN_MAX                     (20)
      |         ^~~~~~~~~~~~~~~
/scratch2/dima/zephyr-chipyard-sw-fresh/tools-manual/zephyr-sdk-1.0.0-beta1/gnu/riscv64-zephyr-elf/riscv64-zephyr-elf/sys-include/sys/syslimits.h:77:9: note: this is the location of the previous definition
   77 | #define _POSIX_OPEN_MAX         16
      |         ^~~~~~~~~~~~~~~
/scratch2/agustin/zephyr-chipyard-sw/zephyr_ws/zephyr/include/zephyr/posix/posix_limits.h:38:9: warning: "_POSIX_PATH_MAX" redefined
   38 | #define _POSIX_PATH_MAX                     (256)
      |         ^~~~~~~~~~~~~~~
/scratch2/dima/zephyr-chipyard-sw-fresh/tools-manual/zephyr-sdk-1.0.0-beta1/gnu/riscv64-zephyr-elf/riscv64-zephyr-elf/sys-include/sys/syslimits.h:78:9: note: this is the location of the previous definition
   78 | #define _POSIX_PATH_MAX         255
      |         ^~~~~~~~~~~~~~~
/scratch2/agustin/zephyr-chipyard-sw/zephyr_ws/zephyr/include/zephyr/posix/posix_limits.h:39:9: warning: "_POSIX_PIPE_BUF" redefined
   39 | #define _POSIX_PIPE_BUF                     (512)
      |         ^~~~~~~~~~~~~~~
/scratch2/dima/zephyr-chipyard-sw-fresh/tools-manual/zephyr-sdk-1.0.0-beta1/gnu/riscv64-zephyr-elf/riscv64-zephyr-elf/sys-include/sys/syslimits.h:79:9: note: this is the location of the previous definition
   79 | #define _POSIX_PIPE_BUF         512
      |         ^~~~~~~~~~~~~~~
/scratch2/agustin/zephyr-chipyard-sw/zephyr_ws/zephyr/include/zephyr/posix/posix_limits.h:40:9: warning: "_POSIX_RE_DUP_MAX" redefined
   40 | #define _POSIX_RE_DUP_MAX                   (255)
      |         ^~~~~~~~~~~~~~~~~
/scratch2/dima/zephyr-chipyard-sw-fresh/tools-manual/zephyr-sdk-1.0.0-beta1/gnu/riscv64-zephyr-elf/riscv64-zephyr-elf/sys-include/sys/syslimits.h:80:9: note: this is the location of the previous definition
   80 | #define _POSIX_RE_DUP_MAX       255
      |         ^~~~~~~~~~~~~~~~~
/scratch2/agustin/zephyr-chipyard-sw/zephyr_ws/zephyr/include/zephyr/posix/posix_limits.h:41:9: warning: "_POSIX_RTSIG_MAX" redefined
   41 | #define _POSIX_RTSIG_MAX                    (8)
      |         ^~~~~~~~~~~~~~~~
/scratch2/dima/zephyr-chipyard-sw-fresh/tools-manual/zephyr-sdk-1.0.0-beta1/gnu/riscv64-zephyr-elf/riscv64-zephyr-elf/sys-include/sys/syslimits.h:81:9: note: this is the location of the previous definition
   81 | #define _POSIX_RTSIG_MAX        8
      |         ^~~~~~~~~~~~~~~~
/scratch2/agustin/zephyr-chipyard-sw/zephyr_ws/zephyr/include/zephyr/posix/posix_limits.h:42:9: warning: "_POSIX_SEM_NSEMS_MAX" redefined
   42 | #define _POSIX_SEM_NSEMS_MAX                (256)
      |         ^~~~~~~~~~~~~~~~~~~~
/scratch2/dima/zephyr-chipyard-sw-fresh/tools-manual/zephyr-sdk-1.0.0-beta1/gnu/riscv64-zephyr-elf/riscv64-zephyr-elf/sys-include/sys/syslimits.h:82:9: note: this is the location of the previous definition
   82 | #define _POSIX_SEM_NSEMS_MAX    256
      |         ^~~~~~~~~~~~~~~~~~~~
/scratch2/agustin/zephyr-chipyard-sw/zephyr_ws/zephyr/include/zephyr/posix/posix_limits.h:43:9: warning: "_POSIX_SEM_VALUE_MAX" redefined
   43 | #define _POSIX_SEM_VALUE_MAX                (32767)
      |         ^~~~~~~~~~~~~~~~~~~~
/scratch2/dima/zephyr-chipyard-sw-fresh/tools-manual/zephyr-sdk-1.0.0-beta1/gnu/riscv64-zephyr-elf/riscv64-zephyr-elf/sys-include/sys/syslimits.h:83:9: note: this is the location of the previous definition
   83 | #define _POSIX_SEM_VALUE_MAX    32767
      |         ^~~~~~~~~~~~~~~~~~~~
/scratch2/agustin/zephyr-chipyard-sw/zephyr_ws/zephyr/include/zephyr/posix/posix_limits.h:44:9: warning: "_POSIX_SIGQUEUE_MAX" redefined
   44 | #define _POSIX_SIGQUEUE_MAX                 (32)
      |         ^~~~~~~~~~~~~~~~~~~
/scratch2/dima/zephyr-chipyard-sw-fresh/tools-manual/zephyr-sdk-1.0.0-beta1/gnu/riscv64-zephyr-elf/riscv64-zephyr-elf/sys-include/sys/syslimits.h:84:9: note: this is the location of the previous definition
   84 | #define _POSIX_SIGQUEUE_MAX     32
      |         ^~~~~~~~~~~~~~~~~~~
/scratch2/agustin/zephyr-chipyard-sw/zephyr_ws/zephyr/include/zephyr/posix/posix_limits.h:45:9: warning: "_POSIX_SSIZE_MAX" redefined
   45 | #define _POSIX_SSIZE_MAX                    (32767)
      |         ^~~~~~~~~~~~~~~~
/scratch2/dima/zephyr-chipyard-sw-fresh/tools-manual/zephyr-sdk-1.0.0-beta1/gnu/riscv64-zephyr-elf/riscv64-zephyr-elf/sys-include/sys/syslimits.h:85:9: note: this is the location of the previous definition
   85 | #define _POSIX_SSIZE_MAX        32767
      |         ^~~~~~~~~~~~~~~~
/scratch2/agustin/zephyr-chipyard-sw/zephyr_ws/zephyr/include/zephyr/posix/posix_limits.h:46:9: warning: "_POSIX_SS_REPL_MAX" redefined
   46 | #define _POSIX_SS_REPL_MAX                  (4)
      |         ^~~~~~~~~~~~~~~~~~
/scratch2/dima/zephyr-chipyard-sw-fresh/tools-manual/zephyr-sdk-1.0.0-beta1/gnu/riscv64-zephyr-elf/riscv64-zephyr-elf/sys-include/sys/syslimits.h:86:9: note: this is the location of the previous definition
   86 | #define _POSIX_SS_REPL_MAX      4
      |         ^~~~~~~~~~~~~~~~~~
/scratch2/agustin/zephyr-chipyard-sw/zephyr_ws/zephyr/include/zephyr/posix/posix_limits.h:47:9: warning: "_POSIX_STREAM_MAX" redefined
   47 | #define _POSIX_STREAM_MAX                   (8)
      |         ^~~~~~~~~~~~~~~~~
/scratch2/dima/zephyr-chipyard-sw-fresh/tools-manual/zephyr-sdk-1.0.0-beta1/gnu/riscv64-zephyr-elf/riscv64-zephyr-elf/sys-include/sys/syslimits.h:87:9: note: this is the location of the previous definition
   87 | #define _POSIX_STREAM_MAX       8
      |         ^~~~~~~~~~~~~~~~~
/scratch2/agustin/zephyr-chipyard-sw/zephyr_ws/zephyr/include/zephyr/posix/posix_limits.h:48:9: warning: "_POSIX_SYMLINK_MAX" redefined
   48 | #define _POSIX_SYMLINK_MAX                  (255)
      |         ^~~~~~~~~~~~~~~~~~
/scratch2/dima/zephyr-chipyard-sw-fresh/tools-manual/zephyr-sdk-1.0.0-beta1/gnu/riscv64-zephyr-elf/riscv64-zephyr-elf/sys-include/sys/syslimits.h:88:9: note: this is the location of the previous definition
   88 | #define _POSIX_SYMLINK_MAX      255
      |         ^~~~~~~~~~~~~~~~~~
/scratch2/agustin/zephyr-chipyard-sw/zephyr_ws/zephyr/include/zephyr/posix/posix_limits.h:49:9: warning: "_POSIX_SYMLOOP_MAX" redefined
   49 | #define _POSIX_SYMLOOP_MAX                  (8)
      |         ^~~~~~~~~~~~~~~~~~
/scratch2/dima/zephyr-chipyard-sw-fresh/tools-manual/zephyr-sdk-1.0.0-beta1/gnu/riscv64-zephyr-elf/riscv64-zephyr-elf/sys-include/sys/syslimits.h:89:9: note: this is the location of the previous definition
   89 | #define _POSIX_SYMLOOP_MAX      8
      |         ^~~~~~~~~~~~~~~~~~
/scratch2/agustin/zephyr-chipyard-sw/zephyr_ws/zephyr/include/zephyr/posix/posix_limits.h:50:9: warning: "_POSIX_THREAD_DESTRUCTOR_ITERATIONS" redefined
   50 | #define _POSIX_THREAD_DESTRUCTOR_ITERATIONS (4)
      |         ^~~~~~~~~~~~~~~~~~~~~~~~~~~~~~~~~~~
/scratch2/dima/zephyr-chipyard-sw-fresh/tools-manual/zephyr-sdk-1.0.0-beta1/gnu/riscv64-zephyr-elf/riscv64-zephyr-elf/sys-include/sys/syslimits.h:90:9: note: this is the location of the previous definition
   90 | #define _POSIX_THREAD_DESTRUCTOR_ITERATIONS     4
      |         ^~~~~~~~~~~~~~~~~~~~~~~~~~~~~~~~~~~
/scratch2/agustin/zephyr-chipyard-sw/zephyr_ws/zephyr/include/zephyr/posix/posix_limits.h:51:9: warning: "_POSIX_THREAD_KEYS_MAX" redefined
   51 | #define _POSIX_THREAD_KEYS_MAX              (128)
      |         ^~~~~~~~~~~~~~~~~~~~~~
/scratch2/dima/zephyr-chipyard-sw-fresh/tools-manual/zephyr-sdk-1.0.0-beta1/gnu/riscv64-zephyr-elf/riscv64-zephyr-elf/sys-include/sys/syslimits.h:91:9: note: this is the location of the previous definition
   91 | #define _POSIX_THREAD_KEYS_MAX  128
      |         ^~~~~~~~~~~~~~~~~~~~~~
/scratch2/agustin/zephyr-chipyard-sw/zephyr_ws/zephyr/include/zephyr/posix/posix_limits.h:52:9: warning: "_POSIX_THREAD_THREADS_MAX" redefined
   52 | #define _POSIX_THREAD_THREADS_MAX           (64)
      |         ^~~~~~~~~~~~~~~~~~~~~~~~~
/scratch2/dima/zephyr-chipyard-sw-fresh/tools-manual/zephyr-sdk-1.0.0-beta1/gnu/riscv64-zephyr-elf/riscv64-zephyr-elf/sys-include/sys/syslimits.h:92:9: note: this is the location of the previous definition
   92 | #define _POSIX_THREAD_THREADS_MAX       64
      |         ^~~~~~~~~~~~~~~~~~~~~~~~~
/scratch2/agustin/zephyr-chipyard-sw/zephyr_ws/zephyr/include/zephyr/posix/posix_limits.h:53:9: warning: "_POSIX_TIMER_MAX" redefined
   53 | #define _POSIX_TIMER_MAX                    (32)
      |         ^~~~~~~~~~~~~~~~
/scratch2/dima/zephyr-chipyard-sw-fresh/tools-manual/zephyr-sdk-1.0.0-beta1/gnu/riscv64-zephyr-elf/riscv64-zephyr-elf/sys-include/sys/syslimits.h:93:9: note: this is the location of the previous definition
   93 | #define _POSIX_TIMER_MAX        32
      |         ^~~~~~~~~~~~~~~~
/scratch2/agustin/zephyr-chipyard-sw/zephyr_ws/zephyr/include/zephyr/posix/posix_limits.h:54:9: warning: "_POSIX_TRACE_EVENT_NAME_MAX" redefined
   54 | #define _POSIX_TRACE_EVENT_NAME_MAX         (30)
      |         ^~~~~~~~~~~~~~~~~~~~~~~~~~~
/scratch2/dima/zephyr-chipyard-sw-fresh/tools-manual/zephyr-sdk-1.0.0-beta1/gnu/riscv64-zephyr-elf/riscv64-zephyr-elf/sys-include/sys/syslimits.h:94:9: note: this is the location of the previous definition
   94 | #define _POSIX_TRACE_EVENT_NAME_MAX     30
      |         ^~~~~~~~~~~~~~~~~~~~~~~~~~~
/scratch2/agustin/zephyr-chipyard-sw/zephyr_ws/zephyr/include/zephyr/posix/posix_limits.h:55:9: warning: "_POSIX_TRACE_NAME_MAX" redefined
   55 | #define _POSIX_TRACE_NAME_MAX               (8)
      |         ^~~~~~~~~~~~~~~~~~~~~
/scratch2/dima/zephyr-chipyard-sw-fresh/tools-manual/zephyr-sdk-1.0.0-beta1/gnu/riscv64-zephyr-elf/riscv64-zephyr-elf/sys-include/sys/syslimits.h:95:9: note: this is the location of the previous definition
   95 | #define _POSIX_TRACE_NAME_MAX   8
      |         ^~~~~~~~~~~~~~~~~~~~~
/scratch2/agustin/zephyr-chipyard-sw/zephyr_ws/zephyr/include/zephyr/posix/posix_limits.h:56:9: warning: "_POSIX_TRACE_SYS_MAX" redefined
   56 | #define _POSIX_TRACE_SYS_MAX                (8)
      |         ^~~~~~~~~~~~~~~~~~~~
/scratch2/dima/zephyr-chipyard-sw-fresh/tools-manual/zephyr-sdk-1.0.0-beta1/gnu/riscv64-zephyr-elf/riscv64-zephyr-elf/sys-include/sys/syslimits.h:96:9: note: this is the location of the previous definition
   96 | #define _POSIX_TRACE_SYS_MAX    8
      |         ^~~~~~~~~~~~~~~~~~~~
/scratch2/agustin/zephyr-chipyard-sw/zephyr_ws/zephyr/include/zephyr/posix/posix_limits.h:57:9: warning: "_POSIX_TRACE_USER_EVENT_MAX" redefined
   57 | #define _POSIX_TRACE_USER_EVENT_MAX         (32)
      |         ^~~~~~~~~~~~~~~~~~~~~~~~~~~
/scratch2/dima/zephyr-chipyard-sw-fresh/tools-manual/zephyr-sdk-1.0.0-beta1/gnu/riscv64-zephyr-elf/riscv64-zephyr-elf/sys-include/sys/syslimits.h:97:9: note: this is the location of the previous definition
   97 | #define _POSIX_TRACE_USER_EVENT_MAX     32
      |         ^~~~~~~~~~~~~~~~~~~~~~~~~~~
/scratch2/agustin/zephyr-chipyard-sw/zephyr_ws/zephyr/include/zephyr/posix/posix_limits.h:58:9: warning: "_POSIX_TTY_NAME_MAX" redefined
   58 | #define _POSIX_TTY_NAME_MAX                 (9)
      |         ^~~~~~~~~~~~~~~~~~~
/scratch2/dima/zephyr-chipyard-sw-fresh/tools-manual/zephyr-sdk-1.0.0-beta1/gnu/riscv64-zephyr-elf/riscv64-zephyr-elf/sys-include/sys/syslimits.h:98:9: note: this is the location of the previous definition
   98 | #define _POSIX_TTY_NAME_MAX     9
      |         ^~~~~~~~~~~~~~~~~~~
/scratch2/agustin/zephyr-chipyard-sw/zephyr_ws/zephyr/include/zephyr/posix/posix_limits.h:59:9: warning: "_POSIX_TZNAME_MAX" redefined
   59 | #define _POSIX_TZNAME_MAX                   (6)
      |         ^~~~~~~~~~~~~~~~~
/scratch2/dima/zephyr-chipyard-sw-fresh/tools-manual/zephyr-sdk-1.0.0-beta1/gnu/riscv64-zephyr-elf/riscv64-zephyr-elf/sys-include/sys/syslimits.h:99:9: note: this is the location of the previous definition
   99 | #define _POSIX_TZNAME_MAX       3
      |         ^~~~~~~~~~~~~~~~~
/scratch2/agustin/zephyr-chipyard-sw/zephyr_ws/zephyr/include/zephyr/posix/posix_limits.h:60:9: warning: "_POSIX2_BC_BASE_MAX" redefined
   60 | #define _POSIX2_BC_BASE_MAX                 (99)
      |         ^~~~~~~~~~~~~~~~~~~
/scratch2/dima/zephyr-chipyard-sw-fresh/tools-manual/zephyr-sdk-1.0.0-beta1/gnu/riscv64-zephyr-elf/riscv64-zephyr-elf/sys-include/sys/syslimits.h:100:9: note: this is the location of the previous definition
  100 | #define _POSIX2_BC_BASE_MAX     99
      |         ^~~~~~~~~~~~~~~~~~~
/scratch2/agustin/zephyr-chipyard-sw/zephyr_ws/zephyr/include/zephyr/posix/posix_limits.h:61:9: warning: "_POSIX2_BC_DIM_MAX" redefined
   61 | #define _POSIX2_BC_DIM_MAX                  (2048)
      |         ^~~~~~~~~~~~~~~~~~
/scratch2/dima/zephyr-chipyard-sw-fresh/tools-manual/zephyr-sdk-1.0.0-beta1/gnu/riscv64-zephyr-elf/riscv64-zephyr-elf/sys-include/sys/syslimits.h:101:9: note: this is the location of the previous definition
  101 | #define _POSIX2_BC_DIM_MAX      2048
      |         ^~~~~~~~~~~~~~~~~~
/scratch2/agustin/zephyr-chipyard-sw/zephyr_ws/zephyr/include/zephyr/posix/posix_limits.h:62:9: warning: "_POSIX2_BC_SCALE_MAX" redefined
   62 | #define _POSIX2_BC_SCALE_MAX                (99)
      |         ^~~~~~~~~~~~~~~~~~~~
/scratch2/dima/zephyr-chipyard-sw-fresh/tools-manual/zephyr-sdk-1.0.0-beta1/gnu/riscv64-zephyr-elf/riscv64-zephyr-elf/sys-include/sys/syslimits.h:102:9: note: this is the location of the previous definition
  102 | #define _POSIX2_BC_SCALE_MAX    99
      |         ^~~~~~~~~~~~~~~~~~~~
/scratch2/agustin/zephyr-chipyard-sw/zephyr_ws/zephyr/include/zephyr/posix/posix_limits.h:63:9: warning: "_POSIX2_BC_STRING_MAX" redefined
   63 | #define _POSIX2_BC_STRING_MAX               (1000)
      |         ^~~~~~~~~~~~~~~~~~~~~
/scratch2/dima/zephyr-chipyard-sw-fresh/tools-manual/zephyr-sdk-1.0.0-beta1/gnu/riscv64-zephyr-elf/riscv64-zephyr-elf/sys-include/sys/syslimits.h:103:9: note: this is the location of the previous definition
  103 | #define _POSIX2_BC_STRING_MAX   1000
      |         ^~~~~~~~~~~~~~~~~~~~~
/scratch2/agustin/zephyr-chipyard-sw/zephyr_ws/zephyr/include/zephyr/posix/posix_limits.h:64:9: warning: "_POSIX2_CHARCLASS_NAME_MAX" redefined
   64 | #define _POSIX2_CHARCLASS_NAME_MAX          (14)
      |         ^~~~~~~~~~~~~~~~~~~~~~~~~~
/scratch2/dima/zephyr-chipyard-sw-fresh/tools-manual/zephyr-sdk-1.0.0-beta1/gnu/riscv64-zephyr-elf/riscv64-zephyr-elf/sys-include/sys/syslimits.h:104:9: note: this is the location of the previous definition
  104 | #define _POSIX2_CHARCLASS_NAME_MAX      14
      |         ^~~~~~~~~~~~~~~~~~~~~~~~~~
/scratch2/agustin/zephyr-chipyard-sw/zephyr_ws/zephyr/include/zephyr/posix/posix_limits.h:65:9: warning: "_POSIX2_COLL_WEIGHTS_MAX" redefined
   65 | #define _POSIX2_COLL_WEIGHTS_MAX            (2)
      |         ^~~~~~~~~~~~~~~~~~~~~~~~
/scratch2/dima/zephyr-chipyard-sw-fresh/tools-manual/zephyr-sdk-1.0.0-beta1/gnu/riscv64-zephyr-elf/riscv64-zephyr-elf/sys-include/sys/syslimits.h:105:9: note: this is the location of the previous definition
  105 | #define _POSIX2_COLL_WEIGHTS_MAX        2
      |         ^~~~~~~~~~~~~~~~~~~~~~~~
/scratch2/agustin/zephyr-chipyard-sw/zephyr_ws/zephyr/include/zephyr/posix/posix_limits.h:66:9: warning: "_POSIX2_EXPR_NEST_MAX" redefined
   66 | #define _POSIX2_EXPR_NEST_MAX               (32)
      |         ^~~~~~~~~~~~~~~~~~~~~
/scratch2/dima/zephyr-chipyard-sw-fresh/tools-manual/zephyr-sdk-1.0.0-beta1/gnu/riscv64-zephyr-elf/riscv64-zephyr-elf/sys-include/sys/syslimits.h:106:9: note: this is the location of the previous definition
  106 | #define _POSIX2_EXPR_NEST_MAX   32
      |         ^~~~~~~~~~~~~~~~~~~~~
/scratch2/agustin/zephyr-chipyard-sw/zephyr_ws/zephyr/include/zephyr/posix/posix_limits.h:67:9: warning: "_POSIX2_LINE_MAX" redefined
   67 | #define _POSIX2_LINE_MAX                    (2048)
      |         ^~~~~~~~~~~~~~~~
/scratch2/dima/zephyr-chipyard-sw-fresh/tools-manual/zephyr-sdk-1.0.0-beta1/gnu/riscv64-zephyr-elf/riscv64-zephyr-elf/sys-include/sys/syslimits.h:107:9: note: this is the location of the previous definition
  107 | #define _POSIX2_LINE_MAX        2048
      |         ^~~~~~~~~~~~~~~~
/scratch2/agustin/zephyr-chipyard-sw/zephyr_ws/zephyr/include/zephyr/posix/posix_limits.h:83:9: warning: "ARG_MAX" redefined
   83 | #define ARG_MAX                       _POSIX_ARG_MAX
      |         ^~~~~~~
/scratch2/dima/zephyr-chipyard-sw-fresh/tools-manual/zephyr-sdk-1.0.0-beta1/gnu/riscv64-zephyr-elf/riscv64-zephyr-elf/sys-include/sys/syslimits.h:41:9: note: this is the location of the previous definition
   41 | #define ARG_MAX                 65536   /* max bytes for an exec function */
      |         ^~~~~~~
/scratch2/agustin/zephyr-chipyard-sw/zephyr_ws/zephyr/include/zephyr/posix/posix_limits.h:84:9: warning: "ATEXIT_MAX" redefined
   84 | #define ATEXIT_MAX                    (32)
      |         ^~~~~~~~~~
/scratch2/dima/zephyr-chipyard-sw-fresh/tools-manual/zephyr-sdk-1.0.0-beta1/gnu/riscv64-zephyr-elf/riscv64-zephyr-elf/sys-include/sys/syslimits.h:42:9: note: this is the location of the previous definition
   42 | #define ATEXIT_MAX                 32   /* max atexit functions */
      |         ^~~~~~~~~~
/scratch2/agustin/zephyr-chipyard-sw/zephyr_ws/zephyr/include/zephyr/posix/posix_limits.h:93:9: warning: "OPEN_MAX" redefined
   93 | #define OPEN_MAX                      CONFIG_POSIX_OPEN_MAX
      |         ^~~~~~~~
/scratch2/dima/zephyr-chipyard-sw-fresh/tools-manual/zephyr-sdk-1.0.0-beta1/gnu/riscv64-zephyr-elf/riscv64-zephyr-elf/sys-include/sys/syslimits.h:45:9: note: this is the location of the previous definition
   45 | #define OPEN_MAX                   64   /* max open files per process */
      |         ^~~~~~~~
/scratch2/agustin/zephyr-chipyard-sw/zephyr_ws/zephyr/include/zephyr/posix/posix_limits.h:96:9: warning: "PATH_MAX" redefined
   96 | #define PATH_MAX                      _POSIX_PATH_MAX
      |         ^~~~~~~~
/scratch2/dima/zephyr-chipyard-sw-fresh/tools-manual/zephyr-sdk-1.0.0-beta1/gnu/riscv64-zephyr-elf/riscv64-zephyr-elf/sys-include/sys/syslimits.h:53:9: note: this is the location of the previous definition
   53 | #define PATH_MAX                 1024   /* max bytes in pathname */
      |         ^~~~~~~~
/scratch2/agustin/zephyr-chipyard-sw/zephyr_ws/zephyr/include/zephyr/posix/posix_limits.h:114:9: warning: "TZNAME_MAX" redefined
  114 | #define TZNAME_MAX                    _POSIX_TZNAME_MAX
      |         ^~~~~~~~~~
/scratch2/dima/zephyr-chipyard-sw-fresh/tools-manual/zephyr-sdk-1.0.0-beta1/gnu/riscv64-zephyr-elf/riscv64-zephyr-elf/sys-include/sys/syslimits.h:46:9: note: this is the location of the previous definition
   46 | #define TZNAME_MAX                 10   /* max time zone name length */
      |         ^~~~~~~~~~
[133/216] Building C object zephyr/lib/posix/options/CMakeFiles/lib__posix__options.dir/grp.c.obj
[134/216] Building C object zephyr/lib/posix/options/CMakeFiles/lib__posix__options.dir/confstr.c.obj
In file included from /scratch2/agustin/zephyr-chipyard-sw/zephyr_ws/zephyr/include/zephyr/posix/sys/sysconf.h:11,
                 from /scratch2/agustin/zephyr-chipyard-sw/zephyr_ws/zephyr/include/zephyr/posix/unistd.h:18,
                 from /scratch2/agustin/zephyr-chipyard-sw/zephyr_ws/zephyr/lib/posix/options/confstr.c:7:
/scratch2/agustin/zephyr-chipyard-sw/zephyr_ws/zephyr/include/zephyr/posix/posix_limits.h:23:9: warning: "_POSIX_AIO_LISTIO_MAX" redefined
   23 | #define _POSIX_AIO_LISTIO_MAX               (2)
      |         ^~~~~~~~~~~~~~~~~~~~~
In file included from /scratch2/dima/zephyr-chipyard-sw-fresh/tools-manual/zephyr-sdk-1.0.0-beta1/gnu/riscv64-zephyr-elf/riscv64-zephyr-elf/sys-include/limits.h:6,
                 from /scratch2/dima/zephyr-chipyard-sw-fresh/tools-manual/zephyr-sdk-1.0.0-beta1/gnu/riscv64-zephyr-elf/lib/gcc/riscv64-zephyr-elf/14.3.0/include/limits.h:210,
                 from /scratch2/dima/zephyr-chipyard-sw-fresh/tools-manual/zephyr-sdk-1.0.0-beta1/gnu/riscv64-zephyr-elf/lib/gcc/riscv64-zephyr-elf/14.3.0/include/syslimits.h:7,
                 from /scratch2/dima/zephyr-chipyard-sw-fresh/tools-manual/zephyr-sdk-1.0.0-beta1/gnu/riscv64-zephyr-elf/lib/gcc/riscv64-zephyr-elf/14.3.0/include/limits.h:34,
                 from /scratch2/agustin/zephyr-chipyard-sw/zephyr_ws/zephyr/include/zephyr/kernel_includes.h:22,
                 from /scratch2/agustin/zephyr-chipyard-sw/zephyr_ws/zephyr/include/zephyr/kernel.h:17,
                 from /scratch2/agustin/zephyr-chipyard-sw/zephyr_ws/zephyr/include/zephyr/posix/posix_types.h:30,
                 from /scratch2/agustin/zephyr-chipyard-sw/zephyr_ws/zephyr/include/zephyr/posix/unistd.h:11:
/scratch2/dima/zephyr-chipyard-sw-fresh/tools-manual/zephyr-sdk-1.0.0-beta1/gnu/riscv64-zephyr-elf/riscv64-zephyr-elf/sys-include/sys/syslimits.h:63:9: note: this is the location of the previous definition
   63 | #define _POSIX_AIO_LISTIO_MAX   2
      |         ^~~~~~~~~~~~~~~~~~~~~
/scratch2/agustin/zephyr-chipyard-sw/zephyr_ws/zephyr/include/zephyr/posix/posix_limits.h:24:9: warning: "_POSIX_AIO_MAX" redefined
   24 | #define _POSIX_AIO_MAX                      (1)
      |         ^~~~~~~~~~~~~~
/scratch2/dima/zephyr-chipyard-sw-fresh/tools-manual/zephyr-sdk-1.0.0-beta1/gnu/riscv64-zephyr-elf/riscv64-zephyr-elf/sys-include/sys/syslimits.h:64:9: note: this is the location of the previous definition
   64 | #define _POSIX_AIO_MAX          1
      |         ^~~~~~~~~~~~~~
/scratch2/agustin/zephyr-chipyard-sw/zephyr_ws/zephyr/include/zephyr/posix/posix_limits.h:25:9: warning: "_POSIX_ARG_MAX" redefined
   25 | #define _POSIX_ARG_MAX                      (4096)
      |         ^~~~~~~~~~~~~~
/scratch2/dima/zephyr-chipyard-sw-fresh/tools-manual/zephyr-sdk-1.0.0-beta1/gnu/riscv64-zephyr-elf/riscv64-zephyr-elf/sys-include/sys/syslimits.h:65:9: note: this is the location of the previous definition
   65 | #define _POSIX_ARG_MAX          4096
      |         ^~~~~~~~~~~~~~
/scratch2/agustin/zephyr-chipyard-sw/zephyr_ws/zephyr/include/zephyr/posix/posix_limits.h:26:9: warning: "_POSIX_CHILD_MAX" redefined
   26 | #define _POSIX_CHILD_MAX                    (25)
      |         ^~~~~~~~~~~~~~~~
/scratch2/dima/zephyr-chipyard-sw-fresh/tools-manual/zephyr-sdk-1.0.0-beta1/gnu/riscv64-zephyr-elf/riscv64-zephyr-elf/sys-include/sys/syslimits.h:66:9: note: this is the location of the previous definition
   66 | #define _POSIX_CHILD_MAX        6
      |         ^~~~~~~~~~~~~~~~
/scratch2/agustin/zephyr-chipyard-sw/zephyr_ws/zephyr/include/zephyr/posix/posix_limits.h:27:9: warning: "_POSIX_DELAYTIMER_MAX" redefined
   27 | #define _POSIX_DELAYTIMER_MAX               (32)
      |         ^~~~~~~~~~~~~~~~~~~~~
/scratch2/dima/zephyr-chipyard-sw-fresh/tools-manual/zephyr-sdk-1.0.0-beta1/gnu/riscv64-zephyr-elf/riscv64-zephyr-elf/sys-include/sys/syslimits.h:67:9: note: this is the location of the previous definition
   67 | #define _POSIX_DELAYTIMER_MAX   32
      |         ^~~~~~~~~~~~~~~~~~~~~
/scratch2/agustin/zephyr-chipyard-sw/zephyr_ws/zephyr/include/zephyr/posix/posix_limits.h:28:9: warning: "_POSIX_HOST_NAME_MAX" redefined
   28 | #define _POSIX_HOST_NAME_MAX                (255)
      |         ^~~~~~~~~~~~~~~~~~~~
/scratch2/dima/zephyr-chipyard-sw-fresh/tools-manual/zephyr-sdk-1.0.0-beta1/gnu/riscv64-zephyr-elf/riscv64-zephyr-elf/sys-include/sys/syslimits.h:68:9: note: this is the location of the previous definition
   68 | #define _POSIX_HOST_NAME_MAX    255
      |         ^~~~~~~~~~~~~~~~~~~~
/scratch2/agustin/zephyr-chipyard-sw/zephyr_ws/zephyr/include/zephyr/posix/posix_limits.h:29:9: warning: "_POSIX_LINK_MAX" redefined
   29 | #define _POSIX_LINK_MAX                     (8)
      |         ^~~~~~~~~~~~~~~
/scratch2/dima/zephyr-chipyard-sw-fresh/tools-manual/zephyr-sdk-1.0.0-beta1/gnu/riscv64-zephyr-elf/riscv64-zephyr-elf/sys-include/sys/syslimits.h:69:9: note: this is the location of the previous definition
   69 | #define _POSIX_LINK_MAX         8
      |         ^~~~~~~~~~~~~~~
/scratch2/agustin/zephyr-chipyard-sw/zephyr_ws/zephyr/include/zephyr/posix/posix_limits.h:30:9: warning: "_POSIX_LOGIN_NAME_MAX" redefined
   30 | #define _POSIX_LOGIN_NAME_MAX               (9)
      |         ^~~~~~~~~~~~~~~~~~~~~
/scratch2/dima/zephyr-chipyard-sw-fresh/tools-manual/zephyr-sdk-1.0.0-beta1/gnu/riscv64-zephyr-elf/riscv64-zephyr-elf/sys-include/sys/syslimits.h:70:9: note: this is the location of the previous definition
   70 | #define _POSIX_LOGIN_NAME_MAX   9
      |         ^~~~~~~~~~~~~~~~~~~~~
/scratch2/agustin/zephyr-chipyard-sw/zephyr_ws/zephyr/include/zephyr/posix/posix_limits.h:31:9: warning: "_POSIX_MAX_CANON" redefined
   31 | #define _POSIX_MAX_CANON                    (255)
      |         ^~~~~~~~~~~~~~~~
/scratch2/dima/zephyr-chipyard-sw-fresh/tools-manual/zephyr-sdk-1.0.0-beta1/gnu/riscv64-zephyr-elf/riscv64-zephyr-elf/sys-include/sys/syslimits.h:71:9: note: this is the location of the previous definition
   71 | #define _POSIX_MAX_CANON        255
      |         ^~~~~~~~~~~~~~~~
/scratch2/agustin/zephyr-chipyard-sw/zephyr_ws/zephyr/include/zephyr/posix/posix_limits.h:32:9: warning: "_POSIX_MAX_INPUT" redefined
   32 | #define _POSIX_MAX_INPUT                    (255)
      |         ^~~~~~~~~~~~~~~~
/scratch2/dima/zephyr-chipyard-sw-fresh/tools-manual/zephyr-sdk-1.0.0-beta1/gnu/riscv64-zephyr-elf/riscv64-zephyr-elf/sys-include/sys/syslimits.h:72:9: note: this is the location of the previous definition
   72 | #define _POSIX_MAX_INPUT        255
      |         ^~~~~~~~~~~~~~~~
/scratch2/agustin/zephyr-chipyard-sw/zephyr_ws/zephyr/include/zephyr/posix/posix_limits.h:33:9: warning: "_POSIX_MQ_OPEN_MAX" redefined
   33 | #define _POSIX_MQ_OPEN_MAX                  (8)
      |         ^~~~~~~~~~~~~~~~~~
/scratch2/dima/zephyr-chipyard-sw-fresh/tools-manual/zephyr-sdk-1.0.0-beta1/gnu/riscv64-zephyr-elf/riscv64-zephyr-elf/sys-include/sys/syslimits.h:73:9: note: this is the location of the previous definition
   73 | #define _POSIX_MQ_OPEN_MAX      8
      |         ^~~~~~~~~~~~~~~~~~
/scratch2/agustin/zephyr-chipyard-sw/zephyr_ws/zephyr/include/zephyr/posix/posix_limits.h:34:9: warning: "_POSIX_MQ_PRIO_MAX" redefined
   34 | #define _POSIX_MQ_PRIO_MAX                  (32)
      |         ^~~~~~~~~~~~~~~~~~
/scratch2/dima/zephyr-chipyard-sw-fresh/tools-manual/zephyr-sdk-1.0.0-beta1/gnu/riscv64-zephyr-elf/riscv64-zephyr-elf/sys-include/sys/syslimits.h:74:9: note: this is the location of the previous definition
   74 | #define _POSIX_MQ_PRIO_MAX      32
      |         ^~~~~~~~~~~~~~~~~~
/scratch2/agustin/zephyr-chipyard-sw/zephyr_ws/zephyr/include/zephyr/posix/posix_limits.h:35:9: warning: "_POSIX_NAME_MAX" redefined
   35 | #define _POSIX_NAME_MAX                     (14)
      |         ^~~~~~~~~~~~~~~
/scratch2/dima/zephyr-chipyard-sw-fresh/tools-manual/zephyr-sdk-1.0.0-beta1/gnu/riscv64-zephyr-elf/riscv64-zephyr-elf/sys-include/sys/syslimits.h:75:9: note: this is the location of the previous definition
   75 | #define _POSIX_NAME_MAX         14
      |         ^~~~~~~~~~~~~~~
/scratch2/agustin/zephyr-chipyard-sw/zephyr_ws/zephyr/include/zephyr/posix/posix_limits.h:36:9: warning: "_POSIX_NGROUPS_MAX" redefined
   36 | #define _POSIX_NGROUPS_MAX                  (8)
      |         ^~~~~~~~~~~~~~~~~~
/scratch2/dima/zephyr-chipyard-sw-fresh/tools-manual/zephyr-sdk-1.0.0-beta1/gnu/riscv64-zephyr-elf/riscv64-zephyr-elf/sys-include/sys/syslimits.h:76:9: note: this is the location of the previous definition
   76 | #define _POSIX_NGROUPS_MAX      0
      |         ^~~~~~~~~~~~~~~~~~
/scratch2/agustin/zephyr-chipyard-sw/zephyr_ws/zephyr/include/zephyr/posix/posix_limits.h:37:9: warning: "_POSIX_OPEN_MAX" redefined
   37 | #define _POSIX_OPEN_MAX                     (20)
      |         ^~~~~~~~~~~~~~~
/scratch2/dima/zephyr-chipyard-sw-fresh/tools-manual/zephyr-sdk-1.0.0-beta1/gnu/riscv64-zephyr-elf/riscv64-zephyr-elf/sys-include/sys/syslimits.h:77:9: note: this is the location of the previous definition
   77 | #define _POSIX_OPEN_MAX         16
      |         ^~~~~~~~~~~~~~~
/scratch2/agustin/zephyr-chipyard-sw/zephyr_ws/zephyr/include/zephyr/posix/posix_limits.h:38:9: warning: "_POSIX_PATH_MAX" redefined
   38 | #define _POSIX_PATH_MAX                     (256)
      |         ^~~~~~~~~~~~~~~
/scratch2/dima/zephyr-chipyard-sw-fresh/tools-manual/zephyr-sdk-1.0.0-beta1/gnu/riscv64-zephyr-elf/riscv64-zephyr-elf/sys-include/sys/syslimits.h:78:9: note: this is the location of the previous definition
   78 | #define _POSIX_PATH_MAX         255
      |         ^~~~~~~~~~~~~~~
/scratch2/agustin/zephyr-chipyard-sw/zephyr_ws/zephyr/include/zephyr/posix/posix_limits.h:39:9: warning: "_POSIX_PIPE_BUF" redefined
   39 | #define _POSIX_PIPE_BUF                     (512)
      |         ^~~~~~~~~~~~~~~
/scratch2/dima/zephyr-chipyard-sw-fresh/tools-manual/zephyr-sdk-1.0.0-beta1/gnu/riscv64-zephyr-elf/riscv64-zephyr-elf/sys-include/sys/syslimits.h:79:9: note: this is the location of the previous definition
   79 | #define _POSIX_PIPE_BUF         512
      |         ^~~~~~~~~~~~~~~
/scratch2/agustin/zephyr-chipyard-sw/zephyr_ws/zephyr/include/zephyr/posix/posix_limits.h:40:9: warning: "_POSIX_RE_DUP_MAX" redefined
   40 | #define _POSIX_RE_DUP_MAX                   (255)
      |         ^~~~~~~~~~~~~~~~~
/scratch2/dima/zephyr-chipyard-sw-fresh/tools-manual/zephyr-sdk-1.0.0-beta1/gnu/riscv64-zephyr-elf/riscv64-zephyr-elf/sys-include/sys/syslimits.h:80:9: note: this is the location of the previous definition
   80 | #define _POSIX_RE_DUP_MAX       255
      |         ^~~~~~~~~~~~~~~~~
/scratch2/agustin/zephyr-chipyard-sw/zephyr_ws/zephyr/include/zephyr/posix/posix_limits.h:41:9: warning: "_POSIX_RTSIG_MAX" redefined
   41 | #define _POSIX_RTSIG_MAX                    (8)
      |         ^~~~~~~~~~~~~~~~
/scratch2/dima/zephyr-chipyard-sw-fresh/tools-manual/zephyr-sdk-1.0.0-beta1/gnu/riscv64-zephyr-elf/riscv64-zephyr-elf/sys-include/sys/syslimits.h:81:9: note: this is the location of the previous definition
   81 | #define _POSIX_RTSIG_MAX        8
      |         ^~~~~~~~~~~~~~~~
/scratch2/agustin/zephyr-chipyard-sw/zephyr_ws/zephyr/include/zephyr/posix/posix_limits.h:42:9: warning: "_POSIX_SEM_NSEMS_MAX" redefined
   42 | #define _POSIX_SEM_NSEMS_MAX                (256)
      |         ^~~~~~~~~~~~~~~~~~~~
/scratch2/dima/zephyr-chipyard-sw-fresh/tools-manual/zephyr-sdk-1.0.0-beta1/gnu/riscv64-zephyr-elf/riscv64-zephyr-elf/sys-include/sys/syslimits.h:82:9: note: this is the location of the previous definition
   82 | #define _POSIX_SEM_NSEMS_MAX    256
      |         ^~~~~~~~~~~~~~~~~~~~
/scratch2/agustin/zephyr-chipyard-sw/zephyr_ws/zephyr/include/zephyr/posix/posix_limits.h:43:9: warning: "_POSIX_SEM_VALUE_MAX" redefined
   43 | #define _POSIX_SEM_VALUE_MAX                (32767)
      |         ^~~~~~~~~~~~~~~~~~~~
/scratch2/dima/zephyr-chipyard-sw-fresh/tools-manual/zephyr-sdk-1.0.0-beta1/gnu/riscv64-zephyr-elf/riscv64-zephyr-elf/sys-include/sys/syslimits.h:83:9: note: this is the location of the previous definition
   83 | #define _POSIX_SEM_VALUE_MAX    32767
      |         ^~~~~~~~~~~~~~~~~~~~
/scratch2/agustin/zephyr-chipyard-sw/zephyr_ws/zephyr/include/zephyr/posix/posix_limits.h:44:9: warning: "_POSIX_SIGQUEUE_MAX" redefined
   44 | #define _POSIX_SIGQUEUE_MAX                 (32)
      |         ^~~~~~~~~~~~~~~~~~~
/scratch2/dima/zephyr-chipyard-sw-fresh/tools-manual/zephyr-sdk-1.0.0-beta1/gnu/riscv64-zephyr-elf/riscv64-zephyr-elf/sys-include/sys/syslimits.h:84:9: note: this is the location of the previous definition
   84 | #define _POSIX_SIGQUEUE_MAX     32
      |         ^~~~~~~~~~~~~~~~~~~
/scratch2/agustin/zephyr-chipyard-sw/zephyr_ws/zephyr/include/zephyr/posix/posix_limits.h:45:9: warning: "_POSIX_SSIZE_MAX" redefined
   45 | #define _POSIX_SSIZE_MAX                    (32767)
      |         ^~~~~~~~~~~~~~~~
/scratch2/dima/zephyr-chipyard-sw-fresh/tools-manual/zephyr-sdk-1.0.0-beta1/gnu/riscv64-zephyr-elf/riscv64-zephyr-elf/sys-include/sys/syslimits.h:85:9: note: this is the location of the previous definition
   85 | #define _POSIX_SSIZE_MAX        32767
      |         ^~~~~~~~~~~~~~~~
/scratch2/agustin/zephyr-chipyard-sw/zephyr_ws/zephyr/include/zephyr/posix/posix_limits.h:46:9: warning: "_POSIX_SS_REPL_MAX" redefined
   46 | #define _POSIX_SS_REPL_MAX                  (4)
      |         ^~~~~~~~~~~~~~~~~~
/scratch2/dima/zephyr-chipyard-sw-fresh/tools-manual/zephyr-sdk-1.0.0-beta1/gnu/riscv64-zephyr-elf/riscv64-zephyr-elf/sys-include/sys/syslimits.h:86:9: note: this is the location of the previous definition
   86 | #define _POSIX_SS_REPL_MAX      4
      |         ^~~~~~~~~~~~~~~~~~
/scratch2/agustin/zephyr-chipyard-sw/zephyr_ws/zephyr/include/zephyr/posix/posix_limits.h:47:9: warning: "_POSIX_STREAM_MAX" redefined
   47 | #define _POSIX_STREAM_MAX                   (8)
      |         ^~~~~~~~~~~~~~~~~
/scratch2/dima/zephyr-chipyard-sw-fresh/tools-manual/zephyr-sdk-1.0.0-beta1/gnu/riscv64-zephyr-elf/riscv64-zephyr-elf/sys-include/sys/syslimits.h:87:9: note: this is the location of the previous definition
   87 | #define _POSIX_STREAM_MAX       8
      |         ^~~~~~~~~~~~~~~~~
/scratch2/agustin/zephyr-chipyard-sw/zephyr_ws/zephyr/include/zephyr/posix/posix_limits.h:48:9: warning: "_POSIX_SYMLINK_MAX" redefined
   48 | #define _POSIX_SYMLINK_MAX                  (255)
      |         ^~~~~~~~~~~~~~~~~~
/scratch2/dima/zephyr-chipyard-sw-fresh/tools-manual/zephyr-sdk-1.0.0-beta1/gnu/riscv64-zephyr-elf/riscv64-zephyr-elf/sys-include/sys/syslimits.h:88:9: note: this is the location of the previous definition
   88 | #define _POSIX_SYMLINK_MAX      255
      |         ^~~~~~~~~~~~~~~~~~
/scratch2/agustin/zephyr-chipyard-sw/zephyr_ws/zephyr/include/zephyr/posix/posix_limits.h:49:9: warning: "_POSIX_SYMLOOP_MAX" redefined
   49 | #define _POSIX_SYMLOOP_MAX                  (8)
      |         ^~~~~~~~~~~~~~~~~~
/scratch2/dima/zephyr-chipyard-sw-fresh/tools-manual/zephyr-sdk-1.0.0-beta1/gnu/riscv64-zephyr-elf/riscv64-zephyr-elf/sys-include/sys/syslimits.h:89:9: note: this is the location of the previous definition
   89 | #define _POSIX_SYMLOOP_MAX      8
      |         ^~~~~~~~~~~~~~~~~~
/scratch2/agustin/zephyr-chipyard-sw/zephyr_ws/zephyr/include/zephyr/posix/posix_limits.h:50:9: warning: "_POSIX_THREAD_DESTRUCTOR_ITERATIONS" redefined
   50 | #define _POSIX_THREAD_DESTRUCTOR_ITERATIONS (4)
      |         ^~~~~~~~~~~~~~~~~~~~~~~~~~~~~~~~~~~
/scratch2/dima/zephyr-chipyard-sw-fresh/tools-manual/zephyr-sdk-1.0.0-beta1/gnu/riscv64-zephyr-elf/riscv64-zephyr-elf/sys-include/sys/syslimits.h:90:9: note: this is the location of the previous definition
   90 | #define _POSIX_THREAD_DESTRUCTOR_ITERATIONS     4
      |         ^~~~~~~~~~~~~~~~~~~~~~~~~~~~~~~~~~~
/scratch2/agustin/zephyr-chipyard-sw/zephyr_ws/zephyr/include/zephyr/posix/posix_limits.h:51:9: warning: "_POSIX_THREAD_KEYS_MAX" redefined
   51 | #define _POSIX_THREAD_KEYS_MAX              (128)
      |         ^~~~~~~~~~~~~~~~~~~~~~
/scratch2/dima/zephyr-chipyard-sw-fresh/tools-manual/zephyr-sdk-1.0.0-beta1/gnu/riscv64-zephyr-elf/riscv64-zephyr-elf/sys-include/sys/syslimits.h:91:9: note: this is the location of the previous definition
   91 | #define _POSIX_THREAD_KEYS_MAX  128
      |         ^~~~~~~~~~~~~~~~~~~~~~
/scratch2/agustin/zephyr-chipyard-sw/zephyr_ws/zephyr/include/zephyr/posix/posix_limits.h:52:9: warning: "_POSIX_THREAD_THREADS_MAX" redefined
   52 | #define _POSIX_THREAD_THREADS_MAX           (64)
      |         ^~~~~~~~~~~~~~~~~~~~~~~~~
/scratch2/dima/zephyr-chipyard-sw-fresh/tools-manual/zephyr-sdk-1.0.0-beta1/gnu/riscv64-zephyr-elf/riscv64-zephyr-elf/sys-include/sys/syslimits.h:92:9: note: this is the location of the previous definition
   92 | #define _POSIX_THREAD_THREADS_MAX       64
      |         ^~~~~~~~~~~~~~~~~~~~~~~~~
/scratch2/agustin/zephyr-chipyard-sw/zephyr_ws/zephyr/include/zephyr/posix/posix_limits.h:53:9: warning: "_POSIX_TIMER_MAX" redefined
   53 | #define _POSIX_TIMER_MAX                    (32)
      |         ^~~~~~~~~~~~~~~~
/scratch2/dima/zephyr-chipyard-sw-fresh/tools-manual/zephyr-sdk-1.0.0-beta1/gnu/riscv64-zephyr-elf/riscv64-zephyr-elf/sys-include/sys/syslimits.h:93:9: note: this is the location of the previous definition
   93 | #define _POSIX_TIMER_MAX        32
      |         ^~~~~~~~~~~~~~~~
/scratch2/agustin/zephyr-chipyard-sw/zephyr_ws/zephyr/include/zephyr/posix/posix_limits.h:54:9: warning: "_POSIX_TRACE_EVENT_NAME_MAX" redefined
   54 | #define _POSIX_TRACE_EVENT_NAME_MAX         (30)
      |         ^~~~~~~~~~~~~~~~~~~~~~~~~~~
/scratch2/dima/zephyr-chipyard-sw-fresh/tools-manual/zephyr-sdk-1.0.0-beta1/gnu/riscv64-zephyr-elf/riscv64-zephyr-elf/sys-include/sys/syslimits.h:94:9: note: this is the location of the previous definition
   94 | #define _POSIX_TRACE_EVENT_NAME_MAX     30
      |         ^~~~~~~~~~~~~~~~~~~~~~~~~~~
/scratch2/agustin/zephyr-chipyard-sw/zephyr_ws/zephyr/include/zephyr/posix/posix_limits.h:55:9: warning: "_POSIX_TRACE_NAME_MAX" redefined
   55 | #define _POSIX_TRACE_NAME_MAX               (8)
      |         ^~~~~~~~~~~~~~~~~~~~~
/scratch2/dima/zephyr-chipyard-sw-fresh/tools-manual/zephyr-sdk-1.0.0-beta1/gnu/riscv64-zephyr-elf/riscv64-zephyr-elf/sys-include/sys/syslimits.h:95:9: note: this is the location of the previous definition
   95 | #define _POSIX_TRACE_NAME_MAX   8
      |         ^~~~~~~~~~~~~~~~~~~~~
/scratch2/agustin/zephyr-chipyard-sw/zephyr_ws/zephyr/include/zephyr/posix/posix_limits.h:56:9: warning: "_POSIX_TRACE_SYS_MAX" redefined
   56 | #define _POSIX_TRACE_SYS_MAX                (8)
      |         ^~~~~~~~~~~~~~~~~~~~
/scratch2/dima/zephyr-chipyard-sw-fresh/tools-manual/zephyr-sdk-1.0.0-beta1/gnu/riscv64-zephyr-elf/riscv64-zephyr-elf/sys-include/sys/syslimits.h:96:9: note: this is the location of the previous definition
   96 | #define _POSIX_TRACE_SYS_MAX    8
      |         ^~~~~~~~~~~~~~~~~~~~
/scratch2/agustin/zephyr-chipyard-sw/zephyr_ws/zephyr/include/zephyr/posix/posix_limits.h:57:9: warning: "_POSIX_TRACE_USER_EVENT_MAX" redefined
   57 | #define _POSIX_TRACE_USER_EVENT_MAX         (32)
      |         ^~~~~~~~~~~~~~~~~~~~~~~~~~~
/scratch2/dima/zephyr-chipyard-sw-fresh/tools-manual/zephyr-sdk-1.0.0-beta1/gnu/riscv64-zephyr-elf/riscv64-zephyr-elf/sys-include/sys/syslimits.h:97:9: note: this is the location of the previous definition
   97 | #define _POSIX_TRACE_USER_EVENT_MAX     32
      |         ^~~~~~~~~~~~~~~~~~~~~~~~~~~
/scratch2/agustin/zephyr-chipyard-sw/zephyr_ws/zephyr/include/zephyr/posix/posix_limits.h:58:9: warning: "_POSIX_TTY_NAME_MAX" redefined
   58 | #define _POSIX_TTY_NAME_MAX                 (9)
      |         ^~~~~~~~~~~~~~~~~~~
/scratch2/dima/zephyr-chipyard-sw-fresh/tools-manual/zephyr-sdk-1.0.0-beta1/gnu/riscv64-zephyr-elf/riscv64-zephyr-elf/sys-include/sys/syslimits.h:98:9: note: this is the location of the previous definition
   98 | #define _POSIX_TTY_NAME_MAX     9
      |         ^~~~~~~~~~~~~~~~~~~
/scratch2/agustin/zephyr-chipyard-sw/zephyr_ws/zephyr/include/zephyr/posix/posix_limits.h:59:9: warning: "_POSIX_TZNAME_MAX" redefined
   59 | #define _POSIX_TZNAME_MAX                   (6)
      |         ^~~~~~~~~~~~~~~~~
/scratch2/dima/zephyr-chipyard-sw-fresh/tools-manual/zephyr-sdk-1.0.0-beta1/gnu/riscv64-zephyr-elf/riscv64-zephyr-elf/sys-include/sys/syslimits.h:99:9: note: this is the location of the previous definition
   99 | #define _POSIX_TZNAME_MAX       3
      |         ^~~~~~~~~~~~~~~~~
/scratch2/agustin/zephyr-chipyard-sw/zephyr_ws/zephyr/include/zephyr/posix/posix_limits.h:60:9: warning: "_POSIX2_BC_BASE_MAX" redefined
   60 | #define _POSIX2_BC_BASE_MAX                 (99)
      |         ^~~~~~~~~~~~~~~~~~~
/scratch2/dima/zephyr-chipyard-sw-fresh/tools-manual/zephyr-sdk-1.0.0-beta1/gnu/riscv64-zephyr-elf/riscv64-zephyr-elf/sys-include/sys/syslimits.h:100:9: note: this is the location of the previous definition
  100 | #define _POSIX2_BC_BASE_MAX     99
      |         ^~~~~~~~~~~~~~~~~~~
/scratch2/agustin/zephyr-chipyard-sw/zephyr_ws/zephyr/include/zephyr/posix/posix_limits.h:61:9: warning: "_POSIX2_BC_DIM_MAX" redefined
   61 | #define _POSIX2_BC_DIM_MAX                  (2048)
      |         ^~~~~~~~~~~~~~~~~~
/scratch2/dima/zephyr-chipyard-sw-fresh/tools-manual/zephyr-sdk-1.0.0-beta1/gnu/riscv64-zephyr-elf/riscv64-zephyr-elf/sys-include/sys/syslimits.h:101:9: note: this is the location of the previous definition
  101 | #define _POSIX2_BC_DIM_MAX      2048
      |         ^~~~~~~~~~~~~~~~~~
/scratch2/agustin/zephyr-chipyard-sw/zephyr_ws/zephyr/include/zephyr/posix/posix_limits.h:62:9: warning: "_POSIX2_BC_SCALE_MAX" redefined
   62 | #define _POSIX2_BC_SCALE_MAX                (99)
      |         ^~~~~~~~~~~~~~~~~~~~
/scratch2/dima/zephyr-chipyard-sw-fresh/tools-manual/zephyr-sdk-1.0.0-beta1/gnu/riscv64-zephyr-elf/riscv64-zephyr-elf/sys-include/sys/syslimits.h:102:9: note: this is the location of the previous definition
  102 | #define _POSIX2_BC_SCALE_MAX    99
      |         ^~~~~~~~~~~~~~~~~~~~
/scratch2/agustin/zephyr-chipyard-sw/zephyr_ws/zephyr/include/zephyr/posix/posix_limits.h:63:9: warning: "_POSIX2_BC_STRING_MAX" redefined
   63 | #define _POSIX2_BC_STRING_MAX               (1000)
      |         ^~~~~~~~~~~~~~~~~~~~~
/scratch2/dima/zephyr-chipyard-sw-fresh/tools-manual/zephyr-sdk-1.0.0-beta1/gnu/riscv64-zephyr-elf/riscv64-zephyr-elf/sys-include/sys/syslimits.h:103:9: note: this is the location of the previous definition
  103 | #define _POSIX2_BC_STRING_MAX   1000
      |         ^~~~~~~~~~~~~~~~~~~~~
/scratch2/agustin/zephyr-chipyard-sw/zephyr_ws/zephyr/include/zephyr/posix/posix_limits.h:64:9: warning: "_POSIX2_CHARCLASS_NAME_MAX" redefined
   64 | #define _POSIX2_CHARCLASS_NAME_MAX          (14)
      |         ^~~~~~~~~~~~~~~~~~~~~~~~~~
/scratch2/dima/zephyr-chipyard-sw-fresh/tools-manual/zephyr-sdk-1.0.0-beta1/gnu/riscv64-zephyr-elf/riscv64-zephyr-elf/sys-include/sys/syslimits.h:104:9: note: this is the location of the previous definition
  104 | #define _POSIX2_CHARCLASS_NAME_MAX      14
      |         ^~~~~~~~~~~~~~~~~~~~~~~~~~
/scratch2/agustin/zephyr-chipyard-sw/zephyr_ws/zephyr/include/zephyr/posix/posix_limits.h:65:9: warning: "_POSIX2_COLL_WEIGHTS_MAX" redefined
   65 | #define _POSIX2_COLL_WEIGHTS_MAX            (2)
      |         ^~~~~~~~~~~~~~~~~~~~~~~~
/scratch2/dima/zephyr-chipyard-sw-fresh/tools-manual/zephyr-sdk-1.0.0-beta1/gnu/riscv64-zephyr-elf/riscv64-zephyr-elf/sys-include/sys/syslimits.h:105:9: note: this is the location of the previous definition
  105 | #define _POSIX2_COLL_WEIGHTS_MAX        2
      |         ^~~~~~~~~~~~~~~~~~~~~~~~
/scratch2/agustin/zephyr-chipyard-sw/zephyr_ws/zephyr/include/zephyr/posix/posix_limits.h:66:9: warning: "_POSIX2_EXPR_NEST_MAX" redefined
   66 | #define _POSIX2_EXPR_NEST_MAX               (32)
      |         ^~~~~~~~~~~~~~~~~~~~~
/scratch2/dima/zephyr-chipyard-sw-fresh/tools-manual/zephyr-sdk-1.0.0-beta1/gnu/riscv64-zephyr-elf/riscv64-zephyr-elf/sys-include/sys/syslimits.h:106:9: note: this is the location of the previous definition
  106 | #define _POSIX2_EXPR_NEST_MAX   32
      |         ^~~~~~~~~~~~~~~~~~~~~
/scratch2/agustin/zephyr-chipyard-sw/zephyr_ws/zephyr/include/zephyr/posix/posix_limits.h:67:9: warning: "_POSIX2_LINE_MAX" redefined
   67 | #define _POSIX2_LINE_MAX                    (2048)
      |         ^~~~~~~~~~~~~~~~
/scratch2/dima/zephyr-chipyard-sw-fresh/tools-manual/zephyr-sdk-1.0.0-beta1/gnu/riscv64-zephyr-elf/riscv64-zephyr-elf/sys-include/sys/syslimits.h:107:9: note: this is the location of the previous definition
  107 | #define _POSIX2_LINE_MAX        2048
      |         ^~~~~~~~~~~~~~~~
/scratch2/agustin/zephyr-chipyard-sw/zephyr_ws/zephyr/include/zephyr/posix/posix_limits.h:83:9: warning: "ARG_MAX" redefined
   83 | #define ARG_MAX                       _POSIX_ARG_MAX
      |         ^~~~~~~
/scratch2/dima/zephyr-chipyard-sw-fresh/tools-manual/zephyr-sdk-1.0.0-beta1/gnu/riscv64-zephyr-elf/riscv64-zephyr-elf/sys-include/sys/syslimits.h:41:9: note: this is the location of the previous definition
   41 | #define ARG_MAX                 65536   /* max bytes for an exec function */
      |         ^~~~~~~
/scratch2/agustin/zephyr-chipyard-sw/zephyr_ws/zephyr/include/zephyr/posix/posix_limits.h:84:9: warning: "ATEXIT_MAX" redefined
   84 | #define ATEXIT_MAX                    (32)
      |         ^~~~~~~~~~
/scratch2/dima/zephyr-chipyard-sw-fresh/tools-manual/zephyr-sdk-1.0.0-beta1/gnu/riscv64-zephyr-elf/riscv64-zephyr-elf/sys-include/sys/syslimits.h:42:9: note: this is the location of the previous definition
   42 | #define ATEXIT_MAX                 32   /* max atexit functions */
      |         ^~~~~~~~~~
/scratch2/agustin/zephyr-chipyard-sw/zephyr_ws/zephyr/include/zephyr/posix/posix_limits.h:93:9: warning: "OPEN_MAX" redefined
   93 | #define OPEN_MAX                      CONFIG_POSIX_OPEN_MAX
      |         ^~~~~~~~
/scratch2/dima/zephyr-chipyard-sw-fresh/tools-manual/zephyr-sdk-1.0.0-beta1/gnu/riscv64-zephyr-elf/riscv64-zephyr-elf/sys-include/sys/syslimits.h:45:9: note: this is the location of the previous definition
   45 | #define OPEN_MAX                   64   /* max open files per process */
      |         ^~~~~~~~
/scratch2/agustin/zephyr-chipyard-sw/zephyr_ws/zephyr/include/zephyr/posix/posix_limits.h:96:9: warning: "PATH_MAX" redefined
   96 | #define PATH_MAX                      _POSIX_PATH_MAX
      |         ^~~~~~~~
/scratch2/dima/zephyr-chipyard-sw-fresh/tools-manual/zephyr-sdk-1.0.0-beta1/gnu/riscv64-zephyr-elf/riscv64-zephyr-elf/sys-include/sys/syslimits.h:53:9: note: this is the location of the previous definition
   53 | #define PATH_MAX                 1024   /* max bytes in pathname */
      |         ^~~~~~~~
/scratch2/agustin/zephyr-chipyard-sw/zephyr_ws/zephyr/include/zephyr/posix/posix_limits.h:114:9: warning: "TZNAME_MAX" redefined
  114 | #define TZNAME_MAX                    _POSIX_TZNAME_MAX
      |         ^~~~~~~~~~
/scratch2/dima/zephyr-chipyard-sw-fresh/tools-manual/zephyr-sdk-1.0.0-beta1/gnu/riscv64-zephyr-elf/riscv64-zephyr-elf/sys-include/sys/syslimits.h:46:9: note: this is the location of the previous definition
   46 | #define TZNAME_MAX                 10   /* max time zone name length */
      |         ^~~~~~~~~~
[135/216] Building C object zephyr/lib/posix/options/CMakeFiles/lib__posix__options.dir/sysconf.c.obj
In file included from /scratch2/agustin/zephyr-chipyard-sw/zephyr_ws/zephyr/include/zephyr/posix/sys/sysconf.h:11,
                 from /scratch2/agustin/zephyr-chipyard-sw/zephyr_ws/zephyr/include/zephyr/posix/unistd.h:18,
                 from /scratch2/agustin/zephyr-chipyard-sw/zephyr_ws/zephyr/include/zephyr/posix/pthread.h:15,
                 from /scratch2/agustin/zephyr-chipyard-sw/zephyr_ws/zephyr/lib/posix/options/sysconf.c:9:
/scratch2/agustin/zephyr-chipyard-sw/zephyr_ws/zephyr/include/zephyr/posix/posix_limits.h:23:9: warning: "_POSIX_AIO_LISTIO_MAX" redefined
   23 | #define _POSIX_AIO_LISTIO_MAX               (2)
      |         ^~~~~~~~~~~~~~~~~~~~~
In file included from /scratch2/dima/zephyr-chipyard-sw-fresh/tools-manual/zephyr-sdk-1.0.0-beta1/gnu/riscv64-zephyr-elf/riscv64-zephyr-elf/sys-include/limits.h:6,
                 from /scratch2/dima/zephyr-chipyard-sw-fresh/tools-manual/zephyr-sdk-1.0.0-beta1/gnu/riscv64-zephyr-elf/lib/gcc/riscv64-zephyr-elf/14.3.0/include/limits.h:210,
                 from /scratch2/dima/zephyr-chipyard-sw-fresh/tools-manual/zephyr-sdk-1.0.0-beta1/gnu/riscv64-zephyr-elf/lib/gcc/riscv64-zephyr-elf/14.3.0/include/syslimits.h:7,
                 from /scratch2/dima/zephyr-chipyard-sw-fresh/tools-manual/zephyr-sdk-1.0.0-beta1/gnu/riscv64-zephyr-elf/lib/gcc/riscv64-zephyr-elf/14.3.0/include/limits.h:34,
                 from /scratch2/agustin/zephyr-chipyard-sw/zephyr_ws/zephyr/include/zephyr/kernel_includes.h:22,
                 from /scratch2/agustin/zephyr-chipyard-sw/zephyr_ws/zephyr/include/zephyr/kernel.h:17,
                 from /scratch2/agustin/zephyr-chipyard-sw/zephyr_ws/zephyr/include/zephyr/posix/pthread.h:14:
/scratch2/dima/zephyr-chipyard-sw-fresh/tools-manual/zephyr-sdk-1.0.0-beta1/gnu/riscv64-zephyr-elf/riscv64-zephyr-elf/sys-include/sys/syslimits.h:63:9: note: this is the location of the previous definition
   63 | #define _POSIX_AIO_LISTIO_MAX   2
      |         ^~~~~~~~~~~~~~~~~~~~~
/scratch2/agustin/zephyr-chipyard-sw/zephyr_ws/zephyr/include/zephyr/posix/posix_limits.h:24:9: warning: "_POSIX_AIO_MAX" redefined
   24 | #define _POSIX_AIO_MAX                      (1)
      |         ^~~~~~~~~~~~~~
/scratch2/dima/zephyr-chipyard-sw-fresh/tools-manual/zephyr-sdk-1.0.0-beta1/gnu/riscv64-zephyr-elf/riscv64-zephyr-elf/sys-include/sys/syslimits.h:64:9: note: this is the location of the previous definition
   64 | #define _POSIX_AIO_MAX          1
      |         ^~~~~~~~~~~~~~
/scratch2/agustin/zephyr-chipyard-sw/zephyr_ws/zephyr/include/zephyr/posix/posix_limits.h:25:9: warning: "_POSIX_ARG_MAX" redefined
   25 | #define _POSIX_ARG_MAX                      (4096)
      |         ^~~~~~~~~~~~~~
/scratch2/dima/zephyr-chipyard-sw-fresh/tools-manual/zephyr-sdk-1.0.0-beta1/gnu/riscv64-zephyr-elf/riscv64-zephyr-elf/sys-include/sys/syslimits.h:65:9: note: this is the location of the previous definition
   65 | #define _POSIX_ARG_MAX          4096
      |         ^~~~~~~~~~~~~~
/scratch2/agustin/zephyr-chipyard-sw/zephyr_ws/zephyr/include/zephyr/posix/posix_limits.h:26:9: warning: "_POSIX_CHILD_MAX" redefined
   26 | #define _POSIX_CHILD_MAX                    (25)
      |         ^~~~~~~~~~~~~~~~
/scratch2/dima/zephyr-chipyard-sw-fresh/tools-manual/zephyr-sdk-1.0.0-beta1/gnu/riscv64-zephyr-elf/riscv64-zephyr-elf/sys-include/sys/syslimits.h:66:9: note: this is the location of the previous definition
   66 | #define _POSIX_CHILD_MAX        6
      |         ^~~~~~~~~~~~~~~~
/scratch2/agustin/zephyr-chipyard-sw/zephyr_ws/zephyr/include/zephyr/posix/posix_limits.h:27:9: warning: "_POSIX_DELAYTIMER_MAX" redefined
   27 | #define _POSIX_DELAYTIMER_MAX               (32)
      |         ^~~~~~~~~~~~~~~~~~~~~
/scratch2/dima/zephyr-chipyard-sw-fresh/tools-manual/zephyr-sdk-1.0.0-beta1/gnu/riscv64-zephyr-elf/riscv64-zephyr-elf/sys-include/sys/syslimits.h:67:9: note: this is the location of the previous definition
   67 | #define _POSIX_DELAYTIMER_MAX   32
      |         ^~~~~~~~~~~~~~~~~~~~~
/scratch2/agustin/zephyr-chipyard-sw/zephyr_ws/zephyr/include/zephyr/posix/posix_limits.h:28:9: warning: "_POSIX_HOST_NAME_MAX" redefined
   28 | #define _POSIX_HOST_NAME_MAX                (255)
      |         ^~~~~~~~~~~~~~~~~~~~
/scratch2/dima/zephyr-chipyard-sw-fresh/tools-manual/zephyr-sdk-1.0.0-beta1/gnu/riscv64-zephyr-elf/riscv64-zephyr-elf/sys-include/sys/syslimits.h:68:9: note: this is the location of the previous definition
   68 | #define _POSIX_HOST_NAME_MAX    255
      |         ^~~~~~~~~~~~~~~~~~~~
/scratch2/agustin/zephyr-chipyard-sw/zephyr_ws/zephyr/include/zephyr/posix/posix_limits.h:29:9: warning: "_POSIX_LINK_MAX" redefined
   29 | #define _POSIX_LINK_MAX                     (8)
      |         ^~~~~~~~~~~~~~~
/scratch2/dima/zephyr-chipyard-sw-fresh/tools-manual/zephyr-sdk-1.0.0-beta1/gnu/riscv64-zephyr-elf/riscv64-zephyr-elf/sys-include/sys/syslimits.h:69:9: note: this is the location of the previous definition
   69 | #define _POSIX_LINK_MAX         8
      |         ^~~~~~~~~~~~~~~
/scratch2/agustin/zephyr-chipyard-sw/zephyr_ws/zephyr/include/zephyr/posix/posix_limits.h:30:9: warning: "_POSIX_LOGIN_NAME_MAX" redefined
   30 | #define _POSIX_LOGIN_NAME_MAX               (9)
      |         ^~~~~~~~~~~~~~~~~~~~~
/scratch2/dima/zephyr-chipyard-sw-fresh/tools-manual/zephyr-sdk-1.0.0-beta1/gnu/riscv64-zephyr-elf/riscv64-zephyr-elf/sys-include/sys/syslimits.h:70:9: note: this is the location of the previous definition
   70 | #define _POSIX_LOGIN_NAME_MAX   9
      |         ^~~~~~~~~~~~~~~~~~~~~
/scratch2/agustin/zephyr-chipyard-sw/zephyr_ws/zephyr/include/zephyr/posix/posix_limits.h:31:9: warning: "_POSIX_MAX_CANON" redefined
   31 | #define _POSIX_MAX_CANON                    (255)
      |         ^~~~~~~~~~~~~~~~
/scratch2/dima/zephyr-chipyard-sw-fresh/tools-manual/zephyr-sdk-1.0.0-beta1/gnu/riscv64-zephyr-elf/riscv64-zephyr-elf/sys-include/sys/syslimits.h:71:9: note: this is the location of the previous definition
   71 | #define _POSIX_MAX_CANON        255
      |         ^~~~~~~~~~~~~~~~
/scratch2/agustin/zephyr-chipyard-sw/zephyr_ws/zephyr/include/zephyr/posix/posix_limits.h:32:9: warning: "_POSIX_MAX_INPUT" redefined
   32 | #define _POSIX_MAX_INPUT                    (255)
      |         ^~~~~~~~~~~~~~~~
/scratch2/dima/zephyr-chipyard-sw-fresh/tools-manual/zephyr-sdk-1.0.0-beta1/gnu/riscv64-zephyr-elf/riscv64-zephyr-elf/sys-include/sys/syslimits.h:72:9: note: this is the location of the previous definition
   72 | #define _POSIX_MAX_INPUT        255
      |         ^~~~~~~~~~~~~~~~
/scratch2/agustin/zephyr-chipyard-sw/zephyr_ws/zephyr/include/zephyr/posix/posix_limits.h:33:9: warning: "_POSIX_MQ_OPEN_MAX" redefined
   33 | #define _POSIX_MQ_OPEN_MAX                  (8)
      |         ^~~~~~~~~~~~~~~~~~
/scratch2/dima/zephyr-chipyard-sw-fresh/tools-manual/zephyr-sdk-1.0.0-beta1/gnu/riscv64-zephyr-elf/riscv64-zephyr-elf/sys-include/sys/syslimits.h:73:9: note: this is the location of the previous definition
   73 | #define _POSIX_MQ_OPEN_MAX      8
      |         ^~~~~~~~~~~~~~~~~~
/scratch2/agustin/zephyr-chipyard-sw/zephyr_ws/zephyr/include/zephyr/posix/posix_limits.h:34:9: warning: "_POSIX_MQ_PRIO_MAX" redefined
   34 | #define _POSIX_MQ_PRIO_MAX                  (32)
      |         ^~~~~~~~~~~~~~~~~~
/scratch2/dima/zephyr-chipyard-sw-fresh/tools-manual/zephyr-sdk-1.0.0-beta1/gnu/riscv64-zephyr-elf/riscv64-zephyr-elf/sys-include/sys/syslimits.h:74:9: note: this is the location of the previous definition
   74 | #define _POSIX_MQ_PRIO_MAX      32
      |         ^~~~~~~~~~~~~~~~~~
/scratch2/agustin/zephyr-chipyard-sw/zephyr_ws/zephyr/include/zephyr/posix/posix_limits.h:35:9: warning: "_POSIX_NAME_MAX" redefined
   35 | #define _POSIX_NAME_MAX                     (14)
      |         ^~~~~~~~~~~~~~~
/scratch2/dima/zephyr-chipyard-sw-fresh/tools-manual/zephyr-sdk-1.0.0-beta1/gnu/riscv64-zephyr-elf/riscv64-zephyr-elf/sys-include/sys/syslimits.h:75:9: note: this is the location of the previous definition
   75 | #define _POSIX_NAME_MAX         14
      |         ^~~~~~~~~~~~~~~
/scratch2/agustin/zephyr-chipyard-sw/zephyr_ws/zephyr/include/zephyr/posix/posix_limits.h:36:9: warning: "_POSIX_NGROUPS_MAX" redefined
   36 | #define _POSIX_NGROUPS_MAX                  (8)
      |         ^~~~~~~~~~~~~~~~~~
/scratch2/dima/zephyr-chipyard-sw-fresh/tools-manual/zephyr-sdk-1.0.0-beta1/gnu/riscv64-zephyr-elf/riscv64-zephyr-elf/sys-include/sys/syslimits.h:76:9: note: this is the location of the previous definition
   76 | #define _POSIX_NGROUPS_MAX      0
      |         ^~~~~~~~~~~~~~~~~~
/scratch2/agustin/zephyr-chipyard-sw/zephyr_ws/zephyr/include/zephyr/posix/posix_limits.h:37:9: warning: "_POSIX_OPEN_MAX" redefined
   37 | #define _POSIX_OPEN_MAX                     (20)
      |         ^~~~~~~~~~~~~~~
/scratch2/dima/zephyr-chipyard-sw-fresh/tools-manual/zephyr-sdk-1.0.0-beta1/gnu/riscv64-zephyr-elf/riscv64-zephyr-elf/sys-include/sys/syslimits.h:77:9: note: this is the location of the previous definition
   77 | #define _POSIX_OPEN_MAX         16
      |         ^~~~~~~~~~~~~~~
/scratch2/agustin/zephyr-chipyard-sw/zephyr_ws/zephyr/include/zephyr/posix/posix_limits.h:38:9: warning: "_POSIX_PATH_MAX" redefined
   38 | #define _POSIX_PATH_MAX                     (256)
      |         ^~~~~~~~~~~~~~~
/scratch2/dima/zephyr-chipyard-sw-fresh/tools-manual/zephyr-sdk-1.0.0-beta1/gnu/riscv64-zephyr-elf/riscv64-zephyr-elf/sys-include/sys/syslimits.h:78:9: note: this is the location of the previous definition
   78 | #define _POSIX_PATH_MAX         255
      |         ^~~~~~~~~~~~~~~
/scratch2/agustin/zephyr-chipyard-sw/zephyr_ws/zephyr/include/zephyr/posix/posix_limits.h:39:9: warning: "_POSIX_PIPE_BUF" redefined
   39 | #define _POSIX_PIPE_BUF                     (512)
      |         ^~~~~~~~~~~~~~~
/scratch2/dima/zephyr-chipyard-sw-fresh/tools-manual/zephyr-sdk-1.0.0-beta1/gnu/riscv64-zephyr-elf/riscv64-zephyr-elf/sys-include/sys/syslimits.h:79:9: note: this is the location of the previous definition
   79 | #define _POSIX_PIPE_BUF         512
      |         ^~~~~~~~~~~~~~~
/scratch2/agustin/zephyr-chipyard-sw/zephyr_ws/zephyr/include/zephyr/posix/posix_limits.h:40:9: warning: "_POSIX_RE_DUP_MAX" redefined
   40 | #define _POSIX_RE_DUP_MAX                   (255)
      |         ^~~~~~~~~~~~~~~~~
/scratch2/dima/zephyr-chipyard-sw-fresh/tools-manual/zephyr-sdk-1.0.0-beta1/gnu/riscv64-zephyr-elf/riscv64-zephyr-elf/sys-include/sys/syslimits.h:80:9: note: this is the location of the previous definition
   80 | #define _POSIX_RE_DUP_MAX       255
      |         ^~~~~~~~~~~~~~~~~
/scratch2/agustin/zephyr-chipyard-sw/zephyr_ws/zephyr/include/zephyr/posix/posix_limits.h:41:9: warning: "_POSIX_RTSIG_MAX" redefined
   41 | #define _POSIX_RTSIG_MAX                    (8)
      |         ^~~~~~~~~~~~~~~~
/scratch2/dima/zephyr-chipyard-sw-fresh/tools-manual/zephyr-sdk-1.0.0-beta1/gnu/riscv64-zephyr-elf/riscv64-zephyr-elf/sys-include/sys/syslimits.h:81:9: note: this is the location of the previous definition
   81 | #define _POSIX_RTSIG_MAX        8
      |         ^~~~~~~~~~~~~~~~
/scratch2/agustin/zephyr-chipyard-sw/zephyr_ws/zephyr/include/zephyr/posix/posix_limits.h:42:9: warning: "_POSIX_SEM_NSEMS_MAX" redefined
   42 | #define _POSIX_SEM_NSEMS_MAX                (256)
      |         ^~~~~~~~~~~~~~~~~~~~
/scratch2/dima/zephyr-chipyard-sw-fresh/tools-manual/zephyr-sdk-1.0.0-beta1/gnu/riscv64-zephyr-elf/riscv64-zephyr-elf/sys-include/sys/syslimits.h:82:9: note: this is the location of the previous definition
   82 | #define _POSIX_SEM_NSEMS_MAX    256
      |         ^~~~~~~~~~~~~~~~~~~~
/scratch2/agustin/zephyr-chipyard-sw/zephyr_ws/zephyr/include/zephyr/posix/posix_limits.h:43:9: warning: "_POSIX_SEM_VALUE_MAX" redefined
   43 | #define _POSIX_SEM_VALUE_MAX                (32767)
      |         ^~~~~~~~~~~~~~~~~~~~
/scratch2/dima/zephyr-chipyard-sw-fresh/tools-manual/zephyr-sdk-1.0.0-beta1/gnu/riscv64-zephyr-elf/riscv64-zephyr-elf/sys-include/sys/syslimits.h:83:9: note: this is the location of the previous definition
   83 | #define _POSIX_SEM_VALUE_MAX    32767
      |         ^~~~~~~~~~~~~~~~~~~~
/scratch2/agustin/zephyr-chipyard-sw/zephyr_ws/zephyr/include/zephyr/posix/posix_limits.h:44:9: warning: "_POSIX_SIGQUEUE_MAX" redefined
   44 | #define _POSIX_SIGQUEUE_MAX                 (32)
      |         ^~~~~~~~~~~~~~~~~~~
/scratch2/dima/zephyr-chipyard-sw-fresh/tools-manual/zephyr-sdk-1.0.0-beta1/gnu/riscv64-zephyr-elf/riscv64-zephyr-elf/sys-include/sys/syslimits.h:84:9: note: this is the location of the previous definition
   84 | #define _POSIX_SIGQUEUE_MAX     32
      |         ^~~~~~~~~~~~~~~~~~~
/scratch2/agustin/zephyr-chipyard-sw/zephyr_ws/zephyr/include/zephyr/posix/posix_limits.h:45:9: warning: "_POSIX_SSIZE_MAX" redefined
   45 | #define _POSIX_SSIZE_MAX                    (32767)
      |         ^~~~~~~~~~~~~~~~
/scratch2/dima/zephyr-chipyard-sw-fresh/tools-manual/zephyr-sdk-1.0.0-beta1/gnu/riscv64-zephyr-elf/riscv64-zephyr-elf/sys-include/sys/syslimits.h:85:9: note: this is the location of the previous definition
   85 | #define _POSIX_SSIZE_MAX        32767
      |         ^~~~~~~~~~~~~~~~
/scratch2/agustin/zephyr-chipyard-sw/zephyr_ws/zephyr/include/zephyr/posix/posix_limits.h:46:9: warning: "_POSIX_SS_REPL_MAX" redefined
   46 | #define _POSIX_SS_REPL_MAX                  (4)
      |         ^~~~~~~~~~~~~~~~~~
/scratch2/dima/zephyr-chipyard-sw-fresh/tools-manual/zephyr-sdk-1.0.0-beta1/gnu/riscv64-zephyr-elf/riscv64-zephyr-elf/sys-include/sys/syslimits.h:86:9: note: this is the location of the previous definition
   86 | #define _POSIX_SS_REPL_MAX      4
      |         ^~~~~~~~~~~~~~~~~~
/scratch2/agustin/zephyr-chipyard-sw/zephyr_ws/zephyr/include/zephyr/posix/posix_limits.h:47:9: warning: "_POSIX_STREAM_MAX" redefined
   47 | #define _POSIX_STREAM_MAX                   (8)
      |         ^~~~~~~~~~~~~~~~~
/scratch2/dima/zephyr-chipyard-sw-fresh/tools-manual/zephyr-sdk-1.0.0-beta1/gnu/riscv64-zephyr-elf/riscv64-zephyr-elf/sys-include/sys/syslimits.h:87:9: note: this is the location of the previous definition
   87 | #define _POSIX_STREAM_MAX       8
      |         ^~~~~~~~~~~~~~~~~
/scratch2/agustin/zephyr-chipyard-sw/zephyr_ws/zephyr/include/zephyr/posix/posix_limits.h:48:9: warning: "_POSIX_SYMLINK_MAX" redefined
   48 | #define _POSIX_SYMLINK_MAX                  (255)
      |         ^~~~~~~~~~~~~~~~~~
/scratch2/dima/zephyr-chipyard-sw-fresh/tools-manual/zephyr-sdk-1.0.0-beta1/gnu/riscv64-zephyr-elf/riscv64-zephyr-elf/sys-include/sys/syslimits.h:88:9: note: this is the location of the previous definition
   88 | #define _POSIX_SYMLINK_MAX      255
      |         ^~~~~~~~~~~~~~~~~~
/scratch2/agustin/zephyr-chipyard-sw/zephyr_ws/zephyr/include/zephyr/posix/posix_limits.h:49:9: warning: "_POSIX_SYMLOOP_MAX" redefined
   49 | #define _POSIX_SYMLOOP_MAX                  (8)
      |         ^~~~~~~~~~~~~~~~~~
/scratch2/dima/zephyr-chipyard-sw-fresh/tools-manual/zephyr-sdk-1.0.0-beta1/gnu/riscv64-zephyr-elf/riscv64-zephyr-elf/sys-include/sys/syslimits.h:89:9: note: this is the location of the previous definition
   89 | #define _POSIX_SYMLOOP_MAX      8
      |         ^~~~~~~~~~~~~~~~~~
/scratch2/agustin/zephyr-chipyard-sw/zephyr_ws/zephyr/include/zephyr/posix/posix_limits.h:50:9: warning: "_POSIX_THREAD_DESTRUCTOR_ITERATIONS" redefined
   50 | #define _POSIX_THREAD_DESTRUCTOR_ITERATIONS (4)
      |         ^~~~~~~~~~~~~~~~~~~~~~~~~~~~~~~~~~~
/scratch2/dima/zephyr-chipyard-sw-fresh/tools-manual/zephyr-sdk-1.0.0-beta1/gnu/riscv64-zephyr-elf/riscv64-zephyr-elf/sys-include/sys/syslimits.h:90:9: note: this is the location of the previous definition
   90 | #define _POSIX_THREAD_DESTRUCTOR_ITERATIONS     4
      |         ^~~~~~~~~~~~~~~~~~~~~~~~~~~~~~~~~~~
/scratch2/agustin/zephyr-chipyard-sw/zephyr_ws/zephyr/include/zephyr/posix/posix_limits.h:51:9: warning: "_POSIX_THREAD_KEYS_MAX" redefined
   51 | #define _POSIX_THREAD_KEYS_MAX              (128)
      |         ^~~~~~~~~~~~~~~~~~~~~~
/scratch2/dima/zephyr-chipyard-sw-fresh/tools-manual/zephyr-sdk-1.0.0-beta1/gnu/riscv64-zephyr-elf/riscv64-zephyr-elf/sys-include/sys/syslimits.h:91:9: note: this is the location of the previous definition
   91 | #define _POSIX_THREAD_KEYS_MAX  128
      |         ^~~~~~~~~~~~~~~~~~~~~~
/scratch2/agustin/zephyr-chipyard-sw/zephyr_ws/zephyr/include/zephyr/posix/posix_limits.h:52:9: warning: "_POSIX_THREAD_THREADS_MAX" redefined
   52 | #define _POSIX_THREAD_THREADS_MAX           (64)
      |         ^~~~~~~~~~~~~~~~~~~~~~~~~
/scratch2/dima/zephyr-chipyard-sw-fresh/tools-manual/zephyr-sdk-1.0.0-beta1/gnu/riscv64-zephyr-elf/riscv64-zephyr-elf/sys-include/sys/syslimits.h:92:9: note: this is the location of the previous definition
   92 | #define _POSIX_THREAD_THREADS_MAX       64
      |         ^~~~~~~~~~~~~~~~~~~~~~~~~
/scratch2/agustin/zephyr-chipyard-sw/zephyr_ws/zephyr/include/zephyr/posix/posix_limits.h:53:9: warning: "_POSIX_TIMER_MAX" redefined
   53 | #define _POSIX_TIMER_MAX                    (32)
      |         ^~~~~~~~~~~~~~~~
/scratch2/dima/zephyr-chipyard-sw-fresh/tools-manual/zephyr-sdk-1.0.0-beta1/gnu/riscv64-zephyr-elf/riscv64-zephyr-elf/sys-include/sys/syslimits.h:93:9: note: this is the location of the previous definition
   93 | #define _POSIX_TIMER_MAX        32
      |         ^~~~~~~~~~~~~~~~
/scratch2/agustin/zephyr-chipyard-sw/zephyr_ws/zephyr/include/zephyr/posix/posix_limits.h:54:9: warning: "_POSIX_TRACE_EVENT_NAME_MAX" redefined
   54 | #define _POSIX_TRACE_EVENT_NAME_MAX         (30)
      |         ^~~~~~~~~~~~~~~~~~~~~~~~~~~
/scratch2/dima/zephyr-chipyard-sw-fresh/tools-manual/zephyr-sdk-1.0.0-beta1/gnu/riscv64-zephyr-elf/riscv64-zephyr-elf/sys-include/sys/syslimits.h:94:9: note: this is the location of the previous definition
   94 | #define _POSIX_TRACE_EVENT_NAME_MAX     30
      |         ^~~~~~~~~~~~~~~~~~~~~~~~~~~
/scratch2/agustin/zephyr-chipyard-sw/zephyr_ws/zephyr/include/zephyr/posix/posix_limits.h:55:9: warning: "_POSIX_TRACE_NAME_MAX" redefined
   55 | #define _POSIX_TRACE_NAME_MAX               (8)
      |         ^~~~~~~~~~~~~~~~~~~~~
/scratch2/dima/zephyr-chipyard-sw-fresh/tools-manual/zephyr-sdk-1.0.0-beta1/gnu/riscv64-zephyr-elf/riscv64-zephyr-elf/sys-include/sys/syslimits.h:95:9: note: this is the location of the previous definition
   95 | #define _POSIX_TRACE_NAME_MAX   8
      |         ^~~~~~~~~~~~~~~~~~~~~
/scratch2/agustin/zephyr-chipyard-sw/zephyr_ws/zephyr/include/zephyr/posix/posix_limits.h:56:9: warning: "_POSIX_TRACE_SYS_MAX" redefined
   56 | #define _POSIX_TRACE_SYS_MAX                (8)
      |         ^~~~~~~~~~~~~~~~~~~~
/scratch2/dima/zephyr-chipyard-sw-fresh/tools-manual/zephyr-sdk-1.0.0-beta1/gnu/riscv64-zephyr-elf/riscv64-zephyr-elf/sys-include/sys/syslimits.h:96:9: note: this is the location of the previous definition
   96 | #define _POSIX_TRACE_SYS_MAX    8
      |         ^~~~~~~~~~~~~~~~~~~~
/scratch2/agustin/zephyr-chipyard-sw/zephyr_ws/zephyr/include/zephyr/posix/posix_limits.h:57:9: warning: "_POSIX_TRACE_USER_EVENT_MAX" redefined
   57 | #define _POSIX_TRACE_USER_EVENT_MAX         (32)
      |         ^~~~~~~~~~~~~~~~~~~~~~~~~~~
/scratch2/dima/zephyr-chipyard-sw-fresh/tools-manual/zephyr-sdk-1.0.0-beta1/gnu/riscv64-zephyr-elf/riscv64-zephyr-elf/sys-include/sys/syslimits.h:97:9: note: this is the location of the previous definition
   97 | #define _POSIX_TRACE_USER_EVENT_MAX     32
      |         ^~~~~~~~~~~~~~~~~~~~~~~~~~~
/scratch2/agustin/zephyr-chipyard-sw/zephyr_ws/zephyr/include/zephyr/posix/posix_limits.h:58:9: warning: "_POSIX_TTY_NAME_MAX" redefined
   58 | #define _POSIX_TTY_NAME_MAX                 (9)
      |         ^~~~~~~~~~~~~~~~~~~
/scratch2/dima/zephyr-chipyard-sw-fresh/tools-manual/zephyr-sdk-1.0.0-beta1/gnu/riscv64-zephyr-elf/riscv64-zephyr-elf/sys-include/sys/syslimits.h:98:9: note: this is the location of the previous definition
   98 | #define _POSIX_TTY_NAME_MAX     9
      |         ^~~~~~~~~~~~~~~~~~~
/scratch2/agustin/zephyr-chipyard-sw/zephyr_ws/zephyr/include/zephyr/posix/posix_limits.h:59:9: warning: "_POSIX_TZNAME_MAX" redefined
   59 | #define _POSIX_TZNAME_MAX                   (6)
      |         ^~~~~~~~~~~~~~~~~
/scratch2/dima/zephyr-chipyard-sw-fresh/tools-manual/zephyr-sdk-1.0.0-beta1/gnu/riscv64-zephyr-elf/riscv64-zephyr-elf/sys-include/sys/syslimits.h:99:9: note: this is the location of the previous definition
   99 | #define _POSIX_TZNAME_MAX       3
      |         ^~~~~~~~~~~~~~~~~
/scratch2/agustin/zephyr-chipyard-sw/zephyr_ws/zephyr/include/zephyr/posix/posix_limits.h:60:9: warning: "_POSIX2_BC_BASE_MAX" redefined
   60 | #define _POSIX2_BC_BASE_MAX                 (99)
      |         ^~~~~~~~~~~~~~~~~~~
/scratch2/dima/zephyr-chipyard-sw-fresh/tools-manual/zephyr-sdk-1.0.0-beta1/gnu/riscv64-zephyr-elf/riscv64-zephyr-elf/sys-include/sys/syslimits.h:100:9: note: this is the location of the previous definition
  100 | #define _POSIX2_BC_BASE_MAX     99
      |         ^~~~~~~~~~~~~~~~~~~
/scratch2/agustin/zephyr-chipyard-sw/zephyr_ws/zephyr/include/zephyr/posix/posix_limits.h:61:9: warning: "_POSIX2_BC_DIM_MAX" redefined
   61 | #define _POSIX2_BC_DIM_MAX                  (2048)
      |         ^~~~~~~~~~~~~~~~~~
/scratch2/dima/zephyr-chipyard-sw-fresh/tools-manual/zephyr-sdk-1.0.0-beta1/gnu/riscv64-zephyr-elf/riscv64-zephyr-elf/sys-include/sys/syslimits.h:101:9: note: this is the location of the previous definition
  101 | #define _POSIX2_BC_DIM_MAX      2048
      |         ^~~~~~~~~~~~~~~~~~
/scratch2/agustin/zephyr-chipyard-sw/zephyr_ws/zephyr/include/zephyr/posix/posix_limits.h:62:9: warning: "_POSIX2_BC_SCALE_MAX" redefined
   62 | #define _POSIX2_BC_SCALE_MAX                (99)
      |         ^~~~~~~~~~~~~~~~~~~~
/scratch2/dima/zephyr-chipyard-sw-fresh/tools-manual/zephyr-sdk-1.0.0-beta1/gnu/riscv64-zephyr-elf/riscv64-zephyr-elf/sys-include/sys/syslimits.h:102:9: note: this is the location of the previous definition
  102 | #define _POSIX2_BC_SCALE_MAX    99
      |         ^~~~~~~~~~~~~~~~~~~~
/scratch2/agustin/zephyr-chipyard-sw/zephyr_ws/zephyr/include/zephyr/posix/posix_limits.h:63:9: warning: "_POSIX2_BC_STRING_MAX" redefined
   63 | #define _POSIX2_BC_STRING_MAX               (1000)
      |         ^~~~~~~~~~~~~~~~~~~~~
/scratch2/dima/zephyr-chipyard-sw-fresh/tools-manual/zephyr-sdk-1.0.0-beta1/gnu/riscv64-zephyr-elf/riscv64-zephyr-elf/sys-include/sys/syslimits.h:103:9: note: this is the location of the previous definition
  103 | #define _POSIX2_BC_STRING_MAX   1000
      |         ^~~~~~~~~~~~~~~~~~~~~
/scratch2/agustin/zephyr-chipyard-sw/zephyr_ws/zephyr/include/zephyr/posix/posix_limits.h:64:9: warning: "_POSIX2_CHARCLASS_NAME_MAX" redefined
   64 | #define _POSIX2_CHARCLASS_NAME_MAX          (14)
      |         ^~~~~~~~~~~~~~~~~~~~~~~~~~
/scratch2/dima/zephyr-chipyard-sw-fresh/tools-manual/zephyr-sdk-1.0.0-beta1/gnu/riscv64-zephyr-elf/riscv64-zephyr-elf/sys-include/sys/syslimits.h:104:9: note: this is the location of the previous definition
  104 | #define _POSIX2_CHARCLASS_NAME_MAX      14
      |         ^~~~~~~~~~~~~~~~~~~~~~~~~~
/scratch2/agustin/zephyr-chipyard-sw/zephyr_ws/zephyr/include/zephyr/posix/posix_limits.h:65:9: warning: "_POSIX2_COLL_WEIGHTS_MAX" redefined
   65 | #define _POSIX2_COLL_WEIGHTS_MAX            (2)
      |         ^~~~~~~~~~~~~~~~~~~~~~~~
/scratch2/dima/zephyr-chipyard-sw-fresh/tools-manual/zephyr-sdk-1.0.0-beta1/gnu/riscv64-zephyr-elf/riscv64-zephyr-elf/sys-include/sys/syslimits.h:105:9: note: this is the location of the previous definition
  105 | #define _POSIX2_COLL_WEIGHTS_MAX        2
      |         ^~~~~~~~~~~~~~~~~~~~~~~~
/scratch2/agustin/zephyr-chipyard-sw/zephyr_ws/zephyr/include/zephyr/posix/posix_limits.h:66:9: warning: "_POSIX2_EXPR_NEST_MAX" redefined
   66 | #define _POSIX2_EXPR_NEST_MAX               (32)
      |         ^~~~~~~~~~~~~~~~~~~~~
/scratch2/dima/zephyr-chipyard-sw-fresh/tools-manual/zephyr-sdk-1.0.0-beta1/gnu/riscv64-zephyr-elf/riscv64-zephyr-elf/sys-include/sys/syslimits.h:106:9: note: this is the location of the previous definition
  106 | #define _POSIX2_EXPR_NEST_MAX   32
      |         ^~~~~~~~~~~~~~~~~~~~~
/scratch2/agustin/zephyr-chipyard-sw/zephyr_ws/zephyr/include/zephyr/posix/posix_limits.h:67:9: warning: "_POSIX2_LINE_MAX" redefined
   67 | #define _POSIX2_LINE_MAX                    (2048)
      |         ^~~~~~~~~~~~~~~~
/scratch2/dima/zephyr-chipyard-sw-fresh/tools-manual/zephyr-sdk-1.0.0-beta1/gnu/riscv64-zephyr-elf/riscv64-zephyr-elf/sys-include/sys/syslimits.h:107:9: note: this is the location of the previous definition
  107 | #define _POSIX2_LINE_MAX        2048
      |         ^~~~~~~~~~~~~~~~
/scratch2/agustin/zephyr-chipyard-sw/zephyr_ws/zephyr/include/zephyr/posix/posix_limits.h:83:9: warning: "ARG_MAX" redefined
   83 | #define ARG_MAX                       _POSIX_ARG_MAX
      |         ^~~~~~~
/scratch2/dima/zephyr-chipyard-sw-fresh/tools-manual/zephyr-sdk-1.0.0-beta1/gnu/riscv64-zephyr-elf/riscv64-zephyr-elf/sys-include/sys/syslimits.h:41:9: note: this is the location of the previous definition
   41 | #define ARG_MAX                 65536   /* max bytes for an exec function */
      |         ^~~~~~~
/scratch2/agustin/zephyr-chipyard-sw/zephyr_ws/zephyr/include/zephyr/posix/posix_limits.h:84:9: warning: "ATEXIT_MAX" redefined
   84 | #define ATEXIT_MAX                    (32)
      |         ^~~~~~~~~~
/scratch2/dima/zephyr-chipyard-sw-fresh/tools-manual/zephyr-sdk-1.0.0-beta1/gnu/riscv64-zephyr-elf/riscv64-zephyr-elf/sys-include/sys/syslimits.h:42:9: note: this is the location of the previous definition
   42 | #define ATEXIT_MAX                 32   /* max atexit functions */
      |         ^~~~~~~~~~
/scratch2/agustin/zephyr-chipyard-sw/zephyr_ws/zephyr/include/zephyr/posix/posix_limits.h:93:9: warning: "OPEN_MAX" redefined
   93 | #define OPEN_MAX                      CONFIG_POSIX_OPEN_MAX
      |         ^~~~~~~~
/scratch2/dima/zephyr-chipyard-sw-fresh/tools-manual/zephyr-sdk-1.0.0-beta1/gnu/riscv64-zephyr-elf/riscv64-zephyr-elf/sys-include/sys/syslimits.h:45:9: note: this is the location of the previous definition
   45 | #define OPEN_MAX                   64   /* max open files per process */
      |         ^~~~~~~~
/scratch2/agustin/zephyr-chipyard-sw/zephyr_ws/zephyr/include/zephyr/posix/posix_limits.h:96:9: warning: "PATH_MAX" redefined
   96 | #define PATH_MAX                      _POSIX_PATH_MAX
      |         ^~~~~~~~
/scratch2/dima/zephyr-chipyard-sw-fresh/tools-manual/zephyr-sdk-1.0.0-beta1/gnu/riscv64-zephyr-elf/riscv64-zephyr-elf/sys-include/sys/syslimits.h:53:9: note: this is the location of the previous definition
   53 | #define PATH_MAX                 1024   /* max bytes in pathname */
      |         ^~~~~~~~
/scratch2/agustin/zephyr-chipyard-sw/zephyr_ws/zephyr/include/zephyr/posix/posix_limits.h:114:9: warning: "TZNAME_MAX" redefined
  114 | #define TZNAME_MAX                    _POSIX_TZNAME_MAX
      |         ^~~~~~~~~~
/scratch2/dima/zephyr-chipyard-sw-fresh/tools-manual/zephyr-sdk-1.0.0-beta1/gnu/riscv64-zephyr-elf/riscv64-zephyr-elf/sys-include/sys/syslimits.h:46:9: note: this is the location of the previous definition
   46 | #define TZNAME_MAX                 10   /* max time zone name length */
      |         ^~~~~~~~~~
[136/216] Building C object zephyr/lib/os/zvfs/CMakeFiles/lib__os__zvfs.dir/zvfs_select.c.obj
In file included from /scratch2/agustin/zephyr-chipyard-sw/zephyr_ws/zephyr/include/zephyr/posix/sys/sysconf.h:11,
                 from /scratch2/agustin/zephyr-chipyard-sw/zephyr_ws/zephyr/include/zephyr/posix/unistd.h:18,
                 from /scratch2/agustin/zephyr-chipyard-sw/zephyr_ws/zephyr/include/zephyr/net/socket.h:1289,
                 from /scratch2/agustin/zephyr-chipyard-sw/zephyr_ws/zephyr/lib/os/zvfs/zvfs_select.c:13:
/scratch2/agustin/zephyr-chipyard-sw/zephyr_ws/zephyr/include/zephyr/posix/posix_limits.h:23:9: warning: "_POSIX_AIO_LISTIO_MAX" redefined
   23 | #define _POSIX_AIO_LISTIO_MAX               (2)
      |         ^~~~~~~~~~~~~~~~~~~~~
In file included from /scratch2/dima/zephyr-chipyard-sw-fresh/tools-manual/zephyr-sdk-1.0.0-beta1/gnu/riscv64-zephyr-elf/riscv64-zephyr-elf/sys-include/limits.h:6,
                 from /scratch2/dima/zephyr-chipyard-sw-fresh/tools-manual/zephyr-sdk-1.0.0-beta1/gnu/riscv64-zephyr-elf/lib/gcc/riscv64-zephyr-elf/14.3.0/include/limits.h:210,
                 from /scratch2/dima/zephyr-chipyard-sw-fresh/tools-manual/zephyr-sdk-1.0.0-beta1/gnu/riscv64-zephyr-elf/lib/gcc/riscv64-zephyr-elf/14.3.0/include/syslimits.h:7,
                 from /scratch2/dima/zephyr-chipyard-sw-fresh/tools-manual/zephyr-sdk-1.0.0-beta1/gnu/riscv64-zephyr-elf/lib/gcc/riscv64-zephyr-elf/14.3.0/include/limits.h:34,
                 from /scratch2/agustin/zephyr-chipyard-sw/zephyr_ws/zephyr/include/zephyr/kernel_includes.h:22,
                 from /scratch2/agustin/zephyr-chipyard-sw/zephyr_ws/zephyr/include/zephyr/kernel.h:17,
                 from /scratch2/agustin/zephyr-chipyard-sw/zephyr_ws/zephyr/lib/os/zvfs/zvfs_select.c:10:
/scratch2/dima/zephyr-chipyard-sw-fresh/tools-manual/zephyr-sdk-1.0.0-beta1/gnu/riscv64-zephyr-elf/riscv64-zephyr-elf/sys-include/sys/syslimits.h:63:9: note: this is the location of the previous definition
   63 | #define _POSIX_AIO_LISTIO_MAX   2
      |         ^~~~~~~~~~~~~~~~~~~~~
/scratch2/agustin/zephyr-chipyard-sw/zephyr_ws/zephyr/include/zephyr/posix/posix_limits.h:24:9: warning: "_POSIX_AIO_MAX" redefined
   24 | #define _POSIX_AIO_MAX                      (1)
      |         ^~~~~~~~~~~~~~
/scratch2/dima/zephyr-chipyard-sw-fresh/tools-manual/zephyr-sdk-1.0.0-beta1/gnu/riscv64-zephyr-elf/riscv64-zephyr-elf/sys-include/sys/syslimits.h:64:9: note: this is the location of the previous definition
   64 | #define _POSIX_AIO_MAX          1
      |         ^~~~~~~~~~~~~~
/scratch2/agustin/zephyr-chipyard-sw/zephyr_ws/zephyr/include/zephyr/posix/posix_limits.h:25:9: warning: "_POSIX_ARG_MAX" redefined
   25 | #define _POSIX_ARG_MAX                      (4096)
      |         ^~~~~~~~~~~~~~
/scratch2/dima/zephyr-chipyard-sw-fresh/tools-manual/zephyr-sdk-1.0.0-beta1/gnu/riscv64-zephyr-elf/riscv64-zephyr-elf/sys-include/sys/syslimits.h:65:9: note: this is the location of the previous definition
   65 | #define _POSIX_ARG_MAX          4096
      |         ^~~~~~~~~~~~~~
/scratch2/agustin/zephyr-chipyard-sw/zephyr_ws/zephyr/include/zephyr/posix/posix_limits.h:26:9: warning: "_POSIX_CHILD_MAX" redefined
   26 | #define _POSIX_CHILD_MAX                    (25)
      |         ^~~~~~~~~~~~~~~~
/scratch2/dima/zephyr-chipyard-sw-fresh/tools-manual/zephyr-sdk-1.0.0-beta1/gnu/riscv64-zephyr-elf/riscv64-zephyr-elf/sys-include/sys/syslimits.h:66:9: note: this is the location of the previous definition
   66 | #define _POSIX_CHILD_MAX        6
      |         ^~~~~~~~~~~~~~~~
/scratch2/agustin/zephyr-chipyard-sw/zephyr_ws/zephyr/include/zephyr/posix/posix_limits.h:27:9: warning: "_POSIX_DELAYTIMER_MAX" redefined
   27 | #define _POSIX_DELAYTIMER_MAX               (32)
      |         ^~~~~~~~~~~~~~~~~~~~~
/scratch2/dima/zephyr-chipyard-sw-fresh/tools-manual/zephyr-sdk-1.0.0-beta1/gnu/riscv64-zephyr-elf/riscv64-zephyr-elf/sys-include/sys/syslimits.h:67:9: note: this is the location of the previous definition
   67 | #define _POSIX_DELAYTIMER_MAX   32
      |         ^~~~~~~~~~~~~~~~~~~~~
/scratch2/agustin/zephyr-chipyard-sw/zephyr_ws/zephyr/include/zephyr/posix/posix_limits.h:28:9: warning: "_POSIX_HOST_NAME_MAX" redefined
   28 | #define _POSIX_HOST_NAME_MAX                (255)
      |         ^~~~~~~~~~~~~~~~~~~~
/scratch2/dima/zephyr-chipyard-sw-fresh/tools-manual/zephyr-sdk-1.0.0-beta1/gnu/riscv64-zephyr-elf/riscv64-zephyr-elf/sys-include/sys/syslimits.h:68:9: note: this is the location of the previous definition
   68 | #define _POSIX_HOST_NAME_MAX    255
      |         ^~~~~~~~~~~~~~~~~~~~
/scratch2/agustin/zephyr-chipyard-sw/zephyr_ws/zephyr/include/zephyr/posix/posix_limits.h:29:9: warning: "_POSIX_LINK_MAX" redefined
   29 | #define _POSIX_LINK_MAX                     (8)
      |         ^~~~~~~~~~~~~~~
/scratch2/dima/zephyr-chipyard-sw-fresh/tools-manual/zephyr-sdk-1.0.0-beta1/gnu/riscv64-zephyr-elf/riscv64-zephyr-elf/sys-include/sys/syslimits.h:69:9: note: this is the location of the previous definition
   69 | #define _POSIX_LINK_MAX         8
      |         ^~~~~~~~~~~~~~~
/scratch2/agustin/zephyr-chipyard-sw/zephyr_ws/zephyr/include/zephyr/posix/posix_limits.h:30:9: warning: "_POSIX_LOGIN_NAME_MAX" redefined
   30 | #define _POSIX_LOGIN_NAME_MAX               (9)
      |         ^~~~~~~~~~~~~~~~~~~~~
/scratch2/dima/zephyr-chipyard-sw-fresh/tools-manual/zephyr-sdk-1.0.0-beta1/gnu/riscv64-zephyr-elf/riscv64-zephyr-elf/sys-include/sys/syslimits.h:70:9: note: this is the location of the previous definition
   70 | #define _POSIX_LOGIN_NAME_MAX   9
      |         ^~~~~~~~~~~~~~~~~~~~~
/scratch2/agustin/zephyr-chipyard-sw/zephyr_ws/zephyr/include/zephyr/posix/posix_limits.h:31:9: warning: "_POSIX_MAX_CANON" redefined
   31 | #define _POSIX_MAX_CANON                    (255)
      |         ^~~~~~~~~~~~~~~~
/scratch2/dima/zephyr-chipyard-sw-fresh/tools-manual/zephyr-sdk-1.0.0-beta1/gnu/riscv64-zephyr-elf/riscv64-zephyr-elf/sys-include/sys/syslimits.h:71:9: note: this is the location of the previous definition
   71 | #define _POSIX_MAX_CANON        255
      |         ^~~~~~~~~~~~~~~~
/scratch2/agustin/zephyr-chipyard-sw/zephyr_ws/zephyr/include/zephyr/posix/posix_limits.h:32:9: warning: "_POSIX_MAX_INPUT" redefined
   32 | #define _POSIX_MAX_INPUT                    (255)
      |         ^~~~~~~~~~~~~~~~
/scratch2/dima/zephyr-chipyard-sw-fresh/tools-manual/zephyr-sdk-1.0.0-beta1/gnu/riscv64-zephyr-elf/riscv64-zephyr-elf/sys-include/sys/syslimits.h:72:9: note: this is the location of the previous definition
   72 | #define _POSIX_MAX_INPUT        255
      |         ^~~~~~~~~~~~~~~~
/scratch2/agustin/zephyr-chipyard-sw/zephyr_ws/zephyr/include/zephyr/posix/posix_limits.h:33:9: warning: "_POSIX_MQ_OPEN_MAX" redefined
   33 | #define _POSIX_MQ_OPEN_MAX                  (8)
      |         ^~~~~~~~~~~~~~~~~~
/scratch2/dima/zephyr-chipyard-sw-fresh/tools-manual/zephyr-sdk-1.0.0-beta1/gnu/riscv64-zephyr-elf/riscv64-zephyr-elf/sys-include/sys/syslimits.h:73:9: note: this is the location of the previous definition
   73 | #define _POSIX_MQ_OPEN_MAX      8
      |         ^~~~~~~~~~~~~~~~~~
/scratch2/agustin/zephyr-chipyard-sw/zephyr_ws/zephyr/include/zephyr/posix/posix_limits.h:34:9: warning: "_POSIX_MQ_PRIO_MAX" redefined
   34 | #define _POSIX_MQ_PRIO_MAX                  (32)
      |         ^~~~~~~~~~~~~~~~~~
/scratch2/dima/zephyr-chipyard-sw-fresh/tools-manual/zephyr-sdk-1.0.0-beta1/gnu/riscv64-zephyr-elf/riscv64-zephyr-elf/sys-include/sys/syslimits.h:74:9: note: this is the location of the previous definition
   74 | #define _POSIX_MQ_PRIO_MAX      32
      |         ^~~~~~~~~~~~~~~~~~
/scratch2/agustin/zephyr-chipyard-sw/zephyr_ws/zephyr/include/zephyr/posix/posix_limits.h:35:9: warning: "_POSIX_NAME_MAX" redefined
   35 | #define _POSIX_NAME_MAX                     (14)
      |         ^~~~~~~~~~~~~~~
/scratch2/dima/zephyr-chipyard-sw-fresh/tools-manual/zephyr-sdk-1.0.0-beta1/gnu/riscv64-zephyr-elf/riscv64-zephyr-elf/sys-include/sys/syslimits.h:75:9: note: this is the location of the previous definition
   75 | #define _POSIX_NAME_MAX         14
      |         ^~~~~~~~~~~~~~~
/scratch2/agustin/zephyr-chipyard-sw/zephyr_ws/zephyr/include/zephyr/posix/posix_limits.h:36:9: warning: "_POSIX_NGROUPS_MAX" redefined
   36 | #define _POSIX_NGROUPS_MAX                  (8)
      |         ^~~~~~~~~~~~~~~~~~
/scratch2/dima/zephyr-chipyard-sw-fresh/tools-manual/zephyr-sdk-1.0.0-beta1/gnu/riscv64-zephyr-elf/riscv64-zephyr-elf/sys-include/sys/syslimits.h:76:9: note: this is the location of the previous definition
   76 | #define _POSIX_NGROUPS_MAX      0
      |         ^~~~~~~~~~~~~~~~~~
/scratch2/agustin/zephyr-chipyard-sw/zephyr_ws/zephyr/include/zephyr/posix/posix_limits.h:37:9: warning: "_POSIX_OPEN_MAX" redefined
   37 | #define _POSIX_OPEN_MAX                     (20)
      |         ^~~~~~~~~~~~~~~
/scratch2/dima/zephyr-chipyard-sw-fresh/tools-manual/zephyr-sdk-1.0.0-beta1/gnu/riscv64-zephyr-elf/riscv64-zephyr-elf/sys-include/sys/syslimits.h:77:9: note: this is the location of the previous definition
   77 | #define _POSIX_OPEN_MAX         16
      |         ^~~~~~~~~~~~~~~
/scratch2/agustin/zephyr-chipyard-sw/zephyr_ws/zephyr/include/zephyr/posix/posix_limits.h:38:9: warning: "_POSIX_PATH_MAX" redefined
   38 | #define _POSIX_PATH_MAX                     (256)
      |         ^~~~~~~~~~~~~~~
/scratch2/dima/zephyr-chipyard-sw-fresh/tools-manual/zephyr-sdk-1.0.0-beta1/gnu/riscv64-zephyr-elf/riscv64-zephyr-elf/sys-include/sys/syslimits.h:78:9: note: this is the location of the previous definition
   78 | #define _POSIX_PATH_MAX         255
      |         ^~~~~~~~~~~~~~~
/scratch2/agustin/zephyr-chipyard-sw/zephyr_ws/zephyr/include/zephyr/posix/posix_limits.h:39:9: warning: "_POSIX_PIPE_BUF" redefined
   39 | #define _POSIX_PIPE_BUF                     (512)
      |         ^~~~~~~~~~~~~~~
/scratch2/dima/zephyr-chipyard-sw-fresh/tools-manual/zephyr-sdk-1.0.0-beta1/gnu/riscv64-zephyr-elf/riscv64-zephyr-elf/sys-include/sys/syslimits.h:79:9: note: this is the location of the previous definition
   79 | #define _POSIX_PIPE_BUF         512
      |         ^~~~~~~~~~~~~~~
/scratch2/agustin/zephyr-chipyard-sw/zephyr_ws/zephyr/include/zephyr/posix/posix_limits.h:40:9: warning: "_POSIX_RE_DUP_MAX" redefined
   40 | #define _POSIX_RE_DUP_MAX                   (255)
      |         ^~~~~~~~~~~~~~~~~
/scratch2/dima/zephyr-chipyard-sw-fresh/tools-manual/zephyr-sdk-1.0.0-beta1/gnu/riscv64-zephyr-elf/riscv64-zephyr-elf/sys-include/sys/syslimits.h:80:9: note: this is the location of the previous definition
   80 | #define _POSIX_RE_DUP_MAX       255
      |         ^~~~~~~~~~~~~~~~~
/scratch2/agustin/zephyr-chipyard-sw/zephyr_ws/zephyr/include/zephyr/posix/posix_limits.h:41:9: warning: "_POSIX_RTSIG_MAX" redefined
   41 | #define _POSIX_RTSIG_MAX                    (8)
      |         ^~~~~~~~~~~~~~~~
/scratch2/dima/zephyr-chipyard-sw-fresh/tools-manual/zephyr-sdk-1.0.0-beta1/gnu/riscv64-zephyr-elf/riscv64-zephyr-elf/sys-include/sys/syslimits.h:81:9: note: this is the location of the previous definition
   81 | #define _POSIX_RTSIG_MAX        8
      |         ^~~~~~~~~~~~~~~~
/scratch2/agustin/zephyr-chipyard-sw/zephyr_ws/zephyr/include/zephyr/posix/posix_limits.h:42:9: warning: "_POSIX_SEM_NSEMS_MAX" redefined
   42 | #define _POSIX_SEM_NSEMS_MAX                (256)
      |         ^~~~~~~~~~~~~~~~~~~~
/scratch2/dima/zephyr-chipyard-sw-fresh/tools-manual/zephyr-sdk-1.0.0-beta1/gnu/riscv64-zephyr-elf/riscv64-zephyr-elf/sys-include/sys/syslimits.h:82:9: note: this is the location of the previous definition
   82 | #define _POSIX_SEM_NSEMS_MAX    256
      |         ^~~~~~~~~~~~~~~~~~~~
/scratch2/agustin/zephyr-chipyard-sw/zephyr_ws/zephyr/include/zephyr/posix/posix_limits.h:43:9: warning: "_POSIX_SEM_VALUE_MAX" redefined
   43 | #define _POSIX_SEM_VALUE_MAX                (32767)
      |         ^~~~~~~~~~~~~~~~~~~~
/scratch2/dima/zephyr-chipyard-sw-fresh/tools-manual/zephyr-sdk-1.0.0-beta1/gnu/riscv64-zephyr-elf/riscv64-zephyr-elf/sys-include/sys/syslimits.h:83:9: note: this is the location of the previous definition
   83 | #define _POSIX_SEM_VALUE_MAX    32767
      |         ^~~~~~~~~~~~~~~~~~~~
/scratch2/agustin/zephyr-chipyard-sw/zephyr_ws/zephyr/include/zephyr/posix/posix_limits.h:44:9: warning: "_POSIX_SIGQUEUE_MAX" redefined
   44 | #define _POSIX_SIGQUEUE_MAX                 (32)
      |         ^~~~~~~~~~~~~~~~~~~
/scratch2/dima/zephyr-chipyard-sw-fresh/tools-manual/zephyr-sdk-1.0.0-beta1/gnu/riscv64-zephyr-elf/riscv64-zephyr-elf/sys-include/sys/syslimits.h:84:9: note: this is the location of the previous definition
   84 | #define _POSIX_SIGQUEUE_MAX     32
      |         ^~~~~~~~~~~~~~~~~~~
/scratch2/agustin/zephyr-chipyard-sw/zephyr_ws/zephyr/include/zephyr/posix/posix_limits.h:45:9: warning: "_POSIX_SSIZE_MAX" redefined
   45 | #define _POSIX_SSIZE_MAX                    (32767)
      |         ^~~~~~~~~~~~~~~~
/scratch2/dima/zephyr-chipyard-sw-fresh/tools-manual/zephyr-sdk-1.0.0-beta1/gnu/riscv64-zephyr-elf/riscv64-zephyr-elf/sys-include/sys/syslimits.h:85:9: note: this is the location of the previous definition
   85 | #define _POSIX_SSIZE_MAX        32767
      |         ^~~~~~~~~~~~~~~~
/scratch2/agustin/zephyr-chipyard-sw/zephyr_ws/zephyr/include/zephyr/posix/posix_limits.h:46:9: warning: "_POSIX_SS_REPL_MAX" redefined
   46 | #define _POSIX_SS_REPL_MAX                  (4)
      |         ^~~~~~~~~~~~~~~~~~
/scratch2/dima/zephyr-chipyard-sw-fresh/tools-manual/zephyr-sdk-1.0.0-beta1/gnu/riscv64-zephyr-elf/riscv64-zephyr-elf/sys-include/sys/syslimits.h:86:9: note: this is the location of the previous definition
   86 | #define _POSIX_SS_REPL_MAX      4
      |         ^~~~~~~~~~~~~~~~~~
/scratch2/agustin/zephyr-chipyard-sw/zephyr_ws/zephyr/include/zephyr/posix/posix_limits.h:47:9: warning: "_POSIX_STREAM_MAX" redefined
   47 | #define _POSIX_STREAM_MAX                   (8)
      |         ^~~~~~~~~~~~~~~~~
/scratch2/dima/zephyr-chipyard-sw-fresh/tools-manual/zephyr-sdk-1.0.0-beta1/gnu/riscv64-zephyr-elf/riscv64-zephyr-elf/sys-include/sys/syslimits.h:87:9: note: this is the location of the previous definition
   87 | #define _POSIX_STREAM_MAX       8
      |         ^~~~~~~~~~~~~~~~~
/scratch2/agustin/zephyr-chipyard-sw/zephyr_ws/zephyr/include/zephyr/posix/posix_limits.h:48:9: warning: "_POSIX_SYMLINK_MAX" redefined
   48 | #define _POSIX_SYMLINK_MAX                  (255)
      |         ^~~~~~~~~~~~~~~~~~
/scratch2/dima/zephyr-chipyard-sw-fresh/tools-manual/zephyr-sdk-1.0.0-beta1/gnu/riscv64-zephyr-elf/riscv64-zephyr-elf/sys-include/sys/syslimits.h:88:9: note: this is the location of the previous definition
   88 | #define _POSIX_SYMLINK_MAX      255
      |         ^~~~~~~~~~~~~~~~~~
/scratch2/agustin/zephyr-chipyard-sw/zephyr_ws/zephyr/include/zephyr/posix/posix_limits.h:49:9: warning: "_POSIX_SYMLOOP_MAX" redefined
   49 | #define _POSIX_SYMLOOP_MAX                  (8)
      |         ^~~~~~~~~~~~~~~~~~
/scratch2/dima/zephyr-chipyard-sw-fresh/tools-manual/zephyr-sdk-1.0.0-beta1/gnu/riscv64-zephyr-elf/riscv64-zephyr-elf/sys-include/sys/syslimits.h:89:9: note: this is the location of the previous definition
   89 | #define _POSIX_SYMLOOP_MAX      8
      |         ^~~~~~~~~~~~~~~~~~
/scratch2/agustin/zephyr-chipyard-sw/zephyr_ws/zephyr/include/zephyr/posix/posix_limits.h:50:9: warning: "_POSIX_THREAD_DESTRUCTOR_ITERATIONS" redefined
   50 | #define _POSIX_THREAD_DESTRUCTOR_ITERATIONS (4)
      |         ^~~~~~~~~~~~~~~~~~~~~~~~~~~~~~~~~~~
/scratch2/dima/zephyr-chipyard-sw-fresh/tools-manual/zephyr-sdk-1.0.0-beta1/gnu/riscv64-zephyr-elf/riscv64-zephyr-elf/sys-include/sys/syslimits.h:90:9: note: this is the location of the previous definition
   90 | #define _POSIX_THREAD_DESTRUCTOR_ITERATIONS     4
      |         ^~~~~~~~~~~~~~~~~~~~~~~~~~~~~~~~~~~
/scratch2/agustin/zephyr-chipyard-sw/zephyr_ws/zephyr/include/zephyr/posix/posix_limits.h:51:9: warning: "_POSIX_THREAD_KEYS_MAX" redefined
   51 | #define _POSIX_THREAD_KEYS_MAX              (128)
      |         ^~~~~~~~~~~~~~~~~~~~~~
/scratch2/dima/zephyr-chipyard-sw-fresh/tools-manual/zephyr-sdk-1.0.0-beta1/gnu/riscv64-zephyr-elf/riscv64-zephyr-elf/sys-include/sys/syslimits.h:91:9: note: this is the location of the previous definition
   91 | #define _POSIX_THREAD_KEYS_MAX  128
      |         ^~~~~~~~~~~~~~~~~~~~~~
/scratch2/agustin/zephyr-chipyard-sw/zephyr_ws/zephyr/include/zephyr/posix/posix_limits.h:52:9: warning: "_POSIX_THREAD_THREADS_MAX" redefined
   52 | #define _POSIX_THREAD_THREADS_MAX           (64)
      |         ^~~~~~~~~~~~~~~~~~~~~~~~~
/scratch2/dima/zephyr-chipyard-sw-fresh/tools-manual/zephyr-sdk-1.0.0-beta1/gnu/riscv64-zephyr-elf/riscv64-zephyr-elf/sys-include/sys/syslimits.h:92:9: note: this is the location of the previous definition
   92 | #define _POSIX_THREAD_THREADS_MAX       64
      |         ^~~~~~~~~~~~~~~~~~~~~~~~~
/scratch2/agustin/zephyr-chipyard-sw/zephyr_ws/zephyr/include/zephyr/posix/posix_limits.h:53:9: warning: "_POSIX_TIMER_MAX" redefined
   53 | #define _POSIX_TIMER_MAX                    (32)
      |         ^~~~~~~~~~~~~~~~
/scratch2/dima/zephyr-chipyard-sw-fresh/tools-manual/zephyr-sdk-1.0.0-beta1/gnu/riscv64-zephyr-elf/riscv64-zephyr-elf/sys-include/sys/syslimits.h:93:9: note: this is the location of the previous definition
   93 | #define _POSIX_TIMER_MAX        32
      |         ^~~~~~~~~~~~~~~~
/scratch2/agustin/zephyr-chipyard-sw/zephyr_ws/zephyr/include/zephyr/posix/posix_limits.h:54:9: warning: "_POSIX_TRACE_EVENT_NAME_MAX" redefined
   54 | #define _POSIX_TRACE_EVENT_NAME_MAX         (30)
      |         ^~~~~~~~~~~~~~~~~~~~~~~~~~~
/scratch2/dima/zephyr-chipyard-sw-fresh/tools-manual/zephyr-sdk-1.0.0-beta1/gnu/riscv64-zephyr-elf/riscv64-zephyr-elf/sys-include/sys/syslimits.h:94:9: note: this is the location of the previous definition
   94 | #define _POSIX_TRACE_EVENT_NAME_MAX     30
      |         ^~~~~~~~~~~~~~~~~~~~~~~~~~~
/scratch2/agustin/zephyr-chipyard-sw/zephyr_ws/zephyr/include/zephyr/posix/posix_limits.h:55:9: warning: "_POSIX_TRACE_NAME_MAX" redefined
   55 | #define _POSIX_TRACE_NAME_MAX               (8)
      |         ^~~~~~~~~~~~~~~~~~~~~
/scratch2/dima/zephyr-chipyard-sw-fresh/tools-manual/zephyr-sdk-1.0.0-beta1/gnu/riscv64-zephyr-elf/riscv64-zephyr-elf/sys-include/sys/syslimits.h:95:9: note: this is the location of the previous definition
   95 | #define _POSIX_TRACE_NAME_MAX   8
      |         ^~~~~~~~~~~~~~~~~~~~~
/scratch2/agustin/zephyr-chipyard-sw/zephyr_ws/zephyr/include/zephyr/posix/posix_limits.h:56:9: warning: "_POSIX_TRACE_SYS_MAX" redefined
   56 | #define _POSIX_TRACE_SYS_MAX                (8)
      |         ^~~~~~~~~~~~~~~~~~~~
/scratch2/dima/zephyr-chipyard-sw-fresh/tools-manual/zephyr-sdk-1.0.0-beta1/gnu/riscv64-zephyr-elf/riscv64-zephyr-elf/sys-include/sys/syslimits.h:96:9: note: this is the location of the previous definition
   96 | #define _POSIX_TRACE_SYS_MAX    8
      |         ^~~~~~~~~~~~~~~~~~~~
/scratch2/agustin/zephyr-chipyard-sw/zephyr_ws/zephyr/include/zephyr/posix/posix_limits.h:57:9: warning: "_POSIX_TRACE_USER_EVENT_MAX" redefined
   57 | #define _POSIX_TRACE_USER_EVENT_MAX         (32)
      |         ^~~~~~~~~~~~~~~~~~~~~~~~~~~
/scratch2/dima/zephyr-chipyard-sw-fresh/tools-manual/zephyr-sdk-1.0.0-beta1/gnu/riscv64-zephyr-elf/riscv64-zephyr-elf/sys-include/sys/syslimits.h:97:9: note: this is the location of the previous definition
   97 | #define _POSIX_TRACE_USER_EVENT_MAX     32
      |         ^~~~~~~~~~~~~~~~~~~~~~~~~~~
/scratch2/agustin/zephyr-chipyard-sw/zephyr_ws/zephyr/include/zephyr/posix/posix_limits.h:58:9: warning: "_POSIX_TTY_NAME_MAX" redefined
   58 | #define _POSIX_TTY_NAME_MAX                 (9)
      |         ^~~~~~~~~~~~~~~~~~~
/scratch2/dima/zephyr-chipyard-sw-fresh/tools-manual/zephyr-sdk-1.0.0-beta1/gnu/riscv64-zephyr-elf/riscv64-zephyr-elf/sys-include/sys/syslimits.h:98:9: note: this is the location of the previous definition
   98 | #define _POSIX_TTY_NAME_MAX     9
      |         ^~~~~~~~~~~~~~~~~~~
/scratch2/agustin/zephyr-chipyard-sw/zephyr_ws/zephyr/include/zephyr/posix/posix_limits.h:59:9: warning: "_POSIX_TZNAME_MAX" redefined
   59 | #define _POSIX_TZNAME_MAX                   (6)
      |         ^~~~~~~~~~~~~~~~~
/scratch2/dima/zephyr-chipyard-sw-fresh/tools-manual/zephyr-sdk-1.0.0-beta1/gnu/riscv64-zephyr-elf/riscv64-zephyr-elf/sys-include/sys/syslimits.h:99:9: note: this is the location of the previous definition
   99 | #define _POSIX_TZNAME_MAX       3
      |         ^~~~~~~~~~~~~~~~~
/scratch2/agustin/zephyr-chipyard-sw/zephyr_ws/zephyr/include/zephyr/posix/posix_limits.h:60:9: warning: "_POSIX2_BC_BASE_MAX" redefined
   60 | #define _POSIX2_BC_BASE_MAX                 (99)
      |         ^~~~~~~~~~~~~~~~~~~
/scratch2/dima/zephyr-chipyard-sw-fresh/tools-manual/zephyr-sdk-1.0.0-beta1/gnu/riscv64-zephyr-elf/riscv64-zephyr-elf/sys-include/sys/syslimits.h:100:9: note: this is the location of the previous definition
  100 | #define _POSIX2_BC_BASE_MAX     99
      |         ^~~~~~~~~~~~~~~~~~~
/scratch2/agustin/zephyr-chipyard-sw/zephyr_ws/zephyr/include/zephyr/posix/posix_limits.h:61:9: warning: "_POSIX2_BC_DIM_MAX" redefined
   61 | #define _POSIX2_BC_DIM_MAX                  (2048)
      |         ^~~~~~~~~~~~~~~~~~
/scratch2/dima/zephyr-chipyard-sw-fresh/tools-manual/zephyr-sdk-1.0.0-beta1/gnu/riscv64-zephyr-elf/riscv64-zephyr-elf/sys-include/sys/syslimits.h:101:9: note: this is the location of the previous definition
  101 | #define _POSIX2_BC_DIM_MAX      2048
      |         ^~~~~~~~~~~~~~~~~~
/scratch2/agustin/zephyr-chipyard-sw/zephyr_ws/zephyr/include/zephyr/posix/posix_limits.h:62:9: warning: "_POSIX2_BC_SCALE_MAX" redefined
   62 | #define _POSIX2_BC_SCALE_MAX                (99)
      |         ^~~~~~~~~~~~~~~~~~~~
/scratch2/dima/zephyr-chipyard-sw-fresh/tools-manual/zephyr-sdk-1.0.0-beta1/gnu/riscv64-zephyr-elf/riscv64-zephyr-elf/sys-include/sys/syslimits.h:102:9: note: this is the location of the previous definition
  102 | #define _POSIX2_BC_SCALE_MAX    99
      |         ^~~~~~~~~~~~~~~~~~~~
/scratch2/agustin/zephyr-chipyard-sw/zephyr_ws/zephyr/include/zephyr/posix/posix_limits.h:63:9: warning: "_POSIX2_BC_STRING_MAX" redefined
   63 | #define _POSIX2_BC_STRING_MAX               (1000)
      |         ^~~~~~~~~~~~~~~~~~~~~
/scratch2/dima/zephyr-chipyard-sw-fresh/tools-manual/zephyr-sdk-1.0.0-beta1/gnu/riscv64-zephyr-elf/riscv64-zephyr-elf/sys-include/sys/syslimits.h:103:9: note: this is the location of the previous definition
  103 | #define _POSIX2_BC_STRING_MAX   1000
      |         ^~~~~~~~~~~~~~~~~~~~~
/scratch2/agustin/zephyr-chipyard-sw/zephyr_ws/zephyr/include/zephyr/posix/posix_limits.h:64:9: warning: "_POSIX2_CHARCLASS_NAME_MAX" redefined
   64 | #define _POSIX2_CHARCLASS_NAME_MAX          (14)
      |         ^~~~~~~~~~~~~~~~~~~~~~~~~~
/scratch2/dima/zephyr-chipyard-sw-fresh/tools-manual/zephyr-sdk-1.0.0-beta1/gnu/riscv64-zephyr-elf/riscv64-zephyr-elf/sys-include/sys/syslimits.h:104:9: note: this is the location of the previous definition
  104 | #define _POSIX2_CHARCLASS_NAME_MAX      14
      |         ^~~~~~~~~~~~~~~~~~~~~~~~~~
/scratch2/agustin/zephyr-chipyard-sw/zephyr_ws/zephyr/include/zephyr/posix/posix_limits.h:65:9: warning: "_POSIX2_COLL_WEIGHTS_MAX" redefined
   65 | #define _POSIX2_COLL_WEIGHTS_MAX            (2)
      |         ^~~~~~~~~~~~~~~~~~~~~~~~
/scratch2/dima/zephyr-chipyard-sw-fresh/tools-manual/zephyr-sdk-1.0.0-beta1/gnu/riscv64-zephyr-elf/riscv64-zephyr-elf/sys-include/sys/syslimits.h:105:9: note: this is the location of the previous definition
  105 | #define _POSIX2_COLL_WEIGHTS_MAX        2
      |         ^~~~~~~~~~~~~~~~~~~~~~~~
/scratch2/agustin/zephyr-chipyard-sw/zephyr_ws/zephyr/include/zephyr/posix/posix_limits.h:66:9: warning: "_POSIX2_EXPR_NEST_MAX" redefined
   66 | #define _POSIX2_EXPR_NEST_MAX               (32)
      |         ^~~~~~~~~~~~~~~~~~~~~
/scratch2/dima/zephyr-chipyard-sw-fresh/tools-manual/zephyr-sdk-1.0.0-beta1/gnu/riscv64-zephyr-elf/riscv64-zephyr-elf/sys-include/sys/syslimits.h:106:9: note: this is the location of the previous definition
  106 | #define _POSIX2_EXPR_NEST_MAX   32
      |         ^~~~~~~~~~~~~~~~~~~~~
/scratch2/agustin/zephyr-chipyard-sw/zephyr_ws/zephyr/include/zephyr/posix/posix_limits.h:67:9: warning: "_POSIX2_LINE_MAX" redefined
   67 | #define _POSIX2_LINE_MAX                    (2048)
      |         ^~~~~~~~~~~~~~~~
/scratch2/dima/zephyr-chipyard-sw-fresh/tools-manual/zephyr-sdk-1.0.0-beta1/gnu/riscv64-zephyr-elf/riscv64-zephyr-elf/sys-include/sys/syslimits.h:107:9: note: this is the location of the previous definition
  107 | #define _POSIX2_LINE_MAX        2048
      |         ^~~~~~~~~~~~~~~~
/scratch2/agustin/zephyr-chipyard-sw/zephyr_ws/zephyr/include/zephyr/posix/posix_limits.h:83:9: warning: "ARG_MAX" redefined
   83 | #define ARG_MAX                       _POSIX_ARG_MAX
      |         ^~~~~~~
/scratch2/dima/zephyr-chipyard-sw-fresh/tools-manual/zephyr-sdk-1.0.0-beta1/gnu/riscv64-zephyr-elf/riscv64-zephyr-elf/sys-include/sys/syslimits.h:41:9: note: this is the location of the previous definition
   41 | #define ARG_MAX                 65536   /* max bytes for an exec function */
      |         ^~~~~~~
/scratch2/agustin/zephyr-chipyard-sw/zephyr_ws/zephyr/include/zephyr/posix/posix_limits.h:84:9: warning: "ATEXIT_MAX" redefined
   84 | #define ATEXIT_MAX                    (32)
      |         ^~~~~~~~~~
/scratch2/dima/zephyr-chipyard-sw-fresh/tools-manual/zephyr-sdk-1.0.0-beta1/gnu/riscv64-zephyr-elf/riscv64-zephyr-elf/sys-include/sys/syslimits.h:42:9: note: this is the location of the previous definition
   42 | #define ATEXIT_MAX                 32   /* max atexit functions */
      |         ^~~~~~~~~~
/scratch2/agustin/zephyr-chipyard-sw/zephyr_ws/zephyr/include/zephyr/posix/posix_limits.h:93:9: warning: "OPEN_MAX" redefined
   93 | #define OPEN_MAX                      CONFIG_POSIX_OPEN_MAX
      |         ^~~~~~~~
/scratch2/dima/zephyr-chipyard-sw-fresh/tools-manual/zephyr-sdk-1.0.0-beta1/gnu/riscv64-zephyr-elf/riscv64-zephyr-elf/sys-include/sys/syslimits.h:45:9: note: this is the location of the previous definition
   45 | #define OPEN_MAX                   64   /* max open files per process */
      |         ^~~~~~~~
/scratch2/agustin/zephyr-chipyard-sw/zephyr_ws/zephyr/include/zephyr/posix/posix_limits.h:96:9: warning: "PATH_MAX" redefined
   96 | #define PATH_MAX                      _POSIX_PATH_MAX
      |         ^~~~~~~~
/scratch2/dima/zephyr-chipyard-sw-fresh/tools-manual/zephyr-sdk-1.0.0-beta1/gnu/riscv64-zephyr-elf/riscv64-zephyr-elf/sys-include/sys/syslimits.h:53:9: note: this is the location of the previous definition
   53 | #define PATH_MAX                 1024   /* max bytes in pathname */
      |         ^~~~~~~~
/scratch2/agustin/zephyr-chipyard-sw/zephyr_ws/zephyr/include/zephyr/posix/posix_limits.h:114:9: warning: "TZNAME_MAX" redefined
  114 | #define TZNAME_MAX                    _POSIX_TZNAME_MAX
      |         ^~~~~~~~~~
/scratch2/dima/zephyr-chipyard-sw-fresh/tools-manual/zephyr-sdk-1.0.0-beta1/gnu/riscv64-zephyr-elf/riscv64-zephyr-elf/sys-include/sys/syslimits.h:46:9: note: this is the location of the previous definition
   46 | #define TZNAME_MAX                 10   /* max time zone name length */
      |         ^~~~~~~~~~
[137/216] Building C object zephyr/lib/posix/options/CMakeFiles/lib__posix__options.dir/clock.c.obj
In file included from /scratch2/agustin/zephyr-chipyard-sw/zephyr_ws/zephyr/include/zephyr/posix/sys/sysconf.h:11,
                 from /scratch2/agustin/zephyr-chipyard-sw/zephyr_ws/zephyr/include/zephyr/posix/unistd.h:18,
                 from /scratch2/agustin/zephyr-chipyard-sw/zephyr_ws/zephyr/lib/posix/options/clock.c:13:
/scratch2/agustin/zephyr-chipyard-sw/zephyr_ws/zephyr/include/zephyr/posix/posix_limits.h:23:9: warning: "_POSIX_AIO_LISTIO_MAX" redefined
   23 | #define _POSIX_AIO_LISTIO_MAX               (2)
      |         ^~~~~~~~~~~~~~~~~~~~~
In file included from /scratch2/dima/zephyr-chipyard-sw-fresh/tools-manual/zephyr-sdk-1.0.0-beta1/gnu/riscv64-zephyr-elf/riscv64-zephyr-elf/sys-include/limits.h:6,
                 from /scratch2/dima/zephyr-chipyard-sw-fresh/tools-manual/zephyr-sdk-1.0.0-beta1/gnu/riscv64-zephyr-elf/lib/gcc/riscv64-zephyr-elf/14.3.0/include/limits.h:210,
                 from /scratch2/dima/zephyr-chipyard-sw-fresh/tools-manual/zephyr-sdk-1.0.0-beta1/gnu/riscv64-zephyr-elf/lib/gcc/riscv64-zephyr-elf/14.3.0/include/syslimits.h:7,
                 from /scratch2/dima/zephyr-chipyard-sw-fresh/tools-manual/zephyr-sdk-1.0.0-beta1/gnu/riscv64-zephyr-elf/lib/gcc/riscv64-zephyr-elf/14.3.0/include/limits.h:34,
                 from /scratch2/agustin/zephyr-chipyard-sw/zephyr_ws/zephyr/include/zephyr/kernel_includes.h:22,
                 from /scratch2/agustin/zephyr-chipyard-sw/zephyr_ws/zephyr/include/zephyr/kernel.h:17,
                 from /scratch2/agustin/zephyr-chipyard-sw/zephyr_ws/zephyr/lib/posix/options/clock.c:11:
/scratch2/dima/zephyr-chipyard-sw-fresh/tools-manual/zephyr-sdk-1.0.0-beta1/gnu/riscv64-zephyr-elf/riscv64-zephyr-elf/sys-include/sys/syslimits.h:63:9: note: this is the location of the previous definition
   63 | #define _POSIX_AIO_LISTIO_MAX   2
      |         ^~~~~~~~~~~~~~~~~~~~~
/scratch2/agustin/zephyr-chipyard-sw/zephyr_ws/zephyr/include/zephyr/posix/posix_limits.h:24:9: warning: "_POSIX_AIO_MAX" redefined
   24 | #define _POSIX_AIO_MAX                      (1)
      |         ^~~~~~~~~~~~~~
/scratch2/dima/zephyr-chipyard-sw-fresh/tools-manual/zephyr-sdk-1.0.0-beta1/gnu/riscv64-zephyr-elf/riscv64-zephyr-elf/sys-include/sys/syslimits.h:64:9: note: this is the location of the previous definition
   64 | #define _POSIX_AIO_MAX          1
      |         ^~~~~~~~~~~~~~
/scratch2/agustin/zephyr-chipyard-sw/zephyr_ws/zephyr/include/zephyr/posix/posix_limits.h:25:9: warning: "_POSIX_ARG_MAX" redefined
   25 | #define _POSIX_ARG_MAX                      (4096)
      |         ^~~~~~~~~~~~~~
/scratch2/dima/zephyr-chipyard-sw-fresh/tools-manual/zephyr-sdk-1.0.0-beta1/gnu/riscv64-zephyr-elf/riscv64-zephyr-elf/sys-include/sys/syslimits.h:65:9: note: this is the location of the previous definition
   65 | #define _POSIX_ARG_MAX          4096
      |         ^~~~~~~~~~~~~~
/scratch2/agustin/zephyr-chipyard-sw/zephyr_ws/zephyr/include/zephyr/posix/posix_limits.h:26:9: warning: "_POSIX_CHILD_MAX" redefined
   26 | #define _POSIX_CHILD_MAX                    (25)
      |         ^~~~~~~~~~~~~~~~
/scratch2/dima/zephyr-chipyard-sw-fresh/tools-manual/zephyr-sdk-1.0.0-beta1/gnu/riscv64-zephyr-elf/riscv64-zephyr-elf/sys-include/sys/syslimits.h:66:9: note: this is the location of the previous definition
   66 | #define _POSIX_CHILD_MAX        6
      |         ^~~~~~~~~~~~~~~~
/scratch2/agustin/zephyr-chipyard-sw/zephyr_ws/zephyr/include/zephyr/posix/posix_limits.h:27:9: warning: "_POSIX_DELAYTIMER_MAX" redefined
   27 | #define _POSIX_DELAYTIMER_MAX               (32)
      |         ^~~~~~~~~~~~~~~~~~~~~
/scratch2/dima/zephyr-chipyard-sw-fresh/tools-manual/zephyr-sdk-1.0.0-beta1/gnu/riscv64-zephyr-elf/riscv64-zephyr-elf/sys-include/sys/syslimits.h:67:9: note: this is the location of the previous definition
   67 | #define _POSIX_DELAYTIMER_MAX   32
      |         ^~~~~~~~~~~~~~~~~~~~~
/scratch2/agustin/zephyr-chipyard-sw/zephyr_ws/zephyr/include/zephyr/posix/posix_limits.h:28:9: warning: "_POSIX_HOST_NAME_MAX" redefined
   28 | #define _POSIX_HOST_NAME_MAX                (255)
      |         ^~~~~~~~~~~~~~~~~~~~
/scratch2/dima/zephyr-chipyard-sw-fresh/tools-manual/zephyr-sdk-1.0.0-beta1/gnu/riscv64-zephyr-elf/riscv64-zephyr-elf/sys-include/sys/syslimits.h:68:9: note: this is the location of the previous definition
   68 | #define _POSIX_HOST_NAME_MAX    255
      |         ^~~~~~~~~~~~~~~~~~~~
/scratch2/agustin/zephyr-chipyard-sw/zephyr_ws/zephyr/include/zephyr/posix/posix_limits.h:29:9: warning: "_POSIX_LINK_MAX" redefined
   29 | #define _POSIX_LINK_MAX                     (8)
      |         ^~~~~~~~~~~~~~~
/scratch2/dima/zephyr-chipyard-sw-fresh/tools-manual/zephyr-sdk-1.0.0-beta1/gnu/riscv64-zephyr-elf/riscv64-zephyr-elf/sys-include/sys/syslimits.h:69:9: note: this is the location of the previous definition
   69 | #define _POSIX_LINK_MAX         8
      |         ^~~~~~~~~~~~~~~
/scratch2/agustin/zephyr-chipyard-sw/zephyr_ws/zephyr/include/zephyr/posix/posix_limits.h:30:9: warning: "_POSIX_LOGIN_NAME_MAX" redefined
   30 | #define _POSIX_LOGIN_NAME_MAX               (9)
      |         ^~~~~~~~~~~~~~~~~~~~~
/scratch2/dima/zephyr-chipyard-sw-fresh/tools-manual/zephyr-sdk-1.0.0-beta1/gnu/riscv64-zephyr-elf/riscv64-zephyr-elf/sys-include/sys/syslimits.h:70:9: note: this is the location of the previous definition
   70 | #define _POSIX_LOGIN_NAME_MAX   9
      |         ^~~~~~~~~~~~~~~~~~~~~
/scratch2/agustin/zephyr-chipyard-sw/zephyr_ws/zephyr/include/zephyr/posix/posix_limits.h:31:9: warning: "_POSIX_MAX_CANON" redefined
   31 | #define _POSIX_MAX_CANON                    (255)
      |         ^~~~~~~~~~~~~~~~
/scratch2/dima/zephyr-chipyard-sw-fresh/tools-manual/zephyr-sdk-1.0.0-beta1/gnu/riscv64-zephyr-elf/riscv64-zephyr-elf/sys-include/sys/syslimits.h:71:9: note: this is the location of the previous definition
   71 | #define _POSIX_MAX_CANON        255
      |         ^~~~~~~~~~~~~~~~
/scratch2/agustin/zephyr-chipyard-sw/zephyr_ws/zephyr/include/zephyr/posix/posix_limits.h:32:9: warning: "_POSIX_MAX_INPUT" redefined
   32 | #define _POSIX_MAX_INPUT                    (255)
      |         ^~~~~~~~~~~~~~~~
/scratch2/dima/zephyr-chipyard-sw-fresh/tools-manual/zephyr-sdk-1.0.0-beta1/gnu/riscv64-zephyr-elf/riscv64-zephyr-elf/sys-include/sys/syslimits.h:72:9: note: this is the location of the previous definition
   72 | #define _POSIX_MAX_INPUT        255
      |         ^~~~~~~~~~~~~~~~
/scratch2/agustin/zephyr-chipyard-sw/zephyr_ws/zephyr/include/zephyr/posix/posix_limits.h:33:9: warning: "_POSIX_MQ_OPEN_MAX" redefined
   33 | #define _POSIX_MQ_OPEN_MAX                  (8)
      |         ^~~~~~~~~~~~~~~~~~
/scratch2/dima/zephyr-chipyard-sw-fresh/tools-manual/zephyr-sdk-1.0.0-beta1/gnu/riscv64-zephyr-elf/riscv64-zephyr-elf/sys-include/sys/syslimits.h:73:9: note: this is the location of the previous definition
   73 | #define _POSIX_MQ_OPEN_MAX      8
      |         ^~~~~~~~~~~~~~~~~~
/scratch2/agustin/zephyr-chipyard-sw/zephyr_ws/zephyr/include/zephyr/posix/posix_limits.h:34:9: warning: "_POSIX_MQ_PRIO_MAX" redefined
   34 | #define _POSIX_MQ_PRIO_MAX                  (32)
      |         ^~~~~~~~~~~~~~~~~~
/scratch2/dima/zephyr-chipyard-sw-fresh/tools-manual/zephyr-sdk-1.0.0-beta1/gnu/riscv64-zephyr-elf/riscv64-zephyr-elf/sys-include/sys/syslimits.h:74:9: note: this is the location of the previous definition
   74 | #define _POSIX_MQ_PRIO_MAX      32
      |         ^~~~~~~~~~~~~~~~~~
/scratch2/agustin/zephyr-chipyard-sw/zephyr_ws/zephyr/include/zephyr/posix/posix_limits.h:35:9: warning: "_POSIX_NAME_MAX" redefined
   35 | #define _POSIX_NAME_MAX                     (14)
      |         ^~~~~~~~~~~~~~~
/scratch2/dima/zephyr-chipyard-sw-fresh/tools-manual/zephyr-sdk-1.0.0-beta1/gnu/riscv64-zephyr-elf/riscv64-zephyr-elf/sys-include/sys/syslimits.h:75:9: note: this is the location of the previous definition
   75 | #define _POSIX_NAME_MAX         14
      |         ^~~~~~~~~~~~~~~
/scratch2/agustin/zephyr-chipyard-sw/zephyr_ws/zephyr/include/zephyr/posix/posix_limits.h:36:9: warning: "_POSIX_NGROUPS_MAX" redefined
   36 | #define _POSIX_NGROUPS_MAX                  (8)
      |         ^~~~~~~~~~~~~~~~~~
/scratch2/dima/zephyr-chipyard-sw-fresh/tools-manual/zephyr-sdk-1.0.0-beta1/gnu/riscv64-zephyr-elf/riscv64-zephyr-elf/sys-include/sys/syslimits.h:76:9: note: this is the location of the previous definition
   76 | #define _POSIX_NGROUPS_MAX      0
      |         ^~~~~~~~~~~~~~~~~~
/scratch2/agustin/zephyr-chipyard-sw/zephyr_ws/zephyr/include/zephyr/posix/posix_limits.h:37:9: warning: "_POSIX_OPEN_MAX" redefined
   37 | #define _POSIX_OPEN_MAX                     (20)
      |         ^~~~~~~~~~~~~~~
/scratch2/dima/zephyr-chipyard-sw-fresh/tools-manual/zephyr-sdk-1.0.0-beta1/gnu/riscv64-zephyr-elf/riscv64-zephyr-elf/sys-include/sys/syslimits.h:77:9: note: this is the location of the previous definition
   77 | #define _POSIX_OPEN_MAX         16
      |         ^~~~~~~~~~~~~~~
/scratch2/agustin/zephyr-chipyard-sw/zephyr_ws/zephyr/include/zephyr/posix/posix_limits.h:38:9: warning: "_POSIX_PATH_MAX" redefined
   38 | #define _POSIX_PATH_MAX                     (256)
      |         ^~~~~~~~~~~~~~~
/scratch2/dima/zephyr-chipyard-sw-fresh/tools-manual/zephyr-sdk-1.0.0-beta1/gnu/riscv64-zephyr-elf/riscv64-zephyr-elf/sys-include/sys/syslimits.h:78:9: note: this is the location of the previous definition
   78 | #define _POSIX_PATH_MAX         255
      |         ^~~~~~~~~~~~~~~
/scratch2/agustin/zephyr-chipyard-sw/zephyr_ws/zephyr/include/zephyr/posix/posix_limits.h:39:9: warning: "_POSIX_PIPE_BUF" redefined
   39 | #define _POSIX_PIPE_BUF                     (512)
      |         ^~~~~~~~~~~~~~~
/scratch2/dima/zephyr-chipyard-sw-fresh/tools-manual/zephyr-sdk-1.0.0-beta1/gnu/riscv64-zephyr-elf/riscv64-zephyr-elf/sys-include/sys/syslimits.h:79:9: note: this is the location of the previous definition
   79 | #define _POSIX_PIPE_BUF         512
      |         ^~~~~~~~~~~~~~~
/scratch2/agustin/zephyr-chipyard-sw/zephyr_ws/zephyr/include/zephyr/posix/posix_limits.h:40:9: warning: "_POSIX_RE_DUP_MAX" redefined
   40 | #define _POSIX_RE_DUP_MAX                   (255)
      |         ^~~~~~~~~~~~~~~~~
/scratch2/dima/zephyr-chipyard-sw-fresh/tools-manual/zephyr-sdk-1.0.0-beta1/gnu/riscv64-zephyr-elf/riscv64-zephyr-elf/sys-include/sys/syslimits.h:80:9: note: this is the location of the previous definition
   80 | #define _POSIX_RE_DUP_MAX       255
      |         ^~~~~~~~~~~~~~~~~
/scratch2/agustin/zephyr-chipyard-sw/zephyr_ws/zephyr/include/zephyr/posix/posix_limits.h:41:9: warning: "_POSIX_RTSIG_MAX" redefined
   41 | #define _POSIX_RTSIG_MAX                    (8)
      |         ^~~~~~~~~~~~~~~~
/scratch2/dima/zephyr-chipyard-sw-fresh/tools-manual/zephyr-sdk-1.0.0-beta1/gnu/riscv64-zephyr-elf/riscv64-zephyr-elf/sys-include/sys/syslimits.h:81:9: note: this is the location of the previous definition
   81 | #define _POSIX_RTSIG_MAX        8
      |         ^~~~~~~~~~~~~~~~
/scratch2/agustin/zephyr-chipyard-sw/zephyr_ws/zephyr/include/zephyr/posix/posix_limits.h:42:9: warning: "_POSIX_SEM_NSEMS_MAX" redefined
   42 | #define _POSIX_SEM_NSEMS_MAX                (256)
      |         ^~~~~~~~~~~~~~~~~~~~
/scratch2/dima/zephyr-chipyard-sw-fresh/tools-manual/zephyr-sdk-1.0.0-beta1/gnu/riscv64-zephyr-elf/riscv64-zephyr-elf/sys-include/sys/syslimits.h:82:9: note: this is the location of the previous definition
   82 | #define _POSIX_SEM_NSEMS_MAX    256
      |         ^~~~~~~~~~~~~~~~~~~~
/scratch2/agustin/zephyr-chipyard-sw/zephyr_ws/zephyr/include/zephyr/posix/posix_limits.h:43:9: warning: "_POSIX_SEM_VALUE_MAX" redefined
   43 | #define _POSIX_SEM_VALUE_MAX                (32767)
      |         ^~~~~~~~~~~~~~~~~~~~
/scratch2/dima/zephyr-chipyard-sw-fresh/tools-manual/zephyr-sdk-1.0.0-beta1/gnu/riscv64-zephyr-elf/riscv64-zephyr-elf/sys-include/sys/syslimits.h:83:9: note: this is the location of the previous definition
   83 | #define _POSIX_SEM_VALUE_MAX    32767
      |         ^~~~~~~~~~~~~~~~~~~~
/scratch2/agustin/zephyr-chipyard-sw/zephyr_ws/zephyr/include/zephyr/posix/posix_limits.h:44:9: warning: "_POSIX_SIGQUEUE_MAX" redefined
   44 | #define _POSIX_SIGQUEUE_MAX                 (32)
      |         ^~~~~~~~~~~~~~~~~~~
/scratch2/dima/zephyr-chipyard-sw-fresh/tools-manual/zephyr-sdk-1.0.0-beta1/gnu/riscv64-zephyr-elf/riscv64-zephyr-elf/sys-include/sys/syslimits.h:84:9: note: this is the location of the previous definition
   84 | #define _POSIX_SIGQUEUE_MAX     32
      |         ^~~~~~~~~~~~~~~~~~~
/scratch2/agustin/zephyr-chipyard-sw/zephyr_ws/zephyr/include/zephyr/posix/posix_limits.h:45:9: warning: "_POSIX_SSIZE_MAX" redefined
   45 | #define _POSIX_SSIZE_MAX                    (32767)
      |         ^~~~~~~~~~~~~~~~
/scratch2/dima/zephyr-chipyard-sw-fresh/tools-manual/zephyr-sdk-1.0.0-beta1/gnu/riscv64-zephyr-elf/riscv64-zephyr-elf/sys-include/sys/syslimits.h:85:9: note: this is the location of the previous definition
   85 | #define _POSIX_SSIZE_MAX        32767
      |         ^~~~~~~~~~~~~~~~
/scratch2/agustin/zephyr-chipyard-sw/zephyr_ws/zephyr/include/zephyr/posix/posix_limits.h:46:9: warning: "_POSIX_SS_REPL_MAX" redefined
   46 | #define _POSIX_SS_REPL_MAX                  (4)
      |         ^~~~~~~~~~~~~~~~~~
/scratch2/dima/zephyr-chipyard-sw-fresh/tools-manual/zephyr-sdk-1.0.0-beta1/gnu/riscv64-zephyr-elf/riscv64-zephyr-elf/sys-include/sys/syslimits.h:86:9: note: this is the location of the previous definition
   86 | #define _POSIX_SS_REPL_MAX      4
      |         ^~~~~~~~~~~~~~~~~~
/scratch2/agustin/zephyr-chipyard-sw/zephyr_ws/zephyr/include/zephyr/posix/posix_limits.h:47:9: warning: "_POSIX_STREAM_MAX" redefined
   47 | #define _POSIX_STREAM_MAX                   (8)
      |         ^~~~~~~~~~~~~~~~~
/scratch2/dima/zephyr-chipyard-sw-fresh/tools-manual/zephyr-sdk-1.0.0-beta1/gnu/riscv64-zephyr-elf/riscv64-zephyr-elf/sys-include/sys/syslimits.h:87:9: note: this is the location of the previous definition
   87 | #define _POSIX_STREAM_MAX       8
      |         ^~~~~~~~~~~~~~~~~
/scratch2/agustin/zephyr-chipyard-sw/zephyr_ws/zephyr/include/zephyr/posix/posix_limits.h:48:9: warning: "_POSIX_SYMLINK_MAX" redefined
   48 | #define _POSIX_SYMLINK_MAX                  (255)
      |         ^~~~~~~~~~~~~~~~~~
/scratch2/dima/zephyr-chipyard-sw-fresh/tools-manual/zephyr-sdk-1.0.0-beta1/gnu/riscv64-zephyr-elf/riscv64-zephyr-elf/sys-include/sys/syslimits.h:88:9: note: this is the location of the previous definition
   88 | #define _POSIX_SYMLINK_MAX      255
      |         ^~~~~~~~~~~~~~~~~~
/scratch2/agustin/zephyr-chipyard-sw/zephyr_ws/zephyr/include/zephyr/posix/posix_limits.h:49:9: warning: "_POSIX_SYMLOOP_MAX" redefined
   49 | #define _POSIX_SYMLOOP_MAX                  (8)
      |         ^~~~~~~~~~~~~~~~~~
/scratch2/dima/zephyr-chipyard-sw-fresh/tools-manual/zephyr-sdk-1.0.0-beta1/gnu/riscv64-zephyr-elf/riscv64-zephyr-elf/sys-include/sys/syslimits.h:89:9: note: this is the location of the previous definition
   89 | #define _POSIX_SYMLOOP_MAX      8
      |         ^~~~~~~~~~~~~~~~~~
/scratch2/agustin/zephyr-chipyard-sw/zephyr_ws/zephyr/include/zephyr/posix/posix_limits.h:50:9: warning: "_POSIX_THREAD_DESTRUCTOR_ITERATIONS" redefined
   50 | #define _POSIX_THREAD_DESTRUCTOR_ITERATIONS (4)
      |         ^~~~~~~~~~~~~~~~~~~~~~~~~~~~~~~~~~~
/scratch2/dima/zephyr-chipyard-sw-fresh/tools-manual/zephyr-sdk-1.0.0-beta1/gnu/riscv64-zephyr-elf/riscv64-zephyr-elf/sys-include/sys/syslimits.h:90:9: note: this is the location of the previous definition
   90 | #define _POSIX_THREAD_DESTRUCTOR_ITERATIONS     4
      |         ^~~~~~~~~~~~~~~~~~~~~~~~~~~~~~~~~~~
/scratch2/agustin/zephyr-chipyard-sw/zephyr_ws/zephyr/include/zephyr/posix/posix_limits.h:51:9: warning: "_POSIX_THREAD_KEYS_MAX" redefined
   51 | #define _POSIX_THREAD_KEYS_MAX              (128)
      |         ^~~~~~~~~~~~~~~~~~~~~~
/scratch2/dima/zephyr-chipyard-sw-fresh/tools-manual/zephyr-sdk-1.0.0-beta1/gnu/riscv64-zephyr-elf/riscv64-zephyr-elf/sys-include/sys/syslimits.h:91:9: note: this is the location of the previous definition
   91 | #define _POSIX_THREAD_KEYS_MAX  128
      |         ^~~~~~~~~~~~~~~~~~~~~~
/scratch2/agustin/zephyr-chipyard-sw/zephyr_ws/zephyr/include/zephyr/posix/posix_limits.h:52:9: warning: "_POSIX_THREAD_THREADS_MAX" redefined
   52 | #define _POSIX_THREAD_THREADS_MAX           (64)
      |         ^~~~~~~~~~~~~~~~~~~~~~~~~
/scratch2/dima/zephyr-chipyard-sw-fresh/tools-manual/zephyr-sdk-1.0.0-beta1/gnu/riscv64-zephyr-elf/riscv64-zephyr-elf/sys-include/sys/syslimits.h:92:9: note: this is the location of the previous definition
   92 | #define _POSIX_THREAD_THREADS_MAX       64
      |         ^~~~~~~~~~~~~~~~~~~~~~~~~
/scratch2/agustin/zephyr-chipyard-sw/zephyr_ws/zephyr/include/zephyr/posix/posix_limits.h:53:9: warning: "_POSIX_TIMER_MAX" redefined
   53 | #define _POSIX_TIMER_MAX                    (32)
      |         ^~~~~~~~~~~~~~~~
/scratch2/dima/zephyr-chipyard-sw-fresh/tools-manual/zephyr-sdk-1.0.0-beta1/gnu/riscv64-zephyr-elf/riscv64-zephyr-elf/sys-include/sys/syslimits.h:93:9: note: this is the location of the previous definition
   93 | #define _POSIX_TIMER_MAX        32
      |         ^~~~~~~~~~~~~~~~
/scratch2/agustin/zephyr-chipyard-sw/zephyr_ws/zephyr/include/zephyr/posix/posix_limits.h:54:9: warning: "_POSIX_TRACE_EVENT_NAME_MAX" redefined
   54 | #define _POSIX_TRACE_EVENT_NAME_MAX         (30)
      |         ^~~~~~~~~~~~~~~~~~~~~~~~~~~
/scratch2/dima/zephyr-chipyard-sw-fresh/tools-manual/zephyr-sdk-1.0.0-beta1/gnu/riscv64-zephyr-elf/riscv64-zephyr-elf/sys-include/sys/syslimits.h:94:9: note: this is the location of the previous definition
   94 | #define _POSIX_TRACE_EVENT_NAME_MAX     30
      |         ^~~~~~~~~~~~~~~~~~~~~~~~~~~
/scratch2/agustin/zephyr-chipyard-sw/zephyr_ws/zephyr/include/zephyr/posix/posix_limits.h:55:9: warning: "_POSIX_TRACE_NAME_MAX" redefined
   55 | #define _POSIX_TRACE_NAME_MAX               (8)
      |         ^~~~~~~~~~~~~~~~~~~~~
/scratch2/dima/zephyr-chipyard-sw-fresh/tools-manual/zephyr-sdk-1.0.0-beta1/gnu/riscv64-zephyr-elf/riscv64-zephyr-elf/sys-include/sys/syslimits.h:95:9: note: this is the location of the previous definition
   95 | #define _POSIX_TRACE_NAME_MAX   8
      |         ^~~~~~~~~~~~~~~~~~~~~
/scratch2/agustin/zephyr-chipyard-sw/zephyr_ws/zephyr/include/zephyr/posix/posix_limits.h:56:9: warning: "_POSIX_TRACE_SYS_MAX" redefined
   56 | #define _POSIX_TRACE_SYS_MAX                (8)
      |         ^~~~~~~~~~~~~~~~~~~~
/scratch2/dima/zephyr-chipyard-sw-fresh/tools-manual/zephyr-sdk-1.0.0-beta1/gnu/riscv64-zephyr-elf/riscv64-zephyr-elf/sys-include/sys/syslimits.h:96:9: note: this is the location of the previous definition
   96 | #define _POSIX_TRACE_SYS_MAX    8
      |         ^~~~~~~~~~~~~~~~~~~~
/scratch2/agustin/zephyr-chipyard-sw/zephyr_ws/zephyr/include/zephyr/posix/posix_limits.h:57:9: warning: "_POSIX_TRACE_USER_EVENT_MAX" redefined
   57 | #define _POSIX_TRACE_USER_EVENT_MAX         (32)
      |         ^~~~~~~~~~~~~~~~~~~~~~~~~~~
/scratch2/dima/zephyr-chipyard-sw-fresh/tools-manual/zephyr-sdk-1.0.0-beta1/gnu/riscv64-zephyr-elf/riscv64-zephyr-elf/sys-include/sys/syslimits.h:97:9: note: this is the location of the previous definition
   97 | #define _POSIX_TRACE_USER_EVENT_MAX     32
      |         ^~~~~~~~~~~~~~~~~~~~~~~~~~~
/scratch2/agustin/zephyr-chipyard-sw/zephyr_ws/zephyr/include/zephyr/posix/posix_limits.h:58:9: warning: "_POSIX_TTY_NAME_MAX" redefined
   58 | #define _POSIX_TTY_NAME_MAX                 (9)
      |         ^~~~~~~~~~~~~~~~~~~
/scratch2/dima/zephyr-chipyard-sw-fresh/tools-manual/zephyr-sdk-1.0.0-beta1/gnu/riscv64-zephyr-elf/riscv64-zephyr-elf/sys-include/sys/syslimits.h:98:9: note: this is the location of the previous definition
   98 | #define _POSIX_TTY_NAME_MAX     9
      |         ^~~~~~~~~~~~~~~~~~~
/scratch2/agustin/zephyr-chipyard-sw/zephyr_ws/zephyr/include/zephyr/posix/posix_limits.h:59:9: warning: "_POSIX_TZNAME_MAX" redefined
   59 | #define _POSIX_TZNAME_MAX                   (6)
      |         ^~~~~~~~~~~~~~~~~
/scratch2/dima/zephyr-chipyard-sw-fresh/tools-manual/zephyr-sdk-1.0.0-beta1/gnu/riscv64-zephyr-elf/riscv64-zephyr-elf/sys-include/sys/syslimits.h:99:9: note: this is the location of the previous definition
   99 | #define _POSIX_TZNAME_MAX       3
      |         ^~~~~~~~~~~~~~~~~
/scratch2/agustin/zephyr-chipyard-sw/zephyr_ws/zephyr/include/zephyr/posix/posix_limits.h:60:9: warning: "_POSIX2_BC_BASE_MAX" redefined
   60 | #define _POSIX2_BC_BASE_MAX                 (99)
      |         ^~~~~~~~~~~~~~~~~~~
/scratch2/dima/zephyr-chipyard-sw-fresh/tools-manual/zephyr-sdk-1.0.0-beta1/gnu/riscv64-zephyr-elf/riscv64-zephyr-elf/sys-include/sys/syslimits.h:100:9: note: this is the location of the previous definition
  100 | #define _POSIX2_BC_BASE_MAX     99
      |         ^~~~~~~~~~~~~~~~~~~
/scratch2/agustin/zephyr-chipyard-sw/zephyr_ws/zephyr/include/zephyr/posix/posix_limits.h:61:9: warning: "_POSIX2_BC_DIM_MAX" redefined
   61 | #define _POSIX2_BC_DIM_MAX                  (2048)
      |         ^~~~~~~~~~~~~~~~~~
/scratch2/dima/zephyr-chipyard-sw-fresh/tools-manual/zephyr-sdk-1.0.0-beta1/gnu/riscv64-zephyr-elf/riscv64-zephyr-elf/sys-include/sys/syslimits.h:101:9: note: this is the location of the previous definition
  101 | #define _POSIX2_BC_DIM_MAX      2048
      |         ^~~~~~~~~~~~~~~~~~
/scratch2/agustin/zephyr-chipyard-sw/zephyr_ws/zephyr/include/zephyr/posix/posix_limits.h:62:9: warning: "_POSIX2_BC_SCALE_MAX" redefined
   62 | #define _POSIX2_BC_SCALE_MAX                (99)
      |         ^~~~~~~~~~~~~~~~~~~~
/scratch2/dima/zephyr-chipyard-sw-fresh/tools-manual/zephyr-sdk-1.0.0-beta1/gnu/riscv64-zephyr-elf/riscv64-zephyr-elf/sys-include/sys/syslimits.h:102:9: note: this is the location of the previous definition
  102 | #define _POSIX2_BC_SCALE_MAX    99
      |         ^~~~~~~~~~~~~~~~~~~~
/scratch2/agustin/zephyr-chipyard-sw/zephyr_ws/zephyr/include/zephyr/posix/posix_limits.h:63:9: warning: "_POSIX2_BC_STRING_MAX" redefined
   63 | #define _POSIX2_BC_STRING_MAX               (1000)
      |         ^~~~~~~~~~~~~~~~~~~~~
/scratch2/dima/zephyr-chipyard-sw-fresh/tools-manual/zephyr-sdk-1.0.0-beta1/gnu/riscv64-zephyr-elf/riscv64-zephyr-elf/sys-include/sys/syslimits.h:103:9: note: this is the location of the previous definition
  103 | #define _POSIX2_BC_STRING_MAX   1000
      |         ^~~~~~~~~~~~~~~~~~~~~
/scratch2/agustin/zephyr-chipyard-sw/zephyr_ws/zephyr/include/zephyr/posix/posix_limits.h:64:9: warning: "_POSIX2_CHARCLASS_NAME_MAX" redefined
   64 | #define _POSIX2_CHARCLASS_NAME_MAX          (14)
      |         ^~~~~~~~~~~~~~~~~~~~~~~~~~
/scratch2/dima/zephyr-chipyard-sw-fresh/tools-manual/zephyr-sdk-1.0.0-beta1/gnu/riscv64-zephyr-elf/riscv64-zephyr-elf/sys-include/sys/syslimits.h:104:9: note: this is the location of the previous definition
  104 | #define _POSIX2_CHARCLASS_NAME_MAX      14
      |         ^~~~~~~~~~~~~~~~~~~~~~~~~~
/scratch2/agustin/zephyr-chipyard-sw/zephyr_ws/zephyr/include/zephyr/posix/posix_limits.h:65:9: warning: "_POSIX2_COLL_WEIGHTS_MAX" redefined
   65 | #define _POSIX2_COLL_WEIGHTS_MAX            (2)
      |         ^~~~~~~~~~~~~~~~~~~~~~~~
/scratch2/dima/zephyr-chipyard-sw-fresh/tools-manual/zephyr-sdk-1.0.0-beta1/gnu/riscv64-zephyr-elf/riscv64-zephyr-elf/sys-include/sys/syslimits.h:105:9: note: this is the location of the previous definition
  105 | #define _POSIX2_COLL_WEIGHTS_MAX        2
      |         ^~~~~~~~~~~~~~~~~~~~~~~~
/scratch2/agustin/zephyr-chipyard-sw/zephyr_ws/zephyr/include/zephyr/posix/posix_limits.h:66:9: warning: "_POSIX2_EXPR_NEST_MAX" redefined
   66 | #define _POSIX2_EXPR_NEST_MAX               (32)
      |         ^~~~~~~~~~~~~~~~~~~~~
/scratch2/dima/zephyr-chipyard-sw-fresh/tools-manual/zephyr-sdk-1.0.0-beta1/gnu/riscv64-zephyr-elf/riscv64-zephyr-elf/sys-include/sys/syslimits.h:106:9: note: this is the location of the previous definition
  106 | #define _POSIX2_EXPR_NEST_MAX   32
      |         ^~~~~~~~~~~~~~~~~~~~~
/scratch2/agustin/zephyr-chipyard-sw/zephyr_ws/zephyr/include/zephyr/posix/posix_limits.h:67:9: warning: "_POSIX2_LINE_MAX" redefined
   67 | #define _POSIX2_LINE_MAX                    (2048)
      |         ^~~~~~~~~~~~~~~~
/scratch2/dima/zephyr-chipyard-sw-fresh/tools-manual/zephyr-sdk-1.0.0-beta1/gnu/riscv64-zephyr-elf/riscv64-zephyr-elf/sys-include/sys/syslimits.h:107:9: note: this is the location of the previous definition
  107 | #define _POSIX2_LINE_MAX        2048
      |         ^~~~~~~~~~~~~~~~
/scratch2/agustin/zephyr-chipyard-sw/zephyr_ws/zephyr/include/zephyr/posix/posix_limits.h:83:9: warning: "ARG_MAX" redefined
   83 | #define ARG_MAX                       _POSIX_ARG_MAX
      |         ^~~~~~~
/scratch2/dima/zephyr-chipyard-sw-fresh/tools-manual/zephyr-sdk-1.0.0-beta1/gnu/riscv64-zephyr-elf/riscv64-zephyr-elf/sys-include/sys/syslimits.h:41:9: note: this is the location of the previous definition
   41 | #define ARG_MAX                 65536   /* max bytes for an exec function */
      |         ^~~~~~~
/scratch2/agustin/zephyr-chipyard-sw/zephyr_ws/zephyr/include/zephyr/posix/posix_limits.h:84:9: warning: "ATEXIT_MAX" redefined
   84 | #define ATEXIT_MAX                    (32)
      |         ^~~~~~~~~~
/scratch2/dima/zephyr-chipyard-sw-fresh/tools-manual/zephyr-sdk-1.0.0-beta1/gnu/riscv64-zephyr-elf/riscv64-zephyr-elf/sys-include/sys/syslimits.h:42:9: note: this is the location of the previous definition
   42 | #define ATEXIT_MAX                 32   /* max atexit functions */
      |         ^~~~~~~~~~
/scratch2/agustin/zephyr-chipyard-sw/zephyr_ws/zephyr/include/zephyr/posix/posix_limits.h:93:9: warning: "OPEN_MAX" redefined
   93 | #define OPEN_MAX                      CONFIG_POSIX_OPEN_MAX
      |         ^~~~~~~~
/scratch2/dima/zephyr-chipyard-sw-fresh/tools-manual/zephyr-sdk-1.0.0-beta1/gnu/riscv64-zephyr-elf/riscv64-zephyr-elf/sys-include/sys/syslimits.h:45:9: note: this is the location of the previous definition
   45 | #define OPEN_MAX                   64   /* max open files per process */
      |         ^~~~~~~~
/scratch2/agustin/zephyr-chipyard-sw/zephyr_ws/zephyr/include/zephyr/posix/posix_limits.h:96:9: warning: "PATH_MAX" redefined
   96 | #define PATH_MAX                      _POSIX_PATH_MAX
      |         ^~~~~~~~
/scratch2/dima/zephyr-chipyard-sw-fresh/tools-manual/zephyr-sdk-1.0.0-beta1/gnu/riscv64-zephyr-elf/riscv64-zephyr-elf/sys-include/sys/syslimits.h:53:9: note: this is the location of the previous definition
   53 | #define PATH_MAX                 1024   /* max bytes in pathname */
      |         ^~~~~~~~
/scratch2/agustin/zephyr-chipyard-sw/zephyr_ws/zephyr/include/zephyr/posix/posix_limits.h:114:9: warning: "TZNAME_MAX" redefined
  114 | #define TZNAME_MAX                    _POSIX_TZNAME_MAX
      |         ^~~~~~~~~~
/scratch2/dima/zephyr-chipyard-sw-fresh/tools-manual/zephyr-sdk-1.0.0-beta1/gnu/riscv64-zephyr-elf/riscv64-zephyr-elf/sys-include/sys/syslimits.h:46:9: note: this is the location of the previous definition
   46 | #define TZNAME_MAX                 10   /* max time zone name length */
      |         ^~~~~~~~~~
[138/216] Building C object zephyr/lib/posix/options/CMakeFiles/lib__posix__options.dir/mlock.c.obj
[139/216] Building C object zephyr/kernel/CMakeFiles/kernel.dir/version.c.obj
[140/216] Building C object zephyr/lib/posix/options/CMakeFiles/lib__posix__options.dir/spinlock.c.obj
In file included from /scratch2/agustin/zephyr-chipyard-sw/zephyr_ws/zephyr/include/zephyr/posix/sys/sysconf.h:11,
                 from /scratch2/agustin/zephyr-chipyard-sw/zephyr_ws/zephyr/include/zephyr/posix/unistd.h:18,
                 from /scratch2/agustin/zephyr-chipyard-sw/zephyr_ws/zephyr/include/zephyr/posix/pthread.h:15,
                 from /scratch2/agustin/zephyr-chipyard-sw/zephyr_ws/zephyr/lib/posix/options/posix_internal.h:15,
                 from /scratch2/agustin/zephyr-chipyard-sw/zephyr_ws/zephyr/lib/posix/options/spinlock.c:7:
/scratch2/agustin/zephyr-chipyard-sw/zephyr_ws/zephyr/include/zephyr/posix/posix_limits.h:23:9: warning: "_POSIX_AIO_LISTIO_MAX" redefined
   23 | #define _POSIX_AIO_LISTIO_MAX               (2)
      |         ^~~~~~~~~~~~~~~~~~~~~
In file included from /scratch2/dima/zephyr-chipyard-sw-fresh/tools-manual/zephyr-sdk-1.0.0-beta1/gnu/riscv64-zephyr-elf/riscv64-zephyr-elf/sys-include/limits.h:6,
                 from /scratch2/dima/zephyr-chipyard-sw-fresh/tools-manual/zephyr-sdk-1.0.0-beta1/gnu/riscv64-zephyr-elf/lib/gcc/riscv64-zephyr-elf/14.3.0/include/limits.h:210,
                 from /scratch2/dima/zephyr-chipyard-sw-fresh/tools-manual/zephyr-sdk-1.0.0-beta1/gnu/riscv64-zephyr-elf/lib/gcc/riscv64-zephyr-elf/14.3.0/include/syslimits.h:7,
                 from /scratch2/dima/zephyr-chipyard-sw-fresh/tools-manual/zephyr-sdk-1.0.0-beta1/gnu/riscv64-zephyr-elf/lib/gcc/riscv64-zephyr-elf/14.3.0/include/limits.h:34,
                 from /scratch2/agustin/zephyr-chipyard-sw/zephyr_ws/zephyr/include/zephyr/kernel_includes.h:22,
                 from /scratch2/agustin/zephyr-chipyard-sw/zephyr_ws/zephyr/include/zephyr/kernel.h:17,
                 from /scratch2/agustin/zephyr-chipyard-sw/zephyr_ws/zephyr/lib/posix/options/posix_internal.h:14:
/scratch2/dima/zephyr-chipyard-sw-fresh/tools-manual/zephyr-sdk-1.0.0-beta1/gnu/riscv64-zephyr-elf/riscv64-zephyr-elf/sys-include/sys/syslimits.h:63:9: note: this is the location of the previous definition
   63 | #define _POSIX_AIO_LISTIO_MAX   2
      |         ^~~~~~~~~~~~~~~~~~~~~
/scratch2/agustin/zephyr-chipyard-sw/zephyr_ws/zephyr/include/zephyr/posix/posix_limits.h:24:9: warning: "_POSIX_AIO_MAX" redefined
   24 | #define _POSIX_AIO_MAX                      (1)
      |         ^~~~~~~~~~~~~~
/scratch2/dima/zephyr-chipyard-sw-fresh/tools-manual/zephyr-sdk-1.0.0-beta1/gnu/riscv64-zephyr-elf/riscv64-zephyr-elf/sys-include/sys/syslimits.h:64:9: note: this is the location of the previous definition
   64 | #define _POSIX_AIO_MAX          1
      |         ^~~~~~~~~~~~~~
/scratch2/agustin/zephyr-chipyard-sw/zephyr_ws/zephyr/include/zephyr/posix/posix_limits.h:25:9: warning: "_POSIX_ARG_MAX" redefined
   25 | #define _POSIX_ARG_MAX                      (4096)
      |         ^~~~~~~~~~~~~~
/scratch2/dima/zephyr-chipyard-sw-fresh/tools-manual/zephyr-sdk-1.0.0-beta1/gnu/riscv64-zephyr-elf/riscv64-zephyr-elf/sys-include/sys/syslimits.h:65:9: note: this is the location of the previous definition
   65 | #define _POSIX_ARG_MAX          4096
      |         ^~~~~~~~~~~~~~
/scratch2/agustin/zephyr-chipyard-sw/zephyr_ws/zephyr/include/zephyr/posix/posix_limits.h:26:9: warning: "_POSIX_CHILD_MAX" redefined
   26 | #define _POSIX_CHILD_MAX                    (25)
      |         ^~~~~~~~~~~~~~~~
/scratch2/dima/zephyr-chipyard-sw-fresh/tools-manual/zephyr-sdk-1.0.0-beta1/gnu/riscv64-zephyr-elf/riscv64-zephyr-elf/sys-include/sys/syslimits.h:66:9: note: this is the location of the previous definition
   66 | #define _POSIX_CHILD_MAX        6
      |         ^~~~~~~~~~~~~~~~
/scratch2/agustin/zephyr-chipyard-sw/zephyr_ws/zephyr/include/zephyr/posix/posix_limits.h:27:9: warning: "_POSIX_DELAYTIMER_MAX" redefined
   27 | #define _POSIX_DELAYTIMER_MAX               (32)
      |         ^~~~~~~~~~~~~~~~~~~~~
/scratch2/dima/zephyr-chipyard-sw-fresh/tools-manual/zephyr-sdk-1.0.0-beta1/gnu/riscv64-zephyr-elf/riscv64-zephyr-elf/sys-include/sys/syslimits.h:67:9: note: this is the location of the previous definition
   67 | #define _POSIX_DELAYTIMER_MAX   32
      |         ^~~~~~~~~~~~~~~~~~~~~
/scratch2/agustin/zephyr-chipyard-sw/zephyr_ws/zephyr/include/zephyr/posix/posix_limits.h:28:9: warning: "_POSIX_HOST_NAME_MAX" redefined
   28 | #define _POSIX_HOST_NAME_MAX                (255)
      |         ^~~~~~~~~~~~~~~~~~~~
/scratch2/dima/zephyr-chipyard-sw-fresh/tools-manual/zephyr-sdk-1.0.0-beta1/gnu/riscv64-zephyr-elf/riscv64-zephyr-elf/sys-include/sys/syslimits.h:68:9: note: this is the location of the previous definition
   68 | #define _POSIX_HOST_NAME_MAX    255
      |         ^~~~~~~~~~~~~~~~~~~~
/scratch2/agustin/zephyr-chipyard-sw/zephyr_ws/zephyr/include/zephyr/posix/posix_limits.h:29:9: warning: "_POSIX_LINK_MAX" redefined
   29 | #define _POSIX_LINK_MAX                     (8)
      |         ^~~~~~~~~~~~~~~
/scratch2/dima/zephyr-chipyard-sw-fresh/tools-manual/zephyr-sdk-1.0.0-beta1/gnu/riscv64-zephyr-elf/riscv64-zephyr-elf/sys-include/sys/syslimits.h:69:9: note: this is the location of the previous definition
   69 | #define _POSIX_LINK_MAX         8
      |         ^~~~~~~~~~~~~~~
/scratch2/agustin/zephyr-chipyard-sw/zephyr_ws/zephyr/include/zephyr/posix/posix_limits.h:30:9: warning: "_POSIX_LOGIN_NAME_MAX" redefined
   30 | #define _POSIX_LOGIN_NAME_MAX               (9)
      |         ^~~~~~~~~~~~~~~~~~~~~
/scratch2/dima/zephyr-chipyard-sw-fresh/tools-manual/zephyr-sdk-1.0.0-beta1/gnu/riscv64-zephyr-elf/riscv64-zephyr-elf/sys-include/sys/syslimits.h:70:9: note: this is the location of the previous definition
   70 | #define _POSIX_LOGIN_NAME_MAX   9
      |         ^~~~~~~~~~~~~~~~~~~~~
/scratch2/agustin/zephyr-chipyard-sw/zephyr_ws/zephyr/include/zephyr/posix/posix_limits.h:31:9: warning: "_POSIX_MAX_CANON" redefined
   31 | #define _POSIX_MAX_CANON                    (255)
      |         ^~~~~~~~~~~~~~~~
/scratch2/dima/zephyr-chipyard-sw-fresh/tools-manual/zephyr-sdk-1.0.0-beta1/gnu/riscv64-zephyr-elf/riscv64-zephyr-elf/sys-include/sys/syslimits.h:71:9: note: this is the location of the previous definition
   71 | #define _POSIX_MAX_CANON        255
      |         ^~~~~~~~~~~~~~~~
/scratch2/agustin/zephyr-chipyard-sw/zephyr_ws/zephyr/include/zephyr/posix/posix_limits.h:32:9: warning: "_POSIX_MAX_INPUT" redefined
   32 | #define _POSIX_MAX_INPUT                    (255)
      |         ^~~~~~~~~~~~~~~~
/scratch2/dima/zephyr-chipyard-sw-fresh/tools-manual/zephyr-sdk-1.0.0-beta1/gnu/riscv64-zephyr-elf/riscv64-zephyr-elf/sys-include/sys/syslimits.h:72:9: note: this is the location of the previous definition
   72 | #define _POSIX_MAX_INPUT        255
      |         ^~~~~~~~~~~~~~~~
/scratch2/agustin/zephyr-chipyard-sw/zephyr_ws/zephyr/include/zephyr/posix/posix_limits.h:33:9: warning: "_POSIX_MQ_OPEN_MAX" redefined
   33 | #define _POSIX_MQ_OPEN_MAX                  (8)
      |         ^~~~~~~~~~~~~~~~~~
/scratch2/dima/zephyr-chipyard-sw-fresh/tools-manual/zephyr-sdk-1.0.0-beta1/gnu/riscv64-zephyr-elf/riscv64-zephyr-elf/sys-include/sys/syslimits.h:73:9: note: this is the location of the previous definition
   73 | #define _POSIX_MQ_OPEN_MAX      8
      |         ^~~~~~~~~~~~~~~~~~
/scratch2/agustin/zephyr-chipyard-sw/zephyr_ws/zephyr/include/zephyr/posix/posix_limits.h:34:9: warning: "_POSIX_MQ_PRIO_MAX" redefined
   34 | #define _POSIX_MQ_PRIO_MAX                  (32)
      |         ^~~~~~~~~~~~~~~~~~
/scratch2/dima/zephyr-chipyard-sw-fresh/tools-manual/zephyr-sdk-1.0.0-beta1/gnu/riscv64-zephyr-elf/riscv64-zephyr-elf/sys-include/sys/syslimits.h:74:9: note: this is the location of the previous definition
   74 | #define _POSIX_MQ_PRIO_MAX      32
      |         ^~~~~~~~~~~~~~~~~~
/scratch2/agustin/zephyr-chipyard-sw/zephyr_ws/zephyr/include/zephyr/posix/posix_limits.h:35:9: warning: "_POSIX_NAME_MAX" redefined
   35 | #define _POSIX_NAME_MAX                     (14)
      |         ^~~~~~~~~~~~~~~
/scratch2/dima/zephyr-chipyard-sw-fresh/tools-manual/zephyr-sdk-1.0.0-beta1/gnu/riscv64-zephyr-elf/riscv64-zephyr-elf/sys-include/sys/syslimits.h:75:9: note: this is the location of the previous definition
   75 | #define _POSIX_NAME_MAX         14
      |         ^~~~~~~~~~~~~~~
/scratch2/agustin/zephyr-chipyard-sw/zephyr_ws/zephyr/include/zephyr/posix/posix_limits.h:36:9: warning: "_POSIX_NGROUPS_MAX" redefined
   36 | #define _POSIX_NGROUPS_MAX                  (8)
      |         ^~~~~~~~~~~~~~~~~~
/scratch2/dima/zephyr-chipyard-sw-fresh/tools-manual/zephyr-sdk-1.0.0-beta1/gnu/riscv64-zephyr-elf/riscv64-zephyr-elf/sys-include/sys/syslimits.h:76:9: note: this is the location of the previous definition
   76 | #define _POSIX_NGROUPS_MAX      0
      |         ^~~~~~~~~~~~~~~~~~
/scratch2/agustin/zephyr-chipyard-sw/zephyr_ws/zephyr/include/zephyr/posix/posix_limits.h:37:9: warning: "_POSIX_OPEN_MAX" redefined
   37 | #define _POSIX_OPEN_MAX                     (20)
      |         ^~~~~~~~~~~~~~~
/scratch2/dima/zephyr-chipyard-sw-fresh/tools-manual/zephyr-sdk-1.0.0-beta1/gnu/riscv64-zephyr-elf/riscv64-zephyr-elf/sys-include/sys/syslimits.h:77:9: note: this is the location of the previous definition
   77 | #define _POSIX_OPEN_MAX         16
      |         ^~~~~~~~~~~~~~~
/scratch2/agustin/zephyr-chipyard-sw/zephyr_ws/zephyr/include/zephyr/posix/posix_limits.h:38:9: warning: "_POSIX_PATH_MAX" redefined
   38 | #define _POSIX_PATH_MAX                     (256)
      |         ^~~~~~~~~~~~~~~
/scratch2/dima/zephyr-chipyard-sw-fresh/tools-manual/zephyr-sdk-1.0.0-beta1/gnu/riscv64-zephyr-elf/riscv64-zephyr-elf/sys-include/sys/syslimits.h:78:9: note: this is the location of the previous definition
   78 | #define _POSIX_PATH_MAX         255
      |         ^~~~~~~~~~~~~~~
/scratch2/agustin/zephyr-chipyard-sw/zephyr_ws/zephyr/include/zephyr/posix/posix_limits.h:39:9: warning: "_POSIX_PIPE_BUF" redefined
   39 | #define _POSIX_PIPE_BUF                     (512)
      |         ^~~~~~~~~~~~~~~
/scratch2/dima/zephyr-chipyard-sw-fresh/tools-manual/zephyr-sdk-1.0.0-beta1/gnu/riscv64-zephyr-elf/riscv64-zephyr-elf/sys-include/sys/syslimits.h:79:9: note: this is the location of the previous definition
   79 | #define _POSIX_PIPE_BUF         512
      |         ^~~~~~~~~~~~~~~
/scratch2/agustin/zephyr-chipyard-sw/zephyr_ws/zephyr/include/zephyr/posix/posix_limits.h:40:9: warning: "_POSIX_RE_DUP_MAX" redefined
   40 | #define _POSIX_RE_DUP_MAX                   (255)
      |         ^~~~~~~~~~~~~~~~~
/scratch2/dima/zephyr-chipyard-sw-fresh/tools-manual/zephyr-sdk-1.0.0-beta1/gnu/riscv64-zephyr-elf/riscv64-zephyr-elf/sys-include/sys/syslimits.h:80:9: note: this is the location of the previous definition
   80 | #define _POSIX_RE_DUP_MAX       255
      |         ^~~~~~~~~~~~~~~~~
/scratch2/agustin/zephyr-chipyard-sw/zephyr_ws/zephyr/include/zephyr/posix/posix_limits.h:41:9: warning: "_POSIX_RTSIG_MAX" redefined
   41 | #define _POSIX_RTSIG_MAX                    (8)
      |         ^~~~~~~~~~~~~~~~
/scratch2/dima/zephyr-chipyard-sw-fresh/tools-manual/zephyr-sdk-1.0.0-beta1/gnu/riscv64-zephyr-elf/riscv64-zephyr-elf/sys-include/sys/syslimits.h:81:9: note: this is the location of the previous definition
   81 | #define _POSIX_RTSIG_MAX        8
      |         ^~~~~~~~~~~~~~~~
/scratch2/agustin/zephyr-chipyard-sw/zephyr_ws/zephyr/include/zephyr/posix/posix_limits.h:42:9: warning: "_POSIX_SEM_NSEMS_MAX" redefined
   42 | #define _POSIX_SEM_NSEMS_MAX                (256)
      |         ^~~~~~~~~~~~~~~~~~~~
/scratch2/dima/zephyr-chipyard-sw-fresh/tools-manual/zephyr-sdk-1.0.0-beta1/gnu/riscv64-zephyr-elf/riscv64-zephyr-elf/sys-include/sys/syslimits.h:82:9: note: this is the location of the previous definition
   82 | #define _POSIX_SEM_NSEMS_MAX    256
      |         ^~~~~~~~~~~~~~~~~~~~
/scratch2/agustin/zephyr-chipyard-sw/zephyr_ws/zephyr/include/zephyr/posix/posix_limits.h:43:9: warning: "_POSIX_SEM_VALUE_MAX" redefined
   43 | #define _POSIX_SEM_VALUE_MAX                (32767)
      |         ^~~~~~~~~~~~~~~~~~~~
/scratch2/dima/zephyr-chipyard-sw-fresh/tools-manual/zephyr-sdk-1.0.0-beta1/gnu/riscv64-zephyr-elf/riscv64-zephyr-elf/sys-include/sys/syslimits.h:83:9: note: this is the location of the previous definition
   83 | #define _POSIX_SEM_VALUE_MAX    32767
      |         ^~~~~~~~~~~~~~~~~~~~
/scratch2/agustin/zephyr-chipyard-sw/zephyr_ws/zephyr/include/zephyr/posix/posix_limits.h:44:9: warning: "_POSIX_SIGQUEUE_MAX" redefined
   44 | #define _POSIX_SIGQUEUE_MAX                 (32)
      |         ^~~~~~~~~~~~~~~~~~~
/scratch2/dima/zephyr-chipyard-sw-fresh/tools-manual/zephyr-sdk-1.0.0-beta1/gnu/riscv64-zephyr-elf/riscv64-zephyr-elf/sys-include/sys/syslimits.h:84:9: note: this is the location of the previous definition
   84 | #define _POSIX_SIGQUEUE_MAX     32
      |         ^~~~~~~~~~~~~~~~~~~
/scratch2/agustin/zephyr-chipyard-sw/zephyr_ws/zephyr/include/zephyr/posix/posix_limits.h:45:9: warning: "_POSIX_SSIZE_MAX" redefined
   45 | #define _POSIX_SSIZE_MAX                    (32767)
      |         ^~~~~~~~~~~~~~~~
/scratch2/dima/zephyr-chipyard-sw-fresh/tools-manual/zephyr-sdk-1.0.0-beta1/gnu/riscv64-zephyr-elf/riscv64-zephyr-elf/sys-include/sys/syslimits.h:85:9: note: this is the location of the previous definition
   85 | #define _POSIX_SSIZE_MAX        32767
      |         ^~~~~~~~~~~~~~~~
/scratch2/agustin/zephyr-chipyard-sw/zephyr_ws/zephyr/include/zephyr/posix/posix_limits.h:46:9: warning: "_POSIX_SS_REPL_MAX" redefined
   46 | #define _POSIX_SS_REPL_MAX                  (4)
      |         ^~~~~~~~~~~~~~~~~~
/scratch2/dima/zephyr-chipyard-sw-fresh/tools-manual/zephyr-sdk-1.0.0-beta1/gnu/riscv64-zephyr-elf/riscv64-zephyr-elf/sys-include/sys/syslimits.h:86:9: note: this is the location of the previous definition
   86 | #define _POSIX_SS_REPL_MAX      4
      |         ^~~~~~~~~~~~~~~~~~
/scratch2/agustin/zephyr-chipyard-sw/zephyr_ws/zephyr/include/zephyr/posix/posix_limits.h:47:9: warning: "_POSIX_STREAM_MAX" redefined
   47 | #define _POSIX_STREAM_MAX                   (8)
      |         ^~~~~~~~~~~~~~~~~
/scratch2/dima/zephyr-chipyard-sw-fresh/tools-manual/zephyr-sdk-1.0.0-beta1/gnu/riscv64-zephyr-elf/riscv64-zephyr-elf/sys-include/sys/syslimits.h:87:9: note: this is the location of the previous definition
   87 | #define _POSIX_STREAM_MAX       8
      |         ^~~~~~~~~~~~~~~~~
/scratch2/agustin/zephyr-chipyard-sw/zephyr_ws/zephyr/include/zephyr/posix/posix_limits.h:48:9: warning: "_POSIX_SYMLINK_MAX" redefined
   48 | #define _POSIX_SYMLINK_MAX                  (255)
      |         ^~~~~~~~~~~~~~~~~~
/scratch2/dima/zephyr-chipyard-sw-fresh/tools-manual/zephyr-sdk-1.0.0-beta1/gnu/riscv64-zephyr-elf/riscv64-zephyr-elf/sys-include/sys/syslimits.h:88:9: note: this is the location of the previous definition
   88 | #define _POSIX_SYMLINK_MAX      255
      |         ^~~~~~~~~~~~~~~~~~
/scratch2/agustin/zephyr-chipyard-sw/zephyr_ws/zephyr/include/zephyr/posix/posix_limits.h:49:9: warning: "_POSIX_SYMLOOP_MAX" redefined
   49 | #define _POSIX_SYMLOOP_MAX                  (8)
      |         ^~~~~~~~~~~~~~~~~~
/scratch2/dima/zephyr-chipyard-sw-fresh/tools-manual/zephyr-sdk-1.0.0-beta1/gnu/riscv64-zephyr-elf/riscv64-zephyr-elf/sys-include/sys/syslimits.h:89:9: note: this is the location of the previous definition
   89 | #define _POSIX_SYMLOOP_MAX      8
      |         ^~~~~~~~~~~~~~~~~~
/scratch2/agustin/zephyr-chipyard-sw/zephyr_ws/zephyr/include/zephyr/posix/posix_limits.h:50:9: warning: "_POSIX_THREAD_DESTRUCTOR_ITERATIONS" redefined
   50 | #define _POSIX_THREAD_DESTRUCTOR_ITERATIONS (4)
      |         ^~~~~~~~~~~~~~~~~~~~~~~~~~~~~~~~~~~
/scratch2/dima/zephyr-chipyard-sw-fresh/tools-manual/zephyr-sdk-1.0.0-beta1/gnu/riscv64-zephyr-elf/riscv64-zephyr-elf/sys-include/sys/syslimits.h:90:9: note: this is the location of the previous definition
   90 | #define _POSIX_THREAD_DESTRUCTOR_ITERATIONS     4
      |         ^~~~~~~~~~~~~~~~~~~~~~~~~~~~~~~~~~~
/scratch2/agustin/zephyr-chipyard-sw/zephyr_ws/zephyr/include/zephyr/posix/posix_limits.h:51:9: warning: "_POSIX_THREAD_KEYS_MAX" redefined
   51 | #define _POSIX_THREAD_KEYS_MAX              (128)
      |         ^~~~~~~~~~~~~~~~~~~~~~
/scratch2/dima/zephyr-chipyard-sw-fresh/tools-manual/zephyr-sdk-1.0.0-beta1/gnu/riscv64-zephyr-elf/riscv64-zephyr-elf/sys-include/sys/syslimits.h:91:9: note: this is the location of the previous definition
   91 | #define _POSIX_THREAD_KEYS_MAX  128
      |         ^~~~~~~~~~~~~~~~~~~~~~
/scratch2/agustin/zephyr-chipyard-sw/zephyr_ws/zephyr/include/zephyr/posix/posix_limits.h:52:9: warning: "_POSIX_THREAD_THREADS_MAX" redefined
   52 | #define _POSIX_THREAD_THREADS_MAX           (64)
      |         ^~~~~~~~~~~~~~~~~~~~~~~~~
/scratch2/dima/zephyr-chipyard-sw-fresh/tools-manual/zephyr-sdk-1.0.0-beta1/gnu/riscv64-zephyr-elf/riscv64-zephyr-elf/sys-include/sys/syslimits.h:92:9: note: this is the location of the previous definition
   92 | #define _POSIX_THREAD_THREADS_MAX       64
      |         ^~~~~~~~~~~~~~~~~~~~~~~~~
/scratch2/agustin/zephyr-chipyard-sw/zephyr_ws/zephyr/include/zephyr/posix/posix_limits.h:53:9: warning: "_POSIX_TIMER_MAX" redefined
   53 | #define _POSIX_TIMER_MAX                    (32)
      |         ^~~~~~~~~~~~~~~~
/scratch2/dima/zephyr-chipyard-sw-fresh/tools-manual/zephyr-sdk-1.0.0-beta1/gnu/riscv64-zephyr-elf/riscv64-zephyr-elf/sys-include/sys/syslimits.h:93:9: note: this is the location of the previous definition
   93 | #define _POSIX_TIMER_MAX        32
      |         ^~~~~~~~~~~~~~~~
/scratch2/agustin/zephyr-chipyard-sw/zephyr_ws/zephyr/include/zephyr/posix/posix_limits.h:54:9: warning: "_POSIX_TRACE_EVENT_NAME_MAX" redefined
   54 | #define _POSIX_TRACE_EVENT_NAME_MAX         (30)
      |         ^~~~~~~~~~~~~~~~~~~~~~~~~~~
/scratch2/dima/zephyr-chipyard-sw-fresh/tools-manual/zephyr-sdk-1.0.0-beta1/gnu/riscv64-zephyr-elf/riscv64-zephyr-elf/sys-include/sys/syslimits.h:94:9: note: this is the location of the previous definition
   94 | #define _POSIX_TRACE_EVENT_NAME_MAX     30
      |         ^~~~~~~~~~~~~~~~~~~~~~~~~~~
/scratch2/agustin/zephyr-chipyard-sw/zephyr_ws/zephyr/include/zephyr/posix/posix_limits.h:55:9: warning: "_POSIX_TRACE_NAME_MAX" redefined
   55 | #define _POSIX_TRACE_NAME_MAX               (8)
      |         ^~~~~~~~~~~~~~~~~~~~~
/scratch2/dima/zephyr-chipyard-sw-fresh/tools-manual/zephyr-sdk-1.0.0-beta1/gnu/riscv64-zephyr-elf/riscv64-zephyr-elf/sys-include/sys/syslimits.h:95:9: note: this is the location of the previous definition
   95 | #define _POSIX_TRACE_NAME_MAX   8
      |         ^~~~~~~~~~~~~~~~~~~~~
/scratch2/agustin/zephyr-chipyard-sw/zephyr_ws/zephyr/include/zephyr/posix/posix_limits.h:56:9: warning: "_POSIX_TRACE_SYS_MAX" redefined
   56 | #define _POSIX_TRACE_SYS_MAX                (8)
      |         ^~~~~~~~~~~~~~~~~~~~
/scratch2/dima/zephyr-chipyard-sw-fresh/tools-manual/zephyr-sdk-1.0.0-beta1/gnu/riscv64-zephyr-elf/riscv64-zephyr-elf/sys-include/sys/syslimits.h:96:9: note: this is the location of the previous definition
   96 | #define _POSIX_TRACE_SYS_MAX    8
      |         ^~~~~~~~~~~~~~~~~~~~
/scratch2/agustin/zephyr-chipyard-sw/zephyr_ws/zephyr/include/zephyr/posix/posix_limits.h:57:9: warning: "_POSIX_TRACE_USER_EVENT_MAX" redefined
   57 | #define _POSIX_TRACE_USER_EVENT_MAX         (32)
      |         ^~~~~~~~~~~~~~~~~~~~~~~~~~~
/scratch2/dima/zephyr-chipyard-sw-fresh/tools-manual/zephyr-sdk-1.0.0-beta1/gnu/riscv64-zephyr-elf/riscv64-zephyr-elf/sys-include/sys/syslimits.h:97:9: note: this is the location of the previous definition
   97 | #define _POSIX_TRACE_USER_EVENT_MAX     32
      |         ^~~~~~~~~~~~~~~~~~~~~~~~~~~
/scratch2/agustin/zephyr-chipyard-sw/zephyr_ws/zephyr/include/zephyr/posix/posix_limits.h:58:9: warning: "_POSIX_TTY_NAME_MAX" redefined
   58 | #define _POSIX_TTY_NAME_MAX                 (9)
      |         ^~~~~~~~~~~~~~~~~~~
/scratch2/dima/zephyr-chipyard-sw-fresh/tools-manual/zephyr-sdk-1.0.0-beta1/gnu/riscv64-zephyr-elf/riscv64-zephyr-elf/sys-include/sys/syslimits.h:98:9: note: this is the location of the previous definition
   98 | #define _POSIX_TTY_NAME_MAX     9
      |         ^~~~~~~~~~~~~~~~~~~
/scratch2/agustin/zephyr-chipyard-sw/zephyr_ws/zephyr/include/zephyr/posix/posix_limits.h:59:9: warning: "_POSIX_TZNAME_MAX" redefined
   59 | #define _POSIX_TZNAME_MAX                   (6)
      |         ^~~~~~~~~~~~~~~~~
/scratch2/dima/zephyr-chipyard-sw-fresh/tools-manual/zephyr-sdk-1.0.0-beta1/gnu/riscv64-zephyr-elf/riscv64-zephyr-elf/sys-include/sys/syslimits.h:99:9: note: this is the location of the previous definition
   99 | #define _POSIX_TZNAME_MAX       3
      |         ^~~~~~~~~~~~~~~~~
/scratch2/agustin/zephyr-chipyard-sw/zephyr_ws/zephyr/include/zephyr/posix/posix_limits.h:60:9: warning: "_POSIX2_BC_BASE_MAX" redefined
   60 | #define _POSIX2_BC_BASE_MAX                 (99)
      |         ^~~~~~~~~~~~~~~~~~~
/scratch2/dima/zephyr-chipyard-sw-fresh/tools-manual/zephyr-sdk-1.0.0-beta1/gnu/riscv64-zephyr-elf/riscv64-zephyr-elf/sys-include/sys/syslimits.h:100:9: note: this is the location of the previous definition
  100 | #define _POSIX2_BC_BASE_MAX     99
      |         ^~~~~~~~~~~~~~~~~~~
/scratch2/agustin/zephyr-chipyard-sw/zephyr_ws/zephyr/include/zephyr/posix/posix_limits.h:61:9: warning: "_POSIX2_BC_DIM_MAX" redefined
   61 | #define _POSIX2_BC_DIM_MAX                  (2048)
      |         ^~~~~~~~~~~~~~~~~~
/scratch2/dima/zephyr-chipyard-sw-fresh/tools-manual/zephyr-sdk-1.0.0-beta1/gnu/riscv64-zephyr-elf/riscv64-zephyr-elf/sys-include/sys/syslimits.h:101:9: note: this is the location of the previous definition
  101 | #define _POSIX2_BC_DIM_MAX      2048
      |         ^~~~~~~~~~~~~~~~~~
/scratch2/agustin/zephyr-chipyard-sw/zephyr_ws/zephyr/include/zephyr/posix/posix_limits.h:62:9: warning: "_POSIX2_BC_SCALE_MAX" redefined
   62 | #define _POSIX2_BC_SCALE_MAX                (99)
      |         ^~~~~~~~~~~~~~~~~~~~
/scratch2/dima/zephyr-chipyard-sw-fresh/tools-manual/zephyr-sdk-1.0.0-beta1/gnu/riscv64-zephyr-elf/riscv64-zephyr-elf/sys-include/sys/syslimits.h:102:9: note: this is the location of the previous definition
  102 | #define _POSIX2_BC_SCALE_MAX    99
      |         ^~~~~~~~~~~~~~~~~~~~
/scratch2/agustin/zephyr-chipyard-sw/zephyr_ws/zephyr/include/zephyr/posix/posix_limits.h:63:9: warning: "_POSIX2_BC_STRING_MAX" redefined
   63 | #define _POSIX2_BC_STRING_MAX               (1000)
      |         ^~~~~~~~~~~~~~~~~~~~~
/scratch2/dima/zephyr-chipyard-sw-fresh/tools-manual/zephyr-sdk-1.0.0-beta1/gnu/riscv64-zephyr-elf/riscv64-zephyr-elf/sys-include/sys/syslimits.h:103:9: note: this is the location of the previous definition
  103 | #define _POSIX2_BC_STRING_MAX   1000
      |         ^~~~~~~~~~~~~~~~~~~~~
/scratch2/agustin/zephyr-chipyard-sw/zephyr_ws/zephyr/include/zephyr/posix/posix_limits.h:64:9: warning: "_POSIX2_CHARCLASS_NAME_MAX" redefined
   64 | #define _POSIX2_CHARCLASS_NAME_MAX          (14)
      |         ^~~~~~~~~~~~~~~~~~~~~~~~~~
/scratch2/dima/zephyr-chipyard-sw-fresh/tools-manual/zephyr-sdk-1.0.0-beta1/gnu/riscv64-zephyr-elf/riscv64-zephyr-elf/sys-include/sys/syslimits.h:104:9: note: this is the location of the previous definition
  104 | #define _POSIX2_CHARCLASS_NAME_MAX      14
      |         ^~~~~~~~~~~~~~~~~~~~~~~~~~
/scratch2/agustin/zephyr-chipyard-sw/zephyr_ws/zephyr/include/zephyr/posix/posix_limits.h:65:9: warning: "_POSIX2_COLL_WEIGHTS_MAX" redefined
   65 | #define _POSIX2_COLL_WEIGHTS_MAX            (2)
      |         ^~~~~~~~~~~~~~~~~~~~~~~~
/scratch2/dima/zephyr-chipyard-sw-fresh/tools-manual/zephyr-sdk-1.0.0-beta1/gnu/riscv64-zephyr-elf/riscv64-zephyr-elf/sys-include/sys/syslimits.h:105:9: note: this is the location of the previous definition
  105 | #define _POSIX2_COLL_WEIGHTS_MAX        2
      |         ^~~~~~~~~~~~~~~~~~~~~~~~
/scratch2/agustin/zephyr-chipyard-sw/zephyr_ws/zephyr/include/zephyr/posix/posix_limits.h:66:9: warning: "_POSIX2_EXPR_NEST_MAX" redefined
   66 | #define _POSIX2_EXPR_NEST_MAX               (32)
      |         ^~~~~~~~~~~~~~~~~~~~~
/scratch2/dima/zephyr-chipyard-sw-fresh/tools-manual/zephyr-sdk-1.0.0-beta1/gnu/riscv64-zephyr-elf/riscv64-zephyr-elf/sys-include/sys/syslimits.h:106:9: note: this is the location of the previous definition
  106 | #define _POSIX2_EXPR_NEST_MAX   32
      |         ^~~~~~~~~~~~~~~~~~~~~
/scratch2/agustin/zephyr-chipyard-sw/zephyr_ws/zephyr/include/zephyr/posix/posix_limits.h:67:9: warning: "_POSIX2_LINE_MAX" redefined
   67 | #define _POSIX2_LINE_MAX                    (2048)
      |         ^~~~~~~~~~~~~~~~
/scratch2/dima/zephyr-chipyard-sw-fresh/tools-manual/zephyr-sdk-1.0.0-beta1/gnu/riscv64-zephyr-elf/riscv64-zephyr-elf/sys-include/sys/syslimits.h:107:9: note: this is the location of the previous definition
  107 | #define _POSIX2_LINE_MAX        2048
      |         ^~~~~~~~~~~~~~~~
/scratch2/agustin/zephyr-chipyard-sw/zephyr_ws/zephyr/include/zephyr/posix/posix_limits.h:83:9: warning: "ARG_MAX" redefined
   83 | #define ARG_MAX                       _POSIX_ARG_MAX
      |         ^~~~~~~
/scratch2/dima/zephyr-chipyard-sw-fresh/tools-manual/zephyr-sdk-1.0.0-beta1/gnu/riscv64-zephyr-elf/riscv64-zephyr-elf/sys-include/sys/syslimits.h:41:9: note: this is the location of the previous definition
   41 | #define ARG_MAX                 65536   /* max bytes for an exec function */
      |         ^~~~~~~
/scratch2/agustin/zephyr-chipyard-sw/zephyr_ws/zephyr/include/zephyr/posix/posix_limits.h:84:9: warning: "ATEXIT_MAX" redefined
   84 | #define ATEXIT_MAX                    (32)
      |         ^~~~~~~~~~
/scratch2/dima/zephyr-chipyard-sw-fresh/tools-manual/zephyr-sdk-1.0.0-beta1/gnu/riscv64-zephyr-elf/riscv64-zephyr-elf/sys-include/sys/syslimits.h:42:9: note: this is the location of the previous definition
   42 | #define ATEXIT_MAX                 32   /* max atexit functions */
      |         ^~~~~~~~~~
/scratch2/agustin/zephyr-chipyard-sw/zephyr_ws/zephyr/include/zephyr/posix/posix_limits.h:93:9: warning: "OPEN_MAX" redefined
   93 | #define OPEN_MAX                      CONFIG_POSIX_OPEN_MAX
      |         ^~~~~~~~
/scratch2/dima/zephyr-chipyard-sw-fresh/tools-manual/zephyr-sdk-1.0.0-beta1/gnu/riscv64-zephyr-elf/riscv64-zephyr-elf/sys-include/sys/syslimits.h:45:9: note: this is the location of the previous definition
   45 | #define OPEN_MAX                   64   /* max open files per process */
      |         ^~~~~~~~
/scratch2/agustin/zephyr-chipyard-sw/zephyr_ws/zephyr/include/zephyr/posix/posix_limits.h:96:9: warning: "PATH_MAX" redefined
   96 | #define PATH_MAX                      _POSIX_PATH_MAX
      |         ^~~~~~~~
/scratch2/dima/zephyr-chipyard-sw-fresh/tools-manual/zephyr-sdk-1.0.0-beta1/gnu/riscv64-zephyr-elf/riscv64-zephyr-elf/sys-include/sys/syslimits.h:53:9: note: this is the location of the previous definition
   53 | #define PATH_MAX                 1024   /* max bytes in pathname */
      |         ^~~~~~~~
/scratch2/agustin/zephyr-chipyard-sw/zephyr_ws/zephyr/include/zephyr/posix/posix_limits.h:114:9: warning: "TZNAME_MAX" redefined
  114 | #define TZNAME_MAX                    _POSIX_TZNAME_MAX
      |         ^~~~~~~~~~
/scratch2/dima/zephyr-chipyard-sw-fresh/tools-manual/zephyr-sdk-1.0.0-beta1/gnu/riscv64-zephyr-elf/riscv64-zephyr-elf/sys-include/sys/syslimits.h:46:9: note: this is the location of the previous definition
   46 | #define TZNAME_MAX                 10   /* max time zone name length */
      |         ^~~~~~~~~~
[141/216] Linking C static library zephyr/lib/posix/c_lib_ext/liblib__posix__c_lib_ext.a
[142/216] Building C object zephyr/lib/posix/options/CMakeFiles/lib__posix__options.dir/fsync.c.obj
In file included from /scratch2/agustin/zephyr-chipyard-sw/zephyr_ws/zephyr/include/zephyr/posix/sys/sysconf.h:11,
                 from /scratch2/agustin/zephyr-chipyard-sw/zephyr_ws/zephyr/include/zephyr/posix/unistd.h:18,
                 from /scratch2/agustin/zephyr-chipyard-sw/zephyr_ws/zephyr/lib/posix/options/fsync.c:7:
/scratch2/agustin/zephyr-chipyard-sw/zephyr_ws/zephyr/include/zephyr/posix/posix_limits.h:23:9: warning: "_POSIX_AIO_LISTIO_MAX" redefined
   23 | #define _POSIX_AIO_LISTIO_MAX               (2)
      |         ^~~~~~~~~~~~~~~~~~~~~
In file included from /scratch2/dima/zephyr-chipyard-sw-fresh/tools-manual/zephyr-sdk-1.0.0-beta1/gnu/riscv64-zephyr-elf/riscv64-zephyr-elf/sys-include/limits.h:6,
                 from /scratch2/dima/zephyr-chipyard-sw-fresh/tools-manual/zephyr-sdk-1.0.0-beta1/gnu/riscv64-zephyr-elf/lib/gcc/riscv64-zephyr-elf/14.3.0/include/limits.h:210,
                 from /scratch2/dima/zephyr-chipyard-sw-fresh/tools-manual/zephyr-sdk-1.0.0-beta1/gnu/riscv64-zephyr-elf/lib/gcc/riscv64-zephyr-elf/14.3.0/include/syslimits.h:7,
                 from /scratch2/dima/zephyr-chipyard-sw-fresh/tools-manual/zephyr-sdk-1.0.0-beta1/gnu/riscv64-zephyr-elf/lib/gcc/riscv64-zephyr-elf/14.3.0/include/limits.h:34,
                 from /scratch2/agustin/zephyr-chipyard-sw/zephyr_ws/zephyr/include/zephyr/kernel_includes.h:22,
                 from /scratch2/agustin/zephyr-chipyard-sw/zephyr_ws/zephyr/include/zephyr/kernel.h:17,
                 from /scratch2/agustin/zephyr-chipyard-sw/zephyr_ws/zephyr/include/zephyr/posix/posix_types.h:30,
                 from /scratch2/agustin/zephyr-chipyard-sw/zephyr_ws/zephyr/include/zephyr/posix/unistd.h:11:
/scratch2/dima/zephyr-chipyard-sw-fresh/tools-manual/zephyr-sdk-1.0.0-beta1/gnu/riscv64-zephyr-elf/riscv64-zephyr-elf/sys-include/sys/syslimits.h:63:9: note: this is the location of the previous definition
   63 | #define _POSIX_AIO_LISTIO_MAX   2
      |         ^~~~~~~~~~~~~~~~~~~~~
/scratch2/agustin/zephyr-chipyard-sw/zephyr_ws/zephyr/include/zephyr/posix/posix_limits.h:24:9: warning: "_POSIX_AIO_MAX" redefined
   24 | #define _POSIX_AIO_MAX                      (1)
      |         ^~~~~~~~~~~~~~
/scratch2/dima/zephyr-chipyard-sw-fresh/tools-manual/zephyr-sdk-1.0.0-beta1/gnu/riscv64-zephyr-elf/riscv64-zephyr-elf/sys-include/sys/syslimits.h:64:9: note: this is the location of the previous definition
   64 | #define _POSIX_AIO_MAX          1
      |         ^~~~~~~~~~~~~~
/scratch2/agustin/zephyr-chipyard-sw/zephyr_ws/zephyr/include/zephyr/posix/posix_limits.h:25:9: warning: "_POSIX_ARG_MAX" redefined
   25 | #define _POSIX_ARG_MAX                      (4096)
      |         ^~~~~~~~~~~~~~
/scratch2/dima/zephyr-chipyard-sw-fresh/tools-manual/zephyr-sdk-1.0.0-beta1/gnu/riscv64-zephyr-elf/riscv64-zephyr-elf/sys-include/sys/syslimits.h:65:9: note: this is the location of the previous definition
   65 | #define _POSIX_ARG_MAX          4096
      |         ^~~~~~~~~~~~~~
/scratch2/agustin/zephyr-chipyard-sw/zephyr_ws/zephyr/include/zephyr/posix/posix_limits.h:26:9: warning: "_POSIX_CHILD_MAX" redefined
   26 | #define _POSIX_CHILD_MAX                    (25)
      |         ^~~~~~~~~~~~~~~~
/scratch2/dima/zephyr-chipyard-sw-fresh/tools-manual/zephyr-sdk-1.0.0-beta1/gnu/riscv64-zephyr-elf/riscv64-zephyr-elf/sys-include/sys/syslimits.h:66:9: note: this is the location of the previous definition
   66 | #define _POSIX_CHILD_MAX        6
      |         ^~~~~~~~~~~~~~~~
/scratch2/agustin/zephyr-chipyard-sw/zephyr_ws/zephyr/include/zephyr/posix/posix_limits.h:27:9: warning: "_POSIX_DELAYTIMER_MAX" redefined
   27 | #define _POSIX_DELAYTIMER_MAX               (32)
      |         ^~~~~~~~~~~~~~~~~~~~~
/scratch2/dima/zephyr-chipyard-sw-fresh/tools-manual/zephyr-sdk-1.0.0-beta1/gnu/riscv64-zephyr-elf/riscv64-zephyr-elf/sys-include/sys/syslimits.h:67:9: note: this is the location of the previous definition
   67 | #define _POSIX_DELAYTIMER_MAX   32
      |         ^~~~~~~~~~~~~~~~~~~~~
/scratch2/agustin/zephyr-chipyard-sw/zephyr_ws/zephyr/include/zephyr/posix/posix_limits.h:28:9: warning: "_POSIX_HOST_NAME_MAX" redefined
   28 | #define _POSIX_HOST_NAME_MAX                (255)
      |         ^~~~~~~~~~~~~~~~~~~~
/scratch2/dima/zephyr-chipyard-sw-fresh/tools-manual/zephyr-sdk-1.0.0-beta1/gnu/riscv64-zephyr-elf/riscv64-zephyr-elf/sys-include/sys/syslimits.h:68:9: note: this is the location of the previous definition
   68 | #define _POSIX_HOST_NAME_MAX    255
      |         ^~~~~~~~~~~~~~~~~~~~
/scratch2/agustin/zephyr-chipyard-sw/zephyr_ws/zephyr/include/zephyr/posix/posix_limits.h:29:9: warning: "_POSIX_LINK_MAX" redefined
   29 | #define _POSIX_LINK_MAX                     (8)
      |         ^~~~~~~~~~~~~~~
/scratch2/dima/zephyr-chipyard-sw-fresh/tools-manual/zephyr-sdk-1.0.0-beta1/gnu/riscv64-zephyr-elf/riscv64-zephyr-elf/sys-include/sys/syslimits.h:69:9: note: this is the location of the previous definition
   69 | #define _POSIX_LINK_MAX         8
      |         ^~~~~~~~~~~~~~~
/scratch2/agustin/zephyr-chipyard-sw/zephyr_ws/zephyr/include/zephyr/posix/posix_limits.h:30:9: warning: "_POSIX_LOGIN_NAME_MAX" redefined
   30 | #define _POSIX_LOGIN_NAME_MAX               (9)
      |         ^~~~~~~~~~~~~~~~~~~~~
/scratch2/dima/zephyr-chipyard-sw-fresh/tools-manual/zephyr-sdk-1.0.0-beta1/gnu/riscv64-zephyr-elf/riscv64-zephyr-elf/sys-include/sys/syslimits.h:70:9: note: this is the location of the previous definition
   70 | #define _POSIX_LOGIN_NAME_MAX   9
      |         ^~~~~~~~~~~~~~~~~~~~~
/scratch2/agustin/zephyr-chipyard-sw/zephyr_ws/zephyr/include/zephyr/posix/posix_limits.h:31:9: warning: "_POSIX_MAX_CANON" redefined
   31 | #define _POSIX_MAX_CANON                    (255)
      |         ^~~~~~~~~~~~~~~~
/scratch2/dima/zephyr-chipyard-sw-fresh/tools-manual/zephyr-sdk-1.0.0-beta1/gnu/riscv64-zephyr-elf/riscv64-zephyr-elf/sys-include/sys/syslimits.h:71:9: note: this is the location of the previous definition
   71 | #define _POSIX_MAX_CANON        255
      |         ^~~~~~~~~~~~~~~~
/scratch2/agustin/zephyr-chipyard-sw/zephyr_ws/zephyr/include/zephyr/posix/posix_limits.h:32:9: warning: "_POSIX_MAX_INPUT" redefined
   32 | #define _POSIX_MAX_INPUT                    (255)
      |         ^~~~~~~~~~~~~~~~
/scratch2/dima/zephyr-chipyard-sw-fresh/tools-manual/zephyr-sdk-1.0.0-beta1/gnu/riscv64-zephyr-elf/riscv64-zephyr-elf/sys-include/sys/syslimits.h:72:9: note: this is the location of the previous definition
   72 | #define _POSIX_MAX_INPUT        255
      |         ^~~~~~~~~~~~~~~~
/scratch2/agustin/zephyr-chipyard-sw/zephyr_ws/zephyr/include/zephyr/posix/posix_limits.h:33:9: warning: "_POSIX_MQ_OPEN_MAX" redefined
   33 | #define _POSIX_MQ_OPEN_MAX                  (8)
      |         ^~~~~~~~~~~~~~~~~~
/scratch2/dima/zephyr-chipyard-sw-fresh/tools-manual/zephyr-sdk-1.0.0-beta1/gnu/riscv64-zephyr-elf/riscv64-zephyr-elf/sys-include/sys/syslimits.h:73:9: note: this is the location of the previous definition
   73 | #define _POSIX_MQ_OPEN_MAX      8
      |         ^~~~~~~~~~~~~~~~~~
/scratch2/agustin/zephyr-chipyard-sw/zephyr_ws/zephyr/include/zephyr/posix/posix_limits.h:34:9: warning: "_POSIX_MQ_PRIO_MAX" redefined
   34 | #define _POSIX_MQ_PRIO_MAX                  (32)
      |         ^~~~~~~~~~~~~~~~~~
/scratch2/dima/zephyr-chipyard-sw-fresh/tools-manual/zephyr-sdk-1.0.0-beta1/gnu/riscv64-zephyr-elf/riscv64-zephyr-elf/sys-include/sys/syslimits.h:74:9: note: this is the location of the previous definition
   74 | #define _POSIX_MQ_PRIO_MAX      32
      |         ^~~~~~~~~~~~~~~~~~
/scratch2/agustin/zephyr-chipyard-sw/zephyr_ws/zephyr/include/zephyr/posix/posix_limits.h:35:9: warning: "_POSIX_NAME_MAX" redefined
   35 | #define _POSIX_NAME_MAX                     (14)
      |         ^~~~~~~~~~~~~~~
/scratch2/dima/zephyr-chipyard-sw-fresh/tools-manual/zephyr-sdk-1.0.0-beta1/gnu/riscv64-zephyr-elf/riscv64-zephyr-elf/sys-include/sys/syslimits.h:75:9: note: this is the location of the previous definition
   75 | #define _POSIX_NAME_MAX         14
      |         ^~~~~~~~~~~~~~~
/scratch2/agustin/zephyr-chipyard-sw/zephyr_ws/zephyr/include/zephyr/posix/posix_limits.h:36:9: warning: "_POSIX_NGROUPS_MAX" redefined
   36 | #define _POSIX_NGROUPS_MAX                  (8)
      |         ^~~~~~~~~~~~~~~~~~
/scratch2/dima/zephyr-chipyard-sw-fresh/tools-manual/zephyr-sdk-1.0.0-beta1/gnu/riscv64-zephyr-elf/riscv64-zephyr-elf/sys-include/sys/syslimits.h:76:9: note: this is the location of the previous definition
   76 | #define _POSIX_NGROUPS_MAX      0
      |         ^~~~~~~~~~~~~~~~~~
/scratch2/agustin/zephyr-chipyard-sw/zephyr_ws/zephyr/include/zephyr/posix/posix_limits.h:37:9: warning: "_POSIX_OPEN_MAX" redefined
   37 | #define _POSIX_OPEN_MAX                     (20)
      |         ^~~~~~~~~~~~~~~
/scratch2/dima/zephyr-chipyard-sw-fresh/tools-manual/zephyr-sdk-1.0.0-beta1/gnu/riscv64-zephyr-elf/riscv64-zephyr-elf/sys-include/sys/syslimits.h:77:9: note: this is the location of the previous definition
   77 | #define _POSIX_OPEN_MAX         16
      |         ^~~~~~~~~~~~~~~
/scratch2/agustin/zephyr-chipyard-sw/zephyr_ws/zephyr/include/zephyr/posix/posix_limits.h:38:9: warning: "_POSIX_PATH_MAX" redefined
   38 | #define _POSIX_PATH_MAX                     (256)
      |         ^~~~~~~~~~~~~~~
/scratch2/dima/zephyr-chipyard-sw-fresh/tools-manual/zephyr-sdk-1.0.0-beta1/gnu/riscv64-zephyr-elf/riscv64-zephyr-elf/sys-include/sys/syslimits.h:78:9: note: this is the location of the previous definition
   78 | #define _POSIX_PATH_MAX         255
      |         ^~~~~~~~~~~~~~~
/scratch2/agustin/zephyr-chipyard-sw/zephyr_ws/zephyr/include/zephyr/posix/posix_limits.h:39:9: warning: "_POSIX_PIPE_BUF" redefined
   39 | #define _POSIX_PIPE_BUF                     (512)
      |         ^~~~~~~~~~~~~~~
/scratch2/dima/zephyr-chipyard-sw-fresh/tools-manual/zephyr-sdk-1.0.0-beta1/gnu/riscv64-zephyr-elf/riscv64-zephyr-elf/sys-include/sys/syslimits.h:79:9: note: this is the location of the previous definition
   79 | #define _POSIX_PIPE_BUF         512
      |         ^~~~~~~~~~~~~~~
/scratch2/agustin/zephyr-chipyard-sw/zephyr_ws/zephyr/include/zephyr/posix/posix_limits.h:40:9: warning: "_POSIX_RE_DUP_MAX" redefined
   40 | #define _POSIX_RE_DUP_MAX                   (255)
      |         ^~~~~~~~~~~~~~~~~
/scratch2/dima/zephyr-chipyard-sw-fresh/tools-manual/zephyr-sdk-1.0.0-beta1/gnu/riscv64-zephyr-elf/riscv64-zephyr-elf/sys-include/sys/syslimits.h:80:9: note: this is the location of the previous definition
   80 | #define _POSIX_RE_DUP_MAX       255
      |         ^~~~~~~~~~~~~~~~~
/scratch2/agustin/zephyr-chipyard-sw/zephyr_ws/zephyr/include/zephyr/posix/posix_limits.h:41:9: warning: "_POSIX_RTSIG_MAX" redefined
   41 | #define _POSIX_RTSIG_MAX                    (8)
      |         ^~~~~~~~~~~~~~~~
/scratch2/dima/zephyr-chipyard-sw-fresh/tools-manual/zephyr-sdk-1.0.0-beta1/gnu/riscv64-zephyr-elf/riscv64-zephyr-elf/sys-include/sys/syslimits.h:81:9: note: this is the location of the previous definition
   81 | #define _POSIX_RTSIG_MAX        8
      |         ^~~~~~~~~~~~~~~~
/scratch2/agustin/zephyr-chipyard-sw/zephyr_ws/zephyr/include/zephyr/posix/posix_limits.h:42:9: warning: "_POSIX_SEM_NSEMS_MAX" redefined
   42 | #define _POSIX_SEM_NSEMS_MAX                (256)
      |         ^~~~~~~~~~~~~~~~~~~~
/scratch2/dima/zephyr-chipyard-sw-fresh/tools-manual/zephyr-sdk-1.0.0-beta1/gnu/riscv64-zephyr-elf/riscv64-zephyr-elf/sys-include/sys/syslimits.h:82:9: note: this is the location of the previous definition
   82 | #define _POSIX_SEM_NSEMS_MAX    256
      |         ^~~~~~~~~~~~~~~~~~~~
/scratch2/agustin/zephyr-chipyard-sw/zephyr_ws/zephyr/include/zephyr/posix/posix_limits.h:43:9: warning: "_POSIX_SEM_VALUE_MAX" redefined
   43 | #define _POSIX_SEM_VALUE_MAX                (32767)
      |         ^~~~~~~~~~~~~~~~~~~~
/scratch2/dima/zephyr-chipyard-sw-fresh/tools-manual/zephyr-sdk-1.0.0-beta1/gnu/riscv64-zephyr-elf/riscv64-zephyr-elf/sys-include/sys/syslimits.h:83:9: note: this is the location of the previous definition
   83 | #define _POSIX_SEM_VALUE_MAX    32767
      |         ^~~~~~~~~~~~~~~~~~~~
/scratch2/agustin/zephyr-chipyard-sw/zephyr_ws/zephyr/include/zephyr/posix/posix_limits.h:44:9: warning: "_POSIX_SIGQUEUE_MAX" redefined
   44 | #define _POSIX_SIGQUEUE_MAX                 (32)
      |         ^~~~~~~~~~~~~~~~~~~
/scratch2/dima/zephyr-chipyard-sw-fresh/tools-manual/zephyr-sdk-1.0.0-beta1/gnu/riscv64-zephyr-elf/riscv64-zephyr-elf/sys-include/sys/syslimits.h:84:9: note: this is the location of the previous definition
   84 | #define _POSIX_SIGQUEUE_MAX     32
      |         ^~~~~~~~~~~~~~~~~~~
/scratch2/agustin/zephyr-chipyard-sw/zephyr_ws/zephyr/include/zephyr/posix/posix_limits.h:45:9: warning: "_POSIX_SSIZE_MAX" redefined
   45 | #define _POSIX_SSIZE_MAX                    (32767)
      |         ^~~~~~~~~~~~~~~~
/scratch2/dima/zephyr-chipyard-sw-fresh/tools-manual/zephyr-sdk-1.0.0-beta1/gnu/riscv64-zephyr-elf/riscv64-zephyr-elf/sys-include/sys/syslimits.h:85:9: note: this is the location of the previous definition
   85 | #define _POSIX_SSIZE_MAX        32767
      |         ^~~~~~~~~~~~~~~~
/scratch2/agustin/zephyr-chipyard-sw/zephyr_ws/zephyr/include/zephyr/posix/posix_limits.h:46:9: warning: "_POSIX_SS_REPL_MAX" redefined
   46 | #define _POSIX_SS_REPL_MAX                  (4)
      |         ^~~~~~~~~~~~~~~~~~
/scratch2/dima/zephyr-chipyard-sw-fresh/tools-manual/zephyr-sdk-1.0.0-beta1/gnu/riscv64-zephyr-elf/riscv64-zephyr-elf/sys-include/sys/syslimits.h:86:9: note: this is the location of the previous definition
   86 | #define _POSIX_SS_REPL_MAX      4
      |         ^~~~~~~~~~~~~~~~~~
/scratch2/agustin/zephyr-chipyard-sw/zephyr_ws/zephyr/include/zephyr/posix/posix_limits.h:47:9: warning: "_POSIX_STREAM_MAX" redefined
   47 | #define _POSIX_STREAM_MAX                   (8)
      |         ^~~~~~~~~~~~~~~~~
/scratch2/dima/zephyr-chipyard-sw-fresh/tools-manual/zephyr-sdk-1.0.0-beta1/gnu/riscv64-zephyr-elf/riscv64-zephyr-elf/sys-include/sys/syslimits.h:87:9: note: this is the location of the previous definition
   87 | #define _POSIX_STREAM_MAX       8
      |         ^~~~~~~~~~~~~~~~~
/scratch2/agustin/zephyr-chipyard-sw/zephyr_ws/zephyr/include/zephyr/posix/posix_limits.h:48:9: warning: "_POSIX_SYMLINK_MAX" redefined
   48 | #define _POSIX_SYMLINK_MAX                  (255)
      |         ^~~~~~~~~~~~~~~~~~
/scratch2/dima/zephyr-chipyard-sw-fresh/tools-manual/zephyr-sdk-1.0.0-beta1/gnu/riscv64-zephyr-elf/riscv64-zephyr-elf/sys-include/sys/syslimits.h:88:9: note: this is the location of the previous definition
   88 | #define _POSIX_SYMLINK_MAX      255
      |         ^~~~~~~~~~~~~~~~~~
/scratch2/agustin/zephyr-chipyard-sw/zephyr_ws/zephyr/include/zephyr/posix/posix_limits.h:49:9: warning: "_POSIX_SYMLOOP_MAX" redefined
   49 | #define _POSIX_SYMLOOP_MAX                  (8)
      |         ^~~~~~~~~~~~~~~~~~
/scratch2/dima/zephyr-chipyard-sw-fresh/tools-manual/zephyr-sdk-1.0.0-beta1/gnu/riscv64-zephyr-elf/riscv64-zephyr-elf/sys-include/sys/syslimits.h:89:9: note: this is the location of the previous definition
   89 | #define _POSIX_SYMLOOP_MAX      8
      |         ^~~~~~~~~~~~~~~~~~
/scratch2/agustin/zephyr-chipyard-sw/zephyr_ws/zephyr/include/zephyr/posix/posix_limits.h:50:9: warning: "_POSIX_THREAD_DESTRUCTOR_ITERATIONS" redefined
   50 | #define _POSIX_THREAD_DESTRUCTOR_ITERATIONS (4)
      |         ^~~~~~~~~~~~~~~~~~~~~~~~~~~~~~~~~~~
/scratch2/dima/zephyr-chipyard-sw-fresh/tools-manual/zephyr-sdk-1.0.0-beta1/gnu/riscv64-zephyr-elf/riscv64-zephyr-elf/sys-include/sys/syslimits.h:90:9: note: this is the location of the previous definition
   90 | #define _POSIX_THREAD_DESTRUCTOR_ITERATIONS     4
      |         ^~~~~~~~~~~~~~~~~~~~~~~~~~~~~~~~~~~
/scratch2/agustin/zephyr-chipyard-sw/zephyr_ws/zephyr/include/zephyr/posix/posix_limits.h:51:9: warning: "_POSIX_THREAD_KEYS_MAX" redefined
   51 | #define _POSIX_THREAD_KEYS_MAX              (128)
      |         ^~~~~~~~~~~~~~~~~~~~~~
/scratch2/dima/zephyr-chipyard-sw-fresh/tools-manual/zephyr-sdk-1.0.0-beta1/gnu/riscv64-zephyr-elf/riscv64-zephyr-elf/sys-include/sys/syslimits.h:91:9: note: this is the location of the previous definition
   91 | #define _POSIX_THREAD_KEYS_MAX  128
      |         ^~~~~~~~~~~~~~~~~~~~~~
/scratch2/agustin/zephyr-chipyard-sw/zephyr_ws/zephyr/include/zephyr/posix/posix_limits.h:52:9: warning: "_POSIX_THREAD_THREADS_MAX" redefined
   52 | #define _POSIX_THREAD_THREADS_MAX           (64)
      |         ^~~~~~~~~~~~~~~~~~~~~~~~~
/scratch2/dima/zephyr-chipyard-sw-fresh/tools-manual/zephyr-sdk-1.0.0-beta1/gnu/riscv64-zephyr-elf/riscv64-zephyr-elf/sys-include/sys/syslimits.h:92:9: note: this is the location of the previous definition
   92 | #define _POSIX_THREAD_THREADS_MAX       64
      |         ^~~~~~~~~~~~~~~~~~~~~~~~~
/scratch2/agustin/zephyr-chipyard-sw/zephyr_ws/zephyr/include/zephyr/posix/posix_limits.h:53:9: warning: "_POSIX_TIMER_MAX" redefined
   53 | #define _POSIX_TIMER_MAX                    (32)
      |         ^~~~~~~~~~~~~~~~
/scratch2/dima/zephyr-chipyard-sw-fresh/tools-manual/zephyr-sdk-1.0.0-beta1/gnu/riscv64-zephyr-elf/riscv64-zephyr-elf/sys-include/sys/syslimits.h:93:9: note: this is the location of the previous definition
   93 | #define _POSIX_TIMER_MAX        32
      |         ^~~~~~~~~~~~~~~~
/scratch2/agustin/zephyr-chipyard-sw/zephyr_ws/zephyr/include/zephyr/posix/posix_limits.h:54:9: warning: "_POSIX_TRACE_EVENT_NAME_MAX" redefined
   54 | #define _POSIX_TRACE_EVENT_NAME_MAX         (30)
      |         ^~~~~~~~~~~~~~~~~~~~~~~~~~~
/scratch2/dima/zephyr-chipyard-sw-fresh/tools-manual/zephyr-sdk-1.0.0-beta1/gnu/riscv64-zephyr-elf/riscv64-zephyr-elf/sys-include/sys/syslimits.h:94:9: note: this is the location of the previous definition
   94 | #define _POSIX_TRACE_EVENT_NAME_MAX     30
      |         ^~~~~~~~~~~~~~~~~~~~~~~~~~~
/scratch2/agustin/zephyr-chipyard-sw/zephyr_ws/zephyr/include/zephyr/posix/posix_limits.h:55:9: warning: "_POSIX_TRACE_NAME_MAX" redefined
   55 | #define _POSIX_TRACE_NAME_MAX               (8)
      |         ^~~~~~~~~~~~~~~~~~~~~
/scratch2/dima/zephyr-chipyard-sw-fresh/tools-manual/zephyr-sdk-1.0.0-beta1/gnu/riscv64-zephyr-elf/riscv64-zephyr-elf/sys-include/sys/syslimits.h:95:9: note: this is the location of the previous definition
   95 | #define _POSIX_TRACE_NAME_MAX   8
      |         ^~~~~~~~~~~~~~~~~~~~~
/scratch2/agustin/zephyr-chipyard-sw/zephyr_ws/zephyr/include/zephyr/posix/posix_limits.h:56:9: warning: "_POSIX_TRACE_SYS_MAX" redefined
   56 | #define _POSIX_TRACE_SYS_MAX                (8)
      |         ^~~~~~~~~~~~~~~~~~~~
/scratch2/dima/zephyr-chipyard-sw-fresh/tools-manual/zephyr-sdk-1.0.0-beta1/gnu/riscv64-zephyr-elf/riscv64-zephyr-elf/sys-include/sys/syslimits.h:96:9: note: this is the location of the previous definition
   96 | #define _POSIX_TRACE_SYS_MAX    8
      |         ^~~~~~~~~~~~~~~~~~~~
/scratch2/agustin/zephyr-chipyard-sw/zephyr_ws/zephyr/include/zephyr/posix/posix_limits.h:57:9: warning: "_POSIX_TRACE_USER_EVENT_MAX" redefined
   57 | #define _POSIX_TRACE_USER_EVENT_MAX         (32)
      |         ^~~~~~~~~~~~~~~~~~~~~~~~~~~
/scratch2/dima/zephyr-chipyard-sw-fresh/tools-manual/zephyr-sdk-1.0.0-beta1/gnu/riscv64-zephyr-elf/riscv64-zephyr-elf/sys-include/sys/syslimits.h:97:9: note: this is the location of the previous definition
   97 | #define _POSIX_TRACE_USER_EVENT_MAX     32
      |         ^~~~~~~~~~~~~~~~~~~~~~~~~~~
/scratch2/agustin/zephyr-chipyard-sw/zephyr_ws/zephyr/include/zephyr/posix/posix_limits.h:58:9: warning: "_POSIX_TTY_NAME_MAX" redefined
   58 | #define _POSIX_TTY_NAME_MAX                 (9)
      |         ^~~~~~~~~~~~~~~~~~~
/scratch2/dima/zephyr-chipyard-sw-fresh/tools-manual/zephyr-sdk-1.0.0-beta1/gnu/riscv64-zephyr-elf/riscv64-zephyr-elf/sys-include/sys/syslimits.h:98:9: note: this is the location of the previous definition
   98 | #define _POSIX_TTY_NAME_MAX     9
      |         ^~~~~~~~~~~~~~~~~~~
/scratch2/agustin/zephyr-chipyard-sw/zephyr_ws/zephyr/include/zephyr/posix/posix_limits.h:59:9: warning: "_POSIX_TZNAME_MAX" redefined
   59 | #define _POSIX_TZNAME_MAX                   (6)
      |         ^~~~~~~~~~~~~~~~~
/scratch2/dima/zephyr-chipyard-sw-fresh/tools-manual/zephyr-sdk-1.0.0-beta1/gnu/riscv64-zephyr-elf/riscv64-zephyr-elf/sys-include/sys/syslimits.h:99:9: note: this is the location of the previous definition
   99 | #define _POSIX_TZNAME_MAX       3
      |         ^~~~~~~~~~~~~~~~~
/scratch2/agustin/zephyr-chipyard-sw/zephyr_ws/zephyr/include/zephyr/posix/posix_limits.h:60:9: warning: "_POSIX2_BC_BASE_MAX" redefined
   60 | #define _POSIX2_BC_BASE_MAX                 (99)
      |         ^~~~~~~~~~~~~~~~~~~
/scratch2/dima/zephyr-chipyard-sw-fresh/tools-manual/zephyr-sdk-1.0.0-beta1/gnu/riscv64-zephyr-elf/riscv64-zephyr-elf/sys-include/sys/syslimits.h:100:9: note: this is the location of the previous definition
  100 | #define _POSIX2_BC_BASE_MAX     99
      |         ^~~~~~~~~~~~~~~~~~~
/scratch2/agustin/zephyr-chipyard-sw/zephyr_ws/zephyr/include/zephyr/posix/posix_limits.h:61:9: warning: "_POSIX2_BC_DIM_MAX" redefined
   61 | #define _POSIX2_BC_DIM_MAX                  (2048)
      |         ^~~~~~~~~~~~~~~~~~
/scratch2/dima/zephyr-chipyard-sw-fresh/tools-manual/zephyr-sdk-1.0.0-beta1/gnu/riscv64-zephyr-elf/riscv64-zephyr-elf/sys-include/sys/syslimits.h:101:9: note: this is the location of the previous definition
  101 | #define _POSIX2_BC_DIM_MAX      2048
      |         ^~~~~~~~~~~~~~~~~~
/scratch2/agustin/zephyr-chipyard-sw/zephyr_ws/zephyr/include/zephyr/posix/posix_limits.h:62:9: warning: "_POSIX2_BC_SCALE_MAX" redefined
   62 | #define _POSIX2_BC_SCALE_MAX                (99)
      |         ^~~~~~~~~~~~~~~~~~~~
/scratch2/dima/zephyr-chipyard-sw-fresh/tools-manual/zephyr-sdk-1.0.0-beta1/gnu/riscv64-zephyr-elf/riscv64-zephyr-elf/sys-include/sys/syslimits.h:102:9: note: this is the location of the previous definition
  102 | #define _POSIX2_BC_SCALE_MAX    99
      |         ^~~~~~~~~~~~~~~~~~~~
/scratch2/agustin/zephyr-chipyard-sw/zephyr_ws/zephyr/include/zephyr/posix/posix_limits.h:63:9: warning: "_POSIX2_BC_STRING_MAX" redefined
   63 | #define _POSIX2_BC_STRING_MAX               (1000)
      |         ^~~~~~~~~~~~~~~~~~~~~
/scratch2/dima/zephyr-chipyard-sw-fresh/tools-manual/zephyr-sdk-1.0.0-beta1/gnu/riscv64-zephyr-elf/riscv64-zephyr-elf/sys-include/sys/syslimits.h:103:9: note: this is the location of the previous definition
  103 | #define _POSIX2_BC_STRING_MAX   1000
      |         ^~~~~~~~~~~~~~~~~~~~~
/scratch2/agustin/zephyr-chipyard-sw/zephyr_ws/zephyr/include/zephyr/posix/posix_limits.h:64:9: warning: "_POSIX2_CHARCLASS_NAME_MAX" redefined
   64 | #define _POSIX2_CHARCLASS_NAME_MAX          (14)
      |         ^~~~~~~~~~~~~~~~~~~~~~~~~~
/scratch2/dima/zephyr-chipyard-sw-fresh/tools-manual/zephyr-sdk-1.0.0-beta1/gnu/riscv64-zephyr-elf/riscv64-zephyr-elf/sys-include/sys/syslimits.h:104:9: note: this is the location of the previous definition
  104 | #define _POSIX2_CHARCLASS_NAME_MAX      14
      |         ^~~~~~~~~~~~~~~~~~~~~~~~~~
/scratch2/agustin/zephyr-chipyard-sw/zephyr_ws/zephyr/include/zephyr/posix/posix_limits.h:65:9: warning: "_POSIX2_COLL_WEIGHTS_MAX" redefined
   65 | #define _POSIX2_COLL_WEIGHTS_MAX            (2)
      |         ^~~~~~~~~~~~~~~~~~~~~~~~
/scratch2/dima/zephyr-chipyard-sw-fresh/tools-manual/zephyr-sdk-1.0.0-beta1/gnu/riscv64-zephyr-elf/riscv64-zephyr-elf/sys-include/sys/syslimits.h:105:9: note: this is the location of the previous definition
  105 | #define _POSIX2_COLL_WEIGHTS_MAX        2
      |         ^~~~~~~~~~~~~~~~~~~~~~~~
/scratch2/agustin/zephyr-chipyard-sw/zephyr_ws/zephyr/include/zephyr/posix/posix_limits.h:66:9: warning: "_POSIX2_EXPR_NEST_MAX" redefined
   66 | #define _POSIX2_EXPR_NEST_MAX               (32)
      |         ^~~~~~~~~~~~~~~~~~~~~
/scratch2/dima/zephyr-chipyard-sw-fresh/tools-manual/zephyr-sdk-1.0.0-beta1/gnu/riscv64-zephyr-elf/riscv64-zephyr-elf/sys-include/sys/syslimits.h:106:9: note: this is the location of the previous definition
  106 | #define _POSIX2_EXPR_NEST_MAX   32
      |         ^~~~~~~~~~~~~~~~~~~~~
/scratch2/agustin/zephyr-chipyard-sw/zephyr_ws/zephyr/include/zephyr/posix/posix_limits.h:67:9: warning: "_POSIX2_LINE_MAX" redefined
   67 | #define _POSIX2_LINE_MAX                    (2048)
      |         ^~~~~~~~~~~~~~~~
/scratch2/dima/zephyr-chipyard-sw-fresh/tools-manual/zephyr-sdk-1.0.0-beta1/gnu/riscv64-zephyr-elf/riscv64-zephyr-elf/sys-include/sys/syslimits.h:107:9: note: this is the location of the previous definition
  107 | #define _POSIX2_LINE_MAX        2048
      |         ^~~~~~~~~~~~~~~~
/scratch2/agustin/zephyr-chipyard-sw/zephyr_ws/zephyr/include/zephyr/posix/posix_limits.h:83:9: warning: "ARG_MAX" redefined
   83 | #define ARG_MAX                       _POSIX_ARG_MAX
      |         ^~~~~~~
/scratch2/dima/zephyr-chipyard-sw-fresh/tools-manual/zephyr-sdk-1.0.0-beta1/gnu/riscv64-zephyr-elf/riscv64-zephyr-elf/sys-include/sys/syslimits.h:41:9: note: this is the location of the previous definition
   41 | #define ARG_MAX                 65536   /* max bytes for an exec function */
      |         ^~~~~~~
/scratch2/agustin/zephyr-chipyard-sw/zephyr_ws/zephyr/include/zephyr/posix/posix_limits.h:84:9: warning: "ATEXIT_MAX" redefined
   84 | #define ATEXIT_MAX                    (32)
      |         ^~~~~~~~~~
/scratch2/dima/zephyr-chipyard-sw-fresh/tools-manual/zephyr-sdk-1.0.0-beta1/gnu/riscv64-zephyr-elf/riscv64-zephyr-elf/sys-include/sys/syslimits.h:42:9: note: this is the location of the previous definition
   42 | #define ATEXIT_MAX                 32   /* max atexit functions */
      |         ^~~~~~~~~~
/scratch2/agustin/zephyr-chipyard-sw/zephyr_ws/zephyr/include/zephyr/posix/posix_limits.h:93:9: warning: "OPEN_MAX" redefined
   93 | #define OPEN_MAX                      CONFIG_POSIX_OPEN_MAX
      |         ^~~~~~~~
/scratch2/dima/zephyr-chipyard-sw-fresh/tools-manual/zephyr-sdk-1.0.0-beta1/gnu/riscv64-zephyr-elf/riscv64-zephyr-elf/sys-include/sys/syslimits.h:45:9: note: this is the location of the previous definition
   45 | #define OPEN_MAX                   64   /* max open files per process */
      |         ^~~~~~~~
/scratch2/agustin/zephyr-chipyard-sw/zephyr_ws/zephyr/include/zephyr/posix/posix_limits.h:96:9: warning: "PATH_MAX" redefined
   96 | #define PATH_MAX                      _POSIX_PATH_MAX
      |         ^~~~~~~~
/scratch2/dima/zephyr-chipyard-sw-fresh/tools-manual/zephyr-sdk-1.0.0-beta1/gnu/riscv64-zephyr-elf/riscv64-zephyr-elf/sys-include/sys/syslimits.h:53:9: note: this is the location of the previous definition
   53 | #define PATH_MAX                 1024   /* max bytes in pathname */
      |         ^~~~~~~~
/scratch2/agustin/zephyr-chipyard-sw/zephyr_ws/zephyr/include/zephyr/posix/posix_limits.h:114:9: warning: "TZNAME_MAX" redefined
  114 | #define TZNAME_MAX                    _POSIX_TZNAME_MAX
      |         ^~~~~~~~~~
/scratch2/dima/zephyr-chipyard-sw-fresh/tools-manual/zephyr-sdk-1.0.0-beta1/gnu/riscv64-zephyr-elf/riscv64-zephyr-elf/sys-include/sys/syslimits.h:46:9: note: this is the location of the previous definition
   46 | #define TZNAME_MAX                 10   /* max time zone name length */
      |         ^~~~~~~~~~
[143/216] Building C object zephyr/lib/os/zvfs/CMakeFiles/lib__os__zvfs.dir/zvfs_eventfd.c.obj
In file included from /scratch2/agustin/zephyr-chipyard-sw/zephyr_ws/zephyr/include/zephyr/posix/sys/sysconf.h:11,
                 from /scratch2/agustin/zephyr-chipyard-sw/zephyr_ws/zephyr/include/zephyr/posix/unistd.h:18,
                 from /scratch2/agustin/zephyr-chipyard-sw/zephyr_ws/zephyr/include/zephyr/net/socket.h:1289,
                 from /scratch2/agustin/zephyr-chipyard-sw/zephyr_ws/zephyr/lib/os/zvfs/zvfs_eventfd.c:10:
/scratch2/agustin/zephyr-chipyard-sw/zephyr_ws/zephyr/include/zephyr/posix/posix_limits.h:23:9: warning: "_POSIX_AIO_LISTIO_MAX" redefined
   23 | #define _POSIX_AIO_LISTIO_MAX               (2)
      |         ^~~~~~~~~~~~~~~~~~~~~
In file included from /scratch2/dima/zephyr-chipyard-sw-fresh/tools-manual/zephyr-sdk-1.0.0-beta1/gnu/riscv64-zephyr-elf/riscv64-zephyr-elf/sys-include/limits.h:6,
                 from /scratch2/dima/zephyr-chipyard-sw-fresh/tools-manual/zephyr-sdk-1.0.0-beta1/gnu/riscv64-zephyr-elf/lib/gcc/riscv64-zephyr-elf/14.3.0/include/limits.h:210,
                 from /scratch2/dima/zephyr-chipyard-sw-fresh/tools-manual/zephyr-sdk-1.0.0-beta1/gnu/riscv64-zephyr-elf/lib/gcc/riscv64-zephyr-elf/14.3.0/include/syslimits.h:7,
                 from /scratch2/dima/zephyr-chipyard-sw-fresh/tools-manual/zephyr-sdk-1.0.0-beta1/gnu/riscv64-zephyr-elf/lib/gcc/riscv64-zephyr-elf/14.3.0/include/limits.h:34,
                 from /scratch2/agustin/zephyr-chipyard-sw/zephyr_ws/zephyr/include/zephyr/kernel_includes.h:22,
                 from /scratch2/agustin/zephyr-chipyard-sw/zephyr_ws/zephyr/include/zephyr/kernel.h:17,
                 from /scratch2/agustin/zephyr-chipyard-sw/zephyr_ws/zephyr/lib/os/zvfs/zvfs_eventfd.c:9:
/scratch2/dima/zephyr-chipyard-sw-fresh/tools-manual/zephyr-sdk-1.0.0-beta1/gnu/riscv64-zephyr-elf/riscv64-zephyr-elf/sys-include/sys/syslimits.h:63:9: note: this is the location of the previous definition
   63 | #define _POSIX_AIO_LISTIO_MAX   2
      |         ^~~~~~~~~~~~~~~~~~~~~
/scratch2/agustin/zephyr-chipyard-sw/zephyr_ws/zephyr/include/zephyr/posix/posix_limits.h:24:9: warning: "_POSIX_AIO_MAX" redefined
   24 | #define _POSIX_AIO_MAX                      (1)
      |         ^~~~~~~~~~~~~~
/scratch2/dima/zephyr-chipyard-sw-fresh/tools-manual/zephyr-sdk-1.0.0-beta1/gnu/riscv64-zephyr-elf/riscv64-zephyr-elf/sys-include/sys/syslimits.h:64:9: note: this is the location of the previous definition
   64 | #define _POSIX_AIO_MAX          1
      |         ^~~~~~~~~~~~~~
/scratch2/agustin/zephyr-chipyard-sw/zephyr_ws/zephyr/include/zephyr/posix/posix_limits.h:25:9: warning: "_POSIX_ARG_MAX" redefined
   25 | #define _POSIX_ARG_MAX                      (4096)
      |         ^~~~~~~~~~~~~~
/scratch2/dima/zephyr-chipyard-sw-fresh/tools-manual/zephyr-sdk-1.0.0-beta1/gnu/riscv64-zephyr-elf/riscv64-zephyr-elf/sys-include/sys/syslimits.h:65:9: note: this is the location of the previous definition
   65 | #define _POSIX_ARG_MAX          4096
      |         ^~~~~~~~~~~~~~
/scratch2/agustin/zephyr-chipyard-sw/zephyr_ws/zephyr/include/zephyr/posix/posix_limits.h:26:9: warning: "_POSIX_CHILD_MAX" redefined
   26 | #define _POSIX_CHILD_MAX                    (25)
      |         ^~~~~~~~~~~~~~~~
/scratch2/dima/zephyr-chipyard-sw-fresh/tools-manual/zephyr-sdk-1.0.0-beta1/gnu/riscv64-zephyr-elf/riscv64-zephyr-elf/sys-include/sys/syslimits.h:66:9: note: this is the location of the previous definition
   66 | #define _POSIX_CHILD_MAX        6
      |         ^~~~~~~~~~~~~~~~
/scratch2/agustin/zephyr-chipyard-sw/zephyr_ws/zephyr/include/zephyr/posix/posix_limits.h:27:9: warning: "_POSIX_DELAYTIMER_MAX" redefined
   27 | #define _POSIX_DELAYTIMER_MAX               (32)
      |         ^~~~~~~~~~~~~~~~~~~~~
/scratch2/dima/zephyr-chipyard-sw-fresh/tools-manual/zephyr-sdk-1.0.0-beta1/gnu/riscv64-zephyr-elf/riscv64-zephyr-elf/sys-include/sys/syslimits.h:67:9: note: this is the location of the previous definition
   67 | #define _POSIX_DELAYTIMER_MAX   32
      |         ^~~~~~~~~~~~~~~~~~~~~
/scratch2/agustin/zephyr-chipyard-sw/zephyr_ws/zephyr/include/zephyr/posix/posix_limits.h:28:9: warning: "_POSIX_HOST_NAME_MAX" redefined
   28 | #define _POSIX_HOST_NAME_MAX                (255)
      |         ^~~~~~~~~~~~~~~~~~~~
/scratch2/dima/zephyr-chipyard-sw-fresh/tools-manual/zephyr-sdk-1.0.0-beta1/gnu/riscv64-zephyr-elf/riscv64-zephyr-elf/sys-include/sys/syslimits.h:68:9: note: this is the location of the previous definition
   68 | #define _POSIX_HOST_NAME_MAX    255
      |         ^~~~~~~~~~~~~~~~~~~~
/scratch2/agustin/zephyr-chipyard-sw/zephyr_ws/zephyr/include/zephyr/posix/posix_limits.h:29:9: warning: "_POSIX_LINK_MAX" redefined
   29 | #define _POSIX_LINK_MAX                     (8)
      |         ^~~~~~~~~~~~~~~
/scratch2/dima/zephyr-chipyard-sw-fresh/tools-manual/zephyr-sdk-1.0.0-beta1/gnu/riscv64-zephyr-elf/riscv64-zephyr-elf/sys-include/sys/syslimits.h:69:9: note: this is the location of the previous definition
   69 | #define _POSIX_LINK_MAX         8
      |         ^~~~~~~~~~~~~~~
/scratch2/agustin/zephyr-chipyard-sw/zephyr_ws/zephyr/include/zephyr/posix/posix_limits.h:30:9: warning: "_POSIX_LOGIN_NAME_MAX" redefined
   30 | #define _POSIX_LOGIN_NAME_MAX               (9)
      |         ^~~~~~~~~~~~~~~~~~~~~
/scratch2/dima/zephyr-chipyard-sw-fresh/tools-manual/zephyr-sdk-1.0.0-beta1/gnu/riscv64-zephyr-elf/riscv64-zephyr-elf/sys-include/sys/syslimits.h:70:9: note: this is the location of the previous definition
   70 | #define _POSIX_LOGIN_NAME_MAX   9
      |         ^~~~~~~~~~~~~~~~~~~~~
/scratch2/agustin/zephyr-chipyard-sw/zephyr_ws/zephyr/include/zephyr/posix/posix_limits.h:31:9: warning: "_POSIX_MAX_CANON" redefined
   31 | #define _POSIX_MAX_CANON                    (255)
      |         ^~~~~~~~~~~~~~~~
/scratch2/dima/zephyr-chipyard-sw-fresh/tools-manual/zephyr-sdk-1.0.0-beta1/gnu/riscv64-zephyr-elf/riscv64-zephyr-elf/sys-include/sys/syslimits.h:71:9: note: this is the location of the previous definition
   71 | #define _POSIX_MAX_CANON        255
      |         ^~~~~~~~~~~~~~~~
/scratch2/agustin/zephyr-chipyard-sw/zephyr_ws/zephyr/include/zephyr/posix/posix_limits.h:32:9: warning: "_POSIX_MAX_INPUT" redefined
   32 | #define _POSIX_MAX_INPUT                    (255)
      |         ^~~~~~~~~~~~~~~~
/scratch2/dima/zephyr-chipyard-sw-fresh/tools-manual/zephyr-sdk-1.0.0-beta1/gnu/riscv64-zephyr-elf/riscv64-zephyr-elf/sys-include/sys/syslimits.h:72:9: note: this is the location of the previous definition
   72 | #define _POSIX_MAX_INPUT        255
      |         ^~~~~~~~~~~~~~~~
/scratch2/agustin/zephyr-chipyard-sw/zephyr_ws/zephyr/include/zephyr/posix/posix_limits.h:33:9: warning: "_POSIX_MQ_OPEN_MAX" redefined
   33 | #define _POSIX_MQ_OPEN_MAX                  (8)
      |         ^~~~~~~~~~~~~~~~~~
/scratch2/dima/zephyr-chipyard-sw-fresh/tools-manual/zephyr-sdk-1.0.0-beta1/gnu/riscv64-zephyr-elf/riscv64-zephyr-elf/sys-include/sys/syslimits.h:73:9: note: this is the location of the previous definition
   73 | #define _POSIX_MQ_OPEN_MAX      8
      |         ^~~~~~~~~~~~~~~~~~
/scratch2/agustin/zephyr-chipyard-sw/zephyr_ws/zephyr/include/zephyr/posix/posix_limits.h:34:9: warning: "_POSIX_MQ_PRIO_MAX" redefined
   34 | #define _POSIX_MQ_PRIO_MAX                  (32)
      |         ^~~~~~~~~~~~~~~~~~
/scratch2/dima/zephyr-chipyard-sw-fresh/tools-manual/zephyr-sdk-1.0.0-beta1/gnu/riscv64-zephyr-elf/riscv64-zephyr-elf/sys-include/sys/syslimits.h:74:9: note: this is the location of the previous definition
   74 | #define _POSIX_MQ_PRIO_MAX      32
      |         ^~~~~~~~~~~~~~~~~~
/scratch2/agustin/zephyr-chipyard-sw/zephyr_ws/zephyr/include/zephyr/posix/posix_limits.h:35:9: warning: "_POSIX_NAME_MAX" redefined
   35 | #define _POSIX_NAME_MAX                     (14)
      |         ^~~~~~~~~~~~~~~
/scratch2/dima/zephyr-chipyard-sw-fresh/tools-manual/zephyr-sdk-1.0.0-beta1/gnu/riscv64-zephyr-elf/riscv64-zephyr-elf/sys-include/sys/syslimits.h:75:9: note: this is the location of the previous definition
   75 | #define _POSIX_NAME_MAX         14
      |         ^~~~~~~~~~~~~~~
/scratch2/agustin/zephyr-chipyard-sw/zephyr_ws/zephyr/include/zephyr/posix/posix_limits.h:36:9: warning: "_POSIX_NGROUPS_MAX" redefined
   36 | #define _POSIX_NGROUPS_MAX                  (8)
      |         ^~~~~~~~~~~~~~~~~~
/scratch2/dima/zephyr-chipyard-sw-fresh/tools-manual/zephyr-sdk-1.0.0-beta1/gnu/riscv64-zephyr-elf/riscv64-zephyr-elf/sys-include/sys/syslimits.h:76:9: note: this is the location of the previous definition
   76 | #define _POSIX_NGROUPS_MAX      0
      |         ^~~~~~~~~~~~~~~~~~
/scratch2/agustin/zephyr-chipyard-sw/zephyr_ws/zephyr/include/zephyr/posix/posix_limits.h:37:9: warning: "_POSIX_OPEN_MAX" redefined
   37 | #define _POSIX_OPEN_MAX                     (20)
      |         ^~~~~~~~~~~~~~~
/scratch2/dima/zephyr-chipyard-sw-fresh/tools-manual/zephyr-sdk-1.0.0-beta1/gnu/riscv64-zephyr-elf/riscv64-zephyr-elf/sys-include/sys/syslimits.h:77:9: note: this is the location of the previous definition
   77 | #define _POSIX_OPEN_MAX         16
      |         ^~~~~~~~~~~~~~~
/scratch2/agustin/zephyr-chipyard-sw/zephyr_ws/zephyr/include/zephyr/posix/posix_limits.h:38:9: warning: "_POSIX_PATH_MAX" redefined
   38 | #define _POSIX_PATH_MAX                     (256)
      |         ^~~~~~~~~~~~~~~
/scratch2/dima/zephyr-chipyard-sw-fresh/tools-manual/zephyr-sdk-1.0.0-beta1/gnu/riscv64-zephyr-elf/riscv64-zephyr-elf/sys-include/sys/syslimits.h:78:9: note: this is the location of the previous definition
   78 | #define _POSIX_PATH_MAX         255
      |         ^~~~~~~~~~~~~~~
/scratch2/agustin/zephyr-chipyard-sw/zephyr_ws/zephyr/include/zephyr/posix/posix_limits.h:39:9: warning: "_POSIX_PIPE_BUF" redefined
   39 | #define _POSIX_PIPE_BUF                     (512)
      |         ^~~~~~~~~~~~~~~
/scratch2/dima/zephyr-chipyard-sw-fresh/tools-manual/zephyr-sdk-1.0.0-beta1/gnu/riscv64-zephyr-elf/riscv64-zephyr-elf/sys-include/sys/syslimits.h:79:9: note: this is the location of the previous definition
   79 | #define _POSIX_PIPE_BUF         512
      |         ^~~~~~~~~~~~~~~
/scratch2/agustin/zephyr-chipyard-sw/zephyr_ws/zephyr/include/zephyr/posix/posix_limits.h:40:9: warning: "_POSIX_RE_DUP_MAX" redefined
   40 | #define _POSIX_RE_DUP_MAX                   (255)
      |         ^~~~~~~~~~~~~~~~~
/scratch2/dima/zephyr-chipyard-sw-fresh/tools-manual/zephyr-sdk-1.0.0-beta1/gnu/riscv64-zephyr-elf/riscv64-zephyr-elf/sys-include/sys/syslimits.h:80:9: note: this is the location of the previous definition
   80 | #define _POSIX_RE_DUP_MAX       255
      |         ^~~~~~~~~~~~~~~~~
/scratch2/agustin/zephyr-chipyard-sw/zephyr_ws/zephyr/include/zephyr/posix/posix_limits.h:41:9: warning: "_POSIX_RTSIG_MAX" redefined
   41 | #define _POSIX_RTSIG_MAX                    (8)
      |         ^~~~~~~~~~~~~~~~
/scratch2/dima/zephyr-chipyard-sw-fresh/tools-manual/zephyr-sdk-1.0.0-beta1/gnu/riscv64-zephyr-elf/riscv64-zephyr-elf/sys-include/sys/syslimits.h:81:9: note: this is the location of the previous definition
   81 | #define _POSIX_RTSIG_MAX        8
      |         ^~~~~~~~~~~~~~~~
/scratch2/agustin/zephyr-chipyard-sw/zephyr_ws/zephyr/include/zephyr/posix/posix_limits.h:42:9: warning: "_POSIX_SEM_NSEMS_MAX" redefined
   42 | #define _POSIX_SEM_NSEMS_MAX                (256)
      |         ^~~~~~~~~~~~~~~~~~~~
/scratch2/dima/zephyr-chipyard-sw-fresh/tools-manual/zephyr-sdk-1.0.0-beta1/gnu/riscv64-zephyr-elf/riscv64-zephyr-elf/sys-include/sys/syslimits.h:82:9: note: this is the location of the previous definition
   82 | #define _POSIX_SEM_NSEMS_MAX    256
      |         ^~~~~~~~~~~~~~~~~~~~
/scratch2/agustin/zephyr-chipyard-sw/zephyr_ws/zephyr/include/zephyr/posix/posix_limits.h:43:9: warning: "_POSIX_SEM_VALUE_MAX" redefined
   43 | #define _POSIX_SEM_VALUE_MAX                (32767)
      |         ^~~~~~~~~~~~~~~~~~~~
/scratch2/dima/zephyr-chipyard-sw-fresh/tools-manual/zephyr-sdk-1.0.0-beta1/gnu/riscv64-zephyr-elf/riscv64-zephyr-elf/sys-include/sys/syslimits.h:83:9: note: this is the location of the previous definition
   83 | #define _POSIX_SEM_VALUE_MAX    32767
      |         ^~~~~~~~~~~~~~~~~~~~
/scratch2/agustin/zephyr-chipyard-sw/zephyr_ws/zephyr/include/zephyr/posix/posix_limits.h:44:9: warning: "_POSIX_SIGQUEUE_MAX" redefined
   44 | #define _POSIX_SIGQUEUE_MAX                 (32)
      |         ^~~~~~~~~~~~~~~~~~~
/scratch2/dima/zephyr-chipyard-sw-fresh/tools-manual/zephyr-sdk-1.0.0-beta1/gnu/riscv64-zephyr-elf/riscv64-zephyr-elf/sys-include/sys/syslimits.h:84:9: note: this is the location of the previous definition
   84 | #define _POSIX_SIGQUEUE_MAX     32
      |         ^~~~~~~~~~~~~~~~~~~
/scratch2/agustin/zephyr-chipyard-sw/zephyr_ws/zephyr/include/zephyr/posix/posix_limits.h:45:9: warning: "_POSIX_SSIZE_MAX" redefined
   45 | #define _POSIX_SSIZE_MAX                    (32767)
      |         ^~~~~~~~~~~~~~~~
/scratch2/dima/zephyr-chipyard-sw-fresh/tools-manual/zephyr-sdk-1.0.0-beta1/gnu/riscv64-zephyr-elf/riscv64-zephyr-elf/sys-include/sys/syslimits.h:85:9: note: this is the location of the previous definition
   85 | #define _POSIX_SSIZE_MAX        32767
      |         ^~~~~~~~~~~~~~~~
/scratch2/agustin/zephyr-chipyard-sw/zephyr_ws/zephyr/include/zephyr/posix/posix_limits.h:46:9: warning: "_POSIX_SS_REPL_MAX" redefined
   46 | #define _POSIX_SS_REPL_MAX                  (4)
      |         ^~~~~~~~~~~~~~~~~~
/scratch2/dima/zephyr-chipyard-sw-fresh/tools-manual/zephyr-sdk-1.0.0-beta1/gnu/riscv64-zephyr-elf/riscv64-zephyr-elf/sys-include/sys/syslimits.h:86:9: note: this is the location of the previous definition
   86 | #define _POSIX_SS_REPL_MAX      4
      |         ^~~~~~~~~~~~~~~~~~
/scratch2/agustin/zephyr-chipyard-sw/zephyr_ws/zephyr/include/zephyr/posix/posix_limits.h:47:9: warning: "_POSIX_STREAM_MAX" redefined
   47 | #define _POSIX_STREAM_MAX                   (8)
      |         ^~~~~~~~~~~~~~~~~
/scratch2/dima/zephyr-chipyard-sw-fresh/tools-manual/zephyr-sdk-1.0.0-beta1/gnu/riscv64-zephyr-elf/riscv64-zephyr-elf/sys-include/sys/syslimits.h:87:9: note: this is the location of the previous definition
   87 | #define _POSIX_STREAM_MAX       8
      |         ^~~~~~~~~~~~~~~~~
/scratch2/agustin/zephyr-chipyard-sw/zephyr_ws/zephyr/include/zephyr/posix/posix_limits.h:48:9: warning: "_POSIX_SYMLINK_MAX" redefined
   48 | #define _POSIX_SYMLINK_MAX                  (255)
      |         ^~~~~~~~~~~~~~~~~~
/scratch2/dima/zephyr-chipyard-sw-fresh/tools-manual/zephyr-sdk-1.0.0-beta1/gnu/riscv64-zephyr-elf/riscv64-zephyr-elf/sys-include/sys/syslimits.h:88:9: note: this is the location of the previous definition
   88 | #define _POSIX_SYMLINK_MAX      255
      |         ^~~~~~~~~~~~~~~~~~
/scratch2/agustin/zephyr-chipyard-sw/zephyr_ws/zephyr/include/zephyr/posix/posix_limits.h:49:9: warning: "_POSIX_SYMLOOP_MAX" redefined
   49 | #define _POSIX_SYMLOOP_MAX                  (8)
      |         ^~~~~~~~~~~~~~~~~~
/scratch2/dima/zephyr-chipyard-sw-fresh/tools-manual/zephyr-sdk-1.0.0-beta1/gnu/riscv64-zephyr-elf/riscv64-zephyr-elf/sys-include/sys/syslimits.h:89:9: note: this is the location of the previous definition
   89 | #define _POSIX_SYMLOOP_MAX      8
      |         ^~~~~~~~~~~~~~~~~~
/scratch2/agustin/zephyr-chipyard-sw/zephyr_ws/zephyr/include/zephyr/posix/posix_limits.h:50:9: warning: "_POSIX_THREAD_DESTRUCTOR_ITERATIONS" redefined
   50 | #define _POSIX_THREAD_DESTRUCTOR_ITERATIONS (4)
      |         ^~~~~~~~~~~~~~~~~~~~~~~~~~~~~~~~~~~
/scratch2/dima/zephyr-chipyard-sw-fresh/tools-manual/zephyr-sdk-1.0.0-beta1/gnu/riscv64-zephyr-elf/riscv64-zephyr-elf/sys-include/sys/syslimits.h:90:9: note: this is the location of the previous definition
   90 | #define _POSIX_THREAD_DESTRUCTOR_ITERATIONS     4
      |         ^~~~~~~~~~~~~~~~~~~~~~~~~~~~~~~~~~~
/scratch2/agustin/zephyr-chipyard-sw/zephyr_ws/zephyr/include/zephyr/posix/posix_limits.h:51:9: warning: "_POSIX_THREAD_KEYS_MAX" redefined
   51 | #define _POSIX_THREAD_KEYS_MAX              (128)
      |         ^~~~~~~~~~~~~~~~~~~~~~
/scratch2/dima/zephyr-chipyard-sw-fresh/tools-manual/zephyr-sdk-1.0.0-beta1/gnu/riscv64-zephyr-elf/riscv64-zephyr-elf/sys-include/sys/syslimits.h:91:9: note: this is the location of the previous definition
   91 | #define _POSIX_THREAD_KEYS_MAX  128
      |         ^~~~~~~~~~~~~~~~~~~~~~
/scratch2/agustin/zephyr-chipyard-sw/zephyr_ws/zephyr/include/zephyr/posix/posix_limits.h:52:9: warning: "_POSIX_THREAD_THREADS_MAX" redefined
   52 | #define _POSIX_THREAD_THREADS_MAX           (64)
      |         ^~~~~~~~~~~~~~~~~~~~~~~~~
/scratch2/dima/zephyr-chipyard-sw-fresh/tools-manual/zephyr-sdk-1.0.0-beta1/gnu/riscv64-zephyr-elf/riscv64-zephyr-elf/sys-include/sys/syslimits.h:92:9: note: this is the location of the previous definition
   92 | #define _POSIX_THREAD_THREADS_MAX       64
      |         ^~~~~~~~~~~~~~~~~~~~~~~~~
/scratch2/agustin/zephyr-chipyard-sw/zephyr_ws/zephyr/include/zephyr/posix/posix_limits.h:53:9: warning: "_POSIX_TIMER_MAX" redefined
   53 | #define _POSIX_TIMER_MAX                    (32)
      |         ^~~~~~~~~~~~~~~~
/scratch2/dima/zephyr-chipyard-sw-fresh/tools-manual/zephyr-sdk-1.0.0-beta1/gnu/riscv64-zephyr-elf/riscv64-zephyr-elf/sys-include/sys/syslimits.h:93:9: note: this is the location of the previous definition
   93 | #define _POSIX_TIMER_MAX        32
      |         ^~~~~~~~~~~~~~~~
/scratch2/agustin/zephyr-chipyard-sw/zephyr_ws/zephyr/include/zephyr/posix/posix_limits.h:54:9: warning: "_POSIX_TRACE_EVENT_NAME_MAX" redefined
   54 | #define _POSIX_TRACE_EVENT_NAME_MAX         (30)
      |         ^~~~~~~~~~~~~~~~~~~~~~~~~~~
/scratch2/dima/zephyr-chipyard-sw-fresh/tools-manual/zephyr-sdk-1.0.0-beta1/gnu/riscv64-zephyr-elf/riscv64-zephyr-elf/sys-include/sys/syslimits.h:94:9: note: this is the location of the previous definition
   94 | #define _POSIX_TRACE_EVENT_NAME_MAX     30
      |         ^~~~~~~~~~~~~~~~~~~~~~~~~~~
/scratch2/agustin/zephyr-chipyard-sw/zephyr_ws/zephyr/include/zephyr/posix/posix_limits.h:55:9: warning: "_POSIX_TRACE_NAME_MAX" redefined
   55 | #define _POSIX_TRACE_NAME_MAX               (8)
      |         ^~~~~~~~~~~~~~~~~~~~~
/scratch2/dima/zephyr-chipyard-sw-fresh/tools-manual/zephyr-sdk-1.0.0-beta1/gnu/riscv64-zephyr-elf/riscv64-zephyr-elf/sys-include/sys/syslimits.h:95:9: note: this is the location of the previous definition
   95 | #define _POSIX_TRACE_NAME_MAX   8
      |         ^~~~~~~~~~~~~~~~~~~~~
/scratch2/agustin/zephyr-chipyard-sw/zephyr_ws/zephyr/include/zephyr/posix/posix_limits.h:56:9: warning: "_POSIX_TRACE_SYS_MAX" redefined
   56 | #define _POSIX_TRACE_SYS_MAX                (8)
      |         ^~~~~~~~~~~~~~~~~~~~
/scratch2/dima/zephyr-chipyard-sw-fresh/tools-manual/zephyr-sdk-1.0.0-beta1/gnu/riscv64-zephyr-elf/riscv64-zephyr-elf/sys-include/sys/syslimits.h:96:9: note: this is the location of the previous definition
   96 | #define _POSIX_TRACE_SYS_MAX    8
      |         ^~~~~~~~~~~~~~~~~~~~
/scratch2/agustin/zephyr-chipyard-sw/zephyr_ws/zephyr/include/zephyr/posix/posix_limits.h:57:9: warning: "_POSIX_TRACE_USER_EVENT_MAX" redefined
   57 | #define _POSIX_TRACE_USER_EVENT_MAX         (32)
      |         ^~~~~~~~~~~~~~~~~~~~~~~~~~~
/scratch2/dima/zephyr-chipyard-sw-fresh/tools-manual/zephyr-sdk-1.0.0-beta1/gnu/riscv64-zephyr-elf/riscv64-zephyr-elf/sys-include/sys/syslimits.h:97:9: note: this is the location of the previous definition
   97 | #define _POSIX_TRACE_USER_EVENT_MAX     32
      |         ^~~~~~~~~~~~~~~~~~~~~~~~~~~
/scratch2/agustin/zephyr-chipyard-sw/zephyr_ws/zephyr/include/zephyr/posix/posix_limits.h:58:9: warning: "_POSIX_TTY_NAME_MAX" redefined
   58 | #define _POSIX_TTY_NAME_MAX                 (9)
      |         ^~~~~~~~~~~~~~~~~~~
/scratch2/dima/zephyr-chipyard-sw-fresh/tools-manual/zephyr-sdk-1.0.0-beta1/gnu/riscv64-zephyr-elf/riscv64-zephyr-elf/sys-include/sys/syslimits.h:98:9: note: this is the location of the previous definition
   98 | #define _POSIX_TTY_NAME_MAX     9
      |         ^~~~~~~~~~~~~~~~~~~
/scratch2/agustin/zephyr-chipyard-sw/zephyr_ws/zephyr/include/zephyr/posix/posix_limits.h:59:9: warning: "_POSIX_TZNAME_MAX" redefined
   59 | #define _POSIX_TZNAME_MAX                   (6)
      |         ^~~~~~~~~~~~~~~~~
/scratch2/dima/zephyr-chipyard-sw-fresh/tools-manual/zephyr-sdk-1.0.0-beta1/gnu/riscv64-zephyr-elf/riscv64-zephyr-elf/sys-include/sys/syslimits.h:99:9: note: this is the location of the previous definition
   99 | #define _POSIX_TZNAME_MAX       3
      |         ^~~~~~~~~~~~~~~~~
/scratch2/agustin/zephyr-chipyard-sw/zephyr_ws/zephyr/include/zephyr/posix/posix_limits.h:60:9: warning: "_POSIX2_BC_BASE_MAX" redefined
   60 | #define _POSIX2_BC_BASE_MAX                 (99)
      |         ^~~~~~~~~~~~~~~~~~~
/scratch2/dima/zephyr-chipyard-sw-fresh/tools-manual/zephyr-sdk-1.0.0-beta1/gnu/riscv64-zephyr-elf/riscv64-zephyr-elf/sys-include/sys/syslimits.h:100:9: note: this is the location of the previous definition
  100 | #define _POSIX2_BC_BASE_MAX     99
      |         ^~~~~~~~~~~~~~~~~~~
/scratch2/agustin/zephyr-chipyard-sw/zephyr_ws/zephyr/include/zephyr/posix/posix_limits.h:61:9: warning: "_POSIX2_BC_DIM_MAX" redefined
   61 | #define _POSIX2_BC_DIM_MAX                  (2048)
      |         ^~~~~~~~~~~~~~~~~~
/scratch2/dima/zephyr-chipyard-sw-fresh/tools-manual/zephyr-sdk-1.0.0-beta1/gnu/riscv64-zephyr-elf/riscv64-zephyr-elf/sys-include/sys/syslimits.h:101:9: note: this is the location of the previous definition
  101 | #define _POSIX2_BC_DIM_MAX      2048
      |         ^~~~~~~~~~~~~~~~~~
/scratch2/agustin/zephyr-chipyard-sw/zephyr_ws/zephyr/include/zephyr/posix/posix_limits.h:62:9: warning: "_POSIX2_BC_SCALE_MAX" redefined
   62 | #define _POSIX2_BC_SCALE_MAX                (99)
      |         ^~~~~~~~~~~~~~~~~~~~
/scratch2/dima/zephyr-chipyard-sw-fresh/tools-manual/zephyr-sdk-1.0.0-beta1/gnu/riscv64-zephyr-elf/riscv64-zephyr-elf/sys-include/sys/syslimits.h:102:9: note: this is the location of the previous definition
  102 | #define _POSIX2_BC_SCALE_MAX    99
      |         ^~~~~~~~~~~~~~~~~~~~
/scratch2/agustin/zephyr-chipyard-sw/zephyr_ws/zephyr/include/zephyr/posix/posix_limits.h:63:9: warning: "_POSIX2_BC_STRING_MAX" redefined
   63 | #define _POSIX2_BC_STRING_MAX               (1000)
      |         ^~~~~~~~~~~~~~~~~~~~~
/scratch2/dima/zephyr-chipyard-sw-fresh/tools-manual/zephyr-sdk-1.0.0-beta1/gnu/riscv64-zephyr-elf/riscv64-zephyr-elf/sys-include/sys/syslimits.h:103:9: note: this is the location of the previous definition
  103 | #define _POSIX2_BC_STRING_MAX   1000
      |         ^~~~~~~~~~~~~~~~~~~~~
/scratch2/agustin/zephyr-chipyard-sw/zephyr_ws/zephyr/include/zephyr/posix/posix_limits.h:64:9: warning: "_POSIX2_CHARCLASS_NAME_MAX" redefined
   64 | #define _POSIX2_CHARCLASS_NAME_MAX          (14)
      |         ^~~~~~~~~~~~~~~~~~~~~~~~~~
/scratch2/dima/zephyr-chipyard-sw-fresh/tools-manual/zephyr-sdk-1.0.0-beta1/gnu/riscv64-zephyr-elf/riscv64-zephyr-elf/sys-include/sys/syslimits.h:104:9: note: this is the location of the previous definition
  104 | #define _POSIX2_CHARCLASS_NAME_MAX      14
      |         ^~~~~~~~~~~~~~~~~~~~~~~~~~
/scratch2/agustin/zephyr-chipyard-sw/zephyr_ws/zephyr/include/zephyr/posix/posix_limits.h:65:9: warning: "_POSIX2_COLL_WEIGHTS_MAX" redefined
   65 | #define _POSIX2_COLL_WEIGHTS_MAX            (2)
      |         ^~~~~~~~~~~~~~~~~~~~~~~~
/scratch2/dima/zephyr-chipyard-sw-fresh/tools-manual/zephyr-sdk-1.0.0-beta1/gnu/riscv64-zephyr-elf/riscv64-zephyr-elf/sys-include/sys/syslimits.h:105:9: note: this is the location of the previous definition
  105 | #define _POSIX2_COLL_WEIGHTS_MAX        2
      |         ^~~~~~~~~~~~~~~~~~~~~~~~
/scratch2/agustin/zephyr-chipyard-sw/zephyr_ws/zephyr/include/zephyr/posix/posix_limits.h:66:9: warning: "_POSIX2_EXPR_NEST_MAX" redefined
   66 | #define _POSIX2_EXPR_NEST_MAX               (32)
      |         ^~~~~~~~~~~~~~~~~~~~~
/scratch2/dima/zephyr-chipyard-sw-fresh/tools-manual/zephyr-sdk-1.0.0-beta1/gnu/riscv64-zephyr-elf/riscv64-zephyr-elf/sys-include/sys/syslimits.h:106:9: note: this is the location of the previous definition
  106 | #define _POSIX2_EXPR_NEST_MAX   32
      |         ^~~~~~~~~~~~~~~~~~~~~
/scratch2/agustin/zephyr-chipyard-sw/zephyr_ws/zephyr/include/zephyr/posix/posix_limits.h:67:9: warning: "_POSIX2_LINE_MAX" redefined
   67 | #define _POSIX2_LINE_MAX                    (2048)
      |         ^~~~~~~~~~~~~~~~
/scratch2/dima/zephyr-chipyard-sw-fresh/tools-manual/zephyr-sdk-1.0.0-beta1/gnu/riscv64-zephyr-elf/riscv64-zephyr-elf/sys-include/sys/syslimits.h:107:9: note: this is the location of the previous definition
  107 | #define _POSIX2_LINE_MAX        2048
      |         ^~~~~~~~~~~~~~~~
/scratch2/agustin/zephyr-chipyard-sw/zephyr_ws/zephyr/include/zephyr/posix/posix_limits.h:83:9: warning: "ARG_MAX" redefined
   83 | #define ARG_MAX                       _POSIX_ARG_MAX
      |         ^~~~~~~
/scratch2/dima/zephyr-chipyard-sw-fresh/tools-manual/zephyr-sdk-1.0.0-beta1/gnu/riscv64-zephyr-elf/riscv64-zephyr-elf/sys-include/sys/syslimits.h:41:9: note: this is the location of the previous definition
   41 | #define ARG_MAX                 65536   /* max bytes for an exec function */
      |         ^~~~~~~
/scratch2/agustin/zephyr-chipyard-sw/zephyr_ws/zephyr/include/zephyr/posix/posix_limits.h:84:9: warning: "ATEXIT_MAX" redefined
   84 | #define ATEXIT_MAX                    (32)
      |         ^~~~~~~~~~
/scratch2/dima/zephyr-chipyard-sw-fresh/tools-manual/zephyr-sdk-1.0.0-beta1/gnu/riscv64-zephyr-elf/riscv64-zephyr-elf/sys-include/sys/syslimits.h:42:9: note: this is the location of the previous definition
   42 | #define ATEXIT_MAX                 32   /* max atexit functions */
      |         ^~~~~~~~~~
/scratch2/agustin/zephyr-chipyard-sw/zephyr_ws/zephyr/include/zephyr/posix/posix_limits.h:93:9: warning: "OPEN_MAX" redefined
   93 | #define OPEN_MAX                      CONFIG_POSIX_OPEN_MAX
      |         ^~~~~~~~
/scratch2/dima/zephyr-chipyard-sw-fresh/tools-manual/zephyr-sdk-1.0.0-beta1/gnu/riscv64-zephyr-elf/riscv64-zephyr-elf/sys-include/sys/syslimits.h:45:9: note: this is the location of the previous definition
   45 | #define OPEN_MAX                   64   /* max open files per process */
      |         ^~~~~~~~
/scratch2/agustin/zephyr-chipyard-sw/zephyr_ws/zephyr/include/zephyr/posix/posix_limits.h:96:9: warning: "PATH_MAX" redefined
   96 | #define PATH_MAX                      _POSIX_PATH_MAX
      |         ^~~~~~~~
/scratch2/dima/zephyr-chipyard-sw-fresh/tools-manual/zephyr-sdk-1.0.0-beta1/gnu/riscv64-zephyr-elf/riscv64-zephyr-elf/sys-include/sys/syslimits.h:53:9: note: this is the location of the previous definition
   53 | #define PATH_MAX                 1024   /* max bytes in pathname */
      |         ^~~~~~~~
/scratch2/agustin/zephyr-chipyard-sw/zephyr_ws/zephyr/include/zephyr/posix/posix_limits.h:114:9: warning: "TZNAME_MAX" redefined
  114 | #define TZNAME_MAX                    _POSIX_TZNAME_MAX
      |         ^~~~~~~~~~
/scratch2/dima/zephyr-chipyard-sw-fresh/tools-manual/zephyr-sdk-1.0.0-beta1/gnu/riscv64-zephyr-elf/riscv64-zephyr-elf/sys-include/sys/syslimits.h:46:9: note: this is the location of the previous definition
   46 | #define TZNAME_MAX                 10   /* max time zone name length */
      |         ^~~~~~~~~~
[144/216] Building C object zephyr/lib/posix/options/CMakeFiles/lib__posix__options.dir/xsi_single_process.c.obj
[145/216] Building C object zephyr/lib/posix/options/CMakeFiles/lib__posix__options.dir/fs.c.obj
In file included from /scratch2/agustin/zephyr-chipyard-sw/zephyr_ws/zephyr/include/zephyr/posix/sys/sysconf.h:11,
                 from /scratch2/agustin/zephyr-chipyard-sw/zephyr_ws/zephyr/include/zephyr/posix/unistd.h:18,
                 from /scratch2/agustin/zephyr-chipyard-sw/zephyr_ws/zephyr/lib/posix/options/fs.c:15:
/scratch2/agustin/zephyr-chipyard-sw/zephyr_ws/zephyr/include/zephyr/posix/posix_limits.h:23:9: warning: "_POSIX_AIO_LISTIO_MAX" redefined
   23 | #define _POSIX_AIO_LISTIO_MAX               (2)
      |         ^~~~~~~~~~~~~~~~~~~~~
In file included from /scratch2/dima/zephyr-chipyard-sw-fresh/tools-manual/zephyr-sdk-1.0.0-beta1/gnu/riscv64-zephyr-elf/riscv64-zephyr-elf/sys-include/limits.h:6,
                 from /scratch2/dima/zephyr-chipyard-sw-fresh/tools-manual/zephyr-sdk-1.0.0-beta1/gnu/riscv64-zephyr-elf/lib/gcc/riscv64-zephyr-elf/14.3.0/include/limits.h:210,
                 from /scratch2/dima/zephyr-chipyard-sw-fresh/tools-manual/zephyr-sdk-1.0.0-beta1/gnu/riscv64-zephyr-elf/lib/gcc/riscv64-zephyr-elf/14.3.0/include/syslimits.h:7,
                 from /scratch2/dima/zephyr-chipyard-sw-fresh/tools-manual/zephyr-sdk-1.0.0-beta1/gnu/riscv64-zephyr-elf/lib/gcc/riscv64-zephyr-elf/14.3.0/include/limits.h:34,
                 from /scratch2/agustin/zephyr-chipyard-sw/zephyr_ws/zephyr/include/zephyr/kernel_includes.h:22,
                 from /scratch2/agustin/zephyr-chipyard-sw/zephyr_ws/zephyr/include/zephyr/kernel.h:17,
                 from /scratch2/agustin/zephyr-chipyard-sw/zephyr_ws/zephyr/lib/posix/options/fs.c:13:
/scratch2/dima/zephyr-chipyard-sw-fresh/tools-manual/zephyr-sdk-1.0.0-beta1/gnu/riscv64-zephyr-elf/riscv64-zephyr-elf/sys-include/sys/syslimits.h:63:9: note: this is the location of the previous definition
   63 | #define _POSIX_AIO_LISTIO_MAX   2
      |         ^~~~~~~~~~~~~~~~~~~~~
/scratch2/agustin/zephyr-chipyard-sw/zephyr_ws/zephyr/include/zephyr/posix/posix_limits.h:24:9: warning: "_POSIX_AIO_MAX" redefined
   24 | #define _POSIX_AIO_MAX                      (1)
      |         ^~~~~~~~~~~~~~
/scratch2/dima/zephyr-chipyard-sw-fresh/tools-manual/zephyr-sdk-1.0.0-beta1/gnu/riscv64-zephyr-elf/riscv64-zephyr-elf/sys-include/sys/syslimits.h:64:9: note: this is the location of the previous definition
   64 | #define _POSIX_AIO_MAX          1
      |         ^~~~~~~~~~~~~~
/scratch2/agustin/zephyr-chipyard-sw/zephyr_ws/zephyr/include/zephyr/posix/posix_limits.h:25:9: warning: "_POSIX_ARG_MAX" redefined
   25 | #define _POSIX_ARG_MAX                      (4096)
      |         ^~~~~~~~~~~~~~
/scratch2/dima/zephyr-chipyard-sw-fresh/tools-manual/zephyr-sdk-1.0.0-beta1/gnu/riscv64-zephyr-elf/riscv64-zephyr-elf/sys-include/sys/syslimits.h:65:9: note: this is the location of the previous definition
   65 | #define _POSIX_ARG_MAX          4096
      |         ^~~~~~~~~~~~~~
/scratch2/agustin/zephyr-chipyard-sw/zephyr_ws/zephyr/include/zephyr/posix/posix_limits.h:26:9: warning: "_POSIX_CHILD_MAX" redefined
   26 | #define _POSIX_CHILD_MAX                    (25)
      |         ^~~~~~~~~~~~~~~~
/scratch2/dima/zephyr-chipyard-sw-fresh/tools-manual/zephyr-sdk-1.0.0-beta1/gnu/riscv64-zephyr-elf/riscv64-zephyr-elf/sys-include/sys/syslimits.h:66:9: note: this is the location of the previous definition
   66 | #define _POSIX_CHILD_MAX        6
      |         ^~~~~~~~~~~~~~~~
/scratch2/agustin/zephyr-chipyard-sw/zephyr_ws/zephyr/include/zephyr/posix/posix_limits.h:27:9: warning: "_POSIX_DELAYTIMER_MAX" redefined
   27 | #define _POSIX_DELAYTIMER_MAX               (32)
      |         ^~~~~~~~~~~~~~~~~~~~~
/scratch2/dima/zephyr-chipyard-sw-fresh/tools-manual/zephyr-sdk-1.0.0-beta1/gnu/riscv64-zephyr-elf/riscv64-zephyr-elf/sys-include/sys/syslimits.h:67:9: note: this is the location of the previous definition
   67 | #define _POSIX_DELAYTIMER_MAX   32
      |         ^~~~~~~~~~~~~~~~~~~~~
/scratch2/agustin/zephyr-chipyard-sw/zephyr_ws/zephyr/include/zephyr/posix/posix_limits.h:28:9: warning: "_POSIX_HOST_NAME_MAX" redefined
   28 | #define _POSIX_HOST_NAME_MAX                (255)
      |         ^~~~~~~~~~~~~~~~~~~~
/scratch2/dima/zephyr-chipyard-sw-fresh/tools-manual/zephyr-sdk-1.0.0-beta1/gnu/riscv64-zephyr-elf/riscv64-zephyr-elf/sys-include/sys/syslimits.h:68:9: note: this is the location of the previous definition
   68 | #define _POSIX_HOST_NAME_MAX    255
      |         ^~~~~~~~~~~~~~~~~~~~
/scratch2/agustin/zephyr-chipyard-sw/zephyr_ws/zephyr/include/zephyr/posix/posix_limits.h:29:9: warning: "_POSIX_LINK_MAX" redefined
   29 | #define _POSIX_LINK_MAX                     (8)
      |         ^~~~~~~~~~~~~~~
/scratch2/dima/zephyr-chipyard-sw-fresh/tools-manual/zephyr-sdk-1.0.0-beta1/gnu/riscv64-zephyr-elf/riscv64-zephyr-elf/sys-include/sys/syslimits.h:69:9: note: this is the location of the previous definition
   69 | #define _POSIX_LINK_MAX         8
      |         ^~~~~~~~~~~~~~~
/scratch2/agustin/zephyr-chipyard-sw/zephyr_ws/zephyr/include/zephyr/posix/posix_limits.h:30:9: warning: "_POSIX_LOGIN_NAME_MAX" redefined
   30 | #define _POSIX_LOGIN_NAME_MAX               (9)
      |         ^~~~~~~~~~~~~~~~~~~~~
/scratch2/dima/zephyr-chipyard-sw-fresh/tools-manual/zephyr-sdk-1.0.0-beta1/gnu/riscv64-zephyr-elf/riscv64-zephyr-elf/sys-include/sys/syslimits.h:70:9: note: this is the location of the previous definition
   70 | #define _POSIX_LOGIN_NAME_MAX   9
      |         ^~~~~~~~~~~~~~~~~~~~~
/scratch2/agustin/zephyr-chipyard-sw/zephyr_ws/zephyr/include/zephyr/posix/posix_limits.h:31:9: warning: "_POSIX_MAX_CANON" redefined
   31 | #define _POSIX_MAX_CANON                    (255)
      |         ^~~~~~~~~~~~~~~~
/scratch2/dima/zephyr-chipyard-sw-fresh/tools-manual/zephyr-sdk-1.0.0-beta1/gnu/riscv64-zephyr-elf/riscv64-zephyr-elf/sys-include/sys/syslimits.h:71:9: note: this is the location of the previous definition
   71 | #define _POSIX_MAX_CANON        255
      |         ^~~~~~~~~~~~~~~~
/scratch2/agustin/zephyr-chipyard-sw/zephyr_ws/zephyr/include/zephyr/posix/posix_limits.h:32:9: warning: "_POSIX_MAX_INPUT" redefined
   32 | #define _POSIX_MAX_INPUT                    (255)
      |         ^~~~~~~~~~~~~~~~
/scratch2/dima/zephyr-chipyard-sw-fresh/tools-manual/zephyr-sdk-1.0.0-beta1/gnu/riscv64-zephyr-elf/riscv64-zephyr-elf/sys-include/sys/syslimits.h:72:9: note: this is the location of the previous definition
   72 | #define _POSIX_MAX_INPUT        255
      |         ^~~~~~~~~~~~~~~~
/scratch2/agustin/zephyr-chipyard-sw/zephyr_ws/zephyr/include/zephyr/posix/posix_limits.h:33:9: warning: "_POSIX_MQ_OPEN_MAX" redefined
   33 | #define _POSIX_MQ_OPEN_MAX                  (8)
      |         ^~~~~~~~~~~~~~~~~~
/scratch2/dima/zephyr-chipyard-sw-fresh/tools-manual/zephyr-sdk-1.0.0-beta1/gnu/riscv64-zephyr-elf/riscv64-zephyr-elf/sys-include/sys/syslimits.h:73:9: note: this is the location of the previous definition
   73 | #define _POSIX_MQ_OPEN_MAX      8
      |         ^~~~~~~~~~~~~~~~~~
/scratch2/agustin/zephyr-chipyard-sw/zephyr_ws/zephyr/include/zephyr/posix/posix_limits.h:34:9: warning: "_POSIX_MQ_PRIO_MAX" redefined
   34 | #define _POSIX_MQ_PRIO_MAX                  (32)
      |         ^~~~~~~~~~~~~~~~~~
/scratch2/dima/zephyr-chipyard-sw-fresh/tools-manual/zephyr-sdk-1.0.0-beta1/gnu/riscv64-zephyr-elf/riscv64-zephyr-elf/sys-include/sys/syslimits.h:74:9: note: this is the location of the previous definition
   74 | #define _POSIX_MQ_PRIO_MAX      32
      |         ^~~~~~~~~~~~~~~~~~
/scratch2/agustin/zephyr-chipyard-sw/zephyr_ws/zephyr/include/zephyr/posix/posix_limits.h:35:9: warning: "_POSIX_NAME_MAX" redefined
   35 | #define _POSIX_NAME_MAX                     (14)
      |         ^~~~~~~~~~~~~~~
/scratch2/dima/zephyr-chipyard-sw-fresh/tools-manual/zephyr-sdk-1.0.0-beta1/gnu/riscv64-zephyr-elf/riscv64-zephyr-elf/sys-include/sys/syslimits.h:75:9: note: this is the location of the previous definition
   75 | #define _POSIX_NAME_MAX         14
      |         ^~~~~~~~~~~~~~~
/scratch2/agustin/zephyr-chipyard-sw/zephyr_ws/zephyr/include/zephyr/posix/posix_limits.h:36:9: warning: "_POSIX_NGROUPS_MAX" redefined
   36 | #define _POSIX_NGROUPS_MAX                  (8)
      |         ^~~~~~~~~~~~~~~~~~
/scratch2/dima/zephyr-chipyard-sw-fresh/tools-manual/zephyr-sdk-1.0.0-beta1/gnu/riscv64-zephyr-elf/riscv64-zephyr-elf/sys-include/sys/syslimits.h:76:9: note: this is the location of the previous definition
   76 | #define _POSIX_NGROUPS_MAX      0
      |         ^~~~~~~~~~~~~~~~~~
/scratch2/agustin/zephyr-chipyard-sw/zephyr_ws/zephyr/include/zephyr/posix/posix_limits.h:37:9: warning: "_POSIX_OPEN_MAX" redefined
   37 | #define _POSIX_OPEN_MAX                     (20)
      |         ^~~~~~~~~~~~~~~
/scratch2/dima/zephyr-chipyard-sw-fresh/tools-manual/zephyr-sdk-1.0.0-beta1/gnu/riscv64-zephyr-elf/riscv64-zephyr-elf/sys-include/sys/syslimits.h:77:9: note: this is the location of the previous definition
   77 | #define _POSIX_OPEN_MAX         16
      |         ^~~~~~~~~~~~~~~
/scratch2/agustin/zephyr-chipyard-sw/zephyr_ws/zephyr/include/zephyr/posix/posix_limits.h:38:9: warning: "_POSIX_PATH_MAX" redefined
   38 | #define _POSIX_PATH_MAX                     (256)
      |         ^~~~~~~~~~~~~~~
/scratch2/dima/zephyr-chipyard-sw-fresh/tools-manual/zephyr-sdk-1.0.0-beta1/gnu/riscv64-zephyr-elf/riscv64-zephyr-elf/sys-include/sys/syslimits.h:78:9: note: this is the location of the previous definition
   78 | #define _POSIX_PATH_MAX         255
      |         ^~~~~~~~~~~~~~~
/scratch2/agustin/zephyr-chipyard-sw/zephyr_ws/zephyr/include/zephyr/posix/posix_limits.h:39:9: warning: "_POSIX_PIPE_BUF" redefined
   39 | #define _POSIX_PIPE_BUF                     (512)
      |         ^~~~~~~~~~~~~~~
/scratch2/dima/zephyr-chipyard-sw-fresh/tools-manual/zephyr-sdk-1.0.0-beta1/gnu/riscv64-zephyr-elf/riscv64-zephyr-elf/sys-include/sys/syslimits.h:79:9: note: this is the location of the previous definition
   79 | #define _POSIX_PIPE_BUF         512
      |         ^~~~~~~~~~~~~~~
/scratch2/agustin/zephyr-chipyard-sw/zephyr_ws/zephyr/include/zephyr/posix/posix_limits.h:40:9: warning: "_POSIX_RE_DUP_MAX" redefined
   40 | #define _POSIX_RE_DUP_MAX                   (255)
      |         ^~~~~~~~~~~~~~~~~
/scratch2/dima/zephyr-chipyard-sw-fresh/tools-manual/zephyr-sdk-1.0.0-beta1/gnu/riscv64-zephyr-elf/riscv64-zephyr-elf/sys-include/sys/syslimits.h:80:9: note: this is the location of the previous definition
   80 | #define _POSIX_RE_DUP_MAX       255
      |         ^~~~~~~~~~~~~~~~~
/scratch2/agustin/zephyr-chipyard-sw/zephyr_ws/zephyr/include/zephyr/posix/posix_limits.h:41:9: warning: "_POSIX_RTSIG_MAX" redefined
   41 | #define _POSIX_RTSIG_MAX                    (8)
      |         ^~~~~~~~~~~~~~~~
/scratch2/dima/zephyr-chipyard-sw-fresh/tools-manual/zephyr-sdk-1.0.0-beta1/gnu/riscv64-zephyr-elf/riscv64-zephyr-elf/sys-include/sys/syslimits.h:81:9: note: this is the location of the previous definition
   81 | #define _POSIX_RTSIG_MAX        8
      |         ^~~~~~~~~~~~~~~~
/scratch2/agustin/zephyr-chipyard-sw/zephyr_ws/zephyr/include/zephyr/posix/posix_limits.h:42:9: warning: "_POSIX_SEM_NSEMS_MAX" redefined
   42 | #define _POSIX_SEM_NSEMS_MAX                (256)
      |         ^~~~~~~~~~~~~~~~~~~~
/scratch2/dima/zephyr-chipyard-sw-fresh/tools-manual/zephyr-sdk-1.0.0-beta1/gnu/riscv64-zephyr-elf/riscv64-zephyr-elf/sys-include/sys/syslimits.h:82:9: note: this is the location of the previous definition
   82 | #define _POSIX_SEM_NSEMS_MAX    256
      |         ^~~~~~~~~~~~~~~~~~~~
/scratch2/agustin/zephyr-chipyard-sw/zephyr_ws/zephyr/include/zephyr/posix/posix_limits.h:43:9: warning: "_POSIX_SEM_VALUE_MAX" redefined
   43 | #define _POSIX_SEM_VALUE_MAX                (32767)
      |         ^~~~~~~~~~~~~~~~~~~~
/scratch2/dima/zephyr-chipyard-sw-fresh/tools-manual/zephyr-sdk-1.0.0-beta1/gnu/riscv64-zephyr-elf/riscv64-zephyr-elf/sys-include/sys/syslimits.h:83:9: note: this is the location of the previous definition
   83 | #define _POSIX_SEM_VALUE_MAX    32767
      |         ^~~~~~~~~~~~~~~~~~~~
/scratch2/agustin/zephyr-chipyard-sw/zephyr_ws/zephyr/include/zephyr/posix/posix_limits.h:44:9: warning: "_POSIX_SIGQUEUE_MAX" redefined
   44 | #define _POSIX_SIGQUEUE_MAX                 (32)
      |         ^~~~~~~~~~~~~~~~~~~
/scratch2/dima/zephyr-chipyard-sw-fresh/tools-manual/zephyr-sdk-1.0.0-beta1/gnu/riscv64-zephyr-elf/riscv64-zephyr-elf/sys-include/sys/syslimits.h:84:9: note: this is the location of the previous definition
   84 | #define _POSIX_SIGQUEUE_MAX     32
      |         ^~~~~~~~~~~~~~~~~~~
/scratch2/agustin/zephyr-chipyard-sw/zephyr_ws/zephyr/include/zephyr/posix/posix_limits.h:45:9: warning: "_POSIX_SSIZE_MAX" redefined
   45 | #define _POSIX_SSIZE_MAX                    (32767)
      |         ^~~~~~~~~~~~~~~~
/scratch2/dima/zephyr-chipyard-sw-fresh/tools-manual/zephyr-sdk-1.0.0-beta1/gnu/riscv64-zephyr-elf/riscv64-zephyr-elf/sys-include/sys/syslimits.h:85:9: note: this is the location of the previous definition
   85 | #define _POSIX_SSIZE_MAX        32767
      |         ^~~~~~~~~~~~~~~~
/scratch2/agustin/zephyr-chipyard-sw/zephyr_ws/zephyr/include/zephyr/posix/posix_limits.h:46:9: warning: "_POSIX_SS_REPL_MAX" redefined
   46 | #define _POSIX_SS_REPL_MAX                  (4)
      |         ^~~~~~~~~~~~~~~~~~
/scratch2/dima/zephyr-chipyard-sw-fresh/tools-manual/zephyr-sdk-1.0.0-beta1/gnu/riscv64-zephyr-elf/riscv64-zephyr-elf/sys-include/sys/syslimits.h:86:9: note: this is the location of the previous definition
   86 | #define _POSIX_SS_REPL_MAX      4
      |         ^~~~~~~~~~~~~~~~~~
/scratch2/agustin/zephyr-chipyard-sw/zephyr_ws/zephyr/include/zephyr/posix/posix_limits.h:47:9: warning: "_POSIX_STREAM_MAX" redefined
   47 | #define _POSIX_STREAM_MAX                   (8)
      |         ^~~~~~~~~~~~~~~~~
/scratch2/dima/zephyr-chipyard-sw-fresh/tools-manual/zephyr-sdk-1.0.0-beta1/gnu/riscv64-zephyr-elf/riscv64-zephyr-elf/sys-include/sys/syslimits.h:87:9: note: this is the location of the previous definition
   87 | #define _POSIX_STREAM_MAX       8
      |         ^~~~~~~~~~~~~~~~~
/scratch2/agustin/zephyr-chipyard-sw/zephyr_ws/zephyr/include/zephyr/posix/posix_limits.h:48:9: warning: "_POSIX_SYMLINK_MAX" redefined
   48 | #define _POSIX_SYMLINK_MAX                  (255)
      |         ^~~~~~~~~~~~~~~~~~
/scratch2/dima/zephyr-chipyard-sw-fresh/tools-manual/zephyr-sdk-1.0.0-beta1/gnu/riscv64-zephyr-elf/riscv64-zephyr-elf/sys-include/sys/syslimits.h:88:9: note: this is the location of the previous definition
   88 | #define _POSIX_SYMLINK_MAX      255
      |         ^~~~~~~~~~~~~~~~~~
/scratch2/agustin/zephyr-chipyard-sw/zephyr_ws/zephyr/include/zephyr/posix/posix_limits.h:49:9: warning: "_POSIX_SYMLOOP_MAX" redefined
   49 | #define _POSIX_SYMLOOP_MAX                  (8)
      |         ^~~~~~~~~~~~~~~~~~
/scratch2/dima/zephyr-chipyard-sw-fresh/tools-manual/zephyr-sdk-1.0.0-beta1/gnu/riscv64-zephyr-elf/riscv64-zephyr-elf/sys-include/sys/syslimits.h:89:9: note: this is the location of the previous definition
   89 | #define _POSIX_SYMLOOP_MAX      8
      |         ^~~~~~~~~~~~~~~~~~
/scratch2/agustin/zephyr-chipyard-sw/zephyr_ws/zephyr/include/zephyr/posix/posix_limits.h:50:9: warning: "_POSIX_THREAD_DESTRUCTOR_ITERATIONS" redefined
   50 | #define _POSIX_THREAD_DESTRUCTOR_ITERATIONS (4)
      |         ^~~~~~~~~~~~~~~~~~~~~~~~~~~~~~~~~~~
/scratch2/dima/zephyr-chipyard-sw-fresh/tools-manual/zephyr-sdk-1.0.0-beta1/gnu/riscv64-zephyr-elf/riscv64-zephyr-elf/sys-include/sys/syslimits.h:90:9: note: this is the location of the previous definition
   90 | #define _POSIX_THREAD_DESTRUCTOR_ITERATIONS     4
      |         ^~~~~~~~~~~~~~~~~~~~~~~~~~~~~~~~~~~
/scratch2/agustin/zephyr-chipyard-sw/zephyr_ws/zephyr/include/zephyr/posix/posix_limits.h:51:9: warning: "_POSIX_THREAD_KEYS_MAX" redefined
   51 | #define _POSIX_THREAD_KEYS_MAX              (128)
      |         ^~~~~~~~~~~~~~~~~~~~~~
/scratch2/dima/zephyr-chipyard-sw-fresh/tools-manual/zephyr-sdk-1.0.0-beta1/gnu/riscv64-zephyr-elf/riscv64-zephyr-elf/sys-include/sys/syslimits.h:91:9: note: this is the location of the previous definition
   91 | #define _POSIX_THREAD_KEYS_MAX  128
      |         ^~~~~~~~~~~~~~~~~~~~~~
/scratch2/agustin/zephyr-chipyard-sw/zephyr_ws/zephyr/include/zephyr/posix/posix_limits.h:52:9: warning: "_POSIX_THREAD_THREADS_MAX" redefined
   52 | #define _POSIX_THREAD_THREADS_MAX           (64)
      |         ^~~~~~~~~~~~~~~~~~~~~~~~~
/scratch2/dima/zephyr-chipyard-sw-fresh/tools-manual/zephyr-sdk-1.0.0-beta1/gnu/riscv64-zephyr-elf/riscv64-zephyr-elf/sys-include/sys/syslimits.h:92:9: note: this is the location of the previous definition
   92 | #define _POSIX_THREAD_THREADS_MAX       64
      |         ^~~~~~~~~~~~~~~~~~~~~~~~~
/scratch2/agustin/zephyr-chipyard-sw/zephyr_ws/zephyr/include/zephyr/posix/posix_limits.h:53:9: warning: "_POSIX_TIMER_MAX" redefined
   53 | #define _POSIX_TIMER_MAX                    (32)
      |         ^~~~~~~~~~~~~~~~
/scratch2/dima/zephyr-chipyard-sw-fresh/tools-manual/zephyr-sdk-1.0.0-beta1/gnu/riscv64-zephyr-elf/riscv64-zephyr-elf/sys-include/sys/syslimits.h:93:9: note: this is the location of the previous definition
   93 | #define _POSIX_TIMER_MAX        32
      |         ^~~~~~~~~~~~~~~~
/scratch2/agustin/zephyr-chipyard-sw/zephyr_ws/zephyr/include/zephyr/posix/posix_limits.h:54:9: warning: "_POSIX_TRACE_EVENT_NAME_MAX" redefined
   54 | #define _POSIX_TRACE_EVENT_NAME_MAX         (30)
      |         ^~~~~~~~~~~~~~~~~~~~~~~~~~~
/scratch2/dima/zephyr-chipyard-sw-fresh/tools-manual/zephyr-sdk-1.0.0-beta1/gnu/riscv64-zephyr-elf/riscv64-zephyr-elf/sys-include/sys/syslimits.h:94:9: note: this is the location of the previous definition
   94 | #define _POSIX_TRACE_EVENT_NAME_MAX     30
      |         ^~~~~~~~~~~~~~~~~~~~~~~~~~~
/scratch2/agustin/zephyr-chipyard-sw/zephyr_ws/zephyr/include/zephyr/posix/posix_limits.h:55:9: warning: "_POSIX_TRACE_NAME_MAX" redefined
   55 | #define _POSIX_TRACE_NAME_MAX               (8)
      |         ^~~~~~~~~~~~~~~~~~~~~
/scratch2/dima/zephyr-chipyard-sw-fresh/tools-manual/zephyr-sdk-1.0.0-beta1/gnu/riscv64-zephyr-elf/riscv64-zephyr-elf/sys-include/sys/syslimits.h:95:9: note: this is the location of the previous definition
   95 | #define _POSIX_TRACE_NAME_MAX   8
      |         ^~~~~~~~~~~~~~~~~~~~~
/scratch2/agustin/zephyr-chipyard-sw/zephyr_ws/zephyr/include/zephyr/posix/posix_limits.h:56:9: warning: "_POSIX_TRACE_SYS_MAX" redefined
   56 | #define _POSIX_TRACE_SYS_MAX                (8)
      |         ^~~~~~~~~~~~~~~~~~~~
/scratch2/dima/zephyr-chipyard-sw-fresh/tools-manual/zephyr-sdk-1.0.0-beta1/gnu/riscv64-zephyr-elf/riscv64-zephyr-elf/sys-include/sys/syslimits.h:96:9: note: this is the location of the previous definition
   96 | #define _POSIX_TRACE_SYS_MAX    8
      |         ^~~~~~~~~~~~~~~~~~~~
/scratch2/agustin/zephyr-chipyard-sw/zephyr_ws/zephyr/include/zephyr/posix/posix_limits.h:57:9: warning: "_POSIX_TRACE_USER_EVENT_MAX" redefined
   57 | #define _POSIX_TRACE_USER_EVENT_MAX         (32)
      |         ^~~~~~~~~~~~~~~~~~~~~~~~~~~
/scratch2/dima/zephyr-chipyard-sw-fresh/tools-manual/zephyr-sdk-1.0.0-beta1/gnu/riscv64-zephyr-elf/riscv64-zephyr-elf/sys-include/sys/syslimits.h:97:9: note: this is the location of the previous definition
   97 | #define _POSIX_TRACE_USER_EVENT_MAX     32
      |         ^~~~~~~~~~~~~~~~~~~~~~~~~~~
/scratch2/agustin/zephyr-chipyard-sw/zephyr_ws/zephyr/include/zephyr/posix/posix_limits.h:58:9: warning: "_POSIX_TTY_NAME_MAX" redefined
   58 | #define _POSIX_TTY_NAME_MAX                 (9)
      |         ^~~~~~~~~~~~~~~~~~~
/scratch2/dima/zephyr-chipyard-sw-fresh/tools-manual/zephyr-sdk-1.0.0-beta1/gnu/riscv64-zephyr-elf/riscv64-zephyr-elf/sys-include/sys/syslimits.h:98:9: note: this is the location of the previous definition
   98 | #define _POSIX_TTY_NAME_MAX     9
      |         ^~~~~~~~~~~~~~~~~~~
/scratch2/agustin/zephyr-chipyard-sw/zephyr_ws/zephyr/include/zephyr/posix/posix_limits.h:59:9: warning: "_POSIX_TZNAME_MAX" redefined
   59 | #define _POSIX_TZNAME_MAX                   (6)
      |         ^~~~~~~~~~~~~~~~~
/scratch2/dima/zephyr-chipyard-sw-fresh/tools-manual/zephyr-sdk-1.0.0-beta1/gnu/riscv64-zephyr-elf/riscv64-zephyr-elf/sys-include/sys/syslimits.h:99:9: note: this is the location of the previous definition
   99 | #define _POSIX_TZNAME_MAX       3
      |         ^~~~~~~~~~~~~~~~~
/scratch2/agustin/zephyr-chipyard-sw/zephyr_ws/zephyr/include/zephyr/posix/posix_limits.h:60:9: warning: "_POSIX2_BC_BASE_MAX" redefined
   60 | #define _POSIX2_BC_BASE_MAX                 (99)
      |         ^~~~~~~~~~~~~~~~~~~
/scratch2/dima/zephyr-chipyard-sw-fresh/tools-manual/zephyr-sdk-1.0.0-beta1/gnu/riscv64-zephyr-elf/riscv64-zephyr-elf/sys-include/sys/syslimits.h:100:9: note: this is the location of the previous definition
  100 | #define _POSIX2_BC_BASE_MAX     99
      |         ^~~~~~~~~~~~~~~~~~~
/scratch2/agustin/zephyr-chipyard-sw/zephyr_ws/zephyr/include/zephyr/posix/posix_limits.h:61:9: warning: "_POSIX2_BC_DIM_MAX" redefined
   61 | #define _POSIX2_BC_DIM_MAX                  (2048)
      |         ^~~~~~~~~~~~~~~~~~
/scratch2/dima/zephyr-chipyard-sw-fresh/tools-manual/zephyr-sdk-1.0.0-beta1/gnu/riscv64-zephyr-elf/riscv64-zephyr-elf/sys-include/sys/syslimits.h:101:9: note: this is the location of the previous definition
  101 | #define _POSIX2_BC_DIM_MAX      2048
      |         ^~~~~~~~~~~~~~~~~~
/scratch2/agustin/zephyr-chipyard-sw/zephyr_ws/zephyr/include/zephyr/posix/posix_limits.h:62:9: warning: "_POSIX2_BC_SCALE_MAX" redefined
   62 | #define _POSIX2_BC_SCALE_MAX                (99)
      |         ^~~~~~~~~~~~~~~~~~~~
/scratch2/dima/zephyr-chipyard-sw-fresh/tools-manual/zephyr-sdk-1.0.0-beta1/gnu/riscv64-zephyr-elf/riscv64-zephyr-elf/sys-include/sys/syslimits.h:102:9: note: this is the location of the previous definition
  102 | #define _POSIX2_BC_SCALE_MAX    99
      |         ^~~~~~~~~~~~~~~~~~~~
/scratch2/agustin/zephyr-chipyard-sw/zephyr_ws/zephyr/include/zephyr/posix/posix_limits.h:63:9: warning: "_POSIX2_BC_STRING_MAX" redefined
   63 | #define _POSIX2_BC_STRING_MAX               (1000)
      |         ^~~~~~~~~~~~~~~~~~~~~
/scratch2/dima/zephyr-chipyard-sw-fresh/tools-manual/zephyr-sdk-1.0.0-beta1/gnu/riscv64-zephyr-elf/riscv64-zephyr-elf/sys-include/sys/syslimits.h:103:9: note: this is the location of the previous definition
  103 | #define _POSIX2_BC_STRING_MAX   1000
      |         ^~~~~~~~~~~~~~~~~~~~~
/scratch2/agustin/zephyr-chipyard-sw/zephyr_ws/zephyr/include/zephyr/posix/posix_limits.h:64:9: warning: "_POSIX2_CHARCLASS_NAME_MAX" redefined
   64 | #define _POSIX2_CHARCLASS_NAME_MAX          (14)
      |         ^~~~~~~~~~~~~~~~~~~~~~~~~~
/scratch2/dima/zephyr-chipyard-sw-fresh/tools-manual/zephyr-sdk-1.0.0-beta1/gnu/riscv64-zephyr-elf/riscv64-zephyr-elf/sys-include/sys/syslimits.h:104:9: note: this is the location of the previous definition
  104 | #define _POSIX2_CHARCLASS_NAME_MAX      14
      |         ^~~~~~~~~~~~~~~~~~~~~~~~~~
/scratch2/agustin/zephyr-chipyard-sw/zephyr_ws/zephyr/include/zephyr/posix/posix_limits.h:65:9: warning: "_POSIX2_COLL_WEIGHTS_MAX" redefined
   65 | #define _POSIX2_COLL_WEIGHTS_MAX            (2)
      |         ^~~~~~~~~~~~~~~~~~~~~~~~
/scratch2/dima/zephyr-chipyard-sw-fresh/tools-manual/zephyr-sdk-1.0.0-beta1/gnu/riscv64-zephyr-elf/riscv64-zephyr-elf/sys-include/sys/syslimits.h:105:9: note: this is the location of the previous definition
  105 | #define _POSIX2_COLL_WEIGHTS_MAX        2
      |         ^~~~~~~~~~~~~~~~~~~~~~~~
/scratch2/agustin/zephyr-chipyard-sw/zephyr_ws/zephyr/include/zephyr/posix/posix_limits.h:66:9: warning: "_POSIX2_EXPR_NEST_MAX" redefined
   66 | #define _POSIX2_EXPR_NEST_MAX               (32)
      |         ^~~~~~~~~~~~~~~~~~~~~
/scratch2/dima/zephyr-chipyard-sw-fresh/tools-manual/zephyr-sdk-1.0.0-beta1/gnu/riscv64-zephyr-elf/riscv64-zephyr-elf/sys-include/sys/syslimits.h:106:9: note: this is the location of the previous definition
  106 | #define _POSIX2_EXPR_NEST_MAX   32
      |         ^~~~~~~~~~~~~~~~~~~~~
/scratch2/agustin/zephyr-chipyard-sw/zephyr_ws/zephyr/include/zephyr/posix/posix_limits.h:67:9: warning: "_POSIX2_LINE_MAX" redefined
   67 | #define _POSIX2_LINE_MAX                    (2048)
      |         ^~~~~~~~~~~~~~~~
/scratch2/dima/zephyr-chipyard-sw-fresh/tools-manual/zephyr-sdk-1.0.0-beta1/gnu/riscv64-zephyr-elf/riscv64-zephyr-elf/sys-include/sys/syslimits.h:107:9: note: this is the location of the previous definition
  107 | #define _POSIX2_LINE_MAX        2048
      |         ^~~~~~~~~~~~~~~~
/scratch2/agustin/zephyr-chipyard-sw/zephyr_ws/zephyr/include/zephyr/posix/posix_limits.h:83:9: warning: "ARG_MAX" redefined
   83 | #define ARG_MAX                       _POSIX_ARG_MAX
      |         ^~~~~~~
/scratch2/dima/zephyr-chipyard-sw-fresh/tools-manual/zephyr-sdk-1.0.0-beta1/gnu/riscv64-zephyr-elf/riscv64-zephyr-elf/sys-include/sys/syslimits.h:41:9: note: this is the location of the previous definition
   41 | #define ARG_MAX                 65536   /* max bytes for an exec function */
      |         ^~~~~~~
/scratch2/agustin/zephyr-chipyard-sw/zephyr_ws/zephyr/include/zephyr/posix/posix_limits.h:84:9: warning: "ATEXIT_MAX" redefined
   84 | #define ATEXIT_MAX                    (32)
      |         ^~~~~~~~~~
/scratch2/dima/zephyr-chipyard-sw-fresh/tools-manual/zephyr-sdk-1.0.0-beta1/gnu/riscv64-zephyr-elf/riscv64-zephyr-elf/sys-include/sys/syslimits.h:42:9: note: this is the location of the previous definition
   42 | #define ATEXIT_MAX                 32   /* max atexit functions */
      |         ^~~~~~~~~~
/scratch2/agustin/zephyr-chipyard-sw/zephyr_ws/zephyr/include/zephyr/posix/posix_limits.h:93:9: warning: "OPEN_MAX" redefined
   93 | #define OPEN_MAX                      CONFIG_POSIX_OPEN_MAX
      |         ^~~~~~~~
/scratch2/dima/zephyr-chipyard-sw-fresh/tools-manual/zephyr-sdk-1.0.0-beta1/gnu/riscv64-zephyr-elf/riscv64-zephyr-elf/sys-include/sys/syslimits.h:45:9: note: this is the location of the previous definition
   45 | #define OPEN_MAX                   64   /* max open files per process */
      |         ^~~~~~~~
/scratch2/agustin/zephyr-chipyard-sw/zephyr_ws/zephyr/include/zephyr/posix/posix_limits.h:96:9: warning: "PATH_MAX" redefined
   96 | #define PATH_MAX                      _POSIX_PATH_MAX
      |         ^~~~~~~~
/scratch2/dima/zephyr-chipyard-sw-fresh/tools-manual/zephyr-sdk-1.0.0-beta1/gnu/riscv64-zephyr-elf/riscv64-zephyr-elf/sys-include/sys/syslimits.h:53:9: note: this is the location of the previous definition
   53 | #define PATH_MAX                 1024   /* max bytes in pathname */
      |         ^~~~~~~~
/scratch2/agustin/zephyr-chipyard-sw/zephyr_ws/zephyr/include/zephyr/posix/posix_limits.h:114:9: warning: "TZNAME_MAX" redefined
  114 | #define TZNAME_MAX                    _POSIX_TZNAME_MAX
      |         ^~~~~~~~~~
/scratch2/dima/zephyr-chipyard-sw-fresh/tools-manual/zephyr-sdk-1.0.0-beta1/gnu/riscv64-zephyr-elf/riscv64-zephyr-elf/sys-include/sys/syslimits.h:46:9: note: this is the location of the previous definition
   46 | #define TZNAME_MAX                 10   /* max time zone name length */
      |         ^~~~~~~~~~
[146/216] Building C object zephyr/lib/posix/options/CMakeFiles/lib__posix__options.dir/pwd.c.obj
[147/216] Building C object zephyr/drivers/timer/CMakeFiles/drivers__timer.dir/sys_clock_init.c.obj
[148/216] Linking C static library zephyr/drivers/interrupt_controller/libdrivers__interrupt_controller.a
[149/216] Building C object zephyr/kernel/CMakeFiles/kernel.dir/main_weak.c.obj
[150/216] Linking C static library zephyr/lib/os/zvfs/liblib__os__zvfs.a
[151/216] Building C object zephyr/drivers/serial/CMakeFiles/drivers__serial.dir/uart_htif.c.obj
[152/216] Building C object zephyr/kernel/CMakeFiles/kernel.dir/banner.c.obj
[153/216] Building C object zephyr/lib/posix/options/CMakeFiles/lib__posix__options.dir/key.c.obj
In file included from /scratch2/agustin/zephyr-chipyard-sw/zephyr_ws/zephyr/include/zephyr/posix/sys/sysconf.h:11,
                 from /scratch2/agustin/zephyr-chipyard-sw/zephyr_ws/zephyr/include/zephyr/posix/unistd.h:18,
                 from /scratch2/agustin/zephyr-chipyard-sw/zephyr_ws/zephyr/include/zephyr/posix/pthread.h:15,
                 from /scratch2/agustin/zephyr-chipyard-sw/zephyr_ws/zephyr/lib/posix/options/posix_internal.h:15,
                 from /scratch2/agustin/zephyr-chipyard-sw/zephyr_ws/zephyr/lib/posix/options/key.c:7:
/scratch2/agustin/zephyr-chipyard-sw/zephyr_ws/zephyr/include/zephyr/posix/posix_limits.h:23:9: warning: "_POSIX_AIO_LISTIO_MAX" redefined
   23 | #define _POSIX_AIO_LISTIO_MAX               (2)
      |         ^~~~~~~~~~~~~~~~~~~~~
In file included from /scratch2/dima/zephyr-chipyard-sw-fresh/tools-manual/zephyr-sdk-1.0.0-beta1/gnu/riscv64-zephyr-elf/riscv64-zephyr-elf/sys-include/limits.h:6,
                 from /scratch2/dima/zephyr-chipyard-sw-fresh/tools-manual/zephyr-sdk-1.0.0-beta1/gnu/riscv64-zephyr-elf/lib/gcc/riscv64-zephyr-elf/14.3.0/include/limits.h:210,
                 from /scratch2/dima/zephyr-chipyard-sw-fresh/tools-manual/zephyr-sdk-1.0.0-beta1/gnu/riscv64-zephyr-elf/lib/gcc/riscv64-zephyr-elf/14.3.0/include/syslimits.h:7,
                 from /scratch2/dima/zephyr-chipyard-sw-fresh/tools-manual/zephyr-sdk-1.0.0-beta1/gnu/riscv64-zephyr-elf/lib/gcc/riscv64-zephyr-elf/14.3.0/include/limits.h:34,
                 from /scratch2/agustin/zephyr-chipyard-sw/zephyr_ws/zephyr/include/zephyr/kernel_includes.h:22,
                 from /scratch2/agustin/zephyr-chipyard-sw/zephyr_ws/zephyr/include/zephyr/kernel.h:17,
                 from /scratch2/agustin/zephyr-chipyard-sw/zephyr_ws/zephyr/lib/posix/options/posix_internal.h:14:
/scratch2/dima/zephyr-chipyard-sw-fresh/tools-manual/zephyr-sdk-1.0.0-beta1/gnu/riscv64-zephyr-elf/riscv64-zephyr-elf/sys-include/sys/syslimits.h:63:9: note: this is the location of the previous definition
   63 | #define _POSIX_AIO_LISTIO_MAX   2
      |         ^~~~~~~~~~~~~~~~~~~~~
/scratch2/agustin/zephyr-chipyard-sw/zephyr_ws/zephyr/include/zephyr/posix/posix_limits.h:24:9: warning: "_POSIX_AIO_MAX" redefined
   24 | #define _POSIX_AIO_MAX                      (1)
      |         ^~~~~~~~~~~~~~
/scratch2/dima/zephyr-chipyard-sw-fresh/tools-manual/zephyr-sdk-1.0.0-beta1/gnu/riscv64-zephyr-elf/riscv64-zephyr-elf/sys-include/sys/syslimits.h:64:9: note: this is the location of the previous definition
   64 | #define _POSIX_AIO_MAX          1
      |         ^~~~~~~~~~~~~~
/scratch2/agustin/zephyr-chipyard-sw/zephyr_ws/zephyr/include/zephyr/posix/posix_limits.h:25:9: warning: "_POSIX_ARG_MAX" redefined
   25 | #define _POSIX_ARG_MAX                      (4096)
      |         ^~~~~~~~~~~~~~
/scratch2/dima/zephyr-chipyard-sw-fresh/tools-manual/zephyr-sdk-1.0.0-beta1/gnu/riscv64-zephyr-elf/riscv64-zephyr-elf/sys-include/sys/syslimits.h:65:9: note: this is the location of the previous definition
   65 | #define _POSIX_ARG_MAX          4096
      |         ^~~~~~~~~~~~~~
/scratch2/agustin/zephyr-chipyard-sw/zephyr_ws/zephyr/include/zephyr/posix/posix_limits.h:26:9: warning: "_POSIX_CHILD_MAX" redefined
   26 | #define _POSIX_CHILD_MAX                    (25)
      |         ^~~~~~~~~~~~~~~~
/scratch2/dima/zephyr-chipyard-sw-fresh/tools-manual/zephyr-sdk-1.0.0-beta1/gnu/riscv64-zephyr-elf/riscv64-zephyr-elf/sys-include/sys/syslimits.h:66:9: note: this is the location of the previous definition
   66 | #define _POSIX_CHILD_MAX        6
      |         ^~~~~~~~~~~~~~~~
/scratch2/agustin/zephyr-chipyard-sw/zephyr_ws/zephyr/include/zephyr/posix/posix_limits.h:27:9: warning: "_POSIX_DELAYTIMER_MAX" redefined
   27 | #define _POSIX_DELAYTIMER_MAX               (32)
      |         ^~~~~~~~~~~~~~~~~~~~~
/scratch2/dima/zephyr-chipyard-sw-fresh/tools-manual/zephyr-sdk-1.0.0-beta1/gnu/riscv64-zephyr-elf/riscv64-zephyr-elf/sys-include/sys/syslimits.h:67:9: note: this is the location of the previous definition
   67 | #define _POSIX_DELAYTIMER_MAX   32
      |         ^~~~~~~~~~~~~~~~~~~~~
/scratch2/agustin/zephyr-chipyard-sw/zephyr_ws/zephyr/include/zephyr/posix/posix_limits.h:28:9: warning: "_POSIX_HOST_NAME_MAX" redefined
   28 | #define _POSIX_HOST_NAME_MAX                (255)
      |         ^~~~~~~~~~~~~~~~~~~~
/scratch2/dima/zephyr-chipyard-sw-fresh/tools-manual/zephyr-sdk-1.0.0-beta1/gnu/riscv64-zephyr-elf/riscv64-zephyr-elf/sys-include/sys/syslimits.h:68:9: note: this is the location of the previous definition
   68 | #define _POSIX_HOST_NAME_MAX    255
      |         ^~~~~~~~~~~~~~~~~~~~
/scratch2/agustin/zephyr-chipyard-sw/zephyr_ws/zephyr/include/zephyr/posix/posix_limits.h:29:9: warning: "_POSIX_LINK_MAX" redefined
   29 | #define _POSIX_LINK_MAX                     (8)
      |         ^~~~~~~~~~~~~~~
/scratch2/dima/zephyr-chipyard-sw-fresh/tools-manual/zephyr-sdk-1.0.0-beta1/gnu/riscv64-zephyr-elf/riscv64-zephyr-elf/sys-include/sys/syslimits.h:69:9: note: this is the location of the previous definition
   69 | #define _POSIX_LINK_MAX         8
      |         ^~~~~~~~~~~~~~~
/scratch2/agustin/zephyr-chipyard-sw/zephyr_ws/zephyr/include/zephyr/posix/posix_limits.h:30:9: warning: "_POSIX_LOGIN_NAME_MAX" redefined
   30 | #define _POSIX_LOGIN_NAME_MAX               (9)
      |         ^~~~~~~~~~~~~~~~~~~~~
/scratch2/dima/zephyr-chipyard-sw-fresh/tools-manual/zephyr-sdk-1.0.0-beta1/gnu/riscv64-zephyr-elf/riscv64-zephyr-elf/sys-include/sys/syslimits.h:70:9: note: this is the location of the previous definition
   70 | #define _POSIX_LOGIN_NAME_MAX   9
      |         ^~~~~~~~~~~~~~~~~~~~~
/scratch2/agustin/zephyr-chipyard-sw/zephyr_ws/zephyr/include/zephyr/posix/posix_limits.h:31:9: warning: "_POSIX_MAX_CANON" redefined
   31 | #define _POSIX_MAX_CANON                    (255)
      |         ^~~~~~~~~~~~~~~~
/scratch2/dima/zephyr-chipyard-sw-fresh/tools-manual/zephyr-sdk-1.0.0-beta1/gnu/riscv64-zephyr-elf/riscv64-zephyr-elf/sys-include/sys/syslimits.h:71:9: note: this is the location of the previous definition
   71 | #define _POSIX_MAX_CANON        255
      |         ^~~~~~~~~~~~~~~~
/scratch2/agustin/zephyr-chipyard-sw/zephyr_ws/zephyr/include/zephyr/posix/posix_limits.h:32:9: warning: "_POSIX_MAX_INPUT" redefined
   32 | #define _POSIX_MAX_INPUT                    (255)
      |         ^~~~~~~~~~~~~~~~
/scratch2/dima/zephyr-chipyard-sw-fresh/tools-manual/zephyr-sdk-1.0.0-beta1/gnu/riscv64-zephyr-elf/riscv64-zephyr-elf/sys-include/sys/syslimits.h:72:9: note: this is the location of the previous definition
   72 | #define _POSIX_MAX_INPUT        255
      |         ^~~~~~~~~~~~~~~~
/scratch2/agustin/zephyr-chipyard-sw/zephyr_ws/zephyr/include/zephyr/posix/posix_limits.h:33:9: warning: "_POSIX_MQ_OPEN_MAX" redefined
   33 | #define _POSIX_MQ_OPEN_MAX                  (8)
      |         ^~~~~~~~~~~~~~~~~~
/scratch2/dima/zephyr-chipyard-sw-fresh/tools-manual/zephyr-sdk-1.0.0-beta1/gnu/riscv64-zephyr-elf/riscv64-zephyr-elf/sys-include/sys/syslimits.h:73:9: note: this is the location of the previous definition
   73 | #define _POSIX_MQ_OPEN_MAX      8
      |         ^~~~~~~~~~~~~~~~~~
/scratch2/agustin/zephyr-chipyard-sw/zephyr_ws/zephyr/include/zephyr/posix/posix_limits.h:34:9: warning: "_POSIX_MQ_PRIO_MAX" redefined
   34 | #define _POSIX_MQ_PRIO_MAX                  (32)
      |         ^~~~~~~~~~~~~~~~~~
/scratch2/dima/zephyr-chipyard-sw-fresh/tools-manual/zephyr-sdk-1.0.0-beta1/gnu/riscv64-zephyr-elf/riscv64-zephyr-elf/sys-include/sys/syslimits.h:74:9: note: this is the location of the previous definition
   74 | #define _POSIX_MQ_PRIO_MAX      32
      |         ^~~~~~~~~~~~~~~~~~
/scratch2/agustin/zephyr-chipyard-sw/zephyr_ws/zephyr/include/zephyr/posix/posix_limits.h:35:9: warning: "_POSIX_NAME_MAX" redefined
   35 | #define _POSIX_NAME_MAX                     (14)
      |         ^~~~~~~~~~~~~~~
/scratch2/dima/zephyr-chipyard-sw-fresh/tools-manual/zephyr-sdk-1.0.0-beta1/gnu/riscv64-zephyr-elf/riscv64-zephyr-elf/sys-include/sys/syslimits.h:75:9: note: this is the location of the previous definition
   75 | #define _POSIX_NAME_MAX         14
      |         ^~~~~~~~~~~~~~~
/scratch2/agustin/zephyr-chipyard-sw/zephyr_ws/zephyr/include/zephyr/posix/posix_limits.h:36:9: warning: "_POSIX_NGROUPS_MAX" redefined
   36 | #define _POSIX_NGROUPS_MAX                  (8)
      |         ^~~~~~~~~~~~~~~~~~
/scratch2/dima/zephyr-chipyard-sw-fresh/tools-manual/zephyr-sdk-1.0.0-beta1/gnu/riscv64-zephyr-elf/riscv64-zephyr-elf/sys-include/sys/syslimits.h:76:9: note: this is the location of the previous definition
   76 | #define _POSIX_NGROUPS_MAX      0
      |         ^~~~~~~~~~~~~~~~~~
/scratch2/agustin/zephyr-chipyard-sw/zephyr_ws/zephyr/include/zephyr/posix/posix_limits.h:37:9: warning: "_POSIX_OPEN_MAX" redefined
   37 | #define _POSIX_OPEN_MAX                     (20)
      |         ^~~~~~~~~~~~~~~
/scratch2/dima/zephyr-chipyard-sw-fresh/tools-manual/zephyr-sdk-1.0.0-beta1/gnu/riscv64-zephyr-elf/riscv64-zephyr-elf/sys-include/sys/syslimits.h:77:9: note: this is the location of the previous definition
   77 | #define _POSIX_OPEN_MAX         16
      |         ^~~~~~~~~~~~~~~
/scratch2/agustin/zephyr-chipyard-sw/zephyr_ws/zephyr/include/zephyr/posix/posix_limits.h:38:9: warning: "_POSIX_PATH_MAX" redefined
   38 | #define _POSIX_PATH_MAX                     (256)
      |         ^~~~~~~~~~~~~~~
/scratch2/dima/zephyr-chipyard-sw-fresh/tools-manual/zephyr-sdk-1.0.0-beta1/gnu/riscv64-zephyr-elf/riscv64-zephyr-elf/sys-include/sys/syslimits.h:78:9: note: this is the location of the previous definition
   78 | #define _POSIX_PATH_MAX         255
      |         ^~~~~~~~~~~~~~~
/scratch2/agustin/zephyr-chipyard-sw/zephyr_ws/zephyr/include/zephyr/posix/posix_limits.h:39:9: warning: "_POSIX_PIPE_BUF" redefined
   39 | #define _POSIX_PIPE_BUF                     (512)
      |         ^~~~~~~~~~~~~~~
/scratch2/dima/zephyr-chipyard-sw-fresh/tools-manual/zephyr-sdk-1.0.0-beta1/gnu/riscv64-zephyr-elf/riscv64-zephyr-elf/sys-include/sys/syslimits.h:79:9: note: this is the location of the previous definition
   79 | #define _POSIX_PIPE_BUF         512
      |         ^~~~~~~~~~~~~~~
/scratch2/agustin/zephyr-chipyard-sw/zephyr_ws/zephyr/include/zephyr/posix/posix_limits.h:40:9: warning: "_POSIX_RE_DUP_MAX" redefined
   40 | #define _POSIX_RE_DUP_MAX                   (255)
      |         ^~~~~~~~~~~~~~~~~
/scratch2/dima/zephyr-chipyard-sw-fresh/tools-manual/zephyr-sdk-1.0.0-beta1/gnu/riscv64-zephyr-elf/riscv64-zephyr-elf/sys-include/sys/syslimits.h:80:9: note: this is the location of the previous definition
   80 | #define _POSIX_RE_DUP_MAX       255
      |         ^~~~~~~~~~~~~~~~~
/scratch2/agustin/zephyr-chipyard-sw/zephyr_ws/zephyr/include/zephyr/posix/posix_limits.h:41:9: warning: "_POSIX_RTSIG_MAX" redefined
   41 | #define _POSIX_RTSIG_MAX                    (8)
      |         ^~~~~~~~~~~~~~~~
/scratch2/dima/zephyr-chipyard-sw-fresh/tools-manual/zephyr-sdk-1.0.0-beta1/gnu/riscv64-zephyr-elf/riscv64-zephyr-elf/sys-include/sys/syslimits.h:81:9: note: this is the location of the previous definition
   81 | #define _POSIX_RTSIG_MAX        8
      |         ^~~~~~~~~~~~~~~~
/scratch2/agustin/zephyr-chipyard-sw/zephyr_ws/zephyr/include/zephyr/posix/posix_limits.h:42:9: warning: "_POSIX_SEM_NSEMS_MAX" redefined
   42 | #define _POSIX_SEM_NSEMS_MAX                (256)
      |         ^~~~~~~~~~~~~~~~~~~~
/scratch2/dima/zephyr-chipyard-sw-fresh/tools-manual/zephyr-sdk-1.0.0-beta1/gnu/riscv64-zephyr-elf/riscv64-zephyr-elf/sys-include/sys/syslimits.h:82:9: note: this is the location of the previous definition
   82 | #define _POSIX_SEM_NSEMS_MAX    256
      |         ^~~~~~~~~~~~~~~~~~~~
/scratch2/agustin/zephyr-chipyard-sw/zephyr_ws/zephyr/include/zephyr/posix/posix_limits.h:43:9: warning: "_POSIX_SEM_VALUE_MAX" redefined
   43 | #define _POSIX_SEM_VALUE_MAX                (32767)
      |         ^~~~~~~~~~~~~~~~~~~~
/scratch2/dima/zephyr-chipyard-sw-fresh/tools-manual/zephyr-sdk-1.0.0-beta1/gnu/riscv64-zephyr-elf/riscv64-zephyr-elf/sys-include/sys/syslimits.h:83:9: note: this is the location of the previous definition
   83 | #define _POSIX_SEM_VALUE_MAX    32767
      |         ^~~~~~~~~~~~~~~~~~~~
/scratch2/agustin/zephyr-chipyard-sw/zephyr_ws/zephyr/include/zephyr/posix/posix_limits.h:44:9: warning: "_POSIX_SIGQUEUE_MAX" redefined
   44 | #define _POSIX_SIGQUEUE_MAX                 (32)
      |         ^~~~~~~~~~~~~~~~~~~
/scratch2/dima/zephyr-chipyard-sw-fresh/tools-manual/zephyr-sdk-1.0.0-beta1/gnu/riscv64-zephyr-elf/riscv64-zephyr-elf/sys-include/sys/syslimits.h:84:9: note: this is the location of the previous definition
   84 | #define _POSIX_SIGQUEUE_MAX     32
      |         ^~~~~~~~~~~~~~~~~~~
/scratch2/agustin/zephyr-chipyard-sw/zephyr_ws/zephyr/include/zephyr/posix/posix_limits.h:45:9: warning: "_POSIX_SSIZE_MAX" redefined
   45 | #define _POSIX_SSIZE_MAX                    (32767)
      |         ^~~~~~~~~~~~~~~~
/scratch2/dima/zephyr-chipyard-sw-fresh/tools-manual/zephyr-sdk-1.0.0-beta1/gnu/riscv64-zephyr-elf/riscv64-zephyr-elf/sys-include/sys/syslimits.h:85:9: note: this is the location of the previous definition
   85 | #define _POSIX_SSIZE_MAX        32767
      |         ^~~~~~~~~~~~~~~~
/scratch2/agustin/zephyr-chipyard-sw/zephyr_ws/zephyr/include/zephyr/posix/posix_limits.h:46:9: warning: "_POSIX_SS_REPL_MAX" redefined
   46 | #define _POSIX_SS_REPL_MAX                  (4)
      |         ^~~~~~~~~~~~~~~~~~
/scratch2/dima/zephyr-chipyard-sw-fresh/tools-manual/zephyr-sdk-1.0.0-beta1/gnu/riscv64-zephyr-elf/riscv64-zephyr-elf/sys-include/sys/syslimits.h:86:9: note: this is the location of the previous definition
   86 | #define _POSIX_SS_REPL_MAX      4
      |         ^~~~~~~~~~~~~~~~~~
/scratch2/agustin/zephyr-chipyard-sw/zephyr_ws/zephyr/include/zephyr/posix/posix_limits.h:47:9: warning: "_POSIX_STREAM_MAX" redefined
   47 | #define _POSIX_STREAM_MAX                   (8)
      |         ^~~~~~~~~~~~~~~~~
/scratch2/dima/zephyr-chipyard-sw-fresh/tools-manual/zephyr-sdk-1.0.0-beta1/gnu/riscv64-zephyr-elf/riscv64-zephyr-elf/sys-include/sys/syslimits.h:87:9: note: this is the location of the previous definition
   87 | #define _POSIX_STREAM_MAX       8
      |         ^~~~~~~~~~~~~~~~~
/scratch2/agustin/zephyr-chipyard-sw/zephyr_ws/zephyr/include/zephyr/posix/posix_limits.h:48:9: warning: "_POSIX_SYMLINK_MAX" redefined
   48 | #define _POSIX_SYMLINK_MAX                  (255)
      |         ^~~~~~~~~~~~~~~~~~
/scratch2/dima/zephyr-chipyard-sw-fresh/tools-manual/zephyr-sdk-1.0.0-beta1/gnu/riscv64-zephyr-elf/riscv64-zephyr-elf/sys-include/sys/syslimits.h:88:9: note: this is the location of the previous definition
   88 | #define _POSIX_SYMLINK_MAX      255
      |         ^~~~~~~~~~~~~~~~~~
/scratch2/agustin/zephyr-chipyard-sw/zephyr_ws/zephyr/include/zephyr/posix/posix_limits.h:49:9: warning: "_POSIX_SYMLOOP_MAX" redefined
   49 | #define _POSIX_SYMLOOP_MAX                  (8)
      |         ^~~~~~~~~~~~~~~~~~
/scratch2/dima/zephyr-chipyard-sw-fresh/tools-manual/zephyr-sdk-1.0.0-beta1/gnu/riscv64-zephyr-elf/riscv64-zephyr-elf/sys-include/sys/syslimits.h:89:9: note: this is the location of the previous definition
   89 | #define _POSIX_SYMLOOP_MAX      8
      |         ^~~~~~~~~~~~~~~~~~
/scratch2/agustin/zephyr-chipyard-sw/zephyr_ws/zephyr/include/zephyr/posix/posix_limits.h:50:9: warning: "_POSIX_THREAD_DESTRUCTOR_ITERATIONS" redefined
   50 | #define _POSIX_THREAD_DESTRUCTOR_ITERATIONS (4)
      |         ^~~~~~~~~~~~~~~~~~~~~~~~~~~~~~~~~~~
/scratch2/dima/zephyr-chipyard-sw-fresh/tools-manual/zephyr-sdk-1.0.0-beta1/gnu/riscv64-zephyr-elf/riscv64-zephyr-elf/sys-include/sys/syslimits.h:90:9: note: this is the location of the previous definition
   90 | #define _POSIX_THREAD_DESTRUCTOR_ITERATIONS     4
      |         ^~~~~~~~~~~~~~~~~~~~~~~~~~~~~~~~~~~
/scratch2/agustin/zephyr-chipyard-sw/zephyr_ws/zephyr/include/zephyr/posix/posix_limits.h:51:9: warning: "_POSIX_THREAD_KEYS_MAX" redefined
   51 | #define _POSIX_THREAD_KEYS_MAX              (128)
      |         ^~~~~~~~~~~~~~~~~~~~~~
/scratch2/dima/zephyr-chipyard-sw-fresh/tools-manual/zephyr-sdk-1.0.0-beta1/gnu/riscv64-zephyr-elf/riscv64-zephyr-elf/sys-include/sys/syslimits.h:91:9: note: this is the location of the previous definition
   91 | #define _POSIX_THREAD_KEYS_MAX  128
      |         ^~~~~~~~~~~~~~~~~~~~~~
/scratch2/agustin/zephyr-chipyard-sw/zephyr_ws/zephyr/include/zephyr/posix/posix_limits.h:52:9: warning: "_POSIX_THREAD_THREADS_MAX" redefined
   52 | #define _POSIX_THREAD_THREADS_MAX           (64)
      |         ^~~~~~~~~~~~~~~~~~~~~~~~~
/scratch2/dima/zephyr-chipyard-sw-fresh/tools-manual/zephyr-sdk-1.0.0-beta1/gnu/riscv64-zephyr-elf/riscv64-zephyr-elf/sys-include/sys/syslimits.h:92:9: note: this is the location of the previous definition
   92 | #define _POSIX_THREAD_THREADS_MAX       64
      |         ^~~~~~~~~~~~~~~~~~~~~~~~~
/scratch2/agustin/zephyr-chipyard-sw/zephyr_ws/zephyr/include/zephyr/posix/posix_limits.h:53:9: warning: "_POSIX_TIMER_MAX" redefined
   53 | #define _POSIX_TIMER_MAX                    (32)
      |         ^~~~~~~~~~~~~~~~
/scratch2/dima/zephyr-chipyard-sw-fresh/tools-manual/zephyr-sdk-1.0.0-beta1/gnu/riscv64-zephyr-elf/riscv64-zephyr-elf/sys-include/sys/syslimits.h:93:9: note: this is the location of the previous definition
   93 | #define _POSIX_TIMER_MAX        32
      |         ^~~~~~~~~~~~~~~~
/scratch2/agustin/zephyr-chipyard-sw/zephyr_ws/zephyr/include/zephyr/posix/posix_limits.h:54:9: warning: "_POSIX_TRACE_EVENT_NAME_MAX" redefined
   54 | #define _POSIX_TRACE_EVENT_NAME_MAX         (30)
      |         ^~~~~~~~~~~~~~~~~~~~~~~~~~~
/scratch2/dima/zephyr-chipyard-sw-fresh/tools-manual/zephyr-sdk-1.0.0-beta1/gnu/riscv64-zephyr-elf/riscv64-zephyr-elf/sys-include/sys/syslimits.h:94:9: note: this is the location of the previous definition
   94 | #define _POSIX_TRACE_EVENT_NAME_MAX     30
      |         ^~~~~~~~~~~~~~~~~~~~~~~~~~~
/scratch2/agustin/zephyr-chipyard-sw/zephyr_ws/zephyr/include/zephyr/posix/posix_limits.h:55:9: warning: "_POSIX_TRACE_NAME_MAX" redefined
   55 | #define _POSIX_TRACE_NAME_MAX               (8)
      |         ^~~~~~~~~~~~~~~~~~~~~
/scratch2/dima/zephyr-chipyard-sw-fresh/tools-manual/zephyr-sdk-1.0.0-beta1/gnu/riscv64-zephyr-elf/riscv64-zephyr-elf/sys-include/sys/syslimits.h:95:9: note: this is the location of the previous definition
   95 | #define _POSIX_TRACE_NAME_MAX   8
      |         ^~~~~~~~~~~~~~~~~~~~~
/scratch2/agustin/zephyr-chipyard-sw/zephyr_ws/zephyr/include/zephyr/posix/posix_limits.h:56:9: warning: "_POSIX_TRACE_SYS_MAX" redefined
   56 | #define _POSIX_TRACE_SYS_MAX                (8)
      |         ^~~~~~~~~~~~~~~~~~~~
/scratch2/dima/zephyr-chipyard-sw-fresh/tools-manual/zephyr-sdk-1.0.0-beta1/gnu/riscv64-zephyr-elf/riscv64-zephyr-elf/sys-include/sys/syslimits.h:96:9: note: this is the location of the previous definition
   96 | #define _POSIX_TRACE_SYS_MAX    8
      |         ^~~~~~~~~~~~~~~~~~~~
/scratch2/agustin/zephyr-chipyard-sw/zephyr_ws/zephyr/include/zephyr/posix/posix_limits.h:57:9: warning: "_POSIX_TRACE_USER_EVENT_MAX" redefined
   57 | #define _POSIX_TRACE_USER_EVENT_MAX         (32)
      |         ^~~~~~~~~~~~~~~~~~~~~~~~~~~
/scratch2/dima/zephyr-chipyard-sw-fresh/tools-manual/zephyr-sdk-1.0.0-beta1/gnu/riscv64-zephyr-elf/riscv64-zephyr-elf/sys-include/sys/syslimits.h:97:9: note: this is the location of the previous definition
   97 | #define _POSIX_TRACE_USER_EVENT_MAX     32
      |         ^~~~~~~~~~~~~~~~~~~~~~~~~~~
/scratch2/agustin/zephyr-chipyard-sw/zephyr_ws/zephyr/include/zephyr/posix/posix_limits.h:58:9: warning: "_POSIX_TTY_NAME_MAX" redefined
   58 | #define _POSIX_TTY_NAME_MAX                 (9)
      |         ^~~~~~~~~~~~~~~~~~~
/scratch2/dima/zephyr-chipyard-sw-fresh/tools-manual/zephyr-sdk-1.0.0-beta1/gnu/riscv64-zephyr-elf/riscv64-zephyr-elf/sys-include/sys/syslimits.h:98:9: note: this is the location of the previous definition
   98 | #define _POSIX_TTY_NAME_MAX     9
      |         ^~~~~~~~~~~~~~~~~~~
/scratch2/agustin/zephyr-chipyard-sw/zephyr_ws/zephyr/include/zephyr/posix/posix_limits.h:59:9: warning: "_POSIX_TZNAME_MAX" redefined
   59 | #define _POSIX_TZNAME_MAX                   (6)
      |         ^~~~~~~~~~~~~~~~~
/scratch2/dima/zephyr-chipyard-sw-fresh/tools-manual/zephyr-sdk-1.0.0-beta1/gnu/riscv64-zephyr-elf/riscv64-zephyr-elf/sys-include/sys/syslimits.h:99:9: note: this is the location of the previous definition
   99 | #define _POSIX_TZNAME_MAX       3
      |         ^~~~~~~~~~~~~~~~~
/scratch2/agustin/zephyr-chipyard-sw/zephyr_ws/zephyr/include/zephyr/posix/posix_limits.h:60:9: warning: "_POSIX2_BC_BASE_MAX" redefined
   60 | #define _POSIX2_BC_BASE_MAX                 (99)
      |         ^~~~~~~~~~~~~~~~~~~
/scratch2/dima/zephyr-chipyard-sw-fresh/tools-manual/zephyr-sdk-1.0.0-beta1/gnu/riscv64-zephyr-elf/riscv64-zephyr-elf/sys-include/sys/syslimits.h:100:9: note: this is the location of the previous definition
  100 | #define _POSIX2_BC_BASE_MAX     99
      |         ^~~~~~~~~~~~~~~~~~~
/scratch2/agustin/zephyr-chipyard-sw/zephyr_ws/zephyr/include/zephyr/posix/posix_limits.h:61:9: warning: "_POSIX2_BC_DIM_MAX" redefined
   61 | #define _POSIX2_BC_DIM_MAX                  (2048)
      |         ^~~~~~~~~~~~~~~~~~
/scratch2/dima/zephyr-chipyard-sw-fresh/tools-manual/zephyr-sdk-1.0.0-beta1/gnu/riscv64-zephyr-elf/riscv64-zephyr-elf/sys-include/sys/syslimits.h:101:9: note: this is the location of the previous definition
  101 | #define _POSIX2_BC_DIM_MAX      2048
      |         ^~~~~~~~~~~~~~~~~~
/scratch2/agustin/zephyr-chipyard-sw/zephyr_ws/zephyr/include/zephyr/posix/posix_limits.h:62:9: warning: "_POSIX2_BC_SCALE_MAX" redefined
   62 | #define _POSIX2_BC_SCALE_MAX                (99)
      |         ^~~~~~~~~~~~~~~~~~~~
/scratch2/dima/zephyr-chipyard-sw-fresh/tools-manual/zephyr-sdk-1.0.0-beta1/gnu/riscv64-zephyr-elf/riscv64-zephyr-elf/sys-include/sys/syslimits.h:102:9: note: this is the location of the previous definition
  102 | #define _POSIX2_BC_SCALE_MAX    99
      |         ^~~~~~~~~~~~~~~~~~~~
/scratch2/agustin/zephyr-chipyard-sw/zephyr_ws/zephyr/include/zephyr/posix/posix_limits.h:63:9: warning: "_POSIX2_BC_STRING_MAX" redefined
   63 | #define _POSIX2_BC_STRING_MAX               (1000)
      |         ^~~~~~~~~~~~~~~~~~~~~
/scratch2/dima/zephyr-chipyard-sw-fresh/tools-manual/zephyr-sdk-1.0.0-beta1/gnu/riscv64-zephyr-elf/riscv64-zephyr-elf/sys-include/sys/syslimits.h:103:9: note: this is the location of the previous definition
  103 | #define _POSIX2_BC_STRING_MAX   1000
      |         ^~~~~~~~~~~~~~~~~~~~~
/scratch2/agustin/zephyr-chipyard-sw/zephyr_ws/zephyr/include/zephyr/posix/posix_limits.h:64:9: warning: "_POSIX2_CHARCLASS_NAME_MAX" redefined
   64 | #define _POSIX2_CHARCLASS_NAME_MAX          (14)
      |         ^~~~~~~~~~~~~~~~~~~~~~~~~~
/scratch2/dima/zephyr-chipyard-sw-fresh/tools-manual/zephyr-sdk-1.0.0-beta1/gnu/riscv64-zephyr-elf/riscv64-zephyr-elf/sys-include/sys/syslimits.h:104:9: note: this is the location of the previous definition
  104 | #define _POSIX2_CHARCLASS_NAME_MAX      14
      |         ^~~~~~~~~~~~~~~~~~~~~~~~~~
/scratch2/agustin/zephyr-chipyard-sw/zephyr_ws/zephyr/include/zephyr/posix/posix_limits.h:65:9: warning: "_POSIX2_COLL_WEIGHTS_MAX" redefined
   65 | #define _POSIX2_COLL_WEIGHTS_MAX            (2)
      |         ^~~~~~~~~~~~~~~~~~~~~~~~
/scratch2/dima/zephyr-chipyard-sw-fresh/tools-manual/zephyr-sdk-1.0.0-beta1/gnu/riscv64-zephyr-elf/riscv64-zephyr-elf/sys-include/sys/syslimits.h:105:9: note: this is the location of the previous definition
  105 | #define _POSIX2_COLL_WEIGHTS_MAX        2
      |         ^~~~~~~~~~~~~~~~~~~~~~~~
/scratch2/agustin/zephyr-chipyard-sw/zephyr_ws/zephyr/include/zephyr/posix/posix_limits.h:66:9: warning: "_POSIX2_EXPR_NEST_MAX" redefined
   66 | #define _POSIX2_EXPR_NEST_MAX               (32)
      |         ^~~~~~~~~~~~~~~~~~~~~
/scratch2/dima/zephyr-chipyard-sw-fresh/tools-manual/zephyr-sdk-1.0.0-beta1/gnu/riscv64-zephyr-elf/riscv64-zephyr-elf/sys-include/sys/syslimits.h:106:9: note: this is the location of the previous definition
  106 | #define _POSIX2_EXPR_NEST_MAX   32
      |         ^~~~~~~~~~~~~~~~~~~~~
/scratch2/agustin/zephyr-chipyard-sw/zephyr_ws/zephyr/include/zephyr/posix/posix_limits.h:67:9: warning: "_POSIX2_LINE_MAX" redefined
   67 | #define _POSIX2_LINE_MAX                    (2048)
      |         ^~~~~~~~~~~~~~~~
/scratch2/dima/zephyr-chipyard-sw-fresh/tools-manual/zephyr-sdk-1.0.0-beta1/gnu/riscv64-zephyr-elf/riscv64-zephyr-elf/sys-include/sys/syslimits.h:107:9: note: this is the location of the previous definition
  107 | #define _POSIX2_LINE_MAX        2048
      |         ^~~~~~~~~~~~~~~~
/scratch2/agustin/zephyr-chipyard-sw/zephyr_ws/zephyr/include/zephyr/posix/posix_limits.h:83:9: warning: "ARG_MAX" redefined
   83 | #define ARG_MAX                       _POSIX_ARG_MAX
      |         ^~~~~~~
/scratch2/dima/zephyr-chipyard-sw-fresh/tools-manual/zephyr-sdk-1.0.0-beta1/gnu/riscv64-zephyr-elf/riscv64-zephyr-elf/sys-include/sys/syslimits.h:41:9: note: this is the location of the previous definition
   41 | #define ARG_MAX                 65536   /* max bytes for an exec function */
      |         ^~~~~~~
/scratch2/agustin/zephyr-chipyard-sw/zephyr_ws/zephyr/include/zephyr/posix/posix_limits.h:84:9: warning: "ATEXIT_MAX" redefined
   84 | #define ATEXIT_MAX                    (32)
      |         ^~~~~~~~~~
/scratch2/dima/zephyr-chipyard-sw-fresh/tools-manual/zephyr-sdk-1.0.0-beta1/gnu/riscv64-zephyr-elf/riscv64-zephyr-elf/sys-include/sys/syslimits.h:42:9: note: this is the location of the previous definition
   42 | #define ATEXIT_MAX                 32   /* max atexit functions */
      |         ^~~~~~~~~~
/scratch2/agustin/zephyr-chipyard-sw/zephyr_ws/zephyr/include/zephyr/posix/posix_limits.h:93:9: warning: "OPEN_MAX" redefined
   93 | #define OPEN_MAX                      CONFIG_POSIX_OPEN_MAX
      |         ^~~~~~~~
/scratch2/dima/zephyr-chipyard-sw-fresh/tools-manual/zephyr-sdk-1.0.0-beta1/gnu/riscv64-zephyr-elf/riscv64-zephyr-elf/sys-include/sys/syslimits.h:45:9: note: this is the location of the previous definition
   45 | #define OPEN_MAX                   64   /* max open files per process */
      |         ^~~~~~~~
/scratch2/agustin/zephyr-chipyard-sw/zephyr_ws/zephyr/include/zephyr/posix/posix_limits.h:96:9: warning: "PATH_MAX" redefined
   96 | #define PATH_MAX                      _POSIX_PATH_MAX
      |         ^~~~~~~~
/scratch2/dima/zephyr-chipyard-sw-fresh/tools-manual/zephyr-sdk-1.0.0-beta1/gnu/riscv64-zephyr-elf/riscv64-zephyr-elf/sys-include/sys/syslimits.h:53:9: note: this is the location of the previous definition
   53 | #define PATH_MAX                 1024   /* max bytes in pathname */
      |         ^~~~~~~~
/scratch2/agustin/zephyr-chipyard-sw/zephyr_ws/zephyr/include/zephyr/posix/posix_limits.h:114:9: warning: "TZNAME_MAX" redefined
  114 | #define TZNAME_MAX                    _POSIX_TZNAME_MAX
      |         ^~~~~~~~~~
/scratch2/dima/zephyr-chipyard-sw-fresh/tools-manual/zephyr-sdk-1.0.0-beta1/gnu/riscv64-zephyr-elf/riscv64-zephyr-elf/sys-include/sys/syslimits.h:46:9: note: this is the location of the previous definition
   46 | #define TZNAME_MAX                 10   /* max time zone name length */
      |         ^~~~~~~~~~
[154/216] Building C object zephyr/lib/posix/options/CMakeFiles/lib__posix__options.dir/env_common.c.obj
[155/216] Building C object zephyr/lib/posix/options/CMakeFiles/lib__posix__options.dir/semaphore.c.obj
In file included from /scratch2/agustin/zephyr-chipyard-sw/zephyr_ws/zephyr/include/zephyr/posix/sys/sysconf.h:11,
                 from /scratch2/agustin/zephyr-chipyard-sw/zephyr_ws/zephyr/include/zephyr/posix/unistd.h:18,
                 from /scratch2/agustin/zephyr-chipyard-sw/zephyr_ws/zephyr/include/zephyr/posix/pthread.h:15,
                 from /scratch2/agustin/zephyr-chipyard-sw/zephyr_ws/zephyr/lib/posix/options/semaphore.c:14:
/scratch2/agustin/zephyr-chipyard-sw/zephyr_ws/zephyr/include/zephyr/posix/posix_limits.h:23:9: warning: "_POSIX_AIO_LISTIO_MAX" redefined
   23 | #define _POSIX_AIO_LISTIO_MAX               (2)
      |         ^~~~~~~~~~~~~~~~~~~~~
In file included from /scratch2/dima/zephyr-chipyard-sw-fresh/tools-manual/zephyr-sdk-1.0.0-beta1/gnu/riscv64-zephyr-elf/riscv64-zephyr-elf/sys-include/limits.h:6,
                 from /scratch2/dima/zephyr-chipyard-sw-fresh/tools-manual/zephyr-sdk-1.0.0-beta1/gnu/riscv64-zephyr-elf/lib/gcc/riscv64-zephyr-elf/14.3.0/include/limits.h:210,
                 from /scratch2/dima/zephyr-chipyard-sw-fresh/tools-manual/zephyr-sdk-1.0.0-beta1/gnu/riscv64-zephyr-elf/lib/gcc/riscv64-zephyr-elf/14.3.0/include/syslimits.h:7,
                 from /scratch2/dima/zephyr-chipyard-sw-fresh/tools-manual/zephyr-sdk-1.0.0-beta1/gnu/riscv64-zephyr-elf/lib/gcc/riscv64-zephyr-elf/14.3.0/include/limits.h:34,
                 from /scratch2/agustin/zephyr-chipyard-sw/zephyr_ws/zephyr/include/zephyr/sys/timeutil.h:25,
                 from /scratch2/agustin/zephyr-chipyard-sw/zephyr_ws/zephyr/lib/posix/options/posix_clock.h:17,
                 from /scratch2/agustin/zephyr-chipyard-sw/zephyr_ws/zephyr/lib/posix/options/semaphore.c:8:
/scratch2/dima/zephyr-chipyard-sw-fresh/tools-manual/zephyr-sdk-1.0.0-beta1/gnu/riscv64-zephyr-elf/riscv64-zephyr-elf/sys-include/sys/syslimits.h:63:9: note: this is the location of the previous definition
   63 | #define _POSIX_AIO_LISTIO_MAX   2
      |         ^~~~~~~~~~~~~~~~~~~~~
/scratch2/agustin/zephyr-chipyard-sw/zephyr_ws/zephyr/include/zephyr/posix/posix_limits.h:24:9: warning: "_POSIX_AIO_MAX" redefined
   24 | #define _POSIX_AIO_MAX                      (1)
      |         ^~~~~~~~~~~~~~
/scratch2/dima/zephyr-chipyard-sw-fresh/tools-manual/zephyr-sdk-1.0.0-beta1/gnu/riscv64-zephyr-elf/riscv64-zephyr-elf/sys-include/sys/syslimits.h:64:9: note: this is the location of the previous definition
   64 | #define _POSIX_AIO_MAX          1
      |         ^~~~~~~~~~~~~~
/scratch2/agustin/zephyr-chipyard-sw/zephyr_ws/zephyr/include/zephyr/posix/posix_limits.h:25:9: warning: "_POSIX_ARG_MAX" redefined
   25 | #define _POSIX_ARG_MAX                      (4096)
      |         ^~~~~~~~~~~~~~
/scratch2/dima/zephyr-chipyard-sw-fresh/tools-manual/zephyr-sdk-1.0.0-beta1/gnu/riscv64-zephyr-elf/riscv64-zephyr-elf/sys-include/sys/syslimits.h:65:9: note: this is the location of the previous definition
   65 | #define _POSIX_ARG_MAX          4096
      |         ^~~~~~~~~~~~~~
/scratch2/agustin/zephyr-chipyard-sw/zephyr_ws/zephyr/include/zephyr/posix/posix_limits.h:26:9: warning: "_POSIX_CHILD_MAX" redefined
   26 | #define _POSIX_CHILD_MAX                    (25)
      |         ^~~~~~~~~~~~~~~~
/scratch2/dima/zephyr-chipyard-sw-fresh/tools-manual/zephyr-sdk-1.0.0-beta1/gnu/riscv64-zephyr-elf/riscv64-zephyr-elf/sys-include/sys/syslimits.h:66:9: note: this is the location of the previous definition
   66 | #define _POSIX_CHILD_MAX        6
      |         ^~~~~~~~~~~~~~~~
/scratch2/agustin/zephyr-chipyard-sw/zephyr_ws/zephyr/include/zephyr/posix/posix_limits.h:27:9: warning: "_POSIX_DELAYTIMER_MAX" redefined
   27 | #define _POSIX_DELAYTIMER_MAX               (32)
      |         ^~~~~~~~~~~~~~~~~~~~~
/scratch2/dima/zephyr-chipyard-sw-fresh/tools-manual/zephyr-sdk-1.0.0-beta1/gnu/riscv64-zephyr-elf/riscv64-zephyr-elf/sys-include/sys/syslimits.h:67:9: note: this is the location of the previous definition
   67 | #define _POSIX_DELAYTIMER_MAX   32
      |         ^~~~~~~~~~~~~~~~~~~~~
/scratch2/agustin/zephyr-chipyard-sw/zephyr_ws/zephyr/include/zephyr/posix/posix_limits.h:28:9: warning: "_POSIX_HOST_NAME_MAX" redefined
   28 | #define _POSIX_HOST_NAME_MAX                (255)
      |         ^~~~~~~~~~~~~~~~~~~~
/scratch2/dima/zephyr-chipyard-sw-fresh/tools-manual/zephyr-sdk-1.0.0-beta1/gnu/riscv64-zephyr-elf/riscv64-zephyr-elf/sys-include/sys/syslimits.h:68:9: note: this is the location of the previous definition
   68 | #define _POSIX_HOST_NAME_MAX    255
      |         ^~~~~~~~~~~~~~~~~~~~
/scratch2/agustin/zephyr-chipyard-sw/zephyr_ws/zephyr/include/zephyr/posix/posix_limits.h:29:9: warning: "_POSIX_LINK_MAX" redefined
   29 | #define _POSIX_LINK_MAX                     (8)
      |         ^~~~~~~~~~~~~~~
/scratch2/dima/zephyr-chipyard-sw-fresh/tools-manual/zephyr-sdk-1.0.0-beta1/gnu/riscv64-zephyr-elf/riscv64-zephyr-elf/sys-include/sys/syslimits.h:69:9: note: this is the location of the previous definition
   69 | #define _POSIX_LINK_MAX         8
      |         ^~~~~~~~~~~~~~~
/scratch2/agustin/zephyr-chipyard-sw/zephyr_ws/zephyr/include/zephyr/posix/posix_limits.h:30:9: warning: "_POSIX_LOGIN_NAME_MAX" redefined
   30 | #define _POSIX_LOGIN_NAME_MAX               (9)
      |         ^~~~~~~~~~~~~~~~~~~~~
/scratch2/dima/zephyr-chipyard-sw-fresh/tools-manual/zephyr-sdk-1.0.0-beta1/gnu/riscv64-zephyr-elf/riscv64-zephyr-elf/sys-include/sys/syslimits.h:70:9: note: this is the location of the previous definition
   70 | #define _POSIX_LOGIN_NAME_MAX   9
      |         ^~~~~~~~~~~~~~~~~~~~~
/scratch2/agustin/zephyr-chipyard-sw/zephyr_ws/zephyr/include/zephyr/posix/posix_limits.h:31:9: warning: "_POSIX_MAX_CANON" redefined
   31 | #define _POSIX_MAX_CANON                    (255)
      |         ^~~~~~~~~~~~~~~~
/scratch2/dima/zephyr-chipyard-sw-fresh/tools-manual/zephyr-sdk-1.0.0-beta1/gnu/riscv64-zephyr-elf/riscv64-zephyr-elf/sys-include/sys/syslimits.h:71:9: note: this is the location of the previous definition
   71 | #define _POSIX_MAX_CANON        255
      |         ^~~~~~~~~~~~~~~~
/scratch2/agustin/zephyr-chipyard-sw/zephyr_ws/zephyr/include/zephyr/posix/posix_limits.h:32:9: warning: "_POSIX_MAX_INPUT" redefined
   32 | #define _POSIX_MAX_INPUT                    (255)
      |         ^~~~~~~~~~~~~~~~
/scratch2/dima/zephyr-chipyard-sw-fresh/tools-manual/zephyr-sdk-1.0.0-beta1/gnu/riscv64-zephyr-elf/riscv64-zephyr-elf/sys-include/sys/syslimits.h:72:9: note: this is the location of the previous definition
   72 | #define _POSIX_MAX_INPUT        255
      |         ^~~~~~~~~~~~~~~~
/scratch2/agustin/zephyr-chipyard-sw/zephyr_ws/zephyr/include/zephyr/posix/posix_limits.h:33:9: warning: "_POSIX_MQ_OPEN_MAX" redefined
   33 | #define _POSIX_MQ_OPEN_MAX                  (8)
      |         ^~~~~~~~~~~~~~~~~~
/scratch2/dima/zephyr-chipyard-sw-fresh/tools-manual/zephyr-sdk-1.0.0-beta1/gnu/riscv64-zephyr-elf/riscv64-zephyr-elf/sys-include/sys/syslimits.h:73:9: note: this is the location of the previous definition
   73 | #define _POSIX_MQ_OPEN_MAX      8
      |         ^~~~~~~~~~~~~~~~~~
/scratch2/agustin/zephyr-chipyard-sw/zephyr_ws/zephyr/include/zephyr/posix/posix_limits.h:34:9: warning: "_POSIX_MQ_PRIO_MAX" redefined
   34 | #define _POSIX_MQ_PRIO_MAX                  (32)
      |         ^~~~~~~~~~~~~~~~~~
/scratch2/dima/zephyr-chipyard-sw-fresh/tools-manual/zephyr-sdk-1.0.0-beta1/gnu/riscv64-zephyr-elf/riscv64-zephyr-elf/sys-include/sys/syslimits.h:74:9: note: this is the location of the previous definition
   74 | #define _POSIX_MQ_PRIO_MAX      32
      |         ^~~~~~~~~~~~~~~~~~
/scratch2/agustin/zephyr-chipyard-sw/zephyr_ws/zephyr/include/zephyr/posix/posix_limits.h:35:9: warning: "_POSIX_NAME_MAX" redefined
   35 | #define _POSIX_NAME_MAX                     (14)
      |         ^~~~~~~~~~~~~~~
/scratch2/dima/zephyr-chipyard-sw-fresh/tools-manual/zephyr-sdk-1.0.0-beta1/gnu/riscv64-zephyr-elf/riscv64-zephyr-elf/sys-include/sys/syslimits.h:75:9: note: this is the location of the previous definition
   75 | #define _POSIX_NAME_MAX         14
      |         ^~~~~~~~~~~~~~~
/scratch2/agustin/zephyr-chipyard-sw/zephyr_ws/zephyr/include/zephyr/posix/posix_limits.h:36:9: warning: "_POSIX_NGROUPS_MAX" redefined
   36 | #define _POSIX_NGROUPS_MAX                  (8)
      |         ^~~~~~~~~~~~~~~~~~
/scratch2/dima/zephyr-chipyard-sw-fresh/tools-manual/zephyr-sdk-1.0.0-beta1/gnu/riscv64-zephyr-elf/riscv64-zephyr-elf/sys-include/sys/syslimits.h:76:9: note: this is the location of the previous definition
   76 | #define _POSIX_NGROUPS_MAX      0
      |         ^~~~~~~~~~~~~~~~~~
/scratch2/agustin/zephyr-chipyard-sw/zephyr_ws/zephyr/include/zephyr/posix/posix_limits.h:37:9: warning: "_POSIX_OPEN_MAX" redefined
   37 | #define _POSIX_OPEN_MAX                     (20)
      |         ^~~~~~~~~~~~~~~
/scratch2/dima/zephyr-chipyard-sw-fresh/tools-manual/zephyr-sdk-1.0.0-beta1/gnu/riscv64-zephyr-elf/riscv64-zephyr-elf/sys-include/sys/syslimits.h:77:9: note: this is the location of the previous definition
   77 | #define _POSIX_OPEN_MAX         16
      |         ^~~~~~~~~~~~~~~
/scratch2/agustin/zephyr-chipyard-sw/zephyr_ws/zephyr/include/zephyr/posix/posix_limits.h:38:9: warning: "_POSIX_PATH_MAX" redefined
   38 | #define _POSIX_PATH_MAX                     (256)
      |         ^~~~~~~~~~~~~~~
/scratch2/dima/zephyr-chipyard-sw-fresh/tools-manual/zephyr-sdk-1.0.0-beta1/gnu/riscv64-zephyr-elf/riscv64-zephyr-elf/sys-include/sys/syslimits.h:78:9: note: this is the location of the previous definition
   78 | #define _POSIX_PATH_MAX         255
      |         ^~~~~~~~~~~~~~~
/scratch2/agustin/zephyr-chipyard-sw/zephyr_ws/zephyr/include/zephyr/posix/posix_limits.h:39:9: warning: "_POSIX_PIPE_BUF" redefined
   39 | #define _POSIX_PIPE_BUF                     (512)
      |         ^~~~~~~~~~~~~~~
/scratch2/dima/zephyr-chipyard-sw-fresh/tools-manual/zephyr-sdk-1.0.0-beta1/gnu/riscv64-zephyr-elf/riscv64-zephyr-elf/sys-include/sys/syslimits.h:79:9: note: this is the location of the previous definition
   79 | #define _POSIX_PIPE_BUF         512
      |         ^~~~~~~~~~~~~~~
/scratch2/agustin/zephyr-chipyard-sw/zephyr_ws/zephyr/include/zephyr/posix/posix_limits.h:40:9: warning: "_POSIX_RE_DUP_MAX" redefined
   40 | #define _POSIX_RE_DUP_MAX                   (255)
      |         ^~~~~~~~~~~~~~~~~
/scratch2/dima/zephyr-chipyard-sw-fresh/tools-manual/zephyr-sdk-1.0.0-beta1/gnu/riscv64-zephyr-elf/riscv64-zephyr-elf/sys-include/sys/syslimits.h:80:9: note: this is the location of the previous definition
   80 | #define _POSIX_RE_DUP_MAX       255
      |         ^~~~~~~~~~~~~~~~~
/scratch2/agustin/zephyr-chipyard-sw/zephyr_ws/zephyr/include/zephyr/posix/posix_limits.h:41:9: warning: "_POSIX_RTSIG_MAX" redefined
   41 | #define _POSIX_RTSIG_MAX                    (8)
      |         ^~~~~~~~~~~~~~~~
/scratch2/dima/zephyr-chipyard-sw-fresh/tools-manual/zephyr-sdk-1.0.0-beta1/gnu/riscv64-zephyr-elf/riscv64-zephyr-elf/sys-include/sys/syslimits.h:81:9: note: this is the location of the previous definition
   81 | #define _POSIX_RTSIG_MAX        8
      |         ^~~~~~~~~~~~~~~~
/scratch2/agustin/zephyr-chipyard-sw/zephyr_ws/zephyr/include/zephyr/posix/posix_limits.h:42:9: warning: "_POSIX_SEM_NSEMS_MAX" redefined
   42 | #define _POSIX_SEM_NSEMS_MAX                (256)
      |         ^~~~~~~~~~~~~~~~~~~~
/scratch2/dima/zephyr-chipyard-sw-fresh/tools-manual/zephyr-sdk-1.0.0-beta1/gnu/riscv64-zephyr-elf/riscv64-zephyr-elf/sys-include/sys/syslimits.h:82:9: note: this is the location of the previous definition
   82 | #define _POSIX_SEM_NSEMS_MAX    256
      |         ^~~~~~~~~~~~~~~~~~~~
/scratch2/agustin/zephyr-chipyard-sw/zephyr_ws/zephyr/include/zephyr/posix/posix_limits.h:43:9: warning: "_POSIX_SEM_VALUE_MAX" redefined
   43 | #define _POSIX_SEM_VALUE_MAX                (32767)
      |         ^~~~~~~~~~~~~~~~~~~~
/scratch2/dima/zephyr-chipyard-sw-fresh/tools-manual/zephyr-sdk-1.0.0-beta1/gnu/riscv64-zephyr-elf/riscv64-zephyr-elf/sys-include/sys/syslimits.h:83:9: note: this is the location of the previous definition
   83 | #define _POSIX_SEM_VALUE_MAX    32767
      |         ^~~~~~~~~~~~~~~~~~~~
/scratch2/agustin/zephyr-chipyard-sw/zephyr_ws/zephyr/include/zephyr/posix/posix_limits.h:44:9: warning: "_POSIX_SIGQUEUE_MAX" redefined
   44 | #define _POSIX_SIGQUEUE_MAX                 (32)
      |         ^~~~~~~~~~~~~~~~~~~
/scratch2/dima/zephyr-chipyard-sw-fresh/tools-manual/zephyr-sdk-1.0.0-beta1/gnu/riscv64-zephyr-elf/riscv64-zephyr-elf/sys-include/sys/syslimits.h:84:9: note: this is the location of the previous definition
   84 | #define _POSIX_SIGQUEUE_MAX     32
      |         ^~~~~~~~~~~~~~~~~~~
/scratch2/agustin/zephyr-chipyard-sw/zephyr_ws/zephyr/include/zephyr/posix/posix_limits.h:45:9: warning: "_POSIX_SSIZE_MAX" redefined
   45 | #define _POSIX_SSIZE_MAX                    (32767)
      |         ^~~~~~~~~~~~~~~~
/scratch2/dima/zephyr-chipyard-sw-fresh/tools-manual/zephyr-sdk-1.0.0-beta1/gnu/riscv64-zephyr-elf/riscv64-zephyr-elf/sys-include/sys/syslimits.h:85:9: note: this is the location of the previous definition
   85 | #define _POSIX_SSIZE_MAX        32767
      |         ^~~~~~~~~~~~~~~~
/scratch2/agustin/zephyr-chipyard-sw/zephyr_ws/zephyr/include/zephyr/posix/posix_limits.h:46:9: warning: "_POSIX_SS_REPL_MAX" redefined
   46 | #define _POSIX_SS_REPL_MAX                  (4)
      |         ^~~~~~~~~~~~~~~~~~
/scratch2/dima/zephyr-chipyard-sw-fresh/tools-manual/zephyr-sdk-1.0.0-beta1/gnu/riscv64-zephyr-elf/riscv64-zephyr-elf/sys-include/sys/syslimits.h:86:9: note: this is the location of the previous definition
   86 | #define _POSIX_SS_REPL_MAX      4
      |         ^~~~~~~~~~~~~~~~~~
/scratch2/agustin/zephyr-chipyard-sw/zephyr_ws/zephyr/include/zephyr/posix/posix_limits.h:47:9: warning: "_POSIX_STREAM_MAX" redefined
   47 | #define _POSIX_STREAM_MAX                   (8)
      |         ^~~~~~~~~~~~~~~~~
/scratch2/dima/zephyr-chipyard-sw-fresh/tools-manual/zephyr-sdk-1.0.0-beta1/gnu/riscv64-zephyr-elf/riscv64-zephyr-elf/sys-include/sys/syslimits.h:87:9: note: this is the location of the previous definition
   87 | #define _POSIX_STREAM_MAX       8
      |         ^~~~~~~~~~~~~~~~~
/scratch2/agustin/zephyr-chipyard-sw/zephyr_ws/zephyr/include/zephyr/posix/posix_limits.h:48:9: warning: "_POSIX_SYMLINK_MAX" redefined
   48 | #define _POSIX_SYMLINK_MAX                  (255)
      |         ^~~~~~~~~~~~~~~~~~
/scratch2/dima/zephyr-chipyard-sw-fresh/tools-manual/zephyr-sdk-1.0.0-beta1/gnu/riscv64-zephyr-elf/riscv64-zephyr-elf/sys-include/sys/syslimits.h:88:9: note: this is the location of the previous definition
   88 | #define _POSIX_SYMLINK_MAX      255
      |         ^~~~~~~~~~~~~~~~~~
/scratch2/agustin/zephyr-chipyard-sw/zephyr_ws/zephyr/include/zephyr/posix/posix_limits.h:49:9: warning: "_POSIX_SYMLOOP_MAX" redefined
   49 | #define _POSIX_SYMLOOP_MAX                  (8)
      |         ^~~~~~~~~~~~~~~~~~
/scratch2/dima/zephyr-chipyard-sw-fresh/tools-manual/zephyr-sdk-1.0.0-beta1/gnu/riscv64-zephyr-elf/riscv64-zephyr-elf/sys-include/sys/syslimits.h:89:9: note: this is the location of the previous definition
   89 | #define _POSIX_SYMLOOP_MAX      8
      |         ^~~~~~~~~~~~~~~~~~
/scratch2/agustin/zephyr-chipyard-sw/zephyr_ws/zephyr/include/zephyr/posix/posix_limits.h:50:9: warning: "_POSIX_THREAD_DESTRUCTOR_ITERATIONS" redefined
   50 | #define _POSIX_THREAD_DESTRUCTOR_ITERATIONS (4)
      |         ^~~~~~~~~~~~~~~~~~~~~~~~~~~~~~~~~~~
/scratch2/dima/zephyr-chipyard-sw-fresh/tools-manual/zephyr-sdk-1.0.0-beta1/gnu/riscv64-zephyr-elf/riscv64-zephyr-elf/sys-include/sys/syslimits.h:90:9: note: this is the location of the previous definition
   90 | #define _POSIX_THREAD_DESTRUCTOR_ITERATIONS     4
      |         ^~~~~~~~~~~~~~~~~~~~~~~~~~~~~~~~~~~
/scratch2/agustin/zephyr-chipyard-sw/zephyr_ws/zephyr/include/zephyr/posix/posix_limits.h:51:9: warning: "_POSIX_THREAD_KEYS_MAX" redefined
   51 | #define _POSIX_THREAD_KEYS_MAX              (128)
      |         ^~~~~~~~~~~~~~~~~~~~~~
/scratch2/dima/zephyr-chipyard-sw-fresh/tools-manual/zephyr-sdk-1.0.0-beta1/gnu/riscv64-zephyr-elf/riscv64-zephyr-elf/sys-include/sys/syslimits.h:91:9: note: this is the location of the previous definition
   91 | #define _POSIX_THREAD_KEYS_MAX  128
      |         ^~~~~~~~~~~~~~~~~~~~~~
/scratch2/agustin/zephyr-chipyard-sw/zephyr_ws/zephyr/include/zephyr/posix/posix_limits.h:52:9: warning: "_POSIX_THREAD_THREADS_MAX" redefined
   52 | #define _POSIX_THREAD_THREADS_MAX           (64)
      |         ^~~~~~~~~~~~~~~~~~~~~~~~~
/scratch2/dima/zephyr-chipyard-sw-fresh/tools-manual/zephyr-sdk-1.0.0-beta1/gnu/riscv64-zephyr-elf/riscv64-zephyr-elf/sys-include/sys/syslimits.h:92:9: note: this is the location of the previous definition
   92 | #define _POSIX_THREAD_THREADS_MAX       64
      |         ^~~~~~~~~~~~~~~~~~~~~~~~~
/scratch2/agustin/zephyr-chipyard-sw/zephyr_ws/zephyr/include/zephyr/posix/posix_limits.h:53:9: warning: "_POSIX_TIMER_MAX" redefined
   53 | #define _POSIX_TIMER_MAX                    (32)
      |         ^~~~~~~~~~~~~~~~
/scratch2/dima/zephyr-chipyard-sw-fresh/tools-manual/zephyr-sdk-1.0.0-beta1/gnu/riscv64-zephyr-elf/riscv64-zephyr-elf/sys-include/sys/syslimits.h:93:9: note: this is the location of the previous definition
   93 | #define _POSIX_TIMER_MAX        32
      |         ^~~~~~~~~~~~~~~~
/scratch2/agustin/zephyr-chipyard-sw/zephyr_ws/zephyr/include/zephyr/posix/posix_limits.h:54:9: warning: "_POSIX_TRACE_EVENT_NAME_MAX" redefined
   54 | #define _POSIX_TRACE_EVENT_NAME_MAX         (30)
      |         ^~~~~~~~~~~~~~~~~~~~~~~~~~~
/scratch2/dima/zephyr-chipyard-sw-fresh/tools-manual/zephyr-sdk-1.0.0-beta1/gnu/riscv64-zephyr-elf/riscv64-zephyr-elf/sys-include/sys/syslimits.h:94:9: note: this is the location of the previous definition
   94 | #define _POSIX_TRACE_EVENT_NAME_MAX     30
      |         ^~~~~~~~~~~~~~~~~~~~~~~~~~~
/scratch2/agustin/zephyr-chipyard-sw/zephyr_ws/zephyr/include/zephyr/posix/posix_limits.h:55:9: warning: "_POSIX_TRACE_NAME_MAX" redefined
   55 | #define _POSIX_TRACE_NAME_MAX               (8)
      |         ^~~~~~~~~~~~~~~~~~~~~
/scratch2/dima/zephyr-chipyard-sw-fresh/tools-manual/zephyr-sdk-1.0.0-beta1/gnu/riscv64-zephyr-elf/riscv64-zephyr-elf/sys-include/sys/syslimits.h:95:9: note: this is the location of the previous definition
   95 | #define _POSIX_TRACE_NAME_MAX   8
      |         ^~~~~~~~~~~~~~~~~~~~~
/scratch2/agustin/zephyr-chipyard-sw/zephyr_ws/zephyr/include/zephyr/posix/posix_limits.h:56:9: warning: "_POSIX_TRACE_SYS_MAX" redefined
   56 | #define _POSIX_TRACE_SYS_MAX                (8)
      |         ^~~~~~~~~~~~~~~~~~~~
/scratch2/dima/zephyr-chipyard-sw-fresh/tools-manual/zephyr-sdk-1.0.0-beta1/gnu/riscv64-zephyr-elf/riscv64-zephyr-elf/sys-include/sys/syslimits.h:96:9: note: this is the location of the previous definition
   96 | #define _POSIX_TRACE_SYS_MAX    8
      |         ^~~~~~~~~~~~~~~~~~~~
/scratch2/agustin/zephyr-chipyard-sw/zephyr_ws/zephyr/include/zephyr/posix/posix_limits.h:57:9: warning: "_POSIX_TRACE_USER_EVENT_MAX" redefined
   57 | #define _POSIX_TRACE_USER_EVENT_MAX         (32)
      |         ^~~~~~~~~~~~~~~~~~~~~~~~~~~
/scratch2/dima/zephyr-chipyard-sw-fresh/tools-manual/zephyr-sdk-1.0.0-beta1/gnu/riscv64-zephyr-elf/riscv64-zephyr-elf/sys-include/sys/syslimits.h:97:9: note: this is the location of the previous definition
   97 | #define _POSIX_TRACE_USER_EVENT_MAX     32
      |         ^~~~~~~~~~~~~~~~~~~~~~~~~~~
/scratch2/agustin/zephyr-chipyard-sw/zephyr_ws/zephyr/include/zephyr/posix/posix_limits.h:58:9: warning: "_POSIX_TTY_NAME_MAX" redefined
   58 | #define _POSIX_TTY_NAME_MAX                 (9)
      |         ^~~~~~~~~~~~~~~~~~~
/scratch2/dima/zephyr-chipyard-sw-fresh/tools-manual/zephyr-sdk-1.0.0-beta1/gnu/riscv64-zephyr-elf/riscv64-zephyr-elf/sys-include/sys/syslimits.h:98:9: note: this is the location of the previous definition
   98 | #define _POSIX_TTY_NAME_MAX     9
      |         ^~~~~~~~~~~~~~~~~~~
/scratch2/agustin/zephyr-chipyard-sw/zephyr_ws/zephyr/include/zephyr/posix/posix_limits.h:59:9: warning: "_POSIX_TZNAME_MAX" redefined
   59 | #define _POSIX_TZNAME_MAX                   (6)
      |         ^~~~~~~~~~~~~~~~~
/scratch2/dima/zephyr-chipyard-sw-fresh/tools-manual/zephyr-sdk-1.0.0-beta1/gnu/riscv64-zephyr-elf/riscv64-zephyr-elf/sys-include/sys/syslimits.h:99:9: note: this is the location of the previous definition
   99 | #define _POSIX_TZNAME_MAX       3
      |         ^~~~~~~~~~~~~~~~~
/scratch2/agustin/zephyr-chipyard-sw/zephyr_ws/zephyr/include/zephyr/posix/posix_limits.h:60:9: warning: "_POSIX2_BC_BASE_MAX" redefined
   60 | #define _POSIX2_BC_BASE_MAX                 (99)
      |         ^~~~~~~~~~~~~~~~~~~
/scratch2/dima/zephyr-chipyard-sw-fresh/tools-manual/zephyr-sdk-1.0.0-beta1/gnu/riscv64-zephyr-elf/riscv64-zephyr-elf/sys-include/sys/syslimits.h:100:9: note: this is the location of the previous definition
  100 | #define _POSIX2_BC_BASE_MAX     99
      |         ^~~~~~~~~~~~~~~~~~~
/scratch2/agustin/zephyr-chipyard-sw/zephyr_ws/zephyr/include/zephyr/posix/posix_limits.h:61:9: warning: "_POSIX2_BC_DIM_MAX" redefined
   61 | #define _POSIX2_BC_DIM_MAX                  (2048)
      |         ^~~~~~~~~~~~~~~~~~
/scratch2/dima/zephyr-chipyard-sw-fresh/tools-manual/zephyr-sdk-1.0.0-beta1/gnu/riscv64-zephyr-elf/riscv64-zephyr-elf/sys-include/sys/syslimits.h:101:9: note: this is the location of the previous definition
  101 | #define _POSIX2_BC_DIM_MAX      2048
      |         ^~~~~~~~~~~~~~~~~~
/scratch2/agustin/zephyr-chipyard-sw/zephyr_ws/zephyr/include/zephyr/posix/posix_limits.h:62:9: warning: "_POSIX2_BC_SCALE_MAX" redefined
   62 | #define _POSIX2_BC_SCALE_MAX                (99)
      |         ^~~~~~~~~~~~~~~~~~~~
/scratch2/dima/zephyr-chipyard-sw-fresh/tools-manual/zephyr-sdk-1.0.0-beta1/gnu/riscv64-zephyr-elf/riscv64-zephyr-elf/sys-include/sys/syslimits.h:102:9: note: this is the location of the previous definition
  102 | #define _POSIX2_BC_SCALE_MAX    99
      |         ^~~~~~~~~~~~~~~~~~~~
/scratch2/agustin/zephyr-chipyard-sw/zephyr_ws/zephyr/include/zephyr/posix/posix_limits.h:63:9: warning: "_POSIX2_BC_STRING_MAX" redefined
   63 | #define _POSIX2_BC_STRING_MAX               (1000)
      |         ^~~~~~~~~~~~~~~~~~~~~
/scratch2/dima/zephyr-chipyard-sw-fresh/tools-manual/zephyr-sdk-1.0.0-beta1/gnu/riscv64-zephyr-elf/riscv64-zephyr-elf/sys-include/sys/syslimits.h:103:9: note: this is the location of the previous definition
  103 | #define _POSIX2_BC_STRING_MAX   1000
      |         ^~~~~~~~~~~~~~~~~~~~~
/scratch2/agustin/zephyr-chipyard-sw/zephyr_ws/zephyr/include/zephyr/posix/posix_limits.h:64:9: warning: "_POSIX2_CHARCLASS_NAME_MAX" redefined
   64 | #define _POSIX2_CHARCLASS_NAME_MAX          (14)
      |         ^~~~~~~~~~~~~~~~~~~~~~~~~~
/scratch2/dima/zephyr-chipyard-sw-fresh/tools-manual/zephyr-sdk-1.0.0-beta1/gnu/riscv64-zephyr-elf/riscv64-zephyr-elf/sys-include/sys/syslimits.h:104:9: note: this is the location of the previous definition
  104 | #define _POSIX2_CHARCLASS_NAME_MAX      14
      |         ^~~~~~~~~~~~~~~~~~~~~~~~~~
/scratch2/agustin/zephyr-chipyard-sw/zephyr_ws/zephyr/include/zephyr/posix/posix_limits.h:65:9: warning: "_POSIX2_COLL_WEIGHTS_MAX" redefined
   65 | #define _POSIX2_COLL_WEIGHTS_MAX            (2)
      |         ^~~~~~~~~~~~~~~~~~~~~~~~
/scratch2/dima/zephyr-chipyard-sw-fresh/tools-manual/zephyr-sdk-1.0.0-beta1/gnu/riscv64-zephyr-elf/riscv64-zephyr-elf/sys-include/sys/syslimits.h:105:9: note: this is the location of the previous definition
  105 | #define _POSIX2_COLL_WEIGHTS_MAX        2
      |         ^~~~~~~~~~~~~~~~~~~~~~~~
/scratch2/agustin/zephyr-chipyard-sw/zephyr_ws/zephyr/include/zephyr/posix/posix_limits.h:66:9: warning: "_POSIX2_EXPR_NEST_MAX" redefined
   66 | #define _POSIX2_EXPR_NEST_MAX               (32)
      |         ^~~~~~~~~~~~~~~~~~~~~
/scratch2/dima/zephyr-chipyard-sw-fresh/tools-manual/zephyr-sdk-1.0.0-beta1/gnu/riscv64-zephyr-elf/riscv64-zephyr-elf/sys-include/sys/syslimits.h:106:9: note: this is the location of the previous definition
  106 | #define _POSIX2_EXPR_NEST_MAX   32
      |         ^~~~~~~~~~~~~~~~~~~~~
/scratch2/agustin/zephyr-chipyard-sw/zephyr_ws/zephyr/include/zephyr/posix/posix_limits.h:67:9: warning: "_POSIX2_LINE_MAX" redefined
   67 | #define _POSIX2_LINE_MAX                    (2048)
      |         ^~~~~~~~~~~~~~~~
/scratch2/dima/zephyr-chipyard-sw-fresh/tools-manual/zephyr-sdk-1.0.0-beta1/gnu/riscv64-zephyr-elf/riscv64-zephyr-elf/sys-include/sys/syslimits.h:107:9: note: this is the location of the previous definition
  107 | #define _POSIX2_LINE_MAX        2048
      |         ^~~~~~~~~~~~~~~~
/scratch2/agustin/zephyr-chipyard-sw/zephyr_ws/zephyr/include/zephyr/posix/posix_limits.h:83:9: warning: "ARG_MAX" redefined
   83 | #define ARG_MAX                       _POSIX_ARG_MAX
      |         ^~~~~~~
/scratch2/dima/zephyr-chipyard-sw-fresh/tools-manual/zephyr-sdk-1.0.0-beta1/gnu/riscv64-zephyr-elf/riscv64-zephyr-elf/sys-include/sys/syslimits.h:41:9: note: this is the location of the previous definition
   41 | #define ARG_MAX                 65536   /* max bytes for an exec function */
      |         ^~~~~~~
/scratch2/agustin/zephyr-chipyard-sw/zephyr_ws/zephyr/include/zephyr/posix/posix_limits.h:84:9: warning: "ATEXIT_MAX" redefined
   84 | #define ATEXIT_MAX                    (32)
      |         ^~~~~~~~~~
/scratch2/dima/zephyr-chipyard-sw-fresh/tools-manual/zephyr-sdk-1.0.0-beta1/gnu/riscv64-zephyr-elf/riscv64-zephyr-elf/sys-include/sys/syslimits.h:42:9: note: this is the location of the previous definition
   42 | #define ATEXIT_MAX                 32   /* max atexit functions */
      |         ^~~~~~~~~~
/scratch2/agustin/zephyr-chipyard-sw/zephyr_ws/zephyr/include/zephyr/posix/posix_limits.h:93:9: warning: "OPEN_MAX" redefined
   93 | #define OPEN_MAX                      CONFIG_POSIX_OPEN_MAX
      |         ^~~~~~~~
/scratch2/dima/zephyr-chipyard-sw-fresh/tools-manual/zephyr-sdk-1.0.0-beta1/gnu/riscv64-zephyr-elf/riscv64-zephyr-elf/sys-include/sys/syslimits.h:45:9: note: this is the location of the previous definition
   45 | #define OPEN_MAX                   64   /* max open files per process */
      |         ^~~~~~~~
/scratch2/agustin/zephyr-chipyard-sw/zephyr_ws/zephyr/include/zephyr/posix/posix_limits.h:96:9: warning: "PATH_MAX" redefined
   96 | #define PATH_MAX                      _POSIX_PATH_MAX
      |         ^~~~~~~~
/scratch2/dima/zephyr-chipyard-sw-fresh/tools-manual/zephyr-sdk-1.0.0-beta1/gnu/riscv64-zephyr-elf/riscv64-zephyr-elf/sys-include/sys/syslimits.h:53:9: note: this is the location of the previous definition
   53 | #define PATH_MAX                 1024   /* max bytes in pathname */
      |         ^~~~~~~~
/scratch2/agustin/zephyr-chipyard-sw/zephyr_ws/zephyr/include/zephyr/posix/posix_limits.h:114:9: warning: "TZNAME_MAX" redefined
  114 | #define TZNAME_MAX                    _POSIX_TZNAME_MAX
      |         ^~~~~~~~~~
/scratch2/dima/zephyr-chipyard-sw-fresh/tools-manual/zephyr-sdk-1.0.0-beta1/gnu/riscv64-zephyr-elf/riscv64-zephyr-elf/sys-include/sys/syslimits.h:46:9: note: this is the location of the previous definition
   46 | #define TZNAME_MAX                 10   /* max time zone name length */
      |         ^~~~~~~~~~
[156/216] Building C object zephyr/lib/posix/options/CMakeFiles/lib__posix__options.dir/timer.c.obj
In file included from /scratch2/agustin/zephyr-chipyard-sw/zephyr_ws/zephyr/include/zephyr/posix/sys/sysconf.h:11,
                 from /scratch2/agustin/zephyr-chipyard-sw/zephyr_ws/zephyr/include/zephyr/posix/unistd.h:18,
                 from /scratch2/agustin/zephyr-chipyard-sw/zephyr_ws/zephyr/include/zephyr/posix/pthread.h:15,
                 from /scratch2/agustin/zephyr-chipyard-sw/zephyr_ws/zephyr/lib/posix/options/timer.c:19:
/scratch2/agustin/zephyr-chipyard-sw/zephyr_ws/zephyr/include/zephyr/posix/posix_limits.h:23:9: warning: "_POSIX_AIO_LISTIO_MAX" redefined
   23 | #define _POSIX_AIO_LISTIO_MAX               (2)
      |         ^~~~~~~~~~~~~~~~~~~~~
In file included from /scratch2/dima/zephyr-chipyard-sw-fresh/tools-manual/zephyr-sdk-1.0.0-beta1/gnu/riscv64-zephyr-elf/riscv64-zephyr-elf/sys-include/limits.h:6,
                 from /scratch2/dima/zephyr-chipyard-sw-fresh/tools-manual/zephyr-sdk-1.0.0-beta1/gnu/riscv64-zephyr-elf/lib/gcc/riscv64-zephyr-elf/14.3.0/include/limits.h:210,
                 from /scratch2/dima/zephyr-chipyard-sw-fresh/tools-manual/zephyr-sdk-1.0.0-beta1/gnu/riscv64-zephyr-elf/lib/gcc/riscv64-zephyr-elf/14.3.0/include/syslimits.h:7,
                 from /scratch2/dima/zephyr-chipyard-sw-fresh/tools-manual/zephyr-sdk-1.0.0-beta1/gnu/riscv64-zephyr-elf/lib/gcc/riscv64-zephyr-elf/14.3.0/include/limits.h:34,
                 from /scratch2/agustin/zephyr-chipyard-sw/zephyr_ws/zephyr/include/zephyr/sys/timeutil.h:25,
                 from /scratch2/agustin/zephyr-chipyard-sw/zephyr_ws/zephyr/lib/posix/options/posix_clock.h:17,
                 from /scratch2/agustin/zephyr-chipyard-sw/zephyr_ws/zephyr/lib/posix/options/timer.c:11:
/scratch2/dima/zephyr-chipyard-sw-fresh/tools-manual/zephyr-sdk-1.0.0-beta1/gnu/riscv64-zephyr-elf/riscv64-zephyr-elf/sys-include/sys/syslimits.h:63:9: note: this is the location of the previous definition
   63 | #define _POSIX_AIO_LISTIO_MAX   2
      |         ^~~~~~~~~~~~~~~~~~~~~
/scratch2/agustin/zephyr-chipyard-sw/zephyr_ws/zephyr/include/zephyr/posix/posix_limits.h:24:9: warning: "_POSIX_AIO_MAX" redefined
   24 | #define _POSIX_AIO_MAX                      (1)
      |         ^~~~~~~~~~~~~~
/scratch2/dima/zephyr-chipyard-sw-fresh/tools-manual/zephyr-sdk-1.0.0-beta1/gnu/riscv64-zephyr-elf/riscv64-zephyr-elf/sys-include/sys/syslimits.h:64:9: note: this is the location of the previous definition
   64 | #define _POSIX_AIO_MAX          1
      |         ^~~~~~~~~~~~~~
/scratch2/agustin/zephyr-chipyard-sw/zephyr_ws/zephyr/include/zephyr/posix/posix_limits.h:25:9: warning: "_POSIX_ARG_MAX" redefined
   25 | #define _POSIX_ARG_MAX                      (4096)
      |         ^~~~~~~~~~~~~~
/scratch2/dima/zephyr-chipyard-sw-fresh/tools-manual/zephyr-sdk-1.0.0-beta1/gnu/riscv64-zephyr-elf/riscv64-zephyr-elf/sys-include/sys/syslimits.h:65:9: note: this is the location of the previous definition
   65 | #define _POSIX_ARG_MAX          4096
      |         ^~~~~~~~~~~~~~
/scratch2/agustin/zephyr-chipyard-sw/zephyr_ws/zephyr/include/zephyr/posix/posix_limits.h:26:9: warning: "_POSIX_CHILD_MAX" redefined
   26 | #define _POSIX_CHILD_MAX                    (25)
      |         ^~~~~~~~~~~~~~~~
/scratch2/dima/zephyr-chipyard-sw-fresh/tools-manual/zephyr-sdk-1.0.0-beta1/gnu/riscv64-zephyr-elf/riscv64-zephyr-elf/sys-include/sys/syslimits.h:66:9: note: this is the location of the previous definition
   66 | #define _POSIX_CHILD_MAX        6
      |         ^~~~~~~~~~~~~~~~
/scratch2/agustin/zephyr-chipyard-sw/zephyr_ws/zephyr/include/zephyr/posix/posix_limits.h:27:9: warning: "_POSIX_DELAYTIMER_MAX" redefined
   27 | #define _POSIX_DELAYTIMER_MAX               (32)
      |         ^~~~~~~~~~~~~~~~~~~~~
/scratch2/dima/zephyr-chipyard-sw-fresh/tools-manual/zephyr-sdk-1.0.0-beta1/gnu/riscv64-zephyr-elf/riscv64-zephyr-elf/sys-include/sys/syslimits.h:67:9: note: this is the location of the previous definition
   67 | #define _POSIX_DELAYTIMER_MAX   32
      |         ^~~~~~~~~~~~~~~~~~~~~
/scratch2/agustin/zephyr-chipyard-sw/zephyr_ws/zephyr/include/zephyr/posix/posix_limits.h:28:9: warning: "_POSIX_HOST_NAME_MAX" redefined
   28 | #define _POSIX_HOST_NAME_MAX                (255)
      |         ^~~~~~~~~~~~~~~~~~~~
/scratch2/dima/zephyr-chipyard-sw-fresh/tools-manual/zephyr-sdk-1.0.0-beta1/gnu/riscv64-zephyr-elf/riscv64-zephyr-elf/sys-include/sys/syslimits.h:68:9: note: this is the location of the previous definition
   68 | #define _POSIX_HOST_NAME_MAX    255
      |         ^~~~~~~~~~~~~~~~~~~~
/scratch2/agustin/zephyr-chipyard-sw/zephyr_ws/zephyr/include/zephyr/posix/posix_limits.h:29:9: warning: "_POSIX_LINK_MAX" redefined
   29 | #define _POSIX_LINK_MAX                     (8)
      |         ^~~~~~~~~~~~~~~
/scratch2/dima/zephyr-chipyard-sw-fresh/tools-manual/zephyr-sdk-1.0.0-beta1/gnu/riscv64-zephyr-elf/riscv64-zephyr-elf/sys-include/sys/syslimits.h:69:9: note: this is the location of the previous definition
   69 | #define _POSIX_LINK_MAX         8
      |         ^~~~~~~~~~~~~~~
/scratch2/agustin/zephyr-chipyard-sw/zephyr_ws/zephyr/include/zephyr/posix/posix_limits.h:30:9: warning: "_POSIX_LOGIN_NAME_MAX" redefined
   30 | #define _POSIX_LOGIN_NAME_MAX               (9)
      |         ^~~~~~~~~~~~~~~~~~~~~
/scratch2/dima/zephyr-chipyard-sw-fresh/tools-manual/zephyr-sdk-1.0.0-beta1/gnu/riscv64-zephyr-elf/riscv64-zephyr-elf/sys-include/sys/syslimits.h:70:9: note: this is the location of the previous definition
   70 | #define _POSIX_LOGIN_NAME_MAX   9
      |         ^~~~~~~~~~~~~~~~~~~~~
/scratch2/agustin/zephyr-chipyard-sw/zephyr_ws/zephyr/include/zephyr/posix/posix_limits.h:31:9: warning: "_POSIX_MAX_CANON" redefined
   31 | #define _POSIX_MAX_CANON                    (255)
      |         ^~~~~~~~~~~~~~~~
/scratch2/dima/zephyr-chipyard-sw-fresh/tools-manual/zephyr-sdk-1.0.0-beta1/gnu/riscv64-zephyr-elf/riscv64-zephyr-elf/sys-include/sys/syslimits.h:71:9: note: this is the location of the previous definition
   71 | #define _POSIX_MAX_CANON        255
      |         ^~~~~~~~~~~~~~~~
/scratch2/agustin/zephyr-chipyard-sw/zephyr_ws/zephyr/include/zephyr/posix/posix_limits.h:32:9: warning: "_POSIX_MAX_INPUT" redefined
   32 | #define _POSIX_MAX_INPUT                    (255)
      |         ^~~~~~~~~~~~~~~~
/scratch2/dima/zephyr-chipyard-sw-fresh/tools-manual/zephyr-sdk-1.0.0-beta1/gnu/riscv64-zephyr-elf/riscv64-zephyr-elf/sys-include/sys/syslimits.h:72:9: note: this is the location of the previous definition
   72 | #define _POSIX_MAX_INPUT        255
      |         ^~~~~~~~~~~~~~~~
/scratch2/agustin/zephyr-chipyard-sw/zephyr_ws/zephyr/include/zephyr/posix/posix_limits.h:33:9: warning: "_POSIX_MQ_OPEN_MAX" redefined
   33 | #define _POSIX_MQ_OPEN_MAX                  (8)
      |         ^~~~~~~~~~~~~~~~~~
/scratch2/dima/zephyr-chipyard-sw-fresh/tools-manual/zephyr-sdk-1.0.0-beta1/gnu/riscv64-zephyr-elf/riscv64-zephyr-elf/sys-include/sys/syslimits.h:73:9: note: this is the location of the previous definition
   73 | #define _POSIX_MQ_OPEN_MAX      8
      |         ^~~~~~~~~~~~~~~~~~
/scratch2/agustin/zephyr-chipyard-sw/zephyr_ws/zephyr/include/zephyr/posix/posix_limits.h:34:9: warning: "_POSIX_MQ_PRIO_MAX" redefined
   34 | #define _POSIX_MQ_PRIO_MAX                  (32)
      |         ^~~~~~~~~~~~~~~~~~
/scratch2/dima/zephyr-chipyard-sw-fresh/tools-manual/zephyr-sdk-1.0.0-beta1/gnu/riscv64-zephyr-elf/riscv64-zephyr-elf/sys-include/sys/syslimits.h:74:9: note: this is the location of the previous definition
   74 | #define _POSIX_MQ_PRIO_MAX      32
      |         ^~~~~~~~~~~~~~~~~~
/scratch2/agustin/zephyr-chipyard-sw/zephyr_ws/zephyr/include/zephyr/posix/posix_limits.h:35:9: warning: "_POSIX_NAME_MAX" redefined
   35 | #define _POSIX_NAME_MAX                     (14)
      |         ^~~~~~~~~~~~~~~
/scratch2/dima/zephyr-chipyard-sw-fresh/tools-manual/zephyr-sdk-1.0.0-beta1/gnu/riscv64-zephyr-elf/riscv64-zephyr-elf/sys-include/sys/syslimits.h:75:9: note: this is the location of the previous definition
   75 | #define _POSIX_NAME_MAX         14
      |         ^~~~~~~~~~~~~~~
/scratch2/agustin/zephyr-chipyard-sw/zephyr_ws/zephyr/include/zephyr/posix/posix_limits.h:36:9: warning: "_POSIX_NGROUPS_MAX" redefined
   36 | #define _POSIX_NGROUPS_MAX                  (8)
      |         ^~~~~~~~~~~~~~~~~~
/scratch2/dima/zephyr-chipyard-sw-fresh/tools-manual/zephyr-sdk-1.0.0-beta1/gnu/riscv64-zephyr-elf/riscv64-zephyr-elf/sys-include/sys/syslimits.h:76:9: note: this is the location of the previous definition
   76 | #define _POSIX_NGROUPS_MAX      0
      |         ^~~~~~~~~~~~~~~~~~
/scratch2/agustin/zephyr-chipyard-sw/zephyr_ws/zephyr/include/zephyr/posix/posix_limits.h:37:9: warning: "_POSIX_OPEN_MAX" redefined
   37 | #define _POSIX_OPEN_MAX                     (20)
      |         ^~~~~~~~~~~~~~~
/scratch2/dima/zephyr-chipyard-sw-fresh/tools-manual/zephyr-sdk-1.0.0-beta1/gnu/riscv64-zephyr-elf/riscv64-zephyr-elf/sys-include/sys/syslimits.h:77:9: note: this is the location of the previous definition
   77 | #define _POSIX_OPEN_MAX         16
      |         ^~~~~~~~~~~~~~~
/scratch2/agustin/zephyr-chipyard-sw/zephyr_ws/zephyr/include/zephyr/posix/posix_limits.h:38:9: warning: "_POSIX_PATH_MAX" redefined
   38 | #define _POSIX_PATH_MAX                     (256)
      |         ^~~~~~~~~~~~~~~
/scratch2/dima/zephyr-chipyard-sw-fresh/tools-manual/zephyr-sdk-1.0.0-beta1/gnu/riscv64-zephyr-elf/riscv64-zephyr-elf/sys-include/sys/syslimits.h:78:9: note: this is the location of the previous definition
   78 | #define _POSIX_PATH_MAX         255
      |         ^~~~~~~~~~~~~~~
/scratch2/agustin/zephyr-chipyard-sw/zephyr_ws/zephyr/include/zephyr/posix/posix_limits.h:39:9: warning: "_POSIX_PIPE_BUF" redefined
   39 | #define _POSIX_PIPE_BUF                     (512)
      |         ^~~~~~~~~~~~~~~
/scratch2/dima/zephyr-chipyard-sw-fresh/tools-manual/zephyr-sdk-1.0.0-beta1/gnu/riscv64-zephyr-elf/riscv64-zephyr-elf/sys-include/sys/syslimits.h:79:9: note: this is the location of the previous definition
   79 | #define _POSIX_PIPE_BUF         512
      |         ^~~~~~~~~~~~~~~
/scratch2/agustin/zephyr-chipyard-sw/zephyr_ws/zephyr/include/zephyr/posix/posix_limits.h:40:9: warning: "_POSIX_RE_DUP_MAX" redefined
   40 | #define _POSIX_RE_DUP_MAX                   (255)
      |         ^~~~~~~~~~~~~~~~~
/scratch2/dima/zephyr-chipyard-sw-fresh/tools-manual/zephyr-sdk-1.0.0-beta1/gnu/riscv64-zephyr-elf/riscv64-zephyr-elf/sys-include/sys/syslimits.h:80:9: note: this is the location of the previous definition
   80 | #define _POSIX_RE_DUP_MAX       255
      |         ^~~~~~~~~~~~~~~~~
/scratch2/agustin/zephyr-chipyard-sw/zephyr_ws/zephyr/include/zephyr/posix/posix_limits.h:41:9: warning: "_POSIX_RTSIG_MAX" redefined
   41 | #define _POSIX_RTSIG_MAX                    (8)
      |         ^~~~~~~~~~~~~~~~
/scratch2/dima/zephyr-chipyard-sw-fresh/tools-manual/zephyr-sdk-1.0.0-beta1/gnu/riscv64-zephyr-elf/riscv64-zephyr-elf/sys-include/sys/syslimits.h:81:9: note: this is the location of the previous definition
   81 | #define _POSIX_RTSIG_MAX        8
      |         ^~~~~~~~~~~~~~~~
/scratch2/agustin/zephyr-chipyard-sw/zephyr_ws/zephyr/include/zephyr/posix/posix_limits.h:42:9: warning: "_POSIX_SEM_NSEMS_MAX" redefined
   42 | #define _POSIX_SEM_NSEMS_MAX                (256)
      |         ^~~~~~~~~~~~~~~~~~~~
/scratch2/dima/zephyr-chipyard-sw-fresh/tools-manual/zephyr-sdk-1.0.0-beta1/gnu/riscv64-zephyr-elf/riscv64-zephyr-elf/sys-include/sys/syslimits.h:82:9: note: this is the location of the previous definition
   82 | #define _POSIX_SEM_NSEMS_MAX    256
      |         ^~~~~~~~~~~~~~~~~~~~
/scratch2/agustin/zephyr-chipyard-sw/zephyr_ws/zephyr/include/zephyr/posix/posix_limits.h:43:9: warning: "_POSIX_SEM_VALUE_MAX" redefined
   43 | #define _POSIX_SEM_VALUE_MAX                (32767)
      |         ^~~~~~~~~~~~~~~~~~~~
/scratch2/dima/zephyr-chipyard-sw-fresh/tools-manual/zephyr-sdk-1.0.0-beta1/gnu/riscv64-zephyr-elf/riscv64-zephyr-elf/sys-include/sys/syslimits.h:83:9: note: this is the location of the previous definition
   83 | #define _POSIX_SEM_VALUE_MAX    32767
      |         ^~~~~~~~~~~~~~~~~~~~
/scratch2/agustin/zephyr-chipyard-sw/zephyr_ws/zephyr/include/zephyr/posix/posix_limits.h:44:9: warning: "_POSIX_SIGQUEUE_MAX" redefined
   44 | #define _POSIX_SIGQUEUE_MAX                 (32)
      |         ^~~~~~~~~~~~~~~~~~~
/scratch2/dima/zephyr-chipyard-sw-fresh/tools-manual/zephyr-sdk-1.0.0-beta1/gnu/riscv64-zephyr-elf/riscv64-zephyr-elf/sys-include/sys/syslimits.h:84:9: note: this is the location of the previous definition
   84 | #define _POSIX_SIGQUEUE_MAX     32
      |         ^~~~~~~~~~~~~~~~~~~
/scratch2/agustin/zephyr-chipyard-sw/zephyr_ws/zephyr/include/zephyr/posix/posix_limits.h:45:9: warning: "_POSIX_SSIZE_MAX" redefined
   45 | #define _POSIX_SSIZE_MAX                    (32767)
      |         ^~~~~~~~~~~~~~~~
/scratch2/dima/zephyr-chipyard-sw-fresh/tools-manual/zephyr-sdk-1.0.0-beta1/gnu/riscv64-zephyr-elf/riscv64-zephyr-elf/sys-include/sys/syslimits.h:85:9: note: this is the location of the previous definition
   85 | #define _POSIX_SSIZE_MAX        32767
      |         ^~~~~~~~~~~~~~~~
/scratch2/agustin/zephyr-chipyard-sw/zephyr_ws/zephyr/include/zephyr/posix/posix_limits.h:46:9: warning: "_POSIX_SS_REPL_MAX" redefined
   46 | #define _POSIX_SS_REPL_MAX                  (4)
      |         ^~~~~~~~~~~~~~~~~~
/scratch2/dima/zephyr-chipyard-sw-fresh/tools-manual/zephyr-sdk-1.0.0-beta1/gnu/riscv64-zephyr-elf/riscv64-zephyr-elf/sys-include/sys/syslimits.h:86:9: note: this is the location of the previous definition
   86 | #define _POSIX_SS_REPL_MAX      4
      |         ^~~~~~~~~~~~~~~~~~
/scratch2/agustin/zephyr-chipyard-sw/zephyr_ws/zephyr/include/zephyr/posix/posix_limits.h:47:9: warning: "_POSIX_STREAM_MAX" redefined
   47 | #define _POSIX_STREAM_MAX                   (8)
      |         ^~~~~~~~~~~~~~~~~
/scratch2/dima/zephyr-chipyard-sw-fresh/tools-manual/zephyr-sdk-1.0.0-beta1/gnu/riscv64-zephyr-elf/riscv64-zephyr-elf/sys-include/sys/syslimits.h:87:9: note: this is the location of the previous definition
   87 | #define _POSIX_STREAM_MAX       8
      |         ^~~~~~~~~~~~~~~~~
/scratch2/agustin/zephyr-chipyard-sw/zephyr_ws/zephyr/include/zephyr/posix/posix_limits.h:48:9: warning: "_POSIX_SYMLINK_MAX" redefined
   48 | #define _POSIX_SYMLINK_MAX                  (255)
      |         ^~~~~~~~~~~~~~~~~~
/scratch2/dima/zephyr-chipyard-sw-fresh/tools-manual/zephyr-sdk-1.0.0-beta1/gnu/riscv64-zephyr-elf/riscv64-zephyr-elf/sys-include/sys/syslimits.h:88:9: note: this is the location of the previous definition
   88 | #define _POSIX_SYMLINK_MAX      255
      |         ^~~~~~~~~~~~~~~~~~
/scratch2/agustin/zephyr-chipyard-sw/zephyr_ws/zephyr/include/zephyr/posix/posix_limits.h:49:9: warning: "_POSIX_SYMLOOP_MAX" redefined
   49 | #define _POSIX_SYMLOOP_MAX                  (8)
      |         ^~~~~~~~~~~~~~~~~~
/scratch2/dima/zephyr-chipyard-sw-fresh/tools-manual/zephyr-sdk-1.0.0-beta1/gnu/riscv64-zephyr-elf/riscv64-zephyr-elf/sys-include/sys/syslimits.h:89:9: note: this is the location of the previous definition
   89 | #define _POSIX_SYMLOOP_MAX      8
      |         ^~~~~~~~~~~~~~~~~~
/scratch2/agustin/zephyr-chipyard-sw/zephyr_ws/zephyr/include/zephyr/posix/posix_limits.h:50:9: warning: "_POSIX_THREAD_DESTRUCTOR_ITERATIONS" redefined
   50 | #define _POSIX_THREAD_DESTRUCTOR_ITERATIONS (4)
      |         ^~~~~~~~~~~~~~~~~~~~~~~~~~~~~~~~~~~
/scratch2/dima/zephyr-chipyard-sw-fresh/tools-manual/zephyr-sdk-1.0.0-beta1/gnu/riscv64-zephyr-elf/riscv64-zephyr-elf/sys-include/sys/syslimits.h:90:9: note: this is the location of the previous definition
   90 | #define _POSIX_THREAD_DESTRUCTOR_ITERATIONS     4
      |         ^~~~~~~~~~~~~~~~~~~~~~~~~~~~~~~~~~~
/scratch2/agustin/zephyr-chipyard-sw/zephyr_ws/zephyr/include/zephyr/posix/posix_limits.h:51:9: warning: "_POSIX_THREAD_KEYS_MAX" redefined
   51 | #define _POSIX_THREAD_KEYS_MAX              (128)
      |         ^~~~~~~~~~~~~~~~~~~~~~
/scratch2/dima/zephyr-chipyard-sw-fresh/tools-manual/zephyr-sdk-1.0.0-beta1/gnu/riscv64-zephyr-elf/riscv64-zephyr-elf/sys-include/sys/syslimits.h:91:9: note: this is the location of the previous definition
   91 | #define _POSIX_THREAD_KEYS_MAX  128
      |         ^~~~~~~~~~~~~~~~~~~~~~
/scratch2/agustin/zephyr-chipyard-sw/zephyr_ws/zephyr/include/zephyr/posix/posix_limits.h:52:9: warning: "_POSIX_THREAD_THREADS_MAX" redefined
   52 | #define _POSIX_THREAD_THREADS_MAX           (64)
      |         ^~~~~~~~~~~~~~~~~~~~~~~~~
/scratch2/dima/zephyr-chipyard-sw-fresh/tools-manual/zephyr-sdk-1.0.0-beta1/gnu/riscv64-zephyr-elf/riscv64-zephyr-elf/sys-include/sys/syslimits.h:92:9: note: this is the location of the previous definition
   92 | #define _POSIX_THREAD_THREADS_MAX       64
      |         ^~~~~~~~~~~~~~~~~~~~~~~~~
/scratch2/agustin/zephyr-chipyard-sw/zephyr_ws/zephyr/include/zephyr/posix/posix_limits.h:53:9: warning: "_POSIX_TIMER_MAX" redefined
   53 | #define _POSIX_TIMER_MAX                    (32)
      |         ^~~~~~~~~~~~~~~~
/scratch2/dima/zephyr-chipyard-sw-fresh/tools-manual/zephyr-sdk-1.0.0-beta1/gnu/riscv64-zephyr-elf/riscv64-zephyr-elf/sys-include/sys/syslimits.h:93:9: note: this is the location of the previous definition
   93 | #define _POSIX_TIMER_MAX        32
      |         ^~~~~~~~~~~~~~~~
/scratch2/agustin/zephyr-chipyard-sw/zephyr_ws/zephyr/include/zephyr/posix/posix_limits.h:54:9: warning: "_POSIX_TRACE_EVENT_NAME_MAX" redefined
   54 | #define _POSIX_TRACE_EVENT_NAME_MAX         (30)
      |         ^~~~~~~~~~~~~~~~~~~~~~~~~~~
/scratch2/dima/zephyr-chipyard-sw-fresh/tools-manual/zephyr-sdk-1.0.0-beta1/gnu/riscv64-zephyr-elf/riscv64-zephyr-elf/sys-include/sys/syslimits.h:94:9: note: this is the location of the previous definition
   94 | #define _POSIX_TRACE_EVENT_NAME_MAX     30
      |         ^~~~~~~~~~~~~~~~~~~~~~~~~~~
/scratch2/agustin/zephyr-chipyard-sw/zephyr_ws/zephyr/include/zephyr/posix/posix_limits.h:55:9: warning: "_POSIX_TRACE_NAME_MAX" redefined
   55 | #define _POSIX_TRACE_NAME_MAX               (8)
      |         ^~~~~~~~~~~~~~~~~~~~~
/scratch2/dima/zephyr-chipyard-sw-fresh/tools-manual/zephyr-sdk-1.0.0-beta1/gnu/riscv64-zephyr-elf/riscv64-zephyr-elf/sys-include/sys/syslimits.h:95:9: note: this is the location of the previous definition
   95 | #define _POSIX_TRACE_NAME_MAX   8
      |         ^~~~~~~~~~~~~~~~~~~~~
/scratch2/agustin/zephyr-chipyard-sw/zephyr_ws/zephyr/include/zephyr/posix/posix_limits.h:56:9: warning: "_POSIX_TRACE_SYS_MAX" redefined
   56 | #define _POSIX_TRACE_SYS_MAX                (8)
      |         ^~~~~~~~~~~~~~~~~~~~
/scratch2/dima/zephyr-chipyard-sw-fresh/tools-manual/zephyr-sdk-1.0.0-beta1/gnu/riscv64-zephyr-elf/riscv64-zephyr-elf/sys-include/sys/syslimits.h:96:9: note: this is the location of the previous definition
   96 | #define _POSIX_TRACE_SYS_MAX    8
      |         ^~~~~~~~~~~~~~~~~~~~
/scratch2/agustin/zephyr-chipyard-sw/zephyr_ws/zephyr/include/zephyr/posix/posix_limits.h:57:9: warning: "_POSIX_TRACE_USER_EVENT_MAX" redefined
   57 | #define _POSIX_TRACE_USER_EVENT_MAX         (32)
      |         ^~~~~~~~~~~~~~~~~~~~~~~~~~~
/scratch2/dima/zephyr-chipyard-sw-fresh/tools-manual/zephyr-sdk-1.0.0-beta1/gnu/riscv64-zephyr-elf/riscv64-zephyr-elf/sys-include/sys/syslimits.h:97:9: note: this is the location of the previous definition
   97 | #define _POSIX_TRACE_USER_EVENT_MAX     32
      |         ^~~~~~~~~~~~~~~~~~~~~~~~~~~
/scratch2/agustin/zephyr-chipyard-sw/zephyr_ws/zephyr/include/zephyr/posix/posix_limits.h:58:9: warning: "_POSIX_TTY_NAME_MAX" redefined
   58 | #define _POSIX_TTY_NAME_MAX                 (9)
      |         ^~~~~~~~~~~~~~~~~~~
/scratch2/dima/zephyr-chipyard-sw-fresh/tools-manual/zephyr-sdk-1.0.0-beta1/gnu/riscv64-zephyr-elf/riscv64-zephyr-elf/sys-include/sys/syslimits.h:98:9: note: this is the location of the previous definition
   98 | #define _POSIX_TTY_NAME_MAX     9
      |         ^~~~~~~~~~~~~~~~~~~
/scratch2/agustin/zephyr-chipyard-sw/zephyr_ws/zephyr/include/zephyr/posix/posix_limits.h:59:9: warning: "_POSIX_TZNAME_MAX" redefined
   59 | #define _POSIX_TZNAME_MAX                   (6)
      |         ^~~~~~~~~~~~~~~~~
/scratch2/dima/zephyr-chipyard-sw-fresh/tools-manual/zephyr-sdk-1.0.0-beta1/gnu/riscv64-zephyr-elf/riscv64-zephyr-elf/sys-include/sys/syslimits.h:99:9: note: this is the location of the previous definition
   99 | #define _POSIX_TZNAME_MAX       3
      |         ^~~~~~~~~~~~~~~~~
/scratch2/agustin/zephyr-chipyard-sw/zephyr_ws/zephyr/include/zephyr/posix/posix_limits.h:60:9: warning: "_POSIX2_BC_BASE_MAX" redefined
   60 | #define _POSIX2_BC_BASE_MAX                 (99)
      |         ^~~~~~~~~~~~~~~~~~~
/scratch2/dima/zephyr-chipyard-sw-fresh/tools-manual/zephyr-sdk-1.0.0-beta1/gnu/riscv64-zephyr-elf/riscv64-zephyr-elf/sys-include/sys/syslimits.h:100:9: note: this is the location of the previous definition
  100 | #define _POSIX2_BC_BASE_MAX     99
      |         ^~~~~~~~~~~~~~~~~~~
/scratch2/agustin/zephyr-chipyard-sw/zephyr_ws/zephyr/include/zephyr/posix/posix_limits.h:61:9: warning: "_POSIX2_BC_DIM_MAX" redefined
   61 | #define _POSIX2_BC_DIM_MAX                  (2048)
      |         ^~~~~~~~~~~~~~~~~~
/scratch2/dima/zephyr-chipyard-sw-fresh/tools-manual/zephyr-sdk-1.0.0-beta1/gnu/riscv64-zephyr-elf/riscv64-zephyr-elf/sys-include/sys/syslimits.h:101:9: note: this is the location of the previous definition
  101 | #define _POSIX2_BC_DIM_MAX      2048
      |         ^~~~~~~~~~~~~~~~~~
/scratch2/agustin/zephyr-chipyard-sw/zephyr_ws/zephyr/include/zephyr/posix/posix_limits.h:62:9: warning: "_POSIX2_BC_SCALE_MAX" redefined
   62 | #define _POSIX2_BC_SCALE_MAX                (99)
      |         ^~~~~~~~~~~~~~~~~~~~
/scratch2/dima/zephyr-chipyard-sw-fresh/tools-manual/zephyr-sdk-1.0.0-beta1/gnu/riscv64-zephyr-elf/riscv64-zephyr-elf/sys-include/sys/syslimits.h:102:9: note: this is the location of the previous definition
  102 | #define _POSIX2_BC_SCALE_MAX    99
      |         ^~~~~~~~~~~~~~~~~~~~
/scratch2/agustin/zephyr-chipyard-sw/zephyr_ws/zephyr/include/zephyr/posix/posix_limits.h:63:9: warning: "_POSIX2_BC_STRING_MAX" redefined
   63 | #define _POSIX2_BC_STRING_MAX               (1000)
      |         ^~~~~~~~~~~~~~~~~~~~~
/scratch2/dima/zephyr-chipyard-sw-fresh/tools-manual/zephyr-sdk-1.0.0-beta1/gnu/riscv64-zephyr-elf/riscv64-zephyr-elf/sys-include/sys/syslimits.h:103:9: note: this is the location of the previous definition
  103 | #define _POSIX2_BC_STRING_MAX   1000
      |         ^~~~~~~~~~~~~~~~~~~~~
/scratch2/agustin/zephyr-chipyard-sw/zephyr_ws/zephyr/include/zephyr/posix/posix_limits.h:64:9: warning: "_POSIX2_CHARCLASS_NAME_MAX" redefined
   64 | #define _POSIX2_CHARCLASS_NAME_MAX          (14)
      |         ^~~~~~~~~~~~~~~~~~~~~~~~~~
/scratch2/dima/zephyr-chipyard-sw-fresh/tools-manual/zephyr-sdk-1.0.0-beta1/gnu/riscv64-zephyr-elf/riscv64-zephyr-elf/sys-include/sys/syslimits.h:104:9: note: this is the location of the previous definition
  104 | #define _POSIX2_CHARCLASS_NAME_MAX      14
      |         ^~~~~~~~~~~~~~~~~~~~~~~~~~
/scratch2/agustin/zephyr-chipyard-sw/zephyr_ws/zephyr/include/zephyr/posix/posix_limits.h:65:9: warning: "_POSIX2_COLL_WEIGHTS_MAX" redefined
   65 | #define _POSIX2_COLL_WEIGHTS_MAX            (2)
      |         ^~~~~~~~~~~~~~~~~~~~~~~~
/scratch2/dima/zephyr-chipyard-sw-fresh/tools-manual/zephyr-sdk-1.0.0-beta1/gnu/riscv64-zephyr-elf/riscv64-zephyr-elf/sys-include/sys/syslimits.h:105:9: note: this is the location of the previous definition
  105 | #define _POSIX2_COLL_WEIGHTS_MAX        2
      |         ^~~~~~~~~~~~~~~~~~~~~~~~
/scratch2/agustin/zephyr-chipyard-sw/zephyr_ws/zephyr/include/zephyr/posix/posix_limits.h:66:9: warning: "_POSIX2_EXPR_NEST_MAX" redefined
   66 | #define _POSIX2_EXPR_NEST_MAX               (32)
      |         ^~~~~~~~~~~~~~~~~~~~~
/scratch2/dima/zephyr-chipyard-sw-fresh/tools-manual/zephyr-sdk-1.0.0-beta1/gnu/riscv64-zephyr-elf/riscv64-zephyr-elf/sys-include/sys/syslimits.h:106:9: note: this is the location of the previous definition
  106 | #define _POSIX2_EXPR_NEST_MAX   32
      |         ^~~~~~~~~~~~~~~~~~~~~
/scratch2/agustin/zephyr-chipyard-sw/zephyr_ws/zephyr/include/zephyr/posix/posix_limits.h:67:9: warning: "_POSIX2_LINE_MAX" redefined
   67 | #define _POSIX2_LINE_MAX                    (2048)
      |         ^~~~~~~~~~~~~~~~
/scratch2/dima/zephyr-chipyard-sw-fresh/tools-manual/zephyr-sdk-1.0.0-beta1/gnu/riscv64-zephyr-elf/riscv64-zephyr-elf/sys-include/sys/syslimits.h:107:9: note: this is the location of the previous definition
  107 | #define _POSIX2_LINE_MAX        2048
      |         ^~~~~~~~~~~~~~~~
/scratch2/agustin/zephyr-chipyard-sw/zephyr_ws/zephyr/include/zephyr/posix/posix_limits.h:83:9: warning: "ARG_MAX" redefined
   83 | #define ARG_MAX                       _POSIX_ARG_MAX
      |         ^~~~~~~
/scratch2/dima/zephyr-chipyard-sw-fresh/tools-manual/zephyr-sdk-1.0.0-beta1/gnu/riscv64-zephyr-elf/riscv64-zephyr-elf/sys-include/sys/syslimits.h:41:9: note: this is the location of the previous definition
   41 | #define ARG_MAX                 65536   /* max bytes for an exec function */
      |         ^~~~~~~
/scratch2/agustin/zephyr-chipyard-sw/zephyr_ws/zephyr/include/zephyr/posix/posix_limits.h:84:9: warning: "ATEXIT_MAX" redefined
   84 | #define ATEXIT_MAX                    (32)
      |         ^~~~~~~~~~
/scratch2/dima/zephyr-chipyard-sw-fresh/tools-manual/zephyr-sdk-1.0.0-beta1/gnu/riscv64-zephyr-elf/riscv64-zephyr-elf/sys-include/sys/syslimits.h:42:9: note: this is the location of the previous definition
   42 | #define ATEXIT_MAX                 32   /* max atexit functions */
      |         ^~~~~~~~~~
/scratch2/agustin/zephyr-chipyard-sw/zephyr_ws/zephyr/include/zephyr/posix/posix_limits.h:93:9: warning: "OPEN_MAX" redefined
   93 | #define OPEN_MAX                      CONFIG_POSIX_OPEN_MAX
      |         ^~~~~~~~
/scratch2/dima/zephyr-chipyard-sw-fresh/tools-manual/zephyr-sdk-1.0.0-beta1/gnu/riscv64-zephyr-elf/riscv64-zephyr-elf/sys-include/sys/syslimits.h:45:9: note: this is the location of the previous definition
   45 | #define OPEN_MAX                   64   /* max open files per process */
      |         ^~~~~~~~
/scratch2/agustin/zephyr-chipyard-sw/zephyr_ws/zephyr/include/zephyr/posix/posix_limits.h:96:9: warning: "PATH_MAX" redefined
   96 | #define PATH_MAX                      _POSIX_PATH_MAX
      |         ^~~~~~~~
/scratch2/dima/zephyr-chipyard-sw-fresh/tools-manual/zephyr-sdk-1.0.0-beta1/gnu/riscv64-zephyr-elf/riscv64-zephyr-elf/sys-include/sys/syslimits.h:53:9: note: this is the location of the previous definition
   53 | #define PATH_MAX                 1024   /* max bytes in pathname */
      |         ^~~~~~~~
/scratch2/agustin/zephyr-chipyard-sw/zephyr_ws/zephyr/include/zephyr/posix/posix_limits.h:114:9: warning: "TZNAME_MAX" redefined
  114 | #define TZNAME_MAX                    _POSIX_TZNAME_MAX
      |         ^~~~~~~~~~
/scratch2/dima/zephyr-chipyard-sw-fresh/tools-manual/zephyr-sdk-1.0.0-beta1/gnu/riscv64-zephyr-elf/riscv64-zephyr-elf/sys-include/sys/syslimits.h:46:9: note: this is the location of the previous definition
   46 | #define TZNAME_MAX                 10   /* max time zone name length */
      |         ^~~~~~~~~~
[157/216] Building C object zephyr/drivers/serial/CMakeFiles/drivers__serial.dir/uart_sifive.c.obj
/scratch2/agustin/zephyr-chipyard-sw/zephyr_ws/zephyr/drivers/serial/uart_sifive.c:328:12: warning: 'uart_sifive_init' defined but not used [-Wunused-function]
  328 | static int uart_sifive_init(const struct device *dev)
      |            ^~~~~~~~~~~~~~~~
[158/216] Building C object zephyr/kernel/CMakeFiles/kernel.dir/busy_wait.c.obj
[159/216] Building C object zephyr/drivers/hwinfo/CMakeFiles/drivers__hwinfo.dir/hwinfo_weak_impl.c.obj
[160/216] Building C object zephyr/lib/posix/options/CMakeFiles/lib__posix__options.dir/shm.c.obj
In file included from /scratch2/agustin/zephyr-chipyard-sw/zephyr_ws/zephyr/include/zephyr/posix/sys/sysconf.h:11,
                 from /scratch2/agustin/zephyr-chipyard-sw/zephyr_ws/zephyr/include/zephyr/posix/unistd.h:18,
                 from /scratch2/agustin/zephyr-chipyard-sw/zephyr_ws/zephyr/lib/posix/options/shm.c:18:
/scratch2/agustin/zephyr-chipyard-sw/zephyr_ws/zephyr/include/zephyr/posix/posix_limits.h:23:9: warning: "_POSIX_AIO_LISTIO_MAX" redefined
   23 | #define _POSIX_AIO_LISTIO_MAX               (2)
      |         ^~~~~~~~~~~~~~~~~~~~~
In file included from /scratch2/dima/zephyr-chipyard-sw-fresh/tools-manual/zephyr-sdk-1.0.0-beta1/gnu/riscv64-zephyr-elf/riscv64-zephyr-elf/sys-include/limits.h:6,
                 from /scratch2/dima/zephyr-chipyard-sw-fresh/tools-manual/zephyr-sdk-1.0.0-beta1/gnu/riscv64-zephyr-elf/lib/gcc/riscv64-zephyr-elf/14.3.0/include/limits.h:210,
                 from /scratch2/dima/zephyr-chipyard-sw-fresh/tools-manual/zephyr-sdk-1.0.0-beta1/gnu/riscv64-zephyr-elf/lib/gcc/riscv64-zephyr-elf/14.3.0/include/syslimits.h:7,
                 from /scratch2/dima/zephyr-chipyard-sw-fresh/tools-manual/zephyr-sdk-1.0.0-beta1/gnu/riscv64-zephyr-elf/lib/gcc/riscv64-zephyr-elf/14.3.0/include/limits.h:34,
                 from /scratch2/agustin/zephyr-chipyard-sw/zephyr_ws/zephyr/include/zephyr/kernel_includes.h:22,
                 from /scratch2/agustin/zephyr-chipyard-sw/zephyr_ws/zephyr/include/zephyr/kernel.h:17,
                 from /scratch2/agustin/zephyr-chipyard-sw/zephyr_ws/zephyr/kernel/include/kernel_arch_interface.h:20,
                 from /scratch2/agustin/zephyr-chipyard-sw/zephyr_ws/zephyr/lib/posix/options/shm.c:13:
/scratch2/dima/zephyr-chipyard-sw-fresh/tools-manual/zephyr-sdk-1.0.0-beta1/gnu/riscv64-zephyr-elf/riscv64-zephyr-elf/sys-include/sys/syslimits.h:63:9: note: this is the location of the previous definition
   63 | #define _POSIX_AIO_LISTIO_MAX   2
      |         ^~~~~~~~~~~~~~~~~~~~~
/scratch2/agustin/zephyr-chipyard-sw/zephyr_ws/zephyr/include/zephyr/posix/posix_limits.h:24:9: warning: "_POSIX_AIO_MAX" redefined
   24 | #define _POSIX_AIO_MAX                      (1)
      |         ^~~~~~~~~~~~~~
/scratch2/dima/zephyr-chipyard-sw-fresh/tools-manual/zephyr-sdk-1.0.0-beta1/gnu/riscv64-zephyr-elf/riscv64-zephyr-elf/sys-include/sys/syslimits.h:64:9: note: this is the location of the previous definition
   64 | #define _POSIX_AIO_MAX          1
      |         ^~~~~~~~~~~~~~
/scratch2/agustin/zephyr-chipyard-sw/zephyr_ws/zephyr/include/zephyr/posix/posix_limits.h:25:9: warning: "_POSIX_ARG_MAX" redefined
   25 | #define _POSIX_ARG_MAX                      (4096)
      |         ^~~~~~~~~~~~~~
/scratch2/dima/zephyr-chipyard-sw-fresh/tools-manual/zephyr-sdk-1.0.0-beta1/gnu/riscv64-zephyr-elf/riscv64-zephyr-elf/sys-include/sys/syslimits.h:65:9: note: this is the location of the previous definition
   65 | #define _POSIX_ARG_MAX          4096
      |         ^~~~~~~~~~~~~~
/scratch2/agustin/zephyr-chipyard-sw/zephyr_ws/zephyr/include/zephyr/posix/posix_limits.h:26:9: warning: "_POSIX_CHILD_MAX" redefined
   26 | #define _POSIX_CHILD_MAX                    (25)
      |         ^~~~~~~~~~~~~~~~
/scratch2/dima/zephyr-chipyard-sw-fresh/tools-manual/zephyr-sdk-1.0.0-beta1/gnu/riscv64-zephyr-elf/riscv64-zephyr-elf/sys-include/sys/syslimits.h:66:9: note: this is the location of the previous definition
   66 | #define _POSIX_CHILD_MAX        6
      |         ^~~~~~~~~~~~~~~~
/scratch2/agustin/zephyr-chipyard-sw/zephyr_ws/zephyr/include/zephyr/posix/posix_limits.h:27:9: warning: "_POSIX_DELAYTIMER_MAX" redefined
   27 | #define _POSIX_DELAYTIMER_MAX               (32)
      |         ^~~~~~~~~~~~~~~~~~~~~
/scratch2/dima/zephyr-chipyard-sw-fresh/tools-manual/zephyr-sdk-1.0.0-beta1/gnu/riscv64-zephyr-elf/riscv64-zephyr-elf/sys-include/sys/syslimits.h:67:9: note: this is the location of the previous definition
   67 | #define _POSIX_DELAYTIMER_MAX   32
      |         ^~~~~~~~~~~~~~~~~~~~~
/scratch2/agustin/zephyr-chipyard-sw/zephyr_ws/zephyr/include/zephyr/posix/posix_limits.h:28:9: warning: "_POSIX_HOST_NAME_MAX" redefined
   28 | #define _POSIX_HOST_NAME_MAX                (255)
      |         ^~~~~~~~~~~~~~~~~~~~
/scratch2/dima/zephyr-chipyard-sw-fresh/tools-manual/zephyr-sdk-1.0.0-beta1/gnu/riscv64-zephyr-elf/riscv64-zephyr-elf/sys-include/sys/syslimits.h:68:9: note: this is the location of the previous definition
   68 | #define _POSIX_HOST_NAME_MAX    255
      |         ^~~~~~~~~~~~~~~~~~~~
/scratch2/agustin/zephyr-chipyard-sw/zephyr_ws/zephyr/include/zephyr/posix/posix_limits.h:29:9: warning: "_POSIX_LINK_MAX" redefined
   29 | #define _POSIX_LINK_MAX                     (8)
      |         ^~~~~~~~~~~~~~~
/scratch2/dima/zephyr-chipyard-sw-fresh/tools-manual/zephyr-sdk-1.0.0-beta1/gnu/riscv64-zephyr-elf/riscv64-zephyr-elf/sys-include/sys/syslimits.h:69:9: note: this is the location of the previous definition
   69 | #define _POSIX_LINK_MAX         8
      |         ^~~~~~~~~~~~~~~
/scratch2/agustin/zephyr-chipyard-sw/zephyr_ws/zephyr/include/zephyr/posix/posix_limits.h:30:9: warning: "_POSIX_LOGIN_NAME_MAX" redefined
   30 | #define _POSIX_LOGIN_NAME_MAX               (9)
      |         ^~~~~~~~~~~~~~~~~~~~~
/scratch2/dima/zephyr-chipyard-sw-fresh/tools-manual/zephyr-sdk-1.0.0-beta1/gnu/riscv64-zephyr-elf/riscv64-zephyr-elf/sys-include/sys/syslimits.h:70:9: note: this is the location of the previous definition
   70 | #define _POSIX_LOGIN_NAME_MAX   9
      |         ^~~~~~~~~~~~~~~~~~~~~
/scratch2/agustin/zephyr-chipyard-sw/zephyr_ws/zephyr/include/zephyr/posix/posix_limits.h:31:9: warning: "_POSIX_MAX_CANON" redefined
   31 | #define _POSIX_MAX_CANON                    (255)
      |         ^~~~~~~~~~~~~~~~
/scratch2/dima/zephyr-chipyard-sw-fresh/tools-manual/zephyr-sdk-1.0.0-beta1/gnu/riscv64-zephyr-elf/riscv64-zephyr-elf/sys-include/sys/syslimits.h:71:9: note: this is the location of the previous definition
   71 | #define _POSIX_MAX_CANON        255
      |         ^~~~~~~~~~~~~~~~
/scratch2/agustin/zephyr-chipyard-sw/zephyr_ws/zephyr/include/zephyr/posix/posix_limits.h:32:9: warning: "_POSIX_MAX_INPUT" redefined
   32 | #define _POSIX_MAX_INPUT                    (255)
      |         ^~~~~~~~~~~~~~~~
/scratch2/dima/zephyr-chipyard-sw-fresh/tools-manual/zephyr-sdk-1.0.0-beta1/gnu/riscv64-zephyr-elf/riscv64-zephyr-elf/sys-include/sys/syslimits.h:72:9: note: this is the location of the previous definition
   72 | #define _POSIX_MAX_INPUT        255
      |         ^~~~~~~~~~~~~~~~
/scratch2/agustin/zephyr-chipyard-sw/zephyr_ws/zephyr/include/zephyr/posix/posix_limits.h:33:9: warning: "_POSIX_MQ_OPEN_MAX" redefined
   33 | #define _POSIX_MQ_OPEN_MAX                  (8)
      |         ^~~~~~~~~~~~~~~~~~
/scratch2/dima/zephyr-chipyard-sw-fresh/tools-manual/zephyr-sdk-1.0.0-beta1/gnu/riscv64-zephyr-elf/riscv64-zephyr-elf/sys-include/sys/syslimits.h:73:9: note: this is the location of the previous definition
   73 | #define _POSIX_MQ_OPEN_MAX      8
      |         ^~~~~~~~~~~~~~~~~~
/scratch2/agustin/zephyr-chipyard-sw/zephyr_ws/zephyr/include/zephyr/posix/posix_limits.h:34:9: warning: "_POSIX_MQ_PRIO_MAX" redefined
   34 | #define _POSIX_MQ_PRIO_MAX                  (32)
      |         ^~~~~~~~~~~~~~~~~~
/scratch2/dima/zephyr-chipyard-sw-fresh/tools-manual/zephyr-sdk-1.0.0-beta1/gnu/riscv64-zephyr-elf/riscv64-zephyr-elf/sys-include/sys/syslimits.h:74:9: note: this is the location of the previous definition
   74 | #define _POSIX_MQ_PRIO_MAX      32
      |         ^~~~~~~~~~~~~~~~~~
/scratch2/agustin/zephyr-chipyard-sw/zephyr_ws/zephyr/include/zephyr/posix/posix_limits.h:35:9: warning: "_POSIX_NAME_MAX" redefined
   35 | #define _POSIX_NAME_MAX                     (14)
      |         ^~~~~~~~~~~~~~~
/scratch2/dima/zephyr-chipyard-sw-fresh/tools-manual/zephyr-sdk-1.0.0-beta1/gnu/riscv64-zephyr-elf/riscv64-zephyr-elf/sys-include/sys/syslimits.h:75:9: note: this is the location of the previous definition
   75 | #define _POSIX_NAME_MAX         14
      |         ^~~~~~~~~~~~~~~
/scratch2/agustin/zephyr-chipyard-sw/zephyr_ws/zephyr/include/zephyr/posix/posix_limits.h:36:9: warning: "_POSIX_NGROUPS_MAX" redefined
   36 | #define _POSIX_NGROUPS_MAX                  (8)
      |         ^~~~~~~~~~~~~~~~~~
/scratch2/dima/zephyr-chipyard-sw-fresh/tools-manual/zephyr-sdk-1.0.0-beta1/gnu/riscv64-zephyr-elf/riscv64-zephyr-elf/sys-include/sys/syslimits.h:76:9: note: this is the location of the previous definition
   76 | #define _POSIX_NGROUPS_MAX      0
      |         ^~~~~~~~~~~~~~~~~~
/scratch2/agustin/zephyr-chipyard-sw/zephyr_ws/zephyr/include/zephyr/posix/posix_limits.h:37:9: warning: "_POSIX_OPEN_MAX" redefined
   37 | #define _POSIX_OPEN_MAX                     (20)
      |         ^~~~~~~~~~~~~~~
/scratch2/dima/zephyr-chipyard-sw-fresh/tools-manual/zephyr-sdk-1.0.0-beta1/gnu/riscv64-zephyr-elf/riscv64-zephyr-elf/sys-include/sys/syslimits.h:77:9: note: this is the location of the previous definition
   77 | #define _POSIX_OPEN_MAX         16
      |         ^~~~~~~~~~~~~~~
/scratch2/agustin/zephyr-chipyard-sw/zephyr_ws/zephyr/include/zephyr/posix/posix_limits.h:38:9: warning: "_POSIX_PATH_MAX" redefined
   38 | #define _POSIX_PATH_MAX                     (256)
      |         ^~~~~~~~~~~~~~~
/scratch2/dima/zephyr-chipyard-sw-fresh/tools-manual/zephyr-sdk-1.0.0-beta1/gnu/riscv64-zephyr-elf/riscv64-zephyr-elf/sys-include/sys/syslimits.h:78:9: note: this is the location of the previous definition
   78 | #define _POSIX_PATH_MAX         255
      |         ^~~~~~~~~~~~~~~
/scratch2/agustin/zephyr-chipyard-sw/zephyr_ws/zephyr/include/zephyr/posix/posix_limits.h:39:9: warning: "_POSIX_PIPE_BUF" redefined
   39 | #define _POSIX_PIPE_BUF                     (512)
      |         ^~~~~~~~~~~~~~~
/scratch2/dima/zephyr-chipyard-sw-fresh/tools-manual/zephyr-sdk-1.0.0-beta1/gnu/riscv64-zephyr-elf/riscv64-zephyr-elf/sys-include/sys/syslimits.h:79:9: note: this is the location of the previous definition
   79 | #define _POSIX_PIPE_BUF         512
      |         ^~~~~~~~~~~~~~~
/scratch2/agustin/zephyr-chipyard-sw/zephyr_ws/zephyr/include/zephyr/posix/posix_limits.h:40:9: warning: "_POSIX_RE_DUP_MAX" redefined
   40 | #define _POSIX_RE_DUP_MAX                   (255)
      |         ^~~~~~~~~~~~~~~~~
/scratch2/dima/zephyr-chipyard-sw-fresh/tools-manual/zephyr-sdk-1.0.0-beta1/gnu/riscv64-zephyr-elf/riscv64-zephyr-elf/sys-include/sys/syslimits.h:80:9: note: this is the location of the previous definition
   80 | #define _POSIX_RE_DUP_MAX       255
      |         ^~~~~~~~~~~~~~~~~
/scratch2/agustin/zephyr-chipyard-sw/zephyr_ws/zephyr/include/zephyr/posix/posix_limits.h:41:9: warning: "_POSIX_RTSIG_MAX" redefined
   41 | #define _POSIX_RTSIG_MAX                    (8)
      |         ^~~~~~~~~~~~~~~~
/scratch2/dima/zephyr-chipyard-sw-fresh/tools-manual/zephyr-sdk-1.0.0-beta1/gnu/riscv64-zephyr-elf/riscv64-zephyr-elf/sys-include/sys/syslimits.h:81:9: note: this is the location of the previous definition
   81 | #define _POSIX_RTSIG_MAX        8
      |         ^~~~~~~~~~~~~~~~
/scratch2/agustin/zephyr-chipyard-sw/zephyr_ws/zephyr/include/zephyr/posix/posix_limits.h:42:9: warning: "_POSIX_SEM_NSEMS_MAX" redefined
   42 | #define _POSIX_SEM_NSEMS_MAX                (256)
      |         ^~~~~~~~~~~~~~~~~~~~
/scratch2/dima/zephyr-chipyard-sw-fresh/tools-manual/zephyr-sdk-1.0.0-beta1/gnu/riscv64-zephyr-elf/riscv64-zephyr-elf/sys-include/sys/syslimits.h:82:9: note: this is the location of the previous definition
   82 | #define _POSIX_SEM_NSEMS_MAX    256
      |         ^~~~~~~~~~~~~~~~~~~~
/scratch2/agustin/zephyr-chipyard-sw/zephyr_ws/zephyr/include/zephyr/posix/posix_limits.h:43:9: warning: "_POSIX_SEM_VALUE_MAX" redefined
   43 | #define _POSIX_SEM_VALUE_MAX                (32767)
      |         ^~~~~~~~~~~~~~~~~~~~
/scratch2/dima/zephyr-chipyard-sw-fresh/tools-manual/zephyr-sdk-1.0.0-beta1/gnu/riscv64-zephyr-elf/riscv64-zephyr-elf/sys-include/sys/syslimits.h:83:9: note: this is the location of the previous definition
   83 | #define _POSIX_SEM_VALUE_MAX    32767
      |         ^~~~~~~~~~~~~~~~~~~~
/scratch2/agustin/zephyr-chipyard-sw/zephyr_ws/zephyr/include/zephyr/posix/posix_limits.h:44:9: warning: "_POSIX_SIGQUEUE_MAX" redefined
   44 | #define _POSIX_SIGQUEUE_MAX                 (32)
      |         ^~~~~~~~~~~~~~~~~~~
/scratch2/dima/zephyr-chipyard-sw-fresh/tools-manual/zephyr-sdk-1.0.0-beta1/gnu/riscv64-zephyr-elf/riscv64-zephyr-elf/sys-include/sys/syslimits.h:84:9: note: this is the location of the previous definition
   84 | #define _POSIX_SIGQUEUE_MAX     32
      |         ^~~~~~~~~~~~~~~~~~~
/scratch2/agustin/zephyr-chipyard-sw/zephyr_ws/zephyr/include/zephyr/posix/posix_limits.h:45:9: warning: "_POSIX_SSIZE_MAX" redefined
   45 | #define _POSIX_SSIZE_MAX                    (32767)
      |         ^~~~~~~~~~~~~~~~
/scratch2/dima/zephyr-chipyard-sw-fresh/tools-manual/zephyr-sdk-1.0.0-beta1/gnu/riscv64-zephyr-elf/riscv64-zephyr-elf/sys-include/sys/syslimits.h:85:9: note: this is the location of the previous definition
   85 | #define _POSIX_SSIZE_MAX        32767
      |         ^~~~~~~~~~~~~~~~
/scratch2/agustin/zephyr-chipyard-sw/zephyr_ws/zephyr/include/zephyr/posix/posix_limits.h:46:9: warning: "_POSIX_SS_REPL_MAX" redefined
   46 | #define _POSIX_SS_REPL_MAX                  (4)
      |         ^~~~~~~~~~~~~~~~~~
/scratch2/dima/zephyr-chipyard-sw-fresh/tools-manual/zephyr-sdk-1.0.0-beta1/gnu/riscv64-zephyr-elf/riscv64-zephyr-elf/sys-include/sys/syslimits.h:86:9: note: this is the location of the previous definition
   86 | #define _POSIX_SS_REPL_MAX      4
      |         ^~~~~~~~~~~~~~~~~~
/scratch2/agustin/zephyr-chipyard-sw/zephyr_ws/zephyr/include/zephyr/posix/posix_limits.h:47:9: warning: "_POSIX_STREAM_MAX" redefined
   47 | #define _POSIX_STREAM_MAX                   (8)
      |         ^~~~~~~~~~~~~~~~~
/scratch2/dima/zephyr-chipyard-sw-fresh/tools-manual/zephyr-sdk-1.0.0-beta1/gnu/riscv64-zephyr-elf/riscv64-zephyr-elf/sys-include/sys/syslimits.h:87:9: note: this is the location of the previous definition
   87 | #define _POSIX_STREAM_MAX       8
      |         ^~~~~~~~~~~~~~~~~
/scratch2/agustin/zephyr-chipyard-sw/zephyr_ws/zephyr/include/zephyr/posix/posix_limits.h:48:9: warning: "_POSIX_SYMLINK_MAX" redefined
   48 | #define _POSIX_SYMLINK_MAX                  (255)
      |         ^~~~~~~~~~~~~~~~~~
/scratch2/dima/zephyr-chipyard-sw-fresh/tools-manual/zephyr-sdk-1.0.0-beta1/gnu/riscv64-zephyr-elf/riscv64-zephyr-elf/sys-include/sys/syslimits.h:88:9: note: this is the location of the previous definition
   88 | #define _POSIX_SYMLINK_MAX      255
      |         ^~~~~~~~~~~~~~~~~~
/scratch2/agustin/zephyr-chipyard-sw/zephyr_ws/zephyr/include/zephyr/posix/posix_limits.h:49:9: warning: "_POSIX_SYMLOOP_MAX" redefined
   49 | #define _POSIX_SYMLOOP_MAX                  (8)
      |         ^~~~~~~~~~~~~~~~~~
/scratch2/dima/zephyr-chipyard-sw-fresh/tools-manual/zephyr-sdk-1.0.0-beta1/gnu/riscv64-zephyr-elf/riscv64-zephyr-elf/sys-include/sys/syslimits.h:89:9: note: this is the location of the previous definition
   89 | #define _POSIX_SYMLOOP_MAX      8
      |         ^~~~~~~~~~~~~~~~~~
/scratch2/agustin/zephyr-chipyard-sw/zephyr_ws/zephyr/include/zephyr/posix/posix_limits.h:50:9: warning: "_POSIX_THREAD_DESTRUCTOR_ITERATIONS" redefined
   50 | #define _POSIX_THREAD_DESTRUCTOR_ITERATIONS (4)
      |         ^~~~~~~~~~~~~~~~~~~~~~~~~~~~~~~~~~~
/scratch2/dima/zephyr-chipyard-sw-fresh/tools-manual/zephyr-sdk-1.0.0-beta1/gnu/riscv64-zephyr-elf/riscv64-zephyr-elf/sys-include/sys/syslimits.h:90:9: note: this is the location of the previous definition
   90 | #define _POSIX_THREAD_DESTRUCTOR_ITERATIONS     4
      |         ^~~~~~~~~~~~~~~~~~~~~~~~~~~~~~~~~~~
/scratch2/agustin/zephyr-chipyard-sw/zephyr_ws/zephyr/include/zephyr/posix/posix_limits.h:51:9: warning: "_POSIX_THREAD_KEYS_MAX" redefined
   51 | #define _POSIX_THREAD_KEYS_MAX              (128)
      |         ^~~~~~~~~~~~~~~~~~~~~~
/scratch2/dima/zephyr-chipyard-sw-fresh/tools-manual/zephyr-sdk-1.0.0-beta1/gnu/riscv64-zephyr-elf/riscv64-zephyr-elf/sys-include/sys/syslimits.h:91:9: note: this is the location of the previous definition
   91 | #define _POSIX_THREAD_KEYS_MAX  128
      |         ^~~~~~~~~~~~~~~~~~~~~~
/scratch2/agustin/zephyr-chipyard-sw/zephyr_ws/zephyr/include/zephyr/posix/posix_limits.h:52:9: warning: "_POSIX_THREAD_THREADS_MAX" redefined
   52 | #define _POSIX_THREAD_THREADS_MAX           (64)
      |         ^~~~~~~~~~~~~~~~~~~~~~~~~
/scratch2/dima/zephyr-chipyard-sw-fresh/tools-manual/zephyr-sdk-1.0.0-beta1/gnu/riscv64-zephyr-elf/riscv64-zephyr-elf/sys-include/sys/syslimits.h:92:9: note: this is the location of the previous definition
   92 | #define _POSIX_THREAD_THREADS_MAX       64
      |         ^~~~~~~~~~~~~~~~~~~~~~~~~
/scratch2/agustin/zephyr-chipyard-sw/zephyr_ws/zephyr/include/zephyr/posix/posix_limits.h:53:9: warning: "_POSIX_TIMER_MAX" redefined
   53 | #define _POSIX_TIMER_MAX                    (32)
      |         ^~~~~~~~~~~~~~~~
/scratch2/dima/zephyr-chipyard-sw-fresh/tools-manual/zephyr-sdk-1.0.0-beta1/gnu/riscv64-zephyr-elf/riscv64-zephyr-elf/sys-include/sys/syslimits.h:93:9: note: this is the location of the previous definition
   93 | #define _POSIX_TIMER_MAX        32
      |         ^~~~~~~~~~~~~~~~
/scratch2/agustin/zephyr-chipyard-sw/zephyr_ws/zephyr/include/zephyr/posix/posix_limits.h:54:9: warning: "_POSIX_TRACE_EVENT_NAME_MAX" redefined
   54 | #define _POSIX_TRACE_EVENT_NAME_MAX         (30)
      |         ^~~~~~~~~~~~~~~~~~~~~~~~~~~
/scratch2/dima/zephyr-chipyard-sw-fresh/tools-manual/zephyr-sdk-1.0.0-beta1/gnu/riscv64-zephyr-elf/riscv64-zephyr-elf/sys-include/sys/syslimits.h:94:9: note: this is the location of the previous definition
   94 | #define _POSIX_TRACE_EVENT_NAME_MAX     30
      |         ^~~~~~~~~~~~~~~~~~~~~~~~~~~
/scratch2/agustin/zephyr-chipyard-sw/zephyr_ws/zephyr/include/zephyr/posix/posix_limits.h:55:9: warning: "_POSIX_TRACE_NAME_MAX" redefined
   55 | #define _POSIX_TRACE_NAME_MAX               (8)
      |         ^~~~~~~~~~~~~~~~~~~~~
/scratch2/dima/zephyr-chipyard-sw-fresh/tools-manual/zephyr-sdk-1.0.0-beta1/gnu/riscv64-zephyr-elf/riscv64-zephyr-elf/sys-include/sys/syslimits.h:95:9: note: this is the location of the previous definition
   95 | #define _POSIX_TRACE_NAME_MAX   8
      |         ^~~~~~~~~~~~~~~~~~~~~
/scratch2/agustin/zephyr-chipyard-sw/zephyr_ws/zephyr/include/zephyr/posix/posix_limits.h:56:9: warning: "_POSIX_TRACE_SYS_MAX" redefined
   56 | #define _POSIX_TRACE_SYS_MAX                (8)
      |         ^~~~~~~~~~~~~~~~~~~~
/scratch2/dima/zephyr-chipyard-sw-fresh/tools-manual/zephyr-sdk-1.0.0-beta1/gnu/riscv64-zephyr-elf/riscv64-zephyr-elf/sys-include/sys/syslimits.h:96:9: note: this is the location of the previous definition
   96 | #define _POSIX_TRACE_SYS_MAX    8
      |         ^~~~~~~~~~~~~~~~~~~~
/scratch2/agustin/zephyr-chipyard-sw/zephyr_ws/zephyr/include/zephyr/posix/posix_limits.h:57:9: warning: "_POSIX_TRACE_USER_EVENT_MAX" redefined
   57 | #define _POSIX_TRACE_USER_EVENT_MAX         (32)
      |         ^~~~~~~~~~~~~~~~~~~~~~~~~~~
/scratch2/dima/zephyr-chipyard-sw-fresh/tools-manual/zephyr-sdk-1.0.0-beta1/gnu/riscv64-zephyr-elf/riscv64-zephyr-elf/sys-include/sys/syslimits.h:97:9: note: this is the location of the previous definition
   97 | #define _POSIX_TRACE_USER_EVENT_MAX     32
      |         ^~~~~~~~~~~~~~~~~~~~~~~~~~~
/scratch2/agustin/zephyr-chipyard-sw/zephyr_ws/zephyr/include/zephyr/posix/posix_limits.h:58:9: warning: "_POSIX_TTY_NAME_MAX" redefined
   58 | #define _POSIX_TTY_NAME_MAX                 (9)
      |         ^~~~~~~~~~~~~~~~~~~
/scratch2/dima/zephyr-chipyard-sw-fresh/tools-manual/zephyr-sdk-1.0.0-beta1/gnu/riscv64-zephyr-elf/riscv64-zephyr-elf/sys-include/sys/syslimits.h:98:9: note: this is the location of the previous definition
   98 | #define _POSIX_TTY_NAME_MAX     9
      |         ^~~~~~~~~~~~~~~~~~~
/scratch2/agustin/zephyr-chipyard-sw/zephyr_ws/zephyr/include/zephyr/posix/posix_limits.h:59:9: warning: "_POSIX_TZNAME_MAX" redefined
   59 | #define _POSIX_TZNAME_MAX                   (6)
      |         ^~~~~~~~~~~~~~~~~
/scratch2/dima/zephyr-chipyard-sw-fresh/tools-manual/zephyr-sdk-1.0.0-beta1/gnu/riscv64-zephyr-elf/riscv64-zephyr-elf/sys-include/sys/syslimits.h:99:9: note: this is the location of the previous definition
   99 | #define _POSIX_TZNAME_MAX       3
      |         ^~~~~~~~~~~~~~~~~
/scratch2/agustin/zephyr-chipyard-sw/zephyr_ws/zephyr/include/zephyr/posix/posix_limits.h:60:9: warning: "_POSIX2_BC_BASE_MAX" redefined
   60 | #define _POSIX2_BC_BASE_MAX                 (99)
      |         ^~~~~~~~~~~~~~~~~~~
/scratch2/dima/zephyr-chipyard-sw-fresh/tools-manual/zephyr-sdk-1.0.0-beta1/gnu/riscv64-zephyr-elf/riscv64-zephyr-elf/sys-include/sys/syslimits.h:100:9: note: this is the location of the previous definition
  100 | #define _POSIX2_BC_BASE_MAX     99
      |         ^~~~~~~~~~~~~~~~~~~
/scratch2/agustin/zephyr-chipyard-sw/zephyr_ws/zephyr/include/zephyr/posix/posix_limits.h:61:9: warning: "_POSIX2_BC_DIM_MAX" redefined
   61 | #define _POSIX2_BC_DIM_MAX                  (2048)
      |         ^~~~~~~~~~~~~~~~~~
/scratch2/dima/zephyr-chipyard-sw-fresh/tools-manual/zephyr-sdk-1.0.0-beta1/gnu/riscv64-zephyr-elf/riscv64-zephyr-elf/sys-include/sys/syslimits.h:101:9: note: this is the location of the previous definition
  101 | #define _POSIX2_BC_DIM_MAX      2048
      |         ^~~~~~~~~~~~~~~~~~
/scratch2/agustin/zephyr-chipyard-sw/zephyr_ws/zephyr/include/zephyr/posix/posix_limits.h:62:9: warning: "_POSIX2_BC_SCALE_MAX" redefined
   62 | #define _POSIX2_BC_SCALE_MAX                (99)
      |         ^~~~~~~~~~~~~~~~~~~~
/scratch2/dima/zephyr-chipyard-sw-fresh/tools-manual/zephyr-sdk-1.0.0-beta1/gnu/riscv64-zephyr-elf/riscv64-zephyr-elf/sys-include/sys/syslimits.h:102:9: note: this is the location of the previous definition
  102 | #define _POSIX2_BC_SCALE_MAX    99
      |         ^~~~~~~~~~~~~~~~~~~~
/scratch2/agustin/zephyr-chipyard-sw/zephyr_ws/zephyr/include/zephyr/posix/posix_limits.h:63:9: warning: "_POSIX2_BC_STRING_MAX" redefined
   63 | #define _POSIX2_BC_STRING_MAX               (1000)
      |         ^~~~~~~~~~~~~~~~~~~~~
/scratch2/dima/zephyr-chipyard-sw-fresh/tools-manual/zephyr-sdk-1.0.0-beta1/gnu/riscv64-zephyr-elf/riscv64-zephyr-elf/sys-include/sys/syslimits.h:103:9: note: this is the location of the previous definition
  103 | #define _POSIX2_BC_STRING_MAX   1000
      |         ^~~~~~~~~~~~~~~~~~~~~
/scratch2/agustin/zephyr-chipyard-sw/zephyr_ws/zephyr/include/zephyr/posix/posix_limits.h:64:9: warning: "_POSIX2_CHARCLASS_NAME_MAX" redefined
   64 | #define _POSIX2_CHARCLASS_NAME_MAX          (14)
      |         ^~~~~~~~~~~~~~~~~~~~~~~~~~
/scratch2/dima/zephyr-chipyard-sw-fresh/tools-manual/zephyr-sdk-1.0.0-beta1/gnu/riscv64-zephyr-elf/riscv64-zephyr-elf/sys-include/sys/syslimits.h:104:9: note: this is the location of the previous definition
  104 | #define _POSIX2_CHARCLASS_NAME_MAX      14
      |         ^~~~~~~~~~~~~~~~~~~~~~~~~~
/scratch2/agustin/zephyr-chipyard-sw/zephyr_ws/zephyr/include/zephyr/posix/posix_limits.h:65:9: warning: "_POSIX2_COLL_WEIGHTS_MAX" redefined
   65 | #define _POSIX2_COLL_WEIGHTS_MAX            (2)
      |         ^~~~~~~~~~~~~~~~~~~~~~~~
/scratch2/dima/zephyr-chipyard-sw-fresh/tools-manual/zephyr-sdk-1.0.0-beta1/gnu/riscv64-zephyr-elf/riscv64-zephyr-elf/sys-include/sys/syslimits.h:105:9: note: this is the location of the previous definition
  105 | #define _POSIX2_COLL_WEIGHTS_MAX        2
      |         ^~~~~~~~~~~~~~~~~~~~~~~~
/scratch2/agustin/zephyr-chipyard-sw/zephyr_ws/zephyr/include/zephyr/posix/posix_limits.h:66:9: warning: "_POSIX2_EXPR_NEST_MAX" redefined
   66 | #define _POSIX2_EXPR_NEST_MAX               (32)
      |         ^~~~~~~~~~~~~~~~~~~~~
/scratch2/dima/zephyr-chipyard-sw-fresh/tools-manual/zephyr-sdk-1.0.0-beta1/gnu/riscv64-zephyr-elf/riscv64-zephyr-elf/sys-include/sys/syslimits.h:106:9: note: this is the location of the previous definition
  106 | #define _POSIX2_EXPR_NEST_MAX   32
      |         ^~~~~~~~~~~~~~~~~~~~~
/scratch2/agustin/zephyr-chipyard-sw/zephyr_ws/zephyr/include/zephyr/posix/posix_limits.h:67:9: warning: "_POSIX2_LINE_MAX" redefined
   67 | #define _POSIX2_LINE_MAX                    (2048)
      |         ^~~~~~~~~~~~~~~~
/scratch2/dima/zephyr-chipyard-sw-fresh/tools-manual/zephyr-sdk-1.0.0-beta1/gnu/riscv64-zephyr-elf/riscv64-zephyr-elf/sys-include/sys/syslimits.h:107:9: note: this is the location of the previous definition
  107 | #define _POSIX2_LINE_MAX        2048
      |         ^~~~~~~~~~~~~~~~
/scratch2/agustin/zephyr-chipyard-sw/zephyr_ws/zephyr/include/zephyr/posix/posix_limits.h:83:9: warning: "ARG_MAX" redefined
   83 | #define ARG_MAX                       _POSIX_ARG_MAX
      |         ^~~~~~~
/scratch2/dima/zephyr-chipyard-sw-fresh/tools-manual/zephyr-sdk-1.0.0-beta1/gnu/riscv64-zephyr-elf/riscv64-zephyr-elf/sys-include/sys/syslimits.h:41:9: note: this is the location of the previous definition
   41 | #define ARG_MAX                 65536   /* max bytes for an exec function */
      |         ^~~~~~~
/scratch2/agustin/zephyr-chipyard-sw/zephyr_ws/zephyr/include/zephyr/posix/posix_limits.h:84:9: warning: "ATEXIT_MAX" redefined
   84 | #define ATEXIT_MAX                    (32)
      |         ^~~~~~~~~~
/scratch2/dima/zephyr-chipyard-sw-fresh/tools-manual/zephyr-sdk-1.0.0-beta1/gnu/riscv64-zephyr-elf/riscv64-zephyr-elf/sys-include/sys/syslimits.h:42:9: note: this is the location of the previous definition
   42 | #define ATEXIT_MAX                 32   /* max atexit functions */
      |         ^~~~~~~~~~
/scratch2/agustin/zephyr-chipyard-sw/zephyr_ws/zephyr/include/zephyr/posix/posix_limits.h:93:9: warning: "OPEN_MAX" redefined
   93 | #define OPEN_MAX                      CONFIG_POSIX_OPEN_MAX
      |         ^~~~~~~~
/scratch2/dima/zephyr-chipyard-sw-fresh/tools-manual/zephyr-sdk-1.0.0-beta1/gnu/riscv64-zephyr-elf/riscv64-zephyr-elf/sys-include/sys/syslimits.h:45:9: note: this is the location of the previous definition
   45 | #define OPEN_MAX                   64   /* max open files per process */
      |         ^~~~~~~~
/scratch2/agustin/zephyr-chipyard-sw/zephyr_ws/zephyr/include/zephyr/posix/posix_limits.h:96:9: warning: "PATH_MAX" redefined
   96 | #define PATH_MAX                      _POSIX_PATH_MAX
      |         ^~~~~~~~
/scratch2/dima/zephyr-chipyard-sw-fresh/tools-manual/zephyr-sdk-1.0.0-beta1/gnu/riscv64-zephyr-elf/riscv64-zephyr-elf/sys-include/sys/syslimits.h:53:9: note: this is the location of the previous definition
   53 | #define PATH_MAX                 1024   /* max bytes in pathname */
      |         ^~~~~~~~
/scratch2/agustin/zephyr-chipyard-sw/zephyr_ws/zephyr/include/zephyr/posix/posix_limits.h:114:9: warning: "TZNAME_MAX" redefined
  114 | #define TZNAME_MAX                    _POSIX_TZNAME_MAX
      |         ^~~~~~~~~~
/scratch2/dima/zephyr-chipyard-sw-fresh/tools-manual/zephyr-sdk-1.0.0-beta1/gnu/riscv64-zephyr-elf/riscv64-zephyr-elf/sys-include/sys/syslimits.h:46:9: note: this is the location of the previous definition
   46 | #define TZNAME_MAX                 10   /* max time zone name length */
      |         ^~~~~~~~~~
[161/216] Building C object zephyr/lib/posix/options/CMakeFiles/lib__posix__options.dir/cond.c.obj
In file included from /scratch2/agustin/zephyr-chipyard-sw/zephyr_ws/zephyr/include/zephyr/posix/sys/sysconf.h:11,
                 from /scratch2/agustin/zephyr-chipyard-sw/zephyr_ws/zephyr/include/zephyr/posix/unistd.h:18,
                 from /scratch2/agustin/zephyr-chipyard-sw/zephyr_ws/zephyr/include/zephyr/posix/pthread.h:15,
                 from /scratch2/agustin/zephyr-chipyard-sw/zephyr_ws/zephyr/lib/posix/options/posix_internal.h:15,
                 from /scratch2/agustin/zephyr-chipyard-sw/zephyr_ws/zephyr/lib/posix/options/cond.c:9:
/scratch2/agustin/zephyr-chipyard-sw/zephyr_ws/zephyr/include/zephyr/posix/posix_limits.h:23:9: warning: "_POSIX_AIO_LISTIO_MAX" redefined
   23 | #define _POSIX_AIO_LISTIO_MAX               (2)
      |         ^~~~~~~~~~~~~~~~~~~~~
In file included from /scratch2/dima/zephyr-chipyard-sw-fresh/tools-manual/zephyr-sdk-1.0.0-beta1/gnu/riscv64-zephyr-elf/riscv64-zephyr-elf/sys-include/limits.h:6,
                 from /scratch2/dima/zephyr-chipyard-sw-fresh/tools-manual/zephyr-sdk-1.0.0-beta1/gnu/riscv64-zephyr-elf/lib/gcc/riscv64-zephyr-elf/14.3.0/include/limits.h:210,
                 from /scratch2/dima/zephyr-chipyard-sw-fresh/tools-manual/zephyr-sdk-1.0.0-beta1/gnu/riscv64-zephyr-elf/lib/gcc/riscv64-zephyr-elf/14.3.0/include/syslimits.h:7,
                 from /scratch2/dima/zephyr-chipyard-sw-fresh/tools-manual/zephyr-sdk-1.0.0-beta1/gnu/riscv64-zephyr-elf/lib/gcc/riscv64-zephyr-elf/14.3.0/include/limits.h:34,
                 from /scratch2/agustin/zephyr-chipyard-sw/zephyr_ws/zephyr/include/zephyr/sys/timeutil.h:25,
                 from /scratch2/agustin/zephyr-chipyard-sw/zephyr_ws/zephyr/lib/posix/options/posix_clock.h:17,
                 from /scratch2/agustin/zephyr-chipyard-sw/zephyr_ws/zephyr/lib/posix/options/cond.c:8:
/scratch2/dima/zephyr-chipyard-sw-fresh/tools-manual/zephyr-sdk-1.0.0-beta1/gnu/riscv64-zephyr-elf/riscv64-zephyr-elf/sys-include/sys/syslimits.h:63:9: note: this is the location of the previous definition
   63 | #define _POSIX_AIO_LISTIO_MAX   2
      |         ^~~~~~~~~~~~~~~~~~~~~
/scratch2/agustin/zephyr-chipyard-sw/zephyr_ws/zephyr/include/zephyr/posix/posix_limits.h:24:9: warning: "_POSIX_AIO_MAX" redefined
   24 | #define _POSIX_AIO_MAX                      (1)
      |         ^~~~~~~~~~~~~~
/scratch2/dima/zephyr-chipyard-sw-fresh/tools-manual/zephyr-sdk-1.0.0-beta1/gnu/riscv64-zephyr-elf/riscv64-zephyr-elf/sys-include/sys/syslimits.h:64:9: note: this is the location of the previous definition
   64 | #define _POSIX_AIO_MAX          1
      |         ^~~~~~~~~~~~~~
/scratch2/agustin/zephyr-chipyard-sw/zephyr_ws/zephyr/include/zephyr/posix/posix_limits.h:25:9: warning: "_POSIX_ARG_MAX" redefined
   25 | #define _POSIX_ARG_MAX                      (4096)
      |         ^~~~~~~~~~~~~~
/scratch2/dima/zephyr-chipyard-sw-fresh/tools-manual/zephyr-sdk-1.0.0-beta1/gnu/riscv64-zephyr-elf/riscv64-zephyr-elf/sys-include/sys/syslimits.h:65:9: note: this is the location of the previous definition
   65 | #define _POSIX_ARG_MAX          4096
      |         ^~~~~~~~~~~~~~
/scratch2/agustin/zephyr-chipyard-sw/zephyr_ws/zephyr/include/zephyr/posix/posix_limits.h:26:9: warning: "_POSIX_CHILD_MAX" redefined
   26 | #define _POSIX_CHILD_MAX                    (25)
      |         ^~~~~~~~~~~~~~~~
/scratch2/dima/zephyr-chipyard-sw-fresh/tools-manual/zephyr-sdk-1.0.0-beta1/gnu/riscv64-zephyr-elf/riscv64-zephyr-elf/sys-include/sys/syslimits.h:66:9: note: this is the location of the previous definition
   66 | #define _POSIX_CHILD_MAX        6
      |         ^~~~~~~~~~~~~~~~
/scratch2/agustin/zephyr-chipyard-sw/zephyr_ws/zephyr/include/zephyr/posix/posix_limits.h:27:9: warning: "_POSIX_DELAYTIMER_MAX" redefined
   27 | #define _POSIX_DELAYTIMER_MAX               (32)
      |         ^~~~~~~~~~~~~~~~~~~~~
/scratch2/dima/zephyr-chipyard-sw-fresh/tools-manual/zephyr-sdk-1.0.0-beta1/gnu/riscv64-zephyr-elf/riscv64-zephyr-elf/sys-include/sys/syslimits.h:67:9: note: this is the location of the previous definition
   67 | #define _POSIX_DELAYTIMER_MAX   32
      |         ^~~~~~~~~~~~~~~~~~~~~
/scratch2/agustin/zephyr-chipyard-sw/zephyr_ws/zephyr/include/zephyr/posix/posix_limits.h:28:9: warning: "_POSIX_HOST_NAME_MAX" redefined
   28 | #define _POSIX_HOST_NAME_MAX                (255)
      |         ^~~~~~~~~~~~~~~~~~~~
/scratch2/dima/zephyr-chipyard-sw-fresh/tools-manual/zephyr-sdk-1.0.0-beta1/gnu/riscv64-zephyr-elf/riscv64-zephyr-elf/sys-include/sys/syslimits.h:68:9: note: this is the location of the previous definition
   68 | #define _POSIX_HOST_NAME_MAX    255
      |         ^~~~~~~~~~~~~~~~~~~~
/scratch2/agustin/zephyr-chipyard-sw/zephyr_ws/zephyr/include/zephyr/posix/posix_limits.h:29:9: warning: "_POSIX_LINK_MAX" redefined
   29 | #define _POSIX_LINK_MAX                     (8)
      |         ^~~~~~~~~~~~~~~
/scratch2/dima/zephyr-chipyard-sw-fresh/tools-manual/zephyr-sdk-1.0.0-beta1/gnu/riscv64-zephyr-elf/riscv64-zephyr-elf/sys-include/sys/syslimits.h:69:9: note: this is the location of the previous definition
   69 | #define _POSIX_LINK_MAX         8
      |         ^~~~~~~~~~~~~~~
/scratch2/agustin/zephyr-chipyard-sw/zephyr_ws/zephyr/include/zephyr/posix/posix_limits.h:30:9: warning: "_POSIX_LOGIN_NAME_MAX" redefined
   30 | #define _POSIX_LOGIN_NAME_MAX               (9)
      |         ^~~~~~~~~~~~~~~~~~~~~
/scratch2/dima/zephyr-chipyard-sw-fresh/tools-manual/zephyr-sdk-1.0.0-beta1/gnu/riscv64-zephyr-elf/riscv64-zephyr-elf/sys-include/sys/syslimits.h:70:9: note: this is the location of the previous definition
   70 | #define _POSIX_LOGIN_NAME_MAX   9
      |         ^~~~~~~~~~~~~~~~~~~~~
/scratch2/agustin/zephyr-chipyard-sw/zephyr_ws/zephyr/include/zephyr/posix/posix_limits.h:31:9: warning: "_POSIX_MAX_CANON" redefined
   31 | #define _POSIX_MAX_CANON                    (255)
      |         ^~~~~~~~~~~~~~~~
/scratch2/dima/zephyr-chipyard-sw-fresh/tools-manual/zephyr-sdk-1.0.0-beta1/gnu/riscv64-zephyr-elf/riscv64-zephyr-elf/sys-include/sys/syslimits.h:71:9: note: this is the location of the previous definition
   71 | #define _POSIX_MAX_CANON        255
      |         ^~~~~~~~~~~~~~~~
/scratch2/agustin/zephyr-chipyard-sw/zephyr_ws/zephyr/include/zephyr/posix/posix_limits.h:32:9: warning: "_POSIX_MAX_INPUT" redefined
   32 | #define _POSIX_MAX_INPUT                    (255)
      |         ^~~~~~~~~~~~~~~~
/scratch2/dima/zephyr-chipyard-sw-fresh/tools-manual/zephyr-sdk-1.0.0-beta1/gnu/riscv64-zephyr-elf/riscv64-zephyr-elf/sys-include/sys/syslimits.h:72:9: note: this is the location of the previous definition
   72 | #define _POSIX_MAX_INPUT        255
      |         ^~~~~~~~~~~~~~~~
/scratch2/agustin/zephyr-chipyard-sw/zephyr_ws/zephyr/include/zephyr/posix/posix_limits.h:33:9: warning: "_POSIX_MQ_OPEN_MAX" redefined
   33 | #define _POSIX_MQ_OPEN_MAX                  (8)
      |         ^~~~~~~~~~~~~~~~~~
/scratch2/dima/zephyr-chipyard-sw-fresh/tools-manual/zephyr-sdk-1.0.0-beta1/gnu/riscv64-zephyr-elf/riscv64-zephyr-elf/sys-include/sys/syslimits.h:73:9: note: this is the location of the previous definition
   73 | #define _POSIX_MQ_OPEN_MAX      8
      |         ^~~~~~~~~~~~~~~~~~
/scratch2/agustin/zephyr-chipyard-sw/zephyr_ws/zephyr/include/zephyr/posix/posix_limits.h:34:9: warning: "_POSIX_MQ_PRIO_MAX" redefined
   34 | #define _POSIX_MQ_PRIO_MAX                  (32)
      |         ^~~~~~~~~~~~~~~~~~
/scratch2/dima/zephyr-chipyard-sw-fresh/tools-manual/zephyr-sdk-1.0.0-beta1/gnu/riscv64-zephyr-elf/riscv64-zephyr-elf/sys-include/sys/syslimits.h:74:9: note: this is the location of the previous definition
   74 | #define _POSIX_MQ_PRIO_MAX      32
      |         ^~~~~~~~~~~~~~~~~~
/scratch2/agustin/zephyr-chipyard-sw/zephyr_ws/zephyr/include/zephyr/posix/posix_limits.h:35:9: warning: "_POSIX_NAME_MAX" redefined
   35 | #define _POSIX_NAME_MAX                     (14)
      |         ^~~~~~~~~~~~~~~
/scratch2/dima/zephyr-chipyard-sw-fresh/tools-manual/zephyr-sdk-1.0.0-beta1/gnu/riscv64-zephyr-elf/riscv64-zephyr-elf/sys-include/sys/syslimits.h:75:9: note: this is the location of the previous definition
   75 | #define _POSIX_NAME_MAX         14
      |         ^~~~~~~~~~~~~~~
/scratch2/agustin/zephyr-chipyard-sw/zephyr_ws/zephyr/include/zephyr/posix/posix_limits.h:36:9: warning: "_POSIX_NGROUPS_MAX" redefined
   36 | #define _POSIX_NGROUPS_MAX                  (8)
      |         ^~~~~~~~~~~~~~~~~~
/scratch2/dima/zephyr-chipyard-sw-fresh/tools-manual/zephyr-sdk-1.0.0-beta1/gnu/riscv64-zephyr-elf/riscv64-zephyr-elf/sys-include/sys/syslimits.h:76:9: note: this is the location of the previous definition
   76 | #define _POSIX_NGROUPS_MAX      0
      |         ^~~~~~~~~~~~~~~~~~
/scratch2/agustin/zephyr-chipyard-sw/zephyr_ws/zephyr/include/zephyr/posix/posix_limits.h:37:9: warning: "_POSIX_OPEN_MAX" redefined
   37 | #define _POSIX_OPEN_MAX                     (20)
      |         ^~~~~~~~~~~~~~~
/scratch2/dima/zephyr-chipyard-sw-fresh/tools-manual/zephyr-sdk-1.0.0-beta1/gnu/riscv64-zephyr-elf/riscv64-zephyr-elf/sys-include/sys/syslimits.h:77:9: note: this is the location of the previous definition
   77 | #define _POSIX_OPEN_MAX         16
      |         ^~~~~~~~~~~~~~~
/scratch2/agustin/zephyr-chipyard-sw/zephyr_ws/zephyr/include/zephyr/posix/posix_limits.h:38:9: warning: "_POSIX_PATH_MAX" redefined
   38 | #define _POSIX_PATH_MAX                     (256)
      |         ^~~~~~~~~~~~~~~
/scratch2/dima/zephyr-chipyard-sw-fresh/tools-manual/zephyr-sdk-1.0.0-beta1/gnu/riscv64-zephyr-elf/riscv64-zephyr-elf/sys-include/sys/syslimits.h:78:9: note: this is the location of the previous definition
   78 | #define _POSIX_PATH_MAX         255
      |         ^~~~~~~~~~~~~~~
/scratch2/agustin/zephyr-chipyard-sw/zephyr_ws/zephyr/include/zephyr/posix/posix_limits.h:39:9: warning: "_POSIX_PIPE_BUF" redefined
   39 | #define _POSIX_PIPE_BUF                     (512)
      |         ^~~~~~~~~~~~~~~
/scratch2/dima/zephyr-chipyard-sw-fresh/tools-manual/zephyr-sdk-1.0.0-beta1/gnu/riscv64-zephyr-elf/riscv64-zephyr-elf/sys-include/sys/syslimits.h:79:9: note: this is the location of the previous definition
   79 | #define _POSIX_PIPE_BUF         512
      |         ^~~~~~~~~~~~~~~
/scratch2/agustin/zephyr-chipyard-sw/zephyr_ws/zephyr/include/zephyr/posix/posix_limits.h:40:9: warning: "_POSIX_RE_DUP_MAX" redefined
   40 | #define _POSIX_RE_DUP_MAX                   (255)
      |         ^~~~~~~~~~~~~~~~~
/scratch2/dima/zephyr-chipyard-sw-fresh/tools-manual/zephyr-sdk-1.0.0-beta1/gnu/riscv64-zephyr-elf/riscv64-zephyr-elf/sys-include/sys/syslimits.h:80:9: note: this is the location of the previous definition
   80 | #define _POSIX_RE_DUP_MAX       255
      |         ^~~~~~~~~~~~~~~~~
/scratch2/agustin/zephyr-chipyard-sw/zephyr_ws/zephyr/include/zephyr/posix/posix_limits.h:41:9: warning: "_POSIX_RTSIG_MAX" redefined
   41 | #define _POSIX_RTSIG_MAX                    (8)
      |         ^~~~~~~~~~~~~~~~
/scratch2/dima/zephyr-chipyard-sw-fresh/tools-manual/zephyr-sdk-1.0.0-beta1/gnu/riscv64-zephyr-elf/riscv64-zephyr-elf/sys-include/sys/syslimits.h:81:9: note: this is the location of the previous definition
   81 | #define _POSIX_RTSIG_MAX        8
      |         ^~~~~~~~~~~~~~~~
/scratch2/agustin/zephyr-chipyard-sw/zephyr_ws/zephyr/include/zephyr/posix/posix_limits.h:42:9: warning: "_POSIX_SEM_NSEMS_MAX" redefined
   42 | #define _POSIX_SEM_NSEMS_MAX                (256)
      |         ^~~~~~~~~~~~~~~~~~~~
/scratch2/dima/zephyr-chipyard-sw-fresh/tools-manual/zephyr-sdk-1.0.0-beta1/gnu/riscv64-zephyr-elf/riscv64-zephyr-elf/sys-include/sys/syslimits.h:82:9: note: this is the location of the previous definition
   82 | #define _POSIX_SEM_NSEMS_MAX    256
      |         ^~~~~~~~~~~~~~~~~~~~
/scratch2/agustin/zephyr-chipyard-sw/zephyr_ws/zephyr/include/zephyr/posix/posix_limits.h:43:9: warning: "_POSIX_SEM_VALUE_MAX" redefined
   43 | #define _POSIX_SEM_VALUE_MAX                (32767)
      |         ^~~~~~~~~~~~~~~~~~~~
/scratch2/dima/zephyr-chipyard-sw-fresh/tools-manual/zephyr-sdk-1.0.0-beta1/gnu/riscv64-zephyr-elf/riscv64-zephyr-elf/sys-include/sys/syslimits.h:83:9: note: this is the location of the previous definition
   83 | #define _POSIX_SEM_VALUE_MAX    32767
      |         ^~~~~~~~~~~~~~~~~~~~
/scratch2/agustin/zephyr-chipyard-sw/zephyr_ws/zephyr/include/zephyr/posix/posix_limits.h:44:9: warning: "_POSIX_SIGQUEUE_MAX" redefined
   44 | #define _POSIX_SIGQUEUE_MAX                 (32)
      |         ^~~~~~~~~~~~~~~~~~~
/scratch2/dima/zephyr-chipyard-sw-fresh/tools-manual/zephyr-sdk-1.0.0-beta1/gnu/riscv64-zephyr-elf/riscv64-zephyr-elf/sys-include/sys/syslimits.h:84:9: note: this is the location of the previous definition
   84 | #define _POSIX_SIGQUEUE_MAX     32
      |         ^~~~~~~~~~~~~~~~~~~
/scratch2/agustin/zephyr-chipyard-sw/zephyr_ws/zephyr/include/zephyr/posix/posix_limits.h:45:9: warning: "_POSIX_SSIZE_MAX" redefined
   45 | #define _POSIX_SSIZE_MAX                    (32767)
      |         ^~~~~~~~~~~~~~~~
/scratch2/dima/zephyr-chipyard-sw-fresh/tools-manual/zephyr-sdk-1.0.0-beta1/gnu/riscv64-zephyr-elf/riscv64-zephyr-elf/sys-include/sys/syslimits.h:85:9: note: this is the location of the previous definition
   85 | #define _POSIX_SSIZE_MAX        32767
      |         ^~~~~~~~~~~~~~~~
/scratch2/agustin/zephyr-chipyard-sw/zephyr_ws/zephyr/include/zephyr/posix/posix_limits.h:46:9: warning: "_POSIX_SS_REPL_MAX" redefined
   46 | #define _POSIX_SS_REPL_MAX                  (4)
      |         ^~~~~~~~~~~~~~~~~~
/scratch2/dima/zephyr-chipyard-sw-fresh/tools-manual/zephyr-sdk-1.0.0-beta1/gnu/riscv64-zephyr-elf/riscv64-zephyr-elf/sys-include/sys/syslimits.h:86:9: note: this is the location of the previous definition
   86 | #define _POSIX_SS_REPL_MAX      4
      |         ^~~~~~~~~~~~~~~~~~
/scratch2/agustin/zephyr-chipyard-sw/zephyr_ws/zephyr/include/zephyr/posix/posix_limits.h:47:9: warning: "_POSIX_STREAM_MAX" redefined
   47 | #define _POSIX_STREAM_MAX                   (8)
      |         ^~~~~~~~~~~~~~~~~
/scratch2/dima/zephyr-chipyard-sw-fresh/tools-manual/zephyr-sdk-1.0.0-beta1/gnu/riscv64-zephyr-elf/riscv64-zephyr-elf/sys-include/sys/syslimits.h:87:9: note: this is the location of the previous definition
   87 | #define _POSIX_STREAM_MAX       8
      |         ^~~~~~~~~~~~~~~~~
/scratch2/agustin/zephyr-chipyard-sw/zephyr_ws/zephyr/include/zephyr/posix/posix_limits.h:48:9: warning: "_POSIX_SYMLINK_MAX" redefined
   48 | #define _POSIX_SYMLINK_MAX                  (255)
      |         ^~~~~~~~~~~~~~~~~~
/scratch2/dima/zephyr-chipyard-sw-fresh/tools-manual/zephyr-sdk-1.0.0-beta1/gnu/riscv64-zephyr-elf/riscv64-zephyr-elf/sys-include/sys/syslimits.h:88:9: note: this is the location of the previous definition
   88 | #define _POSIX_SYMLINK_MAX      255
      |         ^~~~~~~~~~~~~~~~~~
/scratch2/agustin/zephyr-chipyard-sw/zephyr_ws/zephyr/include/zephyr/posix/posix_limits.h:49:9: warning: "_POSIX_SYMLOOP_MAX" redefined
   49 | #define _POSIX_SYMLOOP_MAX                  (8)
      |         ^~~~~~~~~~~~~~~~~~
/scratch2/dima/zephyr-chipyard-sw-fresh/tools-manual/zephyr-sdk-1.0.0-beta1/gnu/riscv64-zephyr-elf/riscv64-zephyr-elf/sys-include/sys/syslimits.h:89:9: note: this is the location of the previous definition
   89 | #define _POSIX_SYMLOOP_MAX      8
      |         ^~~~~~~~~~~~~~~~~~
/scratch2/agustin/zephyr-chipyard-sw/zephyr_ws/zephyr/include/zephyr/posix/posix_limits.h:50:9: warning: "_POSIX_THREAD_DESTRUCTOR_ITERATIONS" redefined
   50 | #define _POSIX_THREAD_DESTRUCTOR_ITERATIONS (4)
      |         ^~~~~~~~~~~~~~~~~~~~~~~~~~~~~~~~~~~
/scratch2/dima/zephyr-chipyard-sw-fresh/tools-manual/zephyr-sdk-1.0.0-beta1/gnu/riscv64-zephyr-elf/riscv64-zephyr-elf/sys-include/sys/syslimits.h:90:9: note: this is the location of the previous definition
   90 | #define _POSIX_THREAD_DESTRUCTOR_ITERATIONS     4
      |         ^~~~~~~~~~~~~~~~~~~~~~~~~~~~~~~~~~~
/scratch2/agustin/zephyr-chipyard-sw/zephyr_ws/zephyr/include/zephyr/posix/posix_limits.h:51:9: warning: "_POSIX_THREAD_KEYS_MAX" redefined
   51 | #define _POSIX_THREAD_KEYS_MAX              (128)
      |         ^~~~~~~~~~~~~~~~~~~~~~
/scratch2/dima/zephyr-chipyard-sw-fresh/tools-manual/zephyr-sdk-1.0.0-beta1/gnu/riscv64-zephyr-elf/riscv64-zephyr-elf/sys-include/sys/syslimits.h:91:9: note: this is the location of the previous definition
   91 | #define _POSIX_THREAD_KEYS_MAX  128
      |         ^~~~~~~~~~~~~~~~~~~~~~
/scratch2/agustin/zephyr-chipyard-sw/zephyr_ws/zephyr/include/zephyr/posix/posix_limits.h:52:9: warning: "_POSIX_THREAD_THREADS_MAX" redefined
   52 | #define _POSIX_THREAD_THREADS_MAX           (64)
      |         ^~~~~~~~~~~~~~~~~~~~~~~~~
/scratch2/dima/zephyr-chipyard-sw-fresh/tools-manual/zephyr-sdk-1.0.0-beta1/gnu/riscv64-zephyr-elf/riscv64-zephyr-elf/sys-include/sys/syslimits.h:92:9: note: this is the location of the previous definition
   92 | #define _POSIX_THREAD_THREADS_MAX       64
      |         ^~~~~~~~~~~~~~~~~~~~~~~~~
/scratch2/agustin/zephyr-chipyard-sw/zephyr_ws/zephyr/include/zephyr/posix/posix_limits.h:53:9: warning: "_POSIX_TIMER_MAX" redefined
   53 | #define _POSIX_TIMER_MAX                    (32)
      |         ^~~~~~~~~~~~~~~~
/scratch2/dima/zephyr-chipyard-sw-fresh/tools-manual/zephyr-sdk-1.0.0-beta1/gnu/riscv64-zephyr-elf/riscv64-zephyr-elf/sys-include/sys/syslimits.h:93:9: note: this is the location of the previous definition
   93 | #define _POSIX_TIMER_MAX        32
      |         ^~~~~~~~~~~~~~~~
/scratch2/agustin/zephyr-chipyard-sw/zephyr_ws/zephyr/include/zephyr/posix/posix_limits.h:54:9: warning: "_POSIX_TRACE_EVENT_NAME_MAX" redefined
   54 | #define _POSIX_TRACE_EVENT_NAME_MAX         (30)
      |         ^~~~~~~~~~~~~~~~~~~~~~~~~~~
/scratch2/dima/zephyr-chipyard-sw-fresh/tools-manual/zephyr-sdk-1.0.0-beta1/gnu/riscv64-zephyr-elf/riscv64-zephyr-elf/sys-include/sys/syslimits.h:94:9: note: this is the location of the previous definition
   94 | #define _POSIX_TRACE_EVENT_NAME_MAX     30
      |         ^~~~~~~~~~~~~~~~~~~~~~~~~~~
/scratch2/agustin/zephyr-chipyard-sw/zephyr_ws/zephyr/include/zephyr/posix/posix_limits.h:55:9: warning: "_POSIX_TRACE_NAME_MAX" redefined
   55 | #define _POSIX_TRACE_NAME_MAX               (8)
      |         ^~~~~~~~~~~~~~~~~~~~~
/scratch2/dima/zephyr-chipyard-sw-fresh/tools-manual/zephyr-sdk-1.0.0-beta1/gnu/riscv64-zephyr-elf/riscv64-zephyr-elf/sys-include/sys/syslimits.h:95:9: note: this is the location of the previous definition
   95 | #define _POSIX_TRACE_NAME_MAX   8
      |         ^~~~~~~~~~~~~~~~~~~~~
/scratch2/agustin/zephyr-chipyard-sw/zephyr_ws/zephyr/include/zephyr/posix/posix_limits.h:56:9: warning: "_POSIX_TRACE_SYS_MAX" redefined
   56 | #define _POSIX_TRACE_SYS_MAX                (8)
      |         ^~~~~~~~~~~~~~~~~~~~
/scratch2/dima/zephyr-chipyard-sw-fresh/tools-manual/zephyr-sdk-1.0.0-beta1/gnu/riscv64-zephyr-elf/riscv64-zephyr-elf/sys-include/sys/syslimits.h:96:9: note: this is the location of the previous definition
   96 | #define _POSIX_TRACE_SYS_MAX    8
      |         ^~~~~~~~~~~~~~~~~~~~
/scratch2/agustin/zephyr-chipyard-sw/zephyr_ws/zephyr/include/zephyr/posix/posix_limits.h:57:9: warning: "_POSIX_TRACE_USER_EVENT_MAX" redefined
   57 | #define _POSIX_TRACE_USER_EVENT_MAX         (32)
      |         ^~~~~~~~~~~~~~~~~~~~~~~~~~~
/scratch2/dima/zephyr-chipyard-sw-fresh/tools-manual/zephyr-sdk-1.0.0-beta1/gnu/riscv64-zephyr-elf/riscv64-zephyr-elf/sys-include/sys/syslimits.h:97:9: note: this is the location of the previous definition
   97 | #define _POSIX_TRACE_USER_EVENT_MAX     32
      |         ^~~~~~~~~~~~~~~~~~~~~~~~~~~
/scratch2/agustin/zephyr-chipyard-sw/zephyr_ws/zephyr/include/zephyr/posix/posix_limits.h:58:9: warning: "_POSIX_TTY_NAME_MAX" redefined
   58 | #define _POSIX_TTY_NAME_MAX                 (9)
      |         ^~~~~~~~~~~~~~~~~~~
/scratch2/dima/zephyr-chipyard-sw-fresh/tools-manual/zephyr-sdk-1.0.0-beta1/gnu/riscv64-zephyr-elf/riscv64-zephyr-elf/sys-include/sys/syslimits.h:98:9: note: this is the location of the previous definition
   98 | #define _POSIX_TTY_NAME_MAX     9
      |         ^~~~~~~~~~~~~~~~~~~
/scratch2/agustin/zephyr-chipyard-sw/zephyr_ws/zephyr/include/zephyr/posix/posix_limits.h:59:9: warning: "_POSIX_TZNAME_MAX" redefined
   59 | #define _POSIX_TZNAME_MAX                   (6)
      |         ^~~~~~~~~~~~~~~~~
/scratch2/dima/zephyr-chipyard-sw-fresh/tools-manual/zephyr-sdk-1.0.0-beta1/gnu/riscv64-zephyr-elf/riscv64-zephyr-elf/sys-include/sys/syslimits.h:99:9: note: this is the location of the previous definition
   99 | #define _POSIX_TZNAME_MAX       3
      |         ^~~~~~~~~~~~~~~~~
/scratch2/agustin/zephyr-chipyard-sw/zephyr_ws/zephyr/include/zephyr/posix/posix_limits.h:60:9: warning: "_POSIX2_BC_BASE_MAX" redefined
   60 | #define _POSIX2_BC_BASE_MAX                 (99)
      |         ^~~~~~~~~~~~~~~~~~~
/scratch2/dima/zephyr-chipyard-sw-fresh/tools-manual/zephyr-sdk-1.0.0-beta1/gnu/riscv64-zephyr-elf/riscv64-zephyr-elf/sys-include/sys/syslimits.h:100:9: note: this is the location of the previous definition
  100 | #define _POSIX2_BC_BASE_MAX     99
      |         ^~~~~~~~~~~~~~~~~~~
/scratch2/agustin/zephyr-chipyard-sw/zephyr_ws/zephyr/include/zephyr/posix/posix_limits.h:61:9: warning: "_POSIX2_BC_DIM_MAX" redefined
   61 | #define _POSIX2_BC_DIM_MAX                  (2048)
      |         ^~~~~~~~~~~~~~~~~~
/scratch2/dima/zephyr-chipyard-sw-fresh/tools-manual/zephyr-sdk-1.0.0-beta1/gnu/riscv64-zephyr-elf/riscv64-zephyr-elf/sys-include/sys/syslimits.h:101:9: note: this is the location of the previous definition
  101 | #define _POSIX2_BC_DIM_MAX      2048
      |         ^~~~~~~~~~~~~~~~~~
/scratch2/agustin/zephyr-chipyard-sw/zephyr_ws/zephyr/include/zephyr/posix/posix_limits.h:62:9: warning: "_POSIX2_BC_SCALE_MAX" redefined
   62 | #define _POSIX2_BC_SCALE_MAX                (99)
      |         ^~~~~~~~~~~~~~~~~~~~
/scratch2/dima/zephyr-chipyard-sw-fresh/tools-manual/zephyr-sdk-1.0.0-beta1/gnu/riscv64-zephyr-elf/riscv64-zephyr-elf/sys-include/sys/syslimits.h:102:9: note: this is the location of the previous definition
  102 | #define _POSIX2_BC_SCALE_MAX    99
      |         ^~~~~~~~~~~~~~~~~~~~
/scratch2/agustin/zephyr-chipyard-sw/zephyr_ws/zephyr/include/zephyr/posix/posix_limits.h:63:9: warning: "_POSIX2_BC_STRING_MAX" redefined
   63 | #define _POSIX2_BC_STRING_MAX               (1000)
      |         ^~~~~~~~~~~~~~~~~~~~~
/scratch2/dima/zephyr-chipyard-sw-fresh/tools-manual/zephyr-sdk-1.0.0-beta1/gnu/riscv64-zephyr-elf/riscv64-zephyr-elf/sys-include/sys/syslimits.h:103:9: note: this is the location of the previous definition
  103 | #define _POSIX2_BC_STRING_MAX   1000
      |         ^~~~~~~~~~~~~~~~~~~~~
/scratch2/agustin/zephyr-chipyard-sw/zephyr_ws/zephyr/include/zephyr/posix/posix_limits.h:64:9: warning: "_POSIX2_CHARCLASS_NAME_MAX" redefined
   64 | #define _POSIX2_CHARCLASS_NAME_MAX          (14)
      |         ^~~~~~~~~~~~~~~~~~~~~~~~~~
/scratch2/dima/zephyr-chipyard-sw-fresh/tools-manual/zephyr-sdk-1.0.0-beta1/gnu/riscv64-zephyr-elf/riscv64-zephyr-elf/sys-include/sys/syslimits.h:104:9: note: this is the location of the previous definition
  104 | #define _POSIX2_CHARCLASS_NAME_MAX      14
      |         ^~~~~~~~~~~~~~~~~~~~~~~~~~
/scratch2/agustin/zephyr-chipyard-sw/zephyr_ws/zephyr/include/zephyr/posix/posix_limits.h:65:9: warning: "_POSIX2_COLL_WEIGHTS_MAX" redefined
   65 | #define _POSIX2_COLL_WEIGHTS_MAX            (2)
      |         ^~~~~~~~~~~~~~~~~~~~~~~~
/scratch2/dima/zephyr-chipyard-sw-fresh/tools-manual/zephyr-sdk-1.0.0-beta1/gnu/riscv64-zephyr-elf/riscv64-zephyr-elf/sys-include/sys/syslimits.h:105:9: note: this is the location of the previous definition
  105 | #define _POSIX2_COLL_WEIGHTS_MAX        2
      |         ^~~~~~~~~~~~~~~~~~~~~~~~
/scratch2/agustin/zephyr-chipyard-sw/zephyr_ws/zephyr/include/zephyr/posix/posix_limits.h:66:9: warning: "_POSIX2_EXPR_NEST_MAX" redefined
   66 | #define _POSIX2_EXPR_NEST_MAX               (32)
      |         ^~~~~~~~~~~~~~~~~~~~~
/scratch2/dima/zephyr-chipyard-sw-fresh/tools-manual/zephyr-sdk-1.0.0-beta1/gnu/riscv64-zephyr-elf/riscv64-zephyr-elf/sys-include/sys/syslimits.h:106:9: note: this is the location of the previous definition
  106 | #define _POSIX2_EXPR_NEST_MAX   32
      |         ^~~~~~~~~~~~~~~~~~~~~
/scratch2/agustin/zephyr-chipyard-sw/zephyr_ws/zephyr/include/zephyr/posix/posix_limits.h:67:9: warning: "_POSIX2_LINE_MAX" redefined
   67 | #define _POSIX2_LINE_MAX                    (2048)
      |         ^~~~~~~~~~~~~~~~
/scratch2/dima/zephyr-chipyard-sw-fresh/tools-manual/zephyr-sdk-1.0.0-beta1/gnu/riscv64-zephyr-elf/riscv64-zephyr-elf/sys-include/sys/syslimits.h:107:9: note: this is the location of the previous definition
  107 | #define _POSIX2_LINE_MAX        2048
      |         ^~~~~~~~~~~~~~~~
/scratch2/agustin/zephyr-chipyard-sw/zephyr_ws/zephyr/include/zephyr/posix/posix_limits.h:83:9: warning: "ARG_MAX" redefined
   83 | #define ARG_MAX                       _POSIX_ARG_MAX
      |         ^~~~~~~
/scratch2/dima/zephyr-chipyard-sw-fresh/tools-manual/zephyr-sdk-1.0.0-beta1/gnu/riscv64-zephyr-elf/riscv64-zephyr-elf/sys-include/sys/syslimits.h:41:9: note: this is the location of the previous definition
   41 | #define ARG_MAX                 65536   /* max bytes for an exec function */
      |         ^~~~~~~
/scratch2/agustin/zephyr-chipyard-sw/zephyr_ws/zephyr/include/zephyr/posix/posix_limits.h:84:9: warning: "ATEXIT_MAX" redefined
   84 | #define ATEXIT_MAX                    (32)
      |         ^~~~~~~~~~
/scratch2/dima/zephyr-chipyard-sw-fresh/tools-manual/zephyr-sdk-1.0.0-beta1/gnu/riscv64-zephyr-elf/riscv64-zephyr-elf/sys-include/sys/syslimits.h:42:9: note: this is the location of the previous definition
   42 | #define ATEXIT_MAX                 32   /* max atexit functions */
      |         ^~~~~~~~~~
/scratch2/agustin/zephyr-chipyard-sw/zephyr_ws/zephyr/include/zephyr/posix/posix_limits.h:93:9: warning: "OPEN_MAX" redefined
   93 | #define OPEN_MAX                      CONFIG_POSIX_OPEN_MAX
      |         ^~~~~~~~
/scratch2/dima/zephyr-chipyard-sw-fresh/tools-manual/zephyr-sdk-1.0.0-beta1/gnu/riscv64-zephyr-elf/riscv64-zephyr-elf/sys-include/sys/syslimits.h:45:9: note: this is the location of the previous definition
   45 | #define OPEN_MAX                   64   /* max open files per process */
      |         ^~~~~~~~
/scratch2/agustin/zephyr-chipyard-sw/zephyr_ws/zephyr/include/zephyr/posix/posix_limits.h:96:9: warning: "PATH_MAX" redefined
   96 | #define PATH_MAX                      _POSIX_PATH_MAX
      |         ^~~~~~~~
/scratch2/dima/zephyr-chipyard-sw-fresh/tools-manual/zephyr-sdk-1.0.0-beta1/gnu/riscv64-zephyr-elf/riscv64-zephyr-elf/sys-include/sys/syslimits.h:53:9: note: this is the location of the previous definition
   53 | #define PATH_MAX                 1024   /* max bytes in pathname */
      |         ^~~~~~~~
/scratch2/agustin/zephyr-chipyard-sw/zephyr_ws/zephyr/include/zephyr/posix/posix_limits.h:114:9: warning: "TZNAME_MAX" redefined
  114 | #define TZNAME_MAX                    _POSIX_TZNAME_MAX
      |         ^~~~~~~~~~
/scratch2/dima/zephyr-chipyard-sw-fresh/tools-manual/zephyr-sdk-1.0.0-beta1/gnu/riscv64-zephyr-elf/riscv64-zephyr-elf/sys-include/sys/syslimits.h:46:9: note: this is the location of the previous definition
   46 | #define TZNAME_MAX                 10   /* max time zone name length */
      |         ^~~~~~~~~~
[162/216] Building C object zephyr/kernel/CMakeFiles/kernel.dir/device.c.obj
[163/216] Building C object zephyr/kernel/CMakeFiles/kernel.dir/fatal.c.obj
[164/216] Building C object zephyr/lib/posix/options/CMakeFiles/lib__posix__options.dir/rwlock.c.obj
In file included from /scratch2/agustin/zephyr-chipyard-sw/zephyr_ws/zephyr/include/zephyr/posix/sys/sysconf.h:11,
                 from /scratch2/agustin/zephyr-chipyard-sw/zephyr_ws/zephyr/include/zephyr/posix/unistd.h:18,
                 from /scratch2/agustin/zephyr-chipyard-sw/zephyr_ws/zephyr/include/zephyr/posix/pthread.h:15,
                 from /scratch2/agustin/zephyr-chipyard-sw/zephyr_ws/zephyr/lib/posix/options/posix_internal.h:15,
                 from /scratch2/agustin/zephyr-chipyard-sw/zephyr_ws/zephyr/lib/posix/options/rwlock.c:8:
/scratch2/agustin/zephyr-chipyard-sw/zephyr_ws/zephyr/include/zephyr/posix/posix_limits.h:23:9: warning: "_POSIX_AIO_LISTIO_MAX" redefined
   23 | #define _POSIX_AIO_LISTIO_MAX               (2)
      |         ^~~~~~~~~~~~~~~~~~~~~
In file included from /scratch2/dima/zephyr-chipyard-sw-fresh/tools-manual/zephyr-sdk-1.0.0-beta1/gnu/riscv64-zephyr-elf/riscv64-zephyr-elf/sys-include/limits.h:6,
                 from /scratch2/dima/zephyr-chipyard-sw-fresh/tools-manual/zephyr-sdk-1.0.0-beta1/gnu/riscv64-zephyr-elf/lib/gcc/riscv64-zephyr-elf/14.3.0/include/limits.h:210,
                 from /scratch2/dima/zephyr-chipyard-sw-fresh/tools-manual/zephyr-sdk-1.0.0-beta1/gnu/riscv64-zephyr-elf/lib/gcc/riscv64-zephyr-elf/14.3.0/include/syslimits.h:7,
                 from /scratch2/dima/zephyr-chipyard-sw-fresh/tools-manual/zephyr-sdk-1.0.0-beta1/gnu/riscv64-zephyr-elf/lib/gcc/riscv64-zephyr-elf/14.3.0/include/limits.h:34,
                 from /scratch2/agustin/zephyr-chipyard-sw/zephyr_ws/zephyr/include/zephyr/sys/timeutil.h:25,
                 from /scratch2/agustin/zephyr-chipyard-sw/zephyr_ws/zephyr/lib/posix/options/posix_clock.h:17,
                 from /scratch2/agustin/zephyr-chipyard-sw/zephyr_ws/zephyr/lib/posix/options/rwlock.c:7:
/scratch2/dima/zephyr-chipyard-sw-fresh/tools-manual/zephyr-sdk-1.0.0-beta1/gnu/riscv64-zephyr-elf/riscv64-zephyr-elf/sys-include/sys/syslimits.h:63:9: note: this is the location of the previous definition
   63 | #define _POSIX_AIO_LISTIO_MAX   2
      |         ^~~~~~~~~~~~~~~~~~~~~
/scratch2/agustin/zephyr-chipyard-sw/zephyr_ws/zephyr/include/zephyr/posix/posix_limits.h:24:9: warning: "_POSIX_AIO_MAX" redefined
   24 | #define _POSIX_AIO_MAX                      (1)
      |         ^~~~~~~~~~~~~~
/scratch2/dima/zephyr-chipyard-sw-fresh/tools-manual/zephyr-sdk-1.0.0-beta1/gnu/riscv64-zephyr-elf/riscv64-zephyr-elf/sys-include/sys/syslimits.h:64:9: note: this is the location of the previous definition
   64 | #define _POSIX_AIO_MAX          1
      |         ^~~~~~~~~~~~~~
/scratch2/agustin/zephyr-chipyard-sw/zephyr_ws/zephyr/include/zephyr/posix/posix_limits.h:25:9: warning: "_POSIX_ARG_MAX" redefined
   25 | #define _POSIX_ARG_MAX                      (4096)
      |         ^~~~~~~~~~~~~~
/scratch2/dima/zephyr-chipyard-sw-fresh/tools-manual/zephyr-sdk-1.0.0-beta1/gnu/riscv64-zephyr-elf/riscv64-zephyr-elf/sys-include/sys/syslimits.h:65:9: note: this is the location of the previous definition
   65 | #define _POSIX_ARG_MAX          4096
      |         ^~~~~~~~~~~~~~
/scratch2/agustin/zephyr-chipyard-sw/zephyr_ws/zephyr/include/zephyr/posix/posix_limits.h:26:9: warning: "_POSIX_CHILD_MAX" redefined
   26 | #define _POSIX_CHILD_MAX                    (25)
      |         ^~~~~~~~~~~~~~~~
/scratch2/dima/zephyr-chipyard-sw-fresh/tools-manual/zephyr-sdk-1.0.0-beta1/gnu/riscv64-zephyr-elf/riscv64-zephyr-elf/sys-include/sys/syslimits.h:66:9: note: this is the location of the previous definition
   66 | #define _POSIX_CHILD_MAX        6
      |         ^~~~~~~~~~~~~~~~
/scratch2/agustin/zephyr-chipyard-sw/zephyr_ws/zephyr/include/zephyr/posix/posix_limits.h:27:9: warning: "_POSIX_DELAYTIMER_MAX" redefined
   27 | #define _POSIX_DELAYTIMER_MAX               (32)
      |         ^~~~~~~~~~~~~~~~~~~~~
/scratch2/dima/zephyr-chipyard-sw-fresh/tools-manual/zephyr-sdk-1.0.0-beta1/gnu/riscv64-zephyr-elf/riscv64-zephyr-elf/sys-include/sys/syslimits.h:67:9: note: this is the location of the previous definition
   67 | #define _POSIX_DELAYTIMER_MAX   32
      |         ^~~~~~~~~~~~~~~~~~~~~
/scratch2/agustin/zephyr-chipyard-sw/zephyr_ws/zephyr/include/zephyr/posix/posix_limits.h:28:9: warning: "_POSIX_HOST_NAME_MAX" redefined
   28 | #define _POSIX_HOST_NAME_MAX                (255)
      |         ^~~~~~~~~~~~~~~~~~~~
/scratch2/dima/zephyr-chipyard-sw-fresh/tools-manual/zephyr-sdk-1.0.0-beta1/gnu/riscv64-zephyr-elf/riscv64-zephyr-elf/sys-include/sys/syslimits.h:68:9: note: this is the location of the previous definition
   68 | #define _POSIX_HOST_NAME_MAX    255
      |         ^~~~~~~~~~~~~~~~~~~~
/scratch2/agustin/zephyr-chipyard-sw/zephyr_ws/zephyr/include/zephyr/posix/posix_limits.h:29:9: warning: "_POSIX_LINK_MAX" redefined
   29 | #define _POSIX_LINK_MAX                     (8)
      |         ^~~~~~~~~~~~~~~
/scratch2/dima/zephyr-chipyard-sw-fresh/tools-manual/zephyr-sdk-1.0.0-beta1/gnu/riscv64-zephyr-elf/riscv64-zephyr-elf/sys-include/sys/syslimits.h:69:9: note: this is the location of the previous definition
   69 | #define _POSIX_LINK_MAX         8
      |         ^~~~~~~~~~~~~~~
/scratch2/agustin/zephyr-chipyard-sw/zephyr_ws/zephyr/include/zephyr/posix/posix_limits.h:30:9: warning: "_POSIX_LOGIN_NAME_MAX" redefined
   30 | #define _POSIX_LOGIN_NAME_MAX               (9)
      |         ^~~~~~~~~~~~~~~~~~~~~
/scratch2/dima/zephyr-chipyard-sw-fresh/tools-manual/zephyr-sdk-1.0.0-beta1/gnu/riscv64-zephyr-elf/riscv64-zephyr-elf/sys-include/sys/syslimits.h:70:9: note: this is the location of the previous definition
   70 | #define _POSIX_LOGIN_NAME_MAX   9
      |         ^~~~~~~~~~~~~~~~~~~~~
/scratch2/agustin/zephyr-chipyard-sw/zephyr_ws/zephyr/include/zephyr/posix/posix_limits.h:31:9: warning: "_POSIX_MAX_CANON" redefined
   31 | #define _POSIX_MAX_CANON                    (255)
      |         ^~~~~~~~~~~~~~~~
/scratch2/dima/zephyr-chipyard-sw-fresh/tools-manual/zephyr-sdk-1.0.0-beta1/gnu/riscv64-zephyr-elf/riscv64-zephyr-elf/sys-include/sys/syslimits.h:71:9: note: this is the location of the previous definition
   71 | #define _POSIX_MAX_CANON        255
      |         ^~~~~~~~~~~~~~~~
/scratch2/agustin/zephyr-chipyard-sw/zephyr_ws/zephyr/include/zephyr/posix/posix_limits.h:32:9: warning: "_POSIX_MAX_INPUT" redefined
   32 | #define _POSIX_MAX_INPUT                    (255)
      |         ^~~~~~~~~~~~~~~~
/scratch2/dima/zephyr-chipyard-sw-fresh/tools-manual/zephyr-sdk-1.0.0-beta1/gnu/riscv64-zephyr-elf/riscv64-zephyr-elf/sys-include/sys/syslimits.h:72:9: note: this is the location of the previous definition
   72 | #define _POSIX_MAX_INPUT        255
      |         ^~~~~~~~~~~~~~~~
/scratch2/agustin/zephyr-chipyard-sw/zephyr_ws/zephyr/include/zephyr/posix/posix_limits.h:33:9: warning: "_POSIX_MQ_OPEN_MAX" redefined
   33 | #define _POSIX_MQ_OPEN_MAX                  (8)
      |         ^~~~~~~~~~~~~~~~~~
/scratch2/dima/zephyr-chipyard-sw-fresh/tools-manual/zephyr-sdk-1.0.0-beta1/gnu/riscv64-zephyr-elf/riscv64-zephyr-elf/sys-include/sys/syslimits.h:73:9: note: this is the location of the previous definition
   73 | #define _POSIX_MQ_OPEN_MAX      8
      |         ^~~~~~~~~~~~~~~~~~
/scratch2/agustin/zephyr-chipyard-sw/zephyr_ws/zephyr/include/zephyr/posix/posix_limits.h:34:9: warning: "_POSIX_MQ_PRIO_MAX" redefined
   34 | #define _POSIX_MQ_PRIO_MAX                  (32)
      |         ^~~~~~~~~~~~~~~~~~
/scratch2/dima/zephyr-chipyard-sw-fresh/tools-manual/zephyr-sdk-1.0.0-beta1/gnu/riscv64-zephyr-elf/riscv64-zephyr-elf/sys-include/sys/syslimits.h:74:9: note: this is the location of the previous definition
   74 | #define _POSIX_MQ_PRIO_MAX      32
      |         ^~~~~~~~~~~~~~~~~~
/scratch2/agustin/zephyr-chipyard-sw/zephyr_ws/zephyr/include/zephyr/posix/posix_limits.h:35:9: warning: "_POSIX_NAME_MAX" redefined
   35 | #define _POSIX_NAME_MAX                     (14)
      |         ^~~~~~~~~~~~~~~
/scratch2/dima/zephyr-chipyard-sw-fresh/tools-manual/zephyr-sdk-1.0.0-beta1/gnu/riscv64-zephyr-elf/riscv64-zephyr-elf/sys-include/sys/syslimits.h:75:9: note: this is the location of the previous definition
   75 | #define _POSIX_NAME_MAX         14
      |         ^~~~~~~~~~~~~~~
/scratch2/agustin/zephyr-chipyard-sw/zephyr_ws/zephyr/include/zephyr/posix/posix_limits.h:36:9: warning: "_POSIX_NGROUPS_MAX" redefined
   36 | #define _POSIX_NGROUPS_MAX                  (8)
      |         ^~~~~~~~~~~~~~~~~~
/scratch2/dima/zephyr-chipyard-sw-fresh/tools-manual/zephyr-sdk-1.0.0-beta1/gnu/riscv64-zephyr-elf/riscv64-zephyr-elf/sys-include/sys/syslimits.h:76:9: note: this is the location of the previous definition
   76 | #define _POSIX_NGROUPS_MAX      0
      |         ^~~~~~~~~~~~~~~~~~
/scratch2/agustin/zephyr-chipyard-sw/zephyr_ws/zephyr/include/zephyr/posix/posix_limits.h:37:9: warning: "_POSIX_OPEN_MAX" redefined
   37 | #define _POSIX_OPEN_MAX                     (20)
      |         ^~~~~~~~~~~~~~~
/scratch2/dima/zephyr-chipyard-sw-fresh/tools-manual/zephyr-sdk-1.0.0-beta1/gnu/riscv64-zephyr-elf/riscv64-zephyr-elf/sys-include/sys/syslimits.h:77:9: note: this is the location of the previous definition
   77 | #define _POSIX_OPEN_MAX         16
      |         ^~~~~~~~~~~~~~~
/scratch2/agustin/zephyr-chipyard-sw/zephyr_ws/zephyr/include/zephyr/posix/posix_limits.h:38:9: warning: "_POSIX_PATH_MAX" redefined
   38 | #define _POSIX_PATH_MAX                     (256)
      |         ^~~~~~~~~~~~~~~
/scratch2/dima/zephyr-chipyard-sw-fresh/tools-manual/zephyr-sdk-1.0.0-beta1/gnu/riscv64-zephyr-elf/riscv64-zephyr-elf/sys-include/sys/syslimits.h:78:9: note: this is the location of the previous definition
   78 | #define _POSIX_PATH_MAX         255
      |         ^~~~~~~~~~~~~~~
/scratch2/agustin/zephyr-chipyard-sw/zephyr_ws/zephyr/include/zephyr/posix/posix_limits.h:39:9: warning: "_POSIX_PIPE_BUF" redefined
   39 | #define _POSIX_PIPE_BUF                     (512)
      |         ^~~~~~~~~~~~~~~
/scratch2/dima/zephyr-chipyard-sw-fresh/tools-manual/zephyr-sdk-1.0.0-beta1/gnu/riscv64-zephyr-elf/riscv64-zephyr-elf/sys-include/sys/syslimits.h:79:9: note: this is the location of the previous definition
   79 | #define _POSIX_PIPE_BUF         512
      |         ^~~~~~~~~~~~~~~
/scratch2/agustin/zephyr-chipyard-sw/zephyr_ws/zephyr/include/zephyr/posix/posix_limits.h:40:9: warning: "_POSIX_RE_DUP_MAX" redefined
   40 | #define _POSIX_RE_DUP_MAX                   (255)
      |         ^~~~~~~~~~~~~~~~~
/scratch2/dima/zephyr-chipyard-sw-fresh/tools-manual/zephyr-sdk-1.0.0-beta1/gnu/riscv64-zephyr-elf/riscv64-zephyr-elf/sys-include/sys/syslimits.h:80:9: note: this is the location of the previous definition
   80 | #define _POSIX_RE_DUP_MAX       255
      |         ^~~~~~~~~~~~~~~~~
/scratch2/agustin/zephyr-chipyard-sw/zephyr_ws/zephyr/include/zephyr/posix/posix_limits.h:41:9: warning: "_POSIX_RTSIG_MAX" redefined
   41 | #define _POSIX_RTSIG_MAX                    (8)
      |         ^~~~~~~~~~~~~~~~
/scratch2/dima/zephyr-chipyard-sw-fresh/tools-manual/zephyr-sdk-1.0.0-beta1/gnu/riscv64-zephyr-elf/riscv64-zephyr-elf/sys-include/sys/syslimits.h:81:9: note: this is the location of the previous definition
   81 | #define _POSIX_RTSIG_MAX        8
      |         ^~~~~~~~~~~~~~~~
/scratch2/agustin/zephyr-chipyard-sw/zephyr_ws/zephyr/include/zephyr/posix/posix_limits.h:42:9: warning: "_POSIX_SEM_NSEMS_MAX" redefined
   42 | #define _POSIX_SEM_NSEMS_MAX                (256)
      |         ^~~~~~~~~~~~~~~~~~~~
/scratch2/dima/zephyr-chipyard-sw-fresh/tools-manual/zephyr-sdk-1.0.0-beta1/gnu/riscv64-zephyr-elf/riscv64-zephyr-elf/sys-include/sys/syslimits.h:82:9: note: this is the location of the previous definition
   82 | #define _POSIX_SEM_NSEMS_MAX    256
      |         ^~~~~~~~~~~~~~~~~~~~
/scratch2/agustin/zephyr-chipyard-sw/zephyr_ws/zephyr/include/zephyr/posix/posix_limits.h:43:9: warning: "_POSIX_SEM_VALUE_MAX" redefined
   43 | #define _POSIX_SEM_VALUE_MAX                (32767)
      |         ^~~~~~~~~~~~~~~~~~~~
/scratch2/dima/zephyr-chipyard-sw-fresh/tools-manual/zephyr-sdk-1.0.0-beta1/gnu/riscv64-zephyr-elf/riscv64-zephyr-elf/sys-include/sys/syslimits.h:83:9: note: this is the location of the previous definition
   83 | #define _POSIX_SEM_VALUE_MAX    32767
      |         ^~~~~~~~~~~~~~~~~~~~
/scratch2/agustin/zephyr-chipyard-sw/zephyr_ws/zephyr/include/zephyr/posix/posix_limits.h:44:9: warning: "_POSIX_SIGQUEUE_MAX" redefined
   44 | #define _POSIX_SIGQUEUE_MAX                 (32)
      |         ^~~~~~~~~~~~~~~~~~~
/scratch2/dima/zephyr-chipyard-sw-fresh/tools-manual/zephyr-sdk-1.0.0-beta1/gnu/riscv64-zephyr-elf/riscv64-zephyr-elf/sys-include/sys/syslimits.h:84:9: note: this is the location of the previous definition
   84 | #define _POSIX_SIGQUEUE_MAX     32
      |         ^~~~~~~~~~~~~~~~~~~
/scratch2/agustin/zephyr-chipyard-sw/zephyr_ws/zephyr/include/zephyr/posix/posix_limits.h:45:9: warning: "_POSIX_SSIZE_MAX" redefined
   45 | #define _POSIX_SSIZE_MAX                    (32767)
      |         ^~~~~~~~~~~~~~~~
/scratch2/dima/zephyr-chipyard-sw-fresh/tools-manual/zephyr-sdk-1.0.0-beta1/gnu/riscv64-zephyr-elf/riscv64-zephyr-elf/sys-include/sys/syslimits.h:85:9: note: this is the location of the previous definition
   85 | #define _POSIX_SSIZE_MAX        32767
      |         ^~~~~~~~~~~~~~~~
/scratch2/agustin/zephyr-chipyard-sw/zephyr_ws/zephyr/include/zephyr/posix/posix_limits.h:46:9: warning: "_POSIX_SS_REPL_MAX" redefined
   46 | #define _POSIX_SS_REPL_MAX                  (4)
      |         ^~~~~~~~~~~~~~~~~~
/scratch2/dima/zephyr-chipyard-sw-fresh/tools-manual/zephyr-sdk-1.0.0-beta1/gnu/riscv64-zephyr-elf/riscv64-zephyr-elf/sys-include/sys/syslimits.h:86:9: note: this is the location of the previous definition
   86 | #define _POSIX_SS_REPL_MAX      4
      |         ^~~~~~~~~~~~~~~~~~
/scratch2/agustin/zephyr-chipyard-sw/zephyr_ws/zephyr/include/zephyr/posix/posix_limits.h:47:9: warning: "_POSIX_STREAM_MAX" redefined
   47 | #define _POSIX_STREAM_MAX                   (8)
      |         ^~~~~~~~~~~~~~~~~
/scratch2/dima/zephyr-chipyard-sw-fresh/tools-manual/zephyr-sdk-1.0.0-beta1/gnu/riscv64-zephyr-elf/riscv64-zephyr-elf/sys-include/sys/syslimits.h:87:9: note: this is the location of the previous definition
   87 | #define _POSIX_STREAM_MAX       8
      |         ^~~~~~~~~~~~~~~~~
/scratch2/agustin/zephyr-chipyard-sw/zephyr_ws/zephyr/include/zephyr/posix/posix_limits.h:48:9: warning: "_POSIX_SYMLINK_MAX" redefined
   48 | #define _POSIX_SYMLINK_MAX                  (255)
      |         ^~~~~~~~~~~~~~~~~~
/scratch2/dima/zephyr-chipyard-sw-fresh/tools-manual/zephyr-sdk-1.0.0-beta1/gnu/riscv64-zephyr-elf/riscv64-zephyr-elf/sys-include/sys/syslimits.h:88:9: note: this is the location of the previous definition
   88 | #define _POSIX_SYMLINK_MAX      255
      |         ^~~~~~~~~~~~~~~~~~
/scratch2/agustin/zephyr-chipyard-sw/zephyr_ws/zephyr/include/zephyr/posix/posix_limits.h:49:9: warning: "_POSIX_SYMLOOP_MAX" redefined
   49 | #define _POSIX_SYMLOOP_MAX                  (8)
      |         ^~~~~~~~~~~~~~~~~~
/scratch2/dima/zephyr-chipyard-sw-fresh/tools-manual/zephyr-sdk-1.0.0-beta1/gnu/riscv64-zephyr-elf/riscv64-zephyr-elf/sys-include/sys/syslimits.h:89:9: note: this is the location of the previous definition
   89 | #define _POSIX_SYMLOOP_MAX      8
      |         ^~~~~~~~~~~~~~~~~~
/scratch2/agustin/zephyr-chipyard-sw/zephyr_ws/zephyr/include/zephyr/posix/posix_limits.h:50:9: warning: "_POSIX_THREAD_DESTRUCTOR_ITERATIONS" redefined
   50 | #define _POSIX_THREAD_DESTRUCTOR_ITERATIONS (4)
      |         ^~~~~~~~~~~~~~~~~~~~~~~~~~~~~~~~~~~
/scratch2/dima/zephyr-chipyard-sw-fresh/tools-manual/zephyr-sdk-1.0.0-beta1/gnu/riscv64-zephyr-elf/riscv64-zephyr-elf/sys-include/sys/syslimits.h:90:9: note: this is the location of the previous definition
   90 | #define _POSIX_THREAD_DESTRUCTOR_ITERATIONS     4
      |         ^~~~~~~~~~~~~~~~~~~~~~~~~~~~~~~~~~~
/scratch2/agustin/zephyr-chipyard-sw/zephyr_ws/zephyr/include/zephyr/posix/posix_limits.h:51:9: warning: "_POSIX_THREAD_KEYS_MAX" redefined
   51 | #define _POSIX_THREAD_KEYS_MAX              (128)
      |         ^~~~~~~~~~~~~~~~~~~~~~
/scratch2/dima/zephyr-chipyard-sw-fresh/tools-manual/zephyr-sdk-1.0.0-beta1/gnu/riscv64-zephyr-elf/riscv64-zephyr-elf/sys-include/sys/syslimits.h:91:9: note: this is the location of the previous definition
   91 | #define _POSIX_THREAD_KEYS_MAX  128
      |         ^~~~~~~~~~~~~~~~~~~~~~
/scratch2/agustin/zephyr-chipyard-sw/zephyr_ws/zephyr/include/zephyr/posix/posix_limits.h:52:9: warning: "_POSIX_THREAD_THREADS_MAX" redefined
   52 | #define _POSIX_THREAD_THREADS_MAX           (64)
      |         ^~~~~~~~~~~~~~~~~~~~~~~~~
/scratch2/dima/zephyr-chipyard-sw-fresh/tools-manual/zephyr-sdk-1.0.0-beta1/gnu/riscv64-zephyr-elf/riscv64-zephyr-elf/sys-include/sys/syslimits.h:92:9: note: this is the location of the previous definition
   92 | #define _POSIX_THREAD_THREADS_MAX       64
      |         ^~~~~~~~~~~~~~~~~~~~~~~~~
/scratch2/agustin/zephyr-chipyard-sw/zephyr_ws/zephyr/include/zephyr/posix/posix_limits.h:53:9: warning: "_POSIX_TIMER_MAX" redefined
   53 | #define _POSIX_TIMER_MAX                    (32)
      |         ^~~~~~~~~~~~~~~~
/scratch2/dima/zephyr-chipyard-sw-fresh/tools-manual/zephyr-sdk-1.0.0-beta1/gnu/riscv64-zephyr-elf/riscv64-zephyr-elf/sys-include/sys/syslimits.h:93:9: note: this is the location of the previous definition
   93 | #define _POSIX_TIMER_MAX        32
      |         ^~~~~~~~~~~~~~~~
/scratch2/agustin/zephyr-chipyard-sw/zephyr_ws/zephyr/include/zephyr/posix/posix_limits.h:54:9: warning: "_POSIX_TRACE_EVENT_NAME_MAX" redefined
   54 | #define _POSIX_TRACE_EVENT_NAME_MAX         (30)
      |         ^~~~~~~~~~~~~~~~~~~~~~~~~~~
/scratch2/dima/zephyr-chipyard-sw-fresh/tools-manual/zephyr-sdk-1.0.0-beta1/gnu/riscv64-zephyr-elf/riscv64-zephyr-elf/sys-include/sys/syslimits.h:94:9: note: this is the location of the previous definition
   94 | #define _POSIX_TRACE_EVENT_NAME_MAX     30
      |         ^~~~~~~~~~~~~~~~~~~~~~~~~~~
/scratch2/agustin/zephyr-chipyard-sw/zephyr_ws/zephyr/include/zephyr/posix/posix_limits.h:55:9: warning: "_POSIX_TRACE_NAME_MAX" redefined
   55 | #define _POSIX_TRACE_NAME_MAX               (8)
      |         ^~~~~~~~~~~~~~~~~~~~~
/scratch2/dima/zephyr-chipyard-sw-fresh/tools-manual/zephyr-sdk-1.0.0-beta1/gnu/riscv64-zephyr-elf/riscv64-zephyr-elf/sys-include/sys/syslimits.h:95:9: note: this is the location of the previous definition
   95 | #define _POSIX_TRACE_NAME_MAX   8
      |         ^~~~~~~~~~~~~~~~~~~~~
/scratch2/agustin/zephyr-chipyard-sw/zephyr_ws/zephyr/include/zephyr/posix/posix_limits.h:56:9: warning: "_POSIX_TRACE_SYS_MAX" redefined
   56 | #define _POSIX_TRACE_SYS_MAX                (8)
      |         ^~~~~~~~~~~~~~~~~~~~
/scratch2/dima/zephyr-chipyard-sw-fresh/tools-manual/zephyr-sdk-1.0.0-beta1/gnu/riscv64-zephyr-elf/riscv64-zephyr-elf/sys-include/sys/syslimits.h:96:9: note: this is the location of the previous definition
   96 | #define _POSIX_TRACE_SYS_MAX    8
      |         ^~~~~~~~~~~~~~~~~~~~
/scratch2/agustin/zephyr-chipyard-sw/zephyr_ws/zephyr/include/zephyr/posix/posix_limits.h:57:9: warning: "_POSIX_TRACE_USER_EVENT_MAX" redefined
   57 | #define _POSIX_TRACE_USER_EVENT_MAX         (32)
      |         ^~~~~~~~~~~~~~~~~~~~~~~~~~~
/scratch2/dima/zephyr-chipyard-sw-fresh/tools-manual/zephyr-sdk-1.0.0-beta1/gnu/riscv64-zephyr-elf/riscv64-zephyr-elf/sys-include/sys/syslimits.h:97:9: note: this is the location of the previous definition
   97 | #define _POSIX_TRACE_USER_EVENT_MAX     32
      |         ^~~~~~~~~~~~~~~~~~~~~~~~~~~
/scratch2/agustin/zephyr-chipyard-sw/zephyr_ws/zephyr/include/zephyr/posix/posix_limits.h:58:9: warning: "_POSIX_TTY_NAME_MAX" redefined
   58 | #define _POSIX_TTY_NAME_MAX                 (9)
      |         ^~~~~~~~~~~~~~~~~~~
/scratch2/dima/zephyr-chipyard-sw-fresh/tools-manual/zephyr-sdk-1.0.0-beta1/gnu/riscv64-zephyr-elf/riscv64-zephyr-elf/sys-include/sys/syslimits.h:98:9: note: this is the location of the previous definition
   98 | #define _POSIX_TTY_NAME_MAX     9
      |         ^~~~~~~~~~~~~~~~~~~
/scratch2/agustin/zephyr-chipyard-sw/zephyr_ws/zephyr/include/zephyr/posix/posix_limits.h:59:9: warning: "_POSIX_TZNAME_MAX" redefined
   59 | #define _POSIX_TZNAME_MAX                   (6)
      |         ^~~~~~~~~~~~~~~~~
/scratch2/dima/zephyr-chipyard-sw-fresh/tools-manual/zephyr-sdk-1.0.0-beta1/gnu/riscv64-zephyr-elf/riscv64-zephyr-elf/sys-include/sys/syslimits.h:99:9: note: this is the location of the previous definition
   99 | #define _POSIX_TZNAME_MAX       3
      |         ^~~~~~~~~~~~~~~~~
/scratch2/agustin/zephyr-chipyard-sw/zephyr_ws/zephyr/include/zephyr/posix/posix_limits.h:60:9: warning: "_POSIX2_BC_BASE_MAX" redefined
   60 | #define _POSIX2_BC_BASE_MAX                 (99)
      |         ^~~~~~~~~~~~~~~~~~~
/scratch2/dima/zephyr-chipyard-sw-fresh/tools-manual/zephyr-sdk-1.0.0-beta1/gnu/riscv64-zephyr-elf/riscv64-zephyr-elf/sys-include/sys/syslimits.h:100:9: note: this is the location of the previous definition
  100 | #define _POSIX2_BC_BASE_MAX     99
      |         ^~~~~~~~~~~~~~~~~~~
/scratch2/agustin/zephyr-chipyard-sw/zephyr_ws/zephyr/include/zephyr/posix/posix_limits.h:61:9: warning: "_POSIX2_BC_DIM_MAX" redefined
   61 | #define _POSIX2_BC_DIM_MAX                  (2048)
      |         ^~~~~~~~~~~~~~~~~~
/scratch2/dima/zephyr-chipyard-sw-fresh/tools-manual/zephyr-sdk-1.0.0-beta1/gnu/riscv64-zephyr-elf/riscv64-zephyr-elf/sys-include/sys/syslimits.h:101:9: note: this is the location of the previous definition
  101 | #define _POSIX2_BC_DIM_MAX      2048
      |         ^~~~~~~~~~~~~~~~~~
/scratch2/agustin/zephyr-chipyard-sw/zephyr_ws/zephyr/include/zephyr/posix/posix_limits.h:62:9: warning: "_POSIX2_BC_SCALE_MAX" redefined
   62 | #define _POSIX2_BC_SCALE_MAX                (99)
      |         ^~~~~~~~~~~~~~~~~~~~
/scratch2/dima/zephyr-chipyard-sw-fresh/tools-manual/zephyr-sdk-1.0.0-beta1/gnu/riscv64-zephyr-elf/riscv64-zephyr-elf/sys-include/sys/syslimits.h:102:9: note: this is the location of the previous definition
  102 | #define _POSIX2_BC_SCALE_MAX    99
      |         ^~~~~~~~~~~~~~~~~~~~
/scratch2/agustin/zephyr-chipyard-sw/zephyr_ws/zephyr/include/zephyr/posix/posix_limits.h:63:9: warning: "_POSIX2_BC_STRING_MAX" redefined
   63 | #define _POSIX2_BC_STRING_MAX               (1000)
      |         ^~~~~~~~~~~~~~~~~~~~~
/scratch2/dima/zephyr-chipyard-sw-fresh/tools-manual/zephyr-sdk-1.0.0-beta1/gnu/riscv64-zephyr-elf/riscv64-zephyr-elf/sys-include/sys/syslimits.h:103:9: note: this is the location of the previous definition
  103 | #define _POSIX2_BC_STRING_MAX   1000
      |         ^~~~~~~~~~~~~~~~~~~~~
/scratch2/agustin/zephyr-chipyard-sw/zephyr_ws/zephyr/include/zephyr/posix/posix_limits.h:64:9: warning: "_POSIX2_CHARCLASS_NAME_MAX" redefined
   64 | #define _POSIX2_CHARCLASS_NAME_MAX          (14)
      |         ^~~~~~~~~~~~~~~~~~~~~~~~~~
/scratch2/dima/zephyr-chipyard-sw-fresh/tools-manual/zephyr-sdk-1.0.0-beta1/gnu/riscv64-zephyr-elf/riscv64-zephyr-elf/sys-include/sys/syslimits.h:104:9: note: this is the location of the previous definition
  104 | #define _POSIX2_CHARCLASS_NAME_MAX      14
      |         ^~~~~~~~~~~~~~~~~~~~~~~~~~
/scratch2/agustin/zephyr-chipyard-sw/zephyr_ws/zephyr/include/zephyr/posix/posix_limits.h:65:9: warning: "_POSIX2_COLL_WEIGHTS_MAX" redefined
   65 | #define _POSIX2_COLL_WEIGHTS_MAX            (2)
      |         ^~~~~~~~~~~~~~~~~~~~~~~~
/scratch2/dima/zephyr-chipyard-sw-fresh/tools-manual/zephyr-sdk-1.0.0-beta1/gnu/riscv64-zephyr-elf/riscv64-zephyr-elf/sys-include/sys/syslimits.h:105:9: note: this is the location of the previous definition
  105 | #define _POSIX2_COLL_WEIGHTS_MAX        2
      |         ^~~~~~~~~~~~~~~~~~~~~~~~
/scratch2/agustin/zephyr-chipyard-sw/zephyr_ws/zephyr/include/zephyr/posix/posix_limits.h:66:9: warning: "_POSIX2_EXPR_NEST_MAX" redefined
   66 | #define _POSIX2_EXPR_NEST_MAX               (32)
      |         ^~~~~~~~~~~~~~~~~~~~~
/scratch2/dima/zephyr-chipyard-sw-fresh/tools-manual/zephyr-sdk-1.0.0-beta1/gnu/riscv64-zephyr-elf/riscv64-zephyr-elf/sys-include/sys/syslimits.h:106:9: note: this is the location of the previous definition
  106 | #define _POSIX2_EXPR_NEST_MAX   32
      |         ^~~~~~~~~~~~~~~~~~~~~
/scratch2/agustin/zephyr-chipyard-sw/zephyr_ws/zephyr/include/zephyr/posix/posix_limits.h:67:9: warning: "_POSIX2_LINE_MAX" redefined
   67 | #define _POSIX2_LINE_MAX                    (2048)
      |         ^~~~~~~~~~~~~~~~
/scratch2/dima/zephyr-chipyard-sw-fresh/tools-manual/zephyr-sdk-1.0.0-beta1/gnu/riscv64-zephyr-elf/riscv64-zephyr-elf/sys-include/sys/syslimits.h:107:9: note: this is the location of the previous definition
  107 | #define _POSIX2_LINE_MAX        2048
      |         ^~~~~~~~~~~~~~~~
/scratch2/agustin/zephyr-chipyard-sw/zephyr_ws/zephyr/include/zephyr/posix/posix_limits.h:83:9: warning: "ARG_MAX" redefined
   83 | #define ARG_MAX                       _POSIX_ARG_MAX
      |         ^~~~~~~
/scratch2/dima/zephyr-chipyard-sw-fresh/tools-manual/zephyr-sdk-1.0.0-beta1/gnu/riscv64-zephyr-elf/riscv64-zephyr-elf/sys-include/sys/syslimits.h:41:9: note: this is the location of the previous definition
   41 | #define ARG_MAX                 65536   /* max bytes for an exec function */
      |         ^~~~~~~
/scratch2/agustin/zephyr-chipyard-sw/zephyr_ws/zephyr/include/zephyr/posix/posix_limits.h:84:9: warning: "ATEXIT_MAX" redefined
   84 | #define ATEXIT_MAX                    (32)
      |         ^~~~~~~~~~
/scratch2/dima/zephyr-chipyard-sw-fresh/tools-manual/zephyr-sdk-1.0.0-beta1/gnu/riscv64-zephyr-elf/riscv64-zephyr-elf/sys-include/sys/syslimits.h:42:9: note: this is the location of the previous definition
   42 | #define ATEXIT_MAX                 32   /* max atexit functions */
      |         ^~~~~~~~~~
/scratch2/agustin/zephyr-chipyard-sw/zephyr_ws/zephyr/include/zephyr/posix/posix_limits.h:93:9: warning: "OPEN_MAX" redefined
   93 | #define OPEN_MAX                      CONFIG_POSIX_OPEN_MAX
      |         ^~~~~~~~
/scratch2/dima/zephyr-chipyard-sw-fresh/tools-manual/zephyr-sdk-1.0.0-beta1/gnu/riscv64-zephyr-elf/riscv64-zephyr-elf/sys-include/sys/syslimits.h:45:9: note: this is the location of the previous definition
   45 | #define OPEN_MAX                   64   /* max open files per process */
      |         ^~~~~~~~
/scratch2/agustin/zephyr-chipyard-sw/zephyr_ws/zephyr/include/zephyr/posix/posix_limits.h:96:9: warning: "PATH_MAX" redefined
   96 | #define PATH_MAX                      _POSIX_PATH_MAX
      |         ^~~~~~~~
/scratch2/dima/zephyr-chipyard-sw-fresh/tools-manual/zephyr-sdk-1.0.0-beta1/gnu/riscv64-zephyr-elf/riscv64-zephyr-elf/sys-include/sys/syslimits.h:53:9: note: this is the location of the previous definition
   53 | #define PATH_MAX                 1024   /* max bytes in pathname */
      |         ^~~~~~~~
/scratch2/agustin/zephyr-chipyard-sw/zephyr_ws/zephyr/include/zephyr/posix/posix_limits.h:114:9: warning: "TZNAME_MAX" redefined
  114 | #define TZNAME_MAX                    _POSIX_TZNAME_MAX
      |         ^~~~~~~~~~
/scratch2/dima/zephyr-chipyard-sw-fresh/tools-manual/zephyr-sdk-1.0.0-beta1/gnu/riscv64-zephyr-elf/riscv64-zephyr-elf/sys-include/sys/syslimits.h:46:9: note: this is the location of the previous definition
   46 | #define TZNAME_MAX                 10   /* max time zone name length */
      |         ^~~~~~~~~~
[165/216] Building C object zephyr/CMakeFiles/zephyr.dir/lib/os/cbprintf_complete.c.obj
[166/216] Linking C static library zephyr/drivers/serial/libdrivers__serial.a
[167/216] Linking C static library zephyr/drivers/hwinfo/libdrivers__hwinfo.a
[168/216] Building C object zephyr/kernel/CMakeFiles/kernel.dir/idle.c.obj
[169/216] Building C object zephyr/subsys/fs/CMakeFiles/subsys__fs.dir/fs.c.obj
[170/216] Building C object zephyr/kernel/CMakeFiles/kernel.dir/errno.c.obj
[171/216] Building C object zephyr/kernel/CMakeFiles/kernel.dir/float.c.obj
[172/216] Building C object zephyr/kernel/CMakeFiles/kernel.dir/cpu_mask.c.obj
[173/216] Building C object zephyr/drivers/timer/CMakeFiles/drivers__timer.dir/riscv_machine_timer.c.obj
[174/216] Linking C static library zephyr/subsys/fs/libsubsys__fs.a
[175/216] Building C object zephyr/lib/posix/options/CMakeFiles/lib__posix__options.dir/mutex.c.obj
In file included from /scratch2/agustin/zephyr-chipyard-sw/zephyr_ws/zephyr/include/zephyr/posix/sys/sysconf.h:11,
                 from /scratch2/agustin/zephyr-chipyard-sw/zephyr_ws/zephyr/include/zephyr/posix/unistd.h:18,
                 from /scratch2/agustin/zephyr-chipyard-sw/zephyr_ws/zephyr/include/zephyr/posix/pthread.h:15,
                 from /scratch2/agustin/zephyr-chipyard-sw/zephyr_ws/zephyr/lib/posix/options/posix_internal.h:15,
                 from /scratch2/agustin/zephyr-chipyard-sw/zephyr_ws/zephyr/lib/posix/options/mutex.c:9:
/scratch2/agustin/zephyr-chipyard-sw/zephyr_ws/zephyr/include/zephyr/posix/posix_limits.h:23:9: warning: "_POSIX_AIO_LISTIO_MAX" redefined
   23 | #define _POSIX_AIO_LISTIO_MAX               (2)
      |         ^~~~~~~~~~~~~~~~~~~~~
In file included from /scratch2/dima/zephyr-chipyard-sw-fresh/tools-manual/zephyr-sdk-1.0.0-beta1/gnu/riscv64-zephyr-elf/riscv64-zephyr-elf/sys-include/limits.h:6,
                 from /scratch2/dima/zephyr-chipyard-sw-fresh/tools-manual/zephyr-sdk-1.0.0-beta1/gnu/riscv64-zephyr-elf/lib/gcc/riscv64-zephyr-elf/14.3.0/include/limits.h:210,
                 from /scratch2/dima/zephyr-chipyard-sw-fresh/tools-manual/zephyr-sdk-1.0.0-beta1/gnu/riscv64-zephyr-elf/lib/gcc/riscv64-zephyr-elf/14.3.0/include/syslimits.h:7,
                 from /scratch2/dima/zephyr-chipyard-sw-fresh/tools-manual/zephyr-sdk-1.0.0-beta1/gnu/riscv64-zephyr-elf/lib/gcc/riscv64-zephyr-elf/14.3.0/include/limits.h:34,
                 from /scratch2/agustin/zephyr-chipyard-sw/zephyr_ws/zephyr/include/zephyr/sys/timeutil.h:25,
                 from /scratch2/agustin/zephyr-chipyard-sw/zephyr_ws/zephyr/lib/posix/options/posix_clock.h:17,
                 from /scratch2/agustin/zephyr-chipyard-sw/zephyr_ws/zephyr/lib/posix/options/mutex.c:8:
/scratch2/dima/zephyr-chipyard-sw-fresh/tools-manual/zephyr-sdk-1.0.0-beta1/gnu/riscv64-zephyr-elf/riscv64-zephyr-elf/sys-include/sys/syslimits.h:63:9: note: this is the location of the previous definition
   63 | #define _POSIX_AIO_LISTIO_MAX   2
      |         ^~~~~~~~~~~~~~~~~~~~~
/scratch2/agustin/zephyr-chipyard-sw/zephyr_ws/zephyr/include/zephyr/posix/posix_limits.h:24:9: warning: "_POSIX_AIO_MAX" redefined
   24 | #define _POSIX_AIO_MAX                      (1)
      |         ^~~~~~~~~~~~~~
/scratch2/dima/zephyr-chipyard-sw-fresh/tools-manual/zephyr-sdk-1.0.0-beta1/gnu/riscv64-zephyr-elf/riscv64-zephyr-elf/sys-include/sys/syslimits.h:64:9: note: this is the location of the previous definition
   64 | #define _POSIX_AIO_MAX          1
      |         ^~~~~~~~~~~~~~
/scratch2/agustin/zephyr-chipyard-sw/zephyr_ws/zephyr/include/zephyr/posix/posix_limits.h:25:9: warning: "_POSIX_ARG_MAX" redefined
   25 | #define _POSIX_ARG_MAX                      (4096)
      |         ^~~~~~~~~~~~~~
/scratch2/dima/zephyr-chipyard-sw-fresh/tools-manual/zephyr-sdk-1.0.0-beta1/gnu/riscv64-zephyr-elf/riscv64-zephyr-elf/sys-include/sys/syslimits.h:65:9: note: this is the location of the previous definition
   65 | #define _POSIX_ARG_MAX          4096
      |         ^~~~~~~~~~~~~~
/scratch2/agustin/zephyr-chipyard-sw/zephyr_ws/zephyr/include/zephyr/posix/posix_limits.h:26:9: warning: "_POSIX_CHILD_MAX" redefined
   26 | #define _POSIX_CHILD_MAX                    (25)
      |         ^~~~~~~~~~~~~~~~
/scratch2/dima/zephyr-chipyard-sw-fresh/tools-manual/zephyr-sdk-1.0.0-beta1/gnu/riscv64-zephyr-elf/riscv64-zephyr-elf/sys-include/sys/syslimits.h:66:9: note: this is the location of the previous definition
   66 | #define _POSIX_CHILD_MAX        6
      |         ^~~~~~~~~~~~~~~~
/scratch2/agustin/zephyr-chipyard-sw/zephyr_ws/zephyr/include/zephyr/posix/posix_limits.h:27:9: warning: "_POSIX_DELAYTIMER_MAX" redefined
   27 | #define _POSIX_DELAYTIMER_MAX               (32)
      |         ^~~~~~~~~~~~~~~~~~~~~
/scratch2/dima/zephyr-chipyard-sw-fresh/tools-manual/zephyr-sdk-1.0.0-beta1/gnu/riscv64-zephyr-elf/riscv64-zephyr-elf/sys-include/sys/syslimits.h:67:9: note: this is the location of the previous definition
   67 | #define _POSIX_DELAYTIMER_MAX   32
      |         ^~~~~~~~~~~~~~~~~~~~~
/scratch2/agustin/zephyr-chipyard-sw/zephyr_ws/zephyr/include/zephyr/posix/posix_limits.h:28:9: warning: "_POSIX_HOST_NAME_MAX" redefined
   28 | #define _POSIX_HOST_NAME_MAX                (255)
      |         ^~~~~~~~~~~~~~~~~~~~
/scratch2/dima/zephyr-chipyard-sw-fresh/tools-manual/zephyr-sdk-1.0.0-beta1/gnu/riscv64-zephyr-elf/riscv64-zephyr-elf/sys-include/sys/syslimits.h:68:9: note: this is the location of the previous definition
   68 | #define _POSIX_HOST_NAME_MAX    255
      |         ^~~~~~~~~~~~~~~~~~~~
/scratch2/agustin/zephyr-chipyard-sw/zephyr_ws/zephyr/include/zephyr/posix/posix_limits.h:29:9: warning: "_POSIX_LINK_MAX" redefined
   29 | #define _POSIX_LINK_MAX                     (8)
      |         ^~~~~~~~~~~~~~~
/scratch2/dima/zephyr-chipyard-sw-fresh/tools-manual/zephyr-sdk-1.0.0-beta1/gnu/riscv64-zephyr-elf/riscv64-zephyr-elf/sys-include/sys/syslimits.h:69:9: note: this is the location of the previous definition
   69 | #define _POSIX_LINK_MAX         8
      |         ^~~~~~~~~~~~~~~
/scratch2/agustin/zephyr-chipyard-sw/zephyr_ws/zephyr/include/zephyr/posix/posix_limits.h:30:9: warning: "_POSIX_LOGIN_NAME_MAX" redefined
   30 | #define _POSIX_LOGIN_NAME_MAX               (9)
      |         ^~~~~~~~~~~~~~~~~~~~~
/scratch2/dima/zephyr-chipyard-sw-fresh/tools-manual/zephyr-sdk-1.0.0-beta1/gnu/riscv64-zephyr-elf/riscv64-zephyr-elf/sys-include/sys/syslimits.h:70:9: note: this is the location of the previous definition
   70 | #define _POSIX_LOGIN_NAME_MAX   9
      |         ^~~~~~~~~~~~~~~~~~~~~
/scratch2/agustin/zephyr-chipyard-sw/zephyr_ws/zephyr/include/zephyr/posix/posix_limits.h:31:9: warning: "_POSIX_MAX_CANON" redefined
   31 | #define _POSIX_MAX_CANON                    (255)
      |         ^~~~~~~~~~~~~~~~
/scratch2/dima/zephyr-chipyard-sw-fresh/tools-manual/zephyr-sdk-1.0.0-beta1/gnu/riscv64-zephyr-elf/riscv64-zephyr-elf/sys-include/sys/syslimits.h:71:9: note: this is the location of the previous definition
   71 | #define _POSIX_MAX_CANON        255
      |         ^~~~~~~~~~~~~~~~
/scratch2/agustin/zephyr-chipyard-sw/zephyr_ws/zephyr/include/zephyr/posix/posix_limits.h:32:9: warning: "_POSIX_MAX_INPUT" redefined
   32 | #define _POSIX_MAX_INPUT                    (255)
      |         ^~~~~~~~~~~~~~~~
/scratch2/dima/zephyr-chipyard-sw-fresh/tools-manual/zephyr-sdk-1.0.0-beta1/gnu/riscv64-zephyr-elf/riscv64-zephyr-elf/sys-include/sys/syslimits.h:72:9: note: this is the location of the previous definition
   72 | #define _POSIX_MAX_INPUT        255
      |         ^~~~~~~~~~~~~~~~
/scratch2/agustin/zephyr-chipyard-sw/zephyr_ws/zephyr/include/zephyr/posix/posix_limits.h:33:9: warning: "_POSIX_MQ_OPEN_MAX" redefined
   33 | #define _POSIX_MQ_OPEN_MAX                  (8)
      |         ^~~~~~~~~~~~~~~~~~
/scratch2/dima/zephyr-chipyard-sw-fresh/tools-manual/zephyr-sdk-1.0.0-beta1/gnu/riscv64-zephyr-elf/riscv64-zephyr-elf/sys-include/sys/syslimits.h:73:9: note: this is the location of the previous definition
   73 | #define _POSIX_MQ_OPEN_MAX      8
      |         ^~~~~~~~~~~~~~~~~~
/scratch2/agustin/zephyr-chipyard-sw/zephyr_ws/zephyr/include/zephyr/posix/posix_limits.h:34:9: warning: "_POSIX_MQ_PRIO_MAX" redefined
   34 | #define _POSIX_MQ_PRIO_MAX                  (32)
      |         ^~~~~~~~~~~~~~~~~~
/scratch2/dima/zephyr-chipyard-sw-fresh/tools-manual/zephyr-sdk-1.0.0-beta1/gnu/riscv64-zephyr-elf/riscv64-zephyr-elf/sys-include/sys/syslimits.h:74:9: note: this is the location of the previous definition
   74 | #define _POSIX_MQ_PRIO_MAX      32
      |         ^~~~~~~~~~~~~~~~~~
/scratch2/agustin/zephyr-chipyard-sw/zephyr_ws/zephyr/include/zephyr/posix/posix_limits.h:35:9: warning: "_POSIX_NAME_MAX" redefined
   35 | #define _POSIX_NAME_MAX                     (14)
      |         ^~~~~~~~~~~~~~~
/scratch2/dima/zephyr-chipyard-sw-fresh/tools-manual/zephyr-sdk-1.0.0-beta1/gnu/riscv64-zephyr-elf/riscv64-zephyr-elf/sys-include/sys/syslimits.h:75:9: note: this is the location of the previous definition
   75 | #define _POSIX_NAME_MAX         14
      |         ^~~~~~~~~~~~~~~
/scratch2/agustin/zephyr-chipyard-sw/zephyr_ws/zephyr/include/zephyr/posix/posix_limits.h:36:9: warning: "_POSIX_NGROUPS_MAX" redefined
   36 | #define _POSIX_NGROUPS_MAX                  (8)
      |         ^~~~~~~~~~~~~~~~~~
/scratch2/dima/zephyr-chipyard-sw-fresh/tools-manual/zephyr-sdk-1.0.0-beta1/gnu/riscv64-zephyr-elf/riscv64-zephyr-elf/sys-include/sys/syslimits.h:76:9: note: this is the location of the previous definition
   76 | #define _POSIX_NGROUPS_MAX      0
      |         ^~~~~~~~~~~~~~~~~~
/scratch2/agustin/zephyr-chipyard-sw/zephyr_ws/zephyr/include/zephyr/posix/posix_limits.h:37:9: warning: "_POSIX_OPEN_MAX" redefined
   37 | #define _POSIX_OPEN_MAX                     (20)
      |         ^~~~~~~~~~~~~~~
/scratch2/dima/zephyr-chipyard-sw-fresh/tools-manual/zephyr-sdk-1.0.0-beta1/gnu/riscv64-zephyr-elf/riscv64-zephyr-elf/sys-include/sys/syslimits.h:77:9: note: this is the location of the previous definition
   77 | #define _POSIX_OPEN_MAX         16
      |         ^~~~~~~~~~~~~~~
/scratch2/agustin/zephyr-chipyard-sw/zephyr_ws/zephyr/include/zephyr/posix/posix_limits.h:38:9: warning: "_POSIX_PATH_MAX" redefined
   38 | #define _POSIX_PATH_MAX                     (256)
      |         ^~~~~~~~~~~~~~~
/scratch2/dima/zephyr-chipyard-sw-fresh/tools-manual/zephyr-sdk-1.0.0-beta1/gnu/riscv64-zephyr-elf/riscv64-zephyr-elf/sys-include/sys/syslimits.h:78:9: note: this is the location of the previous definition
   78 | #define _POSIX_PATH_MAX         255
      |         ^~~~~~~~~~~~~~~
/scratch2/agustin/zephyr-chipyard-sw/zephyr_ws/zephyr/include/zephyr/posix/posix_limits.h:39:9: warning: "_POSIX_PIPE_BUF" redefined
   39 | #define _POSIX_PIPE_BUF                     (512)
      |         ^~~~~~~~~~~~~~~
/scratch2/dima/zephyr-chipyard-sw-fresh/tools-manual/zephyr-sdk-1.0.0-beta1/gnu/riscv64-zephyr-elf/riscv64-zephyr-elf/sys-include/sys/syslimits.h:79:9: note: this is the location of the previous definition
   79 | #define _POSIX_PIPE_BUF         512
      |         ^~~~~~~~~~~~~~~
/scratch2/agustin/zephyr-chipyard-sw/zephyr_ws/zephyr/include/zephyr/posix/posix_limits.h:40:9: warning: "_POSIX_RE_DUP_MAX" redefined
   40 | #define _POSIX_RE_DUP_MAX                   (255)
      |         ^~~~~~~~~~~~~~~~~
/scratch2/dima/zephyr-chipyard-sw-fresh/tools-manual/zephyr-sdk-1.0.0-beta1/gnu/riscv64-zephyr-elf/riscv64-zephyr-elf/sys-include/sys/syslimits.h:80:9: note: this is the location of the previous definition
   80 | #define _POSIX_RE_DUP_MAX       255
      |         ^~~~~~~~~~~~~~~~~
/scratch2/agustin/zephyr-chipyard-sw/zephyr_ws/zephyr/include/zephyr/posix/posix_limits.h:41:9: warning: "_POSIX_RTSIG_MAX" redefined
   41 | #define _POSIX_RTSIG_MAX                    (8)
      |         ^~~~~~~~~~~~~~~~
/scratch2/dima/zephyr-chipyard-sw-fresh/tools-manual/zephyr-sdk-1.0.0-beta1/gnu/riscv64-zephyr-elf/riscv64-zephyr-elf/sys-include/sys/syslimits.h:81:9: note: this is the location of the previous definition
   81 | #define _POSIX_RTSIG_MAX        8
      |         ^~~~~~~~~~~~~~~~
/scratch2/agustin/zephyr-chipyard-sw/zephyr_ws/zephyr/include/zephyr/posix/posix_limits.h:42:9: warning: "_POSIX_SEM_NSEMS_MAX" redefined
   42 | #define _POSIX_SEM_NSEMS_MAX                (256)
      |         ^~~~~~~~~~~~~~~~~~~~
/scratch2/dima/zephyr-chipyard-sw-fresh/tools-manual/zephyr-sdk-1.0.0-beta1/gnu/riscv64-zephyr-elf/riscv64-zephyr-elf/sys-include/sys/syslimits.h:82:9: note: this is the location of the previous definition
   82 | #define _POSIX_SEM_NSEMS_MAX    256
      |         ^~~~~~~~~~~~~~~~~~~~
/scratch2/agustin/zephyr-chipyard-sw/zephyr_ws/zephyr/include/zephyr/posix/posix_limits.h:43:9: warning: "_POSIX_SEM_VALUE_MAX" redefined
   43 | #define _POSIX_SEM_VALUE_MAX                (32767)
      |         ^~~~~~~~~~~~~~~~~~~~
/scratch2/dima/zephyr-chipyard-sw-fresh/tools-manual/zephyr-sdk-1.0.0-beta1/gnu/riscv64-zephyr-elf/riscv64-zephyr-elf/sys-include/sys/syslimits.h:83:9: note: this is the location of the previous definition
   83 | #define _POSIX_SEM_VALUE_MAX    32767
      |         ^~~~~~~~~~~~~~~~~~~~
/scratch2/agustin/zephyr-chipyard-sw/zephyr_ws/zephyr/include/zephyr/posix/posix_limits.h:44:9: warning: "_POSIX_SIGQUEUE_MAX" redefined
   44 | #define _POSIX_SIGQUEUE_MAX                 (32)
      |         ^~~~~~~~~~~~~~~~~~~
/scratch2/dima/zephyr-chipyard-sw-fresh/tools-manual/zephyr-sdk-1.0.0-beta1/gnu/riscv64-zephyr-elf/riscv64-zephyr-elf/sys-include/sys/syslimits.h:84:9: note: this is the location of the previous definition
   84 | #define _POSIX_SIGQUEUE_MAX     32
      |         ^~~~~~~~~~~~~~~~~~~
/scratch2/agustin/zephyr-chipyard-sw/zephyr_ws/zephyr/include/zephyr/posix/posix_limits.h:45:9: warning: "_POSIX_SSIZE_MAX" redefined
   45 | #define _POSIX_SSIZE_MAX                    (32767)
      |         ^~~~~~~~~~~~~~~~
/scratch2/dima/zephyr-chipyard-sw-fresh/tools-manual/zephyr-sdk-1.0.0-beta1/gnu/riscv64-zephyr-elf/riscv64-zephyr-elf/sys-include/sys/syslimits.h:85:9: note: this is the location of the previous definition
   85 | #define _POSIX_SSIZE_MAX        32767
      |         ^~~~~~~~~~~~~~~~
/scratch2/agustin/zephyr-chipyard-sw/zephyr_ws/zephyr/include/zephyr/posix/posix_limits.h:46:9: warning: "_POSIX_SS_REPL_MAX" redefined
   46 | #define _POSIX_SS_REPL_MAX                  (4)
      |         ^~~~~~~~~~~~~~~~~~
/scratch2/dima/zephyr-chipyard-sw-fresh/tools-manual/zephyr-sdk-1.0.0-beta1/gnu/riscv64-zephyr-elf/riscv64-zephyr-elf/sys-include/sys/syslimits.h:86:9: note: this is the location of the previous definition
   86 | #define _POSIX_SS_REPL_MAX      4
      |         ^~~~~~~~~~~~~~~~~~
/scratch2/agustin/zephyr-chipyard-sw/zephyr_ws/zephyr/include/zephyr/posix/posix_limits.h:47:9: warning: "_POSIX_STREAM_MAX" redefined
   47 | #define _POSIX_STREAM_MAX                   (8)
      |         ^~~~~~~~~~~~~~~~~
/scratch2/dima/zephyr-chipyard-sw-fresh/tools-manual/zephyr-sdk-1.0.0-beta1/gnu/riscv64-zephyr-elf/riscv64-zephyr-elf/sys-include/sys/syslimits.h:87:9: note: this is the location of the previous definition
   87 | #define _POSIX_STREAM_MAX       8
      |         ^~~~~~~~~~~~~~~~~
/scratch2/agustin/zephyr-chipyard-sw/zephyr_ws/zephyr/include/zephyr/posix/posix_limits.h:48:9: warning: "_POSIX_SYMLINK_MAX" redefined
   48 | #define _POSIX_SYMLINK_MAX                  (255)
      |         ^~~~~~~~~~~~~~~~~~
/scratch2/dima/zephyr-chipyard-sw-fresh/tools-manual/zephyr-sdk-1.0.0-beta1/gnu/riscv64-zephyr-elf/riscv64-zephyr-elf/sys-include/sys/syslimits.h:88:9: note: this is the location of the previous definition
   88 | #define _POSIX_SYMLINK_MAX      255
      |         ^~~~~~~~~~~~~~~~~~
/scratch2/agustin/zephyr-chipyard-sw/zephyr_ws/zephyr/include/zephyr/posix/posix_limits.h:49:9: warning: "_POSIX_SYMLOOP_MAX" redefined
   49 | #define _POSIX_SYMLOOP_MAX                  (8)
      |         ^~~~~~~~~~~~~~~~~~
/scratch2/dima/zephyr-chipyard-sw-fresh/tools-manual/zephyr-sdk-1.0.0-beta1/gnu/riscv64-zephyr-elf/riscv64-zephyr-elf/sys-include/sys/syslimits.h:89:9: note: this is the location of the previous definition
   89 | #define _POSIX_SYMLOOP_MAX      8
      |         ^~~~~~~~~~~~~~~~~~
/scratch2/agustin/zephyr-chipyard-sw/zephyr_ws/zephyr/include/zephyr/posix/posix_limits.h:50:9: warning: "_POSIX_THREAD_DESTRUCTOR_ITERATIONS" redefined
   50 | #define _POSIX_THREAD_DESTRUCTOR_ITERATIONS (4)
      |         ^~~~~~~~~~~~~~~~~~~~~~~~~~~~~~~~~~~
/scratch2/dima/zephyr-chipyard-sw-fresh/tools-manual/zephyr-sdk-1.0.0-beta1/gnu/riscv64-zephyr-elf/riscv64-zephyr-elf/sys-include/sys/syslimits.h:90:9: note: this is the location of the previous definition
   90 | #define _POSIX_THREAD_DESTRUCTOR_ITERATIONS     4
      |         ^~~~~~~~~~~~~~~~~~~~~~~~~~~~~~~~~~~
/scratch2/agustin/zephyr-chipyard-sw/zephyr_ws/zephyr/include/zephyr/posix/posix_limits.h:51:9: warning: "_POSIX_THREAD_KEYS_MAX" redefined
   51 | #define _POSIX_THREAD_KEYS_MAX              (128)
      |         ^~~~~~~~~~~~~~~~~~~~~~
/scratch2/dima/zephyr-chipyard-sw-fresh/tools-manual/zephyr-sdk-1.0.0-beta1/gnu/riscv64-zephyr-elf/riscv64-zephyr-elf/sys-include/sys/syslimits.h:91:9: note: this is the location of the previous definition
   91 | #define _POSIX_THREAD_KEYS_MAX  128
      |         ^~~~~~~~~~~~~~~~~~~~~~
/scratch2/agustin/zephyr-chipyard-sw/zephyr_ws/zephyr/include/zephyr/posix/posix_limits.h:52:9: warning: "_POSIX_THREAD_THREADS_MAX" redefined
   52 | #define _POSIX_THREAD_THREADS_MAX           (64)
      |         ^~~~~~~~~~~~~~~~~~~~~~~~~
/scratch2/dima/zephyr-chipyard-sw-fresh/tools-manual/zephyr-sdk-1.0.0-beta1/gnu/riscv64-zephyr-elf/riscv64-zephyr-elf/sys-include/sys/syslimits.h:92:9: note: this is the location of the previous definition
   92 | #define _POSIX_THREAD_THREADS_MAX       64
      |         ^~~~~~~~~~~~~~~~~~~~~~~~~
/scratch2/agustin/zephyr-chipyard-sw/zephyr_ws/zephyr/include/zephyr/posix/posix_limits.h:53:9: warning: "_POSIX_TIMER_MAX" redefined
   53 | #define _POSIX_TIMER_MAX                    (32)
      |         ^~~~~~~~~~~~~~~~
/scratch2/dima/zephyr-chipyard-sw-fresh/tools-manual/zephyr-sdk-1.0.0-beta1/gnu/riscv64-zephyr-elf/riscv64-zephyr-elf/sys-include/sys/syslimits.h:93:9: note: this is the location of the previous definition
   93 | #define _POSIX_TIMER_MAX        32
      |         ^~~~~~~~~~~~~~~~
/scratch2/agustin/zephyr-chipyard-sw/zephyr_ws/zephyr/include/zephyr/posix/posix_limits.h:54:9: warning: "_POSIX_TRACE_EVENT_NAME_MAX" redefined
   54 | #define _POSIX_TRACE_EVENT_NAME_MAX         (30)
      |         ^~~~~~~~~~~~~~~~~~~~~~~~~~~
/scratch2/dima/zephyr-chipyard-sw-fresh/tools-manual/zephyr-sdk-1.0.0-beta1/gnu/riscv64-zephyr-elf/riscv64-zephyr-elf/sys-include/sys/syslimits.h:94:9: note: this is the location of the previous definition
   94 | #define _POSIX_TRACE_EVENT_NAME_MAX     30
      |         ^~~~~~~~~~~~~~~~~~~~~~~~~~~
/scratch2/agustin/zephyr-chipyard-sw/zephyr_ws/zephyr/include/zephyr/posix/posix_limits.h:55:9: warning: "_POSIX_TRACE_NAME_MAX" redefined
   55 | #define _POSIX_TRACE_NAME_MAX               (8)
      |         ^~~~~~~~~~~~~~~~~~~~~
/scratch2/dima/zephyr-chipyard-sw-fresh/tools-manual/zephyr-sdk-1.0.0-beta1/gnu/riscv64-zephyr-elf/riscv64-zephyr-elf/sys-include/sys/syslimits.h:95:9: note: this is the location of the previous definition
   95 | #define _POSIX_TRACE_NAME_MAX   8
      |         ^~~~~~~~~~~~~~~~~~~~~
/scratch2/agustin/zephyr-chipyard-sw/zephyr_ws/zephyr/include/zephyr/posix/posix_limits.h:56:9: warning: "_POSIX_TRACE_SYS_MAX" redefined
   56 | #define _POSIX_TRACE_SYS_MAX                (8)
      |         ^~~~~~~~~~~~~~~~~~~~
/scratch2/dima/zephyr-chipyard-sw-fresh/tools-manual/zephyr-sdk-1.0.0-beta1/gnu/riscv64-zephyr-elf/riscv64-zephyr-elf/sys-include/sys/syslimits.h:96:9: note: this is the location of the previous definition
   96 | #define _POSIX_TRACE_SYS_MAX    8
      |         ^~~~~~~~~~~~~~~~~~~~
/scratch2/agustin/zephyr-chipyard-sw/zephyr_ws/zephyr/include/zephyr/posix/posix_limits.h:57:9: warning: "_POSIX_TRACE_USER_EVENT_MAX" redefined
   57 | #define _POSIX_TRACE_USER_EVENT_MAX         (32)
      |         ^~~~~~~~~~~~~~~~~~~~~~~~~~~
/scratch2/dima/zephyr-chipyard-sw-fresh/tools-manual/zephyr-sdk-1.0.0-beta1/gnu/riscv64-zephyr-elf/riscv64-zephyr-elf/sys-include/sys/syslimits.h:97:9: note: this is the location of the previous definition
   97 | #define _POSIX_TRACE_USER_EVENT_MAX     32
      |         ^~~~~~~~~~~~~~~~~~~~~~~~~~~
/scratch2/agustin/zephyr-chipyard-sw/zephyr_ws/zephyr/include/zephyr/posix/posix_limits.h:58:9: warning: "_POSIX_TTY_NAME_MAX" redefined
   58 | #define _POSIX_TTY_NAME_MAX                 (9)
      |         ^~~~~~~~~~~~~~~~~~~
/scratch2/dima/zephyr-chipyard-sw-fresh/tools-manual/zephyr-sdk-1.0.0-beta1/gnu/riscv64-zephyr-elf/riscv64-zephyr-elf/sys-include/sys/syslimits.h:98:9: note: this is the location of the previous definition
   98 | #define _POSIX_TTY_NAME_MAX     9
      |         ^~~~~~~~~~~~~~~~~~~
/scratch2/agustin/zephyr-chipyard-sw/zephyr_ws/zephyr/include/zephyr/posix/posix_limits.h:59:9: warning: "_POSIX_TZNAME_MAX" redefined
   59 | #define _POSIX_TZNAME_MAX                   (6)
      |         ^~~~~~~~~~~~~~~~~
/scratch2/dima/zephyr-chipyard-sw-fresh/tools-manual/zephyr-sdk-1.0.0-beta1/gnu/riscv64-zephyr-elf/riscv64-zephyr-elf/sys-include/sys/syslimits.h:99:9: note: this is the location of the previous definition
   99 | #define _POSIX_TZNAME_MAX       3
      |         ^~~~~~~~~~~~~~~~~
/scratch2/agustin/zephyr-chipyard-sw/zephyr_ws/zephyr/include/zephyr/posix/posix_limits.h:60:9: warning: "_POSIX2_BC_BASE_MAX" redefined
   60 | #define _POSIX2_BC_BASE_MAX                 (99)
      |         ^~~~~~~~~~~~~~~~~~~
/scratch2/dima/zephyr-chipyard-sw-fresh/tools-manual/zephyr-sdk-1.0.0-beta1/gnu/riscv64-zephyr-elf/riscv64-zephyr-elf/sys-include/sys/syslimits.h:100:9: note: this is the location of the previous definition
  100 | #define _POSIX2_BC_BASE_MAX     99
      |         ^~~~~~~~~~~~~~~~~~~
/scratch2/agustin/zephyr-chipyard-sw/zephyr_ws/zephyr/include/zephyr/posix/posix_limits.h:61:9: warning: "_POSIX2_BC_DIM_MAX" redefined
   61 | #define _POSIX2_BC_DIM_MAX                  (2048)
      |         ^~~~~~~~~~~~~~~~~~
/scratch2/dima/zephyr-chipyard-sw-fresh/tools-manual/zephyr-sdk-1.0.0-beta1/gnu/riscv64-zephyr-elf/riscv64-zephyr-elf/sys-include/sys/syslimits.h:101:9: note: this is the location of the previous definition
  101 | #define _POSIX2_BC_DIM_MAX      2048
      |         ^~~~~~~~~~~~~~~~~~
/scratch2/agustin/zephyr-chipyard-sw/zephyr_ws/zephyr/include/zephyr/posix/posix_limits.h:62:9: warning: "_POSIX2_BC_SCALE_MAX" redefined
   62 | #define _POSIX2_BC_SCALE_MAX                (99)
      |         ^~~~~~~~~~~~~~~~~~~~
/scratch2/dima/zephyr-chipyard-sw-fresh/tools-manual/zephyr-sdk-1.0.0-beta1/gnu/riscv64-zephyr-elf/riscv64-zephyr-elf/sys-include/sys/syslimits.h:102:9: note: this is the location of the previous definition
  102 | #define _POSIX2_BC_SCALE_MAX    99
      |         ^~~~~~~~~~~~~~~~~~~~
/scratch2/agustin/zephyr-chipyard-sw/zephyr_ws/zephyr/include/zephyr/posix/posix_limits.h:63:9: warning: "_POSIX2_BC_STRING_MAX" redefined
   63 | #define _POSIX2_BC_STRING_MAX               (1000)
      |         ^~~~~~~~~~~~~~~~~~~~~
/scratch2/dima/zephyr-chipyard-sw-fresh/tools-manual/zephyr-sdk-1.0.0-beta1/gnu/riscv64-zephyr-elf/riscv64-zephyr-elf/sys-include/sys/syslimits.h:103:9: note: this is the location of the previous definition
  103 | #define _POSIX2_BC_STRING_MAX   1000
      |         ^~~~~~~~~~~~~~~~~~~~~
/scratch2/agustin/zephyr-chipyard-sw/zephyr_ws/zephyr/include/zephyr/posix/posix_limits.h:64:9: warning: "_POSIX2_CHARCLASS_NAME_MAX" redefined
   64 | #define _POSIX2_CHARCLASS_NAME_MAX          (14)
      |         ^~~~~~~~~~~~~~~~~~~~~~~~~~
/scratch2/dima/zephyr-chipyard-sw-fresh/tools-manual/zephyr-sdk-1.0.0-beta1/gnu/riscv64-zephyr-elf/riscv64-zephyr-elf/sys-include/sys/syslimits.h:104:9: note: this is the location of the previous definition
  104 | #define _POSIX2_CHARCLASS_NAME_MAX      14
      |         ^~~~~~~~~~~~~~~~~~~~~~~~~~
/scratch2/agustin/zephyr-chipyard-sw/zephyr_ws/zephyr/include/zephyr/posix/posix_limits.h:65:9: warning: "_POSIX2_COLL_WEIGHTS_MAX" redefined
   65 | #define _POSIX2_COLL_WEIGHTS_MAX            (2)
      |         ^~~~~~~~~~~~~~~~~~~~~~~~
/scratch2/dima/zephyr-chipyard-sw-fresh/tools-manual/zephyr-sdk-1.0.0-beta1/gnu/riscv64-zephyr-elf/riscv64-zephyr-elf/sys-include/sys/syslimits.h:105:9: note: this is the location of the previous definition
  105 | #define _POSIX2_COLL_WEIGHTS_MAX        2
      |         ^~~~~~~~~~~~~~~~~~~~~~~~
/scratch2/agustin/zephyr-chipyard-sw/zephyr_ws/zephyr/include/zephyr/posix/posix_limits.h:66:9: warning: "_POSIX2_EXPR_NEST_MAX" redefined
   66 | #define _POSIX2_EXPR_NEST_MAX               (32)
      |         ^~~~~~~~~~~~~~~~~~~~~
/scratch2/dima/zephyr-chipyard-sw-fresh/tools-manual/zephyr-sdk-1.0.0-beta1/gnu/riscv64-zephyr-elf/riscv64-zephyr-elf/sys-include/sys/syslimits.h:106:9: note: this is the location of the previous definition
  106 | #define _POSIX2_EXPR_NEST_MAX   32
      |         ^~~~~~~~~~~~~~~~~~~~~
/scratch2/agustin/zephyr-chipyard-sw/zephyr_ws/zephyr/include/zephyr/posix/posix_limits.h:67:9: warning: "_POSIX2_LINE_MAX" redefined
   67 | #define _POSIX2_LINE_MAX                    (2048)
      |         ^~~~~~~~~~~~~~~~
/scratch2/dima/zephyr-chipyard-sw-fresh/tools-manual/zephyr-sdk-1.0.0-beta1/gnu/riscv64-zephyr-elf/riscv64-zephyr-elf/sys-include/sys/syslimits.h:107:9: note: this is the location of the previous definition
  107 | #define _POSIX2_LINE_MAX        2048
      |         ^~~~~~~~~~~~~~~~
/scratch2/agustin/zephyr-chipyard-sw/zephyr_ws/zephyr/include/zephyr/posix/posix_limits.h:83:9: warning: "ARG_MAX" redefined
   83 | #define ARG_MAX                       _POSIX_ARG_MAX
      |         ^~~~~~~
/scratch2/dima/zephyr-chipyard-sw-fresh/tools-manual/zephyr-sdk-1.0.0-beta1/gnu/riscv64-zephyr-elf/riscv64-zephyr-elf/sys-include/sys/syslimits.h:41:9: note: this is the location of the previous definition
   41 | #define ARG_MAX                 65536   /* max bytes for an exec function */
      |         ^~~~~~~
/scratch2/agustin/zephyr-chipyard-sw/zephyr_ws/zephyr/include/zephyr/posix/posix_limits.h:84:9: warning: "ATEXIT_MAX" redefined
   84 | #define ATEXIT_MAX                    (32)
      |         ^~~~~~~~~~
/scratch2/dima/zephyr-chipyard-sw-fresh/tools-manual/zephyr-sdk-1.0.0-beta1/gnu/riscv64-zephyr-elf/riscv64-zephyr-elf/sys-include/sys/syslimits.h:42:9: note: this is the location of the previous definition
   42 | #define ATEXIT_MAX                 32   /* max atexit functions */
      |         ^~~~~~~~~~
/scratch2/agustin/zephyr-chipyard-sw/zephyr_ws/zephyr/include/zephyr/posix/posix_limits.h:93:9: warning: "OPEN_MAX" redefined
   93 | #define OPEN_MAX                      CONFIG_POSIX_OPEN_MAX
      |         ^~~~~~~~
/scratch2/dima/zephyr-chipyard-sw-fresh/tools-manual/zephyr-sdk-1.0.0-beta1/gnu/riscv64-zephyr-elf/riscv64-zephyr-elf/sys-include/sys/syslimits.h:45:9: note: this is the location of the previous definition
   45 | #define OPEN_MAX                   64   /* max open files per process */
      |         ^~~~~~~~
/scratch2/agustin/zephyr-chipyard-sw/zephyr_ws/zephyr/include/zephyr/posix/posix_limits.h:96:9: warning: "PATH_MAX" redefined
   96 | #define PATH_MAX                      _POSIX_PATH_MAX
      |         ^~~~~~~~
/scratch2/dima/zephyr-chipyard-sw-fresh/tools-manual/zephyr-sdk-1.0.0-beta1/gnu/riscv64-zephyr-elf/riscv64-zephyr-elf/sys-include/sys/syslimits.h:53:9: note: this is the location of the previous definition
   53 | #define PATH_MAX                 1024   /* max bytes in pathname */
      |         ^~~~~~~~
/scratch2/agustin/zephyr-chipyard-sw/zephyr_ws/zephyr/include/zephyr/posix/posix_limits.h:114:9: warning: "TZNAME_MAX" redefined
  114 | #define TZNAME_MAX                    _POSIX_TZNAME_MAX
      |         ^~~~~~~~~~
/scratch2/dima/zephyr-chipyard-sw-fresh/tools-manual/zephyr-sdk-1.0.0-beta1/gnu/riscv64-zephyr-elf/riscv64-zephyr-elf/sys-include/sys/syslimits.h:46:9: note: this is the location of the previous definition
   46 | #define TZNAME_MAX                 10   /* max time zone name length */
      |         ^~~~~~~~~~
[176/216] Building C object zephyr/kernel/CMakeFiles/kernel.dir/kheap.c.obj
[177/216] Linking C static library zephyr/drivers/timer/libdrivers__timer.a
[178/216] Linking C static library zephyr/libzephyr.a
[179/216] Building C object zephyr/kernel/CMakeFiles/kernel.dir/mem_slab.c.obj
[180/216] Building C object zephyr/kernel/CMakeFiles/kernel.dir/sem.c.obj
[181/216] Building C object zephyr/kernel/CMakeFiles/kernel.dir/init.c.obj
[182/216] Building C object zephyr/kernel/CMakeFiles/kernel.dir/system_work_q.c.obj
[183/216] Building C object zephyr/kernel/CMakeFiles/kernel.dir/mempool.c.obj
[184/216] Building C object zephyr/kernel/CMakeFiles/kernel.dir/dynamic.c.obj
[185/216] Building C object zephyr/kernel/CMakeFiles/kernel.dir/mailbox.c.obj
[186/216] Building C object zephyr/kernel/CMakeFiles/kernel.dir/thread.c.obj
[187/216] Building C object zephyr/kernel/CMakeFiles/kernel.dir/mutex.c.obj
[188/216] Building C object zephyr/kernel/CMakeFiles/kernel.dir/stack.c.obj
[189/216] Building C object zephyr/kernel/CMakeFiles/kernel.dir/condvar.c.obj
[190/216] Building C object zephyr/kernel/CMakeFiles/kernel.dir/usage.c.obj
[191/216] Building C object zephyr/kernel/CMakeFiles/kernel.dir/timer.c.obj
[192/216] Building C object zephyr/kernel/CMakeFiles/kernel.dir/thread_monitor.c.obj
[193/216] Building C object zephyr/kernel/CMakeFiles/kernel.dir/ipi.c.obj
[194/216] Building C object zephyr/kernel/CMakeFiles/kernel.dir/timeslicing.c.obj
[195/216] Building C object zephyr/kernel/CMakeFiles/kernel.dir/queue.c.obj
[196/216] Building C object zephyr/kernel/CMakeFiles/kernel.dir/pipe.c.obj
[197/216] Building C object zephyr/kernel/CMakeFiles/kernel.dir/smp.c.obj
[198/216] Building C object zephyr/kernel/CMakeFiles/kernel.dir/msg_q.c.obj
[199/216] Building C object zephyr/kernel/CMakeFiles/kernel.dir/events.c.obj
[200/216] Building C object zephyr/kernel/CMakeFiles/kernel.dir/timeout.c.obj
[201/216] Building C object zephyr/kernel/CMakeFiles/kernel.dir/work.c.obj
[202/216] Building C object zephyr/kernel/CMakeFiles/kernel.dir/poll.c.obj
[203/216] Building C object zephyr/lib/posix/options/CMakeFiles/lib__posix__options.dir/pthread.c.obj
In file included from /scratch2/agustin/zephyr-chipyard-sw/zephyr_ws/zephyr/include/zephyr/posix/sys/sysconf.h:11,
                 from /scratch2/agustin/zephyr-chipyard-sw/zephyr_ws/zephyr/include/zephyr/posix/unistd.h:18,
                 from /scratch2/agustin/zephyr-chipyard-sw/zephyr_ws/zephyr/include/zephyr/posix/pthread.h:15,
                 from /scratch2/agustin/zephyr-chipyard-sw/zephyr_ws/zephyr/lib/posix/options/posix_internal.h:15,
                 from /scratch2/agustin/zephyr-chipyard-sw/zephyr_ws/zephyr/lib/posix/options/pthread.c:9:
/scratch2/agustin/zephyr-chipyard-sw/zephyr_ws/zephyr/include/zephyr/posix/posix_limits.h:23:9: warning: "_POSIX_AIO_LISTIO_MAX" redefined
   23 | #define _POSIX_AIO_LISTIO_MAX               (2)
      |         ^~~~~~~~~~~~~~~~~~~~~
In file included from /scratch2/dima/zephyr-chipyard-sw-fresh/tools-manual/zephyr-sdk-1.0.0-beta1/gnu/riscv64-zephyr-elf/riscv64-zephyr-elf/sys-include/limits.h:6,
                 from /scratch2/dima/zephyr-chipyard-sw-fresh/tools-manual/zephyr-sdk-1.0.0-beta1/gnu/riscv64-zephyr-elf/lib/gcc/riscv64-zephyr-elf/14.3.0/include/limits.h:210,
                 from /scratch2/dima/zephyr-chipyard-sw-fresh/tools-manual/zephyr-sdk-1.0.0-beta1/gnu/riscv64-zephyr-elf/lib/gcc/riscv64-zephyr-elf/14.3.0/include/syslimits.h:7,
                 from /scratch2/dima/zephyr-chipyard-sw-fresh/tools-manual/zephyr-sdk-1.0.0-beta1/gnu/riscv64-zephyr-elf/lib/gcc/riscv64-zephyr-elf/14.3.0/include/limits.h:34,
                 from /scratch2/agustin/zephyr-chipyard-sw/zephyr_ws/zephyr/include/zephyr/sys/timeutil.h:25,
                 from /scratch2/agustin/zephyr-chipyard-sw/zephyr_ws/zephyr/lib/posix/options/posix_clock.h:17,
                 from /scratch2/agustin/zephyr-chipyard-sw/zephyr_ws/zephyr/lib/posix/options/pthread.c:8:
/scratch2/dima/zephyr-chipyard-sw-fresh/tools-manual/zephyr-sdk-1.0.0-beta1/gnu/riscv64-zephyr-elf/riscv64-zephyr-elf/sys-include/sys/syslimits.h:63:9: note: this is the location of the previous definition
   63 | #define _POSIX_AIO_LISTIO_MAX   2
      |         ^~~~~~~~~~~~~~~~~~~~~
/scratch2/agustin/zephyr-chipyard-sw/zephyr_ws/zephyr/include/zephyr/posix/posix_limits.h:24:9: warning: "_POSIX_AIO_MAX" redefined
   24 | #define _POSIX_AIO_MAX                      (1)
      |         ^~~~~~~~~~~~~~
/scratch2/dima/zephyr-chipyard-sw-fresh/tools-manual/zephyr-sdk-1.0.0-beta1/gnu/riscv64-zephyr-elf/riscv64-zephyr-elf/sys-include/sys/syslimits.h:64:9: note: this is the location of the previous definition
   64 | #define _POSIX_AIO_MAX          1
      |         ^~~~~~~~~~~~~~
/scratch2/agustin/zephyr-chipyard-sw/zephyr_ws/zephyr/include/zephyr/posix/posix_limits.h:25:9: warning: "_POSIX_ARG_MAX" redefined
   25 | #define _POSIX_ARG_MAX                      (4096)
      |         ^~~~~~~~~~~~~~
/scratch2/dima/zephyr-chipyard-sw-fresh/tools-manual/zephyr-sdk-1.0.0-beta1/gnu/riscv64-zephyr-elf/riscv64-zephyr-elf/sys-include/sys/syslimits.h:65:9: note: this is the location of the previous definition
   65 | #define _POSIX_ARG_MAX          4096
      |         ^~~~~~~~~~~~~~
/scratch2/agustin/zephyr-chipyard-sw/zephyr_ws/zephyr/include/zephyr/posix/posix_limits.h:26:9: warning: "_POSIX_CHILD_MAX" redefined
   26 | #define _POSIX_CHILD_MAX                    (25)
      |         ^~~~~~~~~~~~~~~~
/scratch2/dima/zephyr-chipyard-sw-fresh/tools-manual/zephyr-sdk-1.0.0-beta1/gnu/riscv64-zephyr-elf/riscv64-zephyr-elf/sys-include/sys/syslimits.h:66:9: note: this is the location of the previous definition
   66 | #define _POSIX_CHILD_MAX        6
      |         ^~~~~~~~~~~~~~~~
/scratch2/agustin/zephyr-chipyard-sw/zephyr_ws/zephyr/include/zephyr/posix/posix_limits.h:27:9: warning: "_POSIX_DELAYTIMER_MAX" redefined
   27 | #define _POSIX_DELAYTIMER_MAX               (32)
      |         ^~~~~~~~~~~~~~~~~~~~~
/scratch2/dima/zephyr-chipyard-sw-fresh/tools-manual/zephyr-sdk-1.0.0-beta1/gnu/riscv64-zephyr-elf/riscv64-zephyr-elf/sys-include/sys/syslimits.h:67:9: note: this is the location of the previous definition
   67 | #define _POSIX_DELAYTIMER_MAX   32
      |         ^~~~~~~~~~~~~~~~~~~~~
/scratch2/agustin/zephyr-chipyard-sw/zephyr_ws/zephyr/include/zephyr/posix/posix_limits.h:28:9: warning: "_POSIX_HOST_NAME_MAX" redefined
   28 | #define _POSIX_HOST_NAME_MAX                (255)
      |         ^~~~~~~~~~~~~~~~~~~~
/scratch2/dima/zephyr-chipyard-sw-fresh/tools-manual/zephyr-sdk-1.0.0-beta1/gnu/riscv64-zephyr-elf/riscv64-zephyr-elf/sys-include/sys/syslimits.h:68:9: note: this is the location of the previous definition
   68 | #define _POSIX_HOST_NAME_MAX    255
      |         ^~~~~~~~~~~~~~~~~~~~
/scratch2/agustin/zephyr-chipyard-sw/zephyr_ws/zephyr/include/zephyr/posix/posix_limits.h:29:9: warning: "_POSIX_LINK_MAX" redefined
   29 | #define _POSIX_LINK_MAX                     (8)
      |         ^~~~~~~~~~~~~~~
/scratch2/dima/zephyr-chipyard-sw-fresh/tools-manual/zephyr-sdk-1.0.0-beta1/gnu/riscv64-zephyr-elf/riscv64-zephyr-elf/sys-include/sys/syslimits.h:69:9: note: this is the location of the previous definition
   69 | #define _POSIX_LINK_MAX         8
      |         ^~~~~~~~~~~~~~~
/scratch2/agustin/zephyr-chipyard-sw/zephyr_ws/zephyr/include/zephyr/posix/posix_limits.h:30:9: warning: "_POSIX_LOGIN_NAME_MAX" redefined
   30 | #define _POSIX_LOGIN_NAME_MAX               (9)
      |         ^~~~~~~~~~~~~~~~~~~~~
/scratch2/dima/zephyr-chipyard-sw-fresh/tools-manual/zephyr-sdk-1.0.0-beta1/gnu/riscv64-zephyr-elf/riscv64-zephyr-elf/sys-include/sys/syslimits.h:70:9: note: this is the location of the previous definition
   70 | #define _POSIX_LOGIN_NAME_MAX   9
      |         ^~~~~~~~~~~~~~~~~~~~~
/scratch2/agustin/zephyr-chipyard-sw/zephyr_ws/zephyr/include/zephyr/posix/posix_limits.h:31:9: warning: "_POSIX_MAX_CANON" redefined
   31 | #define _POSIX_MAX_CANON                    (255)
      |         ^~~~~~~~~~~~~~~~
/scratch2/dima/zephyr-chipyard-sw-fresh/tools-manual/zephyr-sdk-1.0.0-beta1/gnu/riscv64-zephyr-elf/riscv64-zephyr-elf/sys-include/sys/syslimits.h:71:9: note: this is the location of the previous definition
   71 | #define _POSIX_MAX_CANON        255
      |         ^~~~~~~~~~~~~~~~
/scratch2/agustin/zephyr-chipyard-sw/zephyr_ws/zephyr/include/zephyr/posix/posix_limits.h:32:9: warning: "_POSIX_MAX_INPUT" redefined
   32 | #define _POSIX_MAX_INPUT                    (255)
      |         ^~~~~~~~~~~~~~~~
/scratch2/dima/zephyr-chipyard-sw-fresh/tools-manual/zephyr-sdk-1.0.0-beta1/gnu/riscv64-zephyr-elf/riscv64-zephyr-elf/sys-include/sys/syslimits.h:72:9: note: this is the location of the previous definition
   72 | #define _POSIX_MAX_INPUT        255
      |         ^~~~~~~~~~~~~~~~
/scratch2/agustin/zephyr-chipyard-sw/zephyr_ws/zephyr/include/zephyr/posix/posix_limits.h:33:9: warning: "_POSIX_MQ_OPEN_MAX" redefined
   33 | #define _POSIX_MQ_OPEN_MAX                  (8)
      |         ^~~~~~~~~~~~~~~~~~
/scratch2/dima/zephyr-chipyard-sw-fresh/tools-manual/zephyr-sdk-1.0.0-beta1/gnu/riscv64-zephyr-elf/riscv64-zephyr-elf/sys-include/sys/syslimits.h:73:9: note: this is the location of the previous definition
   73 | #define _POSIX_MQ_OPEN_MAX      8
      |         ^~~~~~~~~~~~~~~~~~
/scratch2/agustin/zephyr-chipyard-sw/zephyr_ws/zephyr/include/zephyr/posix/posix_limits.h:34:9: warning: "_POSIX_MQ_PRIO_MAX" redefined
   34 | #define _POSIX_MQ_PRIO_MAX                  (32)
      |         ^~~~~~~~~~~~~~~~~~
/scratch2/dima/zephyr-chipyard-sw-fresh/tools-manual/zephyr-sdk-1.0.0-beta1/gnu/riscv64-zephyr-elf/riscv64-zephyr-elf/sys-include/sys/syslimits.h:74:9: note: this is the location of the previous definition
   74 | #define _POSIX_MQ_PRIO_MAX      32
      |         ^~~~~~~~~~~~~~~~~~
/scratch2/agustin/zephyr-chipyard-sw/zephyr_ws/zephyr/include/zephyr/posix/posix_limits.h:35:9: warning: "_POSIX_NAME_MAX" redefined
   35 | #define _POSIX_NAME_MAX                     (14)
      |         ^~~~~~~~~~~~~~~
/scratch2/dima/zephyr-chipyard-sw-fresh/tools-manual/zephyr-sdk-1.0.0-beta1/gnu/riscv64-zephyr-elf/riscv64-zephyr-elf/sys-include/sys/syslimits.h:75:9: note: this is the location of the previous definition
   75 | #define _POSIX_NAME_MAX         14
      |         ^~~~~~~~~~~~~~~
/scratch2/agustin/zephyr-chipyard-sw/zephyr_ws/zephyr/include/zephyr/posix/posix_limits.h:36:9: warning: "_POSIX_NGROUPS_MAX" redefined
   36 | #define _POSIX_NGROUPS_MAX                  (8)
      |         ^~~~~~~~~~~~~~~~~~
/scratch2/dima/zephyr-chipyard-sw-fresh/tools-manual/zephyr-sdk-1.0.0-beta1/gnu/riscv64-zephyr-elf/riscv64-zephyr-elf/sys-include/sys/syslimits.h:76:9: note: this is the location of the previous definition
   76 | #define _POSIX_NGROUPS_MAX      0
      |         ^~~~~~~~~~~~~~~~~~
/scratch2/agustin/zephyr-chipyard-sw/zephyr_ws/zephyr/include/zephyr/posix/posix_limits.h:37:9: warning: "_POSIX_OPEN_MAX" redefined
   37 | #define _POSIX_OPEN_MAX                     (20)
      |         ^~~~~~~~~~~~~~~
/scratch2/dima/zephyr-chipyard-sw-fresh/tools-manual/zephyr-sdk-1.0.0-beta1/gnu/riscv64-zephyr-elf/riscv64-zephyr-elf/sys-include/sys/syslimits.h:77:9: note: this is the location of the previous definition
   77 | #define _POSIX_OPEN_MAX         16
      |         ^~~~~~~~~~~~~~~
/scratch2/agustin/zephyr-chipyard-sw/zephyr_ws/zephyr/include/zephyr/posix/posix_limits.h:38:9: warning: "_POSIX_PATH_MAX" redefined
   38 | #define _POSIX_PATH_MAX                     (256)
      |         ^~~~~~~~~~~~~~~
/scratch2/dima/zephyr-chipyard-sw-fresh/tools-manual/zephyr-sdk-1.0.0-beta1/gnu/riscv64-zephyr-elf/riscv64-zephyr-elf/sys-include/sys/syslimits.h:78:9: note: this is the location of the previous definition
   78 | #define _POSIX_PATH_MAX         255
      |         ^~~~~~~~~~~~~~~
/scratch2/agustin/zephyr-chipyard-sw/zephyr_ws/zephyr/include/zephyr/posix/posix_limits.h:39:9: warning: "_POSIX_PIPE_BUF" redefined
   39 | #define _POSIX_PIPE_BUF                     (512)
      |         ^~~~~~~~~~~~~~~
/scratch2/dima/zephyr-chipyard-sw-fresh/tools-manual/zephyr-sdk-1.0.0-beta1/gnu/riscv64-zephyr-elf/riscv64-zephyr-elf/sys-include/sys/syslimits.h:79:9: note: this is the location of the previous definition
   79 | #define _POSIX_PIPE_BUF         512
      |         ^~~~~~~~~~~~~~~
/scratch2/agustin/zephyr-chipyard-sw/zephyr_ws/zephyr/include/zephyr/posix/posix_limits.h:40:9: warning: "_POSIX_RE_DUP_MAX" redefined
   40 | #define _POSIX_RE_DUP_MAX                   (255)
      |         ^~~~~~~~~~~~~~~~~
/scratch2/dima/zephyr-chipyard-sw-fresh/tools-manual/zephyr-sdk-1.0.0-beta1/gnu/riscv64-zephyr-elf/riscv64-zephyr-elf/sys-include/sys/syslimits.h:80:9: note: this is the location of the previous definition
   80 | #define _POSIX_RE_DUP_MAX       255
      |         ^~~~~~~~~~~~~~~~~
/scratch2/agustin/zephyr-chipyard-sw/zephyr_ws/zephyr/include/zephyr/posix/posix_limits.h:41:9: warning: "_POSIX_RTSIG_MAX" redefined
   41 | #define _POSIX_RTSIG_MAX                    (8)
      |         ^~~~~~~~~~~~~~~~
/scratch2/dima/zephyr-chipyard-sw-fresh/tools-manual/zephyr-sdk-1.0.0-beta1/gnu/riscv64-zephyr-elf/riscv64-zephyr-elf/sys-include/sys/syslimits.h:81:9: note: this is the location of the previous definition
   81 | #define _POSIX_RTSIG_MAX        8
      |         ^~~~~~~~~~~~~~~~
/scratch2/agustin/zephyr-chipyard-sw/zephyr_ws/zephyr/include/zephyr/posix/posix_limits.h:42:9: warning: "_POSIX_SEM_NSEMS_MAX" redefined
   42 | #define _POSIX_SEM_NSEMS_MAX                (256)
      |         ^~~~~~~~~~~~~~~~~~~~
/scratch2/dima/zephyr-chipyard-sw-fresh/tools-manual/zephyr-sdk-1.0.0-beta1/gnu/riscv64-zephyr-elf/riscv64-zephyr-elf/sys-include/sys/syslimits.h:82:9: note: this is the location of the previous definition
   82 | #define _POSIX_SEM_NSEMS_MAX    256
      |         ^~~~~~~~~~~~~~~~~~~~
/scratch2/agustin/zephyr-chipyard-sw/zephyr_ws/zephyr/include/zephyr/posix/posix_limits.h:43:9: warning: "_POSIX_SEM_VALUE_MAX" redefined
   43 | #define _POSIX_SEM_VALUE_MAX                (32767)
      |         ^~~~~~~~~~~~~~~~~~~~
/scratch2/dima/zephyr-chipyard-sw-fresh/tools-manual/zephyr-sdk-1.0.0-beta1/gnu/riscv64-zephyr-elf/riscv64-zephyr-elf/sys-include/sys/syslimits.h:83:9: note: this is the location of the previous definition
   83 | #define _POSIX_SEM_VALUE_MAX    32767
      |         ^~~~~~~~~~~~~~~~~~~~
/scratch2/agustin/zephyr-chipyard-sw/zephyr_ws/zephyr/include/zephyr/posix/posix_limits.h:44:9: warning: "_POSIX_SIGQUEUE_MAX" redefined
   44 | #define _POSIX_SIGQUEUE_MAX                 (32)
      |         ^~~~~~~~~~~~~~~~~~~
/scratch2/dima/zephyr-chipyard-sw-fresh/tools-manual/zephyr-sdk-1.0.0-beta1/gnu/riscv64-zephyr-elf/riscv64-zephyr-elf/sys-include/sys/syslimits.h:84:9: note: this is the location of the previous definition
   84 | #define _POSIX_SIGQUEUE_MAX     32
      |         ^~~~~~~~~~~~~~~~~~~
/scratch2/agustin/zephyr-chipyard-sw/zephyr_ws/zephyr/include/zephyr/posix/posix_limits.h:45:9: warning: "_POSIX_SSIZE_MAX" redefined
   45 | #define _POSIX_SSIZE_MAX                    (32767)
      |         ^~~~~~~~~~~~~~~~
/scratch2/dima/zephyr-chipyard-sw-fresh/tools-manual/zephyr-sdk-1.0.0-beta1/gnu/riscv64-zephyr-elf/riscv64-zephyr-elf/sys-include/sys/syslimits.h:85:9: note: this is the location of the previous definition
   85 | #define _POSIX_SSIZE_MAX        32767
      |         ^~~~~~~~~~~~~~~~
/scratch2/agustin/zephyr-chipyard-sw/zephyr_ws/zephyr/include/zephyr/posix/posix_limits.h:46:9: warning: "_POSIX_SS_REPL_MAX" redefined
   46 | #define _POSIX_SS_REPL_MAX                  (4)
      |         ^~~~~~~~~~~~~~~~~~
/scratch2/dima/zephyr-chipyard-sw-fresh/tools-manual/zephyr-sdk-1.0.0-beta1/gnu/riscv64-zephyr-elf/riscv64-zephyr-elf/sys-include/sys/syslimits.h:86:9: note: this is the location of the previous definition
   86 | #define _POSIX_SS_REPL_MAX      4
      |         ^~~~~~~~~~~~~~~~~~
/scratch2/agustin/zephyr-chipyard-sw/zephyr_ws/zephyr/include/zephyr/posix/posix_limits.h:47:9: warning: "_POSIX_STREAM_MAX" redefined
   47 | #define _POSIX_STREAM_MAX                   (8)
      |         ^~~~~~~~~~~~~~~~~
/scratch2/dima/zephyr-chipyard-sw-fresh/tools-manual/zephyr-sdk-1.0.0-beta1/gnu/riscv64-zephyr-elf/riscv64-zephyr-elf/sys-include/sys/syslimits.h:87:9: note: this is the location of the previous definition
   87 | #define _POSIX_STREAM_MAX       8
      |         ^~~~~~~~~~~~~~~~~
/scratch2/agustin/zephyr-chipyard-sw/zephyr_ws/zephyr/include/zephyr/posix/posix_limits.h:48:9: warning: "_POSIX_SYMLINK_MAX" redefined
   48 | #define _POSIX_SYMLINK_MAX                  (255)
      |         ^~~~~~~~~~~~~~~~~~
/scratch2/dima/zephyr-chipyard-sw-fresh/tools-manual/zephyr-sdk-1.0.0-beta1/gnu/riscv64-zephyr-elf/riscv64-zephyr-elf/sys-include/sys/syslimits.h:88:9: note: this is the location of the previous definition
   88 | #define _POSIX_SYMLINK_MAX      255
      |         ^~~~~~~~~~~~~~~~~~
/scratch2/agustin/zephyr-chipyard-sw/zephyr_ws/zephyr/include/zephyr/posix/posix_limits.h:49:9: warning: "_POSIX_SYMLOOP_MAX" redefined
   49 | #define _POSIX_SYMLOOP_MAX                  (8)
      |         ^~~~~~~~~~~~~~~~~~
/scratch2/dima/zephyr-chipyard-sw-fresh/tools-manual/zephyr-sdk-1.0.0-beta1/gnu/riscv64-zephyr-elf/riscv64-zephyr-elf/sys-include/sys/syslimits.h:89:9: note: this is the location of the previous definition
   89 | #define _POSIX_SYMLOOP_MAX      8
      |         ^~~~~~~~~~~~~~~~~~
/scratch2/agustin/zephyr-chipyard-sw/zephyr_ws/zephyr/include/zephyr/posix/posix_limits.h:50:9: warning: "_POSIX_THREAD_DESTRUCTOR_ITERATIONS" redefined
   50 | #define _POSIX_THREAD_DESTRUCTOR_ITERATIONS (4)
      |         ^~~~~~~~~~~~~~~~~~~~~~~~~~~~~~~~~~~
/scratch2/dima/zephyr-chipyard-sw-fresh/tools-manual/zephyr-sdk-1.0.0-beta1/gnu/riscv64-zephyr-elf/riscv64-zephyr-elf/sys-include/sys/syslimits.h:90:9: note: this is the location of the previous definition
   90 | #define _POSIX_THREAD_DESTRUCTOR_ITERATIONS     4
      |         ^~~~~~~~~~~~~~~~~~~~~~~~~~~~~~~~~~~
/scratch2/agustin/zephyr-chipyard-sw/zephyr_ws/zephyr/include/zephyr/posix/posix_limits.h:51:9: warning: "_POSIX_THREAD_KEYS_MAX" redefined
   51 | #define _POSIX_THREAD_KEYS_MAX              (128)
      |         ^~~~~~~~~~~~~~~~~~~~~~
/scratch2/dima/zephyr-chipyard-sw-fresh/tools-manual/zephyr-sdk-1.0.0-beta1/gnu/riscv64-zephyr-elf/riscv64-zephyr-elf/sys-include/sys/syslimits.h:91:9: note: this is the location of the previous definition
   91 | #define _POSIX_THREAD_KEYS_MAX  128
      |         ^~~~~~~~~~~~~~~~~~~~~~
/scratch2/agustin/zephyr-chipyard-sw/zephyr_ws/zephyr/include/zephyr/posix/posix_limits.h:52:9: warning: "_POSIX_THREAD_THREADS_MAX" redefined
   52 | #define _POSIX_THREAD_THREADS_MAX           (64)
      |         ^~~~~~~~~~~~~~~~~~~~~~~~~
/scratch2/dima/zephyr-chipyard-sw-fresh/tools-manual/zephyr-sdk-1.0.0-beta1/gnu/riscv64-zephyr-elf/riscv64-zephyr-elf/sys-include/sys/syslimits.h:92:9: note: this is the location of the previous definition
   92 | #define _POSIX_THREAD_THREADS_MAX       64
      |         ^~~~~~~~~~~~~~~~~~~~~~~~~
/scratch2/agustin/zephyr-chipyard-sw/zephyr_ws/zephyr/include/zephyr/posix/posix_limits.h:53:9: warning: "_POSIX_TIMER_MAX" redefined
   53 | #define _POSIX_TIMER_MAX                    (32)
      |         ^~~~~~~~~~~~~~~~
/scratch2/dima/zephyr-chipyard-sw-fresh/tools-manual/zephyr-sdk-1.0.0-beta1/gnu/riscv64-zephyr-elf/riscv64-zephyr-elf/sys-include/sys/syslimits.h:93:9: note: this is the location of the previous definition
   93 | #define _POSIX_TIMER_MAX        32
      |         ^~~~~~~~~~~~~~~~
/scratch2/agustin/zephyr-chipyard-sw/zephyr_ws/zephyr/include/zephyr/posix/posix_limits.h:54:9: warning: "_POSIX_TRACE_EVENT_NAME_MAX" redefined
   54 | #define _POSIX_TRACE_EVENT_NAME_MAX         (30)
      |         ^~~~~~~~~~~~~~~~~~~~~~~~~~~
/scratch2/dima/zephyr-chipyard-sw-fresh/tools-manual/zephyr-sdk-1.0.0-beta1/gnu/riscv64-zephyr-elf/riscv64-zephyr-elf/sys-include/sys/syslimits.h:94:9: note: this is the location of the previous definition
   94 | #define _POSIX_TRACE_EVENT_NAME_MAX     30
      |         ^~~~~~~~~~~~~~~~~~~~~~~~~~~
/scratch2/agustin/zephyr-chipyard-sw/zephyr_ws/zephyr/include/zephyr/posix/posix_limits.h:55:9: warning: "_POSIX_TRACE_NAME_MAX" redefined
   55 | #define _POSIX_TRACE_NAME_MAX               (8)
      |         ^~~~~~~~~~~~~~~~~~~~~
/scratch2/dima/zephyr-chipyard-sw-fresh/tools-manual/zephyr-sdk-1.0.0-beta1/gnu/riscv64-zephyr-elf/riscv64-zephyr-elf/sys-include/sys/syslimits.h:95:9: note: this is the location of the previous definition
   95 | #define _POSIX_TRACE_NAME_MAX   8
      |         ^~~~~~~~~~~~~~~~~~~~~
/scratch2/agustin/zephyr-chipyard-sw/zephyr_ws/zephyr/include/zephyr/posix/posix_limits.h:56:9: warning: "_POSIX_TRACE_SYS_MAX" redefined
   56 | #define _POSIX_TRACE_SYS_MAX                (8)
      |         ^~~~~~~~~~~~~~~~~~~~
/scratch2/dima/zephyr-chipyard-sw-fresh/tools-manual/zephyr-sdk-1.0.0-beta1/gnu/riscv64-zephyr-elf/riscv64-zephyr-elf/sys-include/sys/syslimits.h:96:9: note: this is the location of the previous definition
   96 | #define _POSIX_TRACE_SYS_MAX    8
      |         ^~~~~~~~~~~~~~~~~~~~
/scratch2/agustin/zephyr-chipyard-sw/zephyr_ws/zephyr/include/zephyr/posix/posix_limits.h:57:9: warning: "_POSIX_TRACE_USER_EVENT_MAX" redefined
   57 | #define _POSIX_TRACE_USER_EVENT_MAX         (32)
      |         ^~~~~~~~~~~~~~~~~~~~~~~~~~~
/scratch2/dima/zephyr-chipyard-sw-fresh/tools-manual/zephyr-sdk-1.0.0-beta1/gnu/riscv64-zephyr-elf/riscv64-zephyr-elf/sys-include/sys/syslimits.h:97:9: note: this is the location of the previous definition
   97 | #define _POSIX_TRACE_USER_EVENT_MAX     32
      |         ^~~~~~~~~~~~~~~~~~~~~~~~~~~
/scratch2/agustin/zephyr-chipyard-sw/zephyr_ws/zephyr/include/zephyr/posix/posix_limits.h:58:9: warning: "_POSIX_TTY_NAME_MAX" redefined
   58 | #define _POSIX_TTY_NAME_MAX                 (9)
      |         ^~~~~~~~~~~~~~~~~~~
/scratch2/dima/zephyr-chipyard-sw-fresh/tools-manual/zephyr-sdk-1.0.0-beta1/gnu/riscv64-zephyr-elf/riscv64-zephyr-elf/sys-include/sys/syslimits.h:98:9: note: this is the location of the previous definition
   98 | #define _POSIX_TTY_NAME_MAX     9
      |         ^~~~~~~~~~~~~~~~~~~
/scratch2/agustin/zephyr-chipyard-sw/zephyr_ws/zephyr/include/zephyr/posix/posix_limits.h:59:9: warning: "_POSIX_TZNAME_MAX" redefined
   59 | #define _POSIX_TZNAME_MAX                   (6)
      |         ^~~~~~~~~~~~~~~~~
/scratch2/dima/zephyr-chipyard-sw-fresh/tools-manual/zephyr-sdk-1.0.0-beta1/gnu/riscv64-zephyr-elf/riscv64-zephyr-elf/sys-include/sys/syslimits.h:99:9: note: this is the location of the previous definition
   99 | #define _POSIX_TZNAME_MAX       3
      |         ^~~~~~~~~~~~~~~~~
/scratch2/agustin/zephyr-chipyard-sw/zephyr_ws/zephyr/include/zephyr/posix/posix_limits.h:60:9: warning: "_POSIX2_BC_BASE_MAX" redefined
   60 | #define _POSIX2_BC_BASE_MAX                 (99)
      |         ^~~~~~~~~~~~~~~~~~~
/scratch2/dima/zephyr-chipyard-sw-fresh/tools-manual/zephyr-sdk-1.0.0-beta1/gnu/riscv64-zephyr-elf/riscv64-zephyr-elf/sys-include/sys/syslimits.h:100:9: note: this is the location of the previous definition
  100 | #define _POSIX2_BC_BASE_MAX     99
      |         ^~~~~~~~~~~~~~~~~~~
/scratch2/agustin/zephyr-chipyard-sw/zephyr_ws/zephyr/include/zephyr/posix/posix_limits.h:61:9: warning: "_POSIX2_BC_DIM_MAX" redefined
   61 | #define _POSIX2_BC_DIM_MAX                  (2048)
      |         ^~~~~~~~~~~~~~~~~~
/scratch2/dima/zephyr-chipyard-sw-fresh/tools-manual/zephyr-sdk-1.0.0-beta1/gnu/riscv64-zephyr-elf/riscv64-zephyr-elf/sys-include/sys/syslimits.h:101:9: note: this is the location of the previous definition
  101 | #define _POSIX2_BC_DIM_MAX      2048
      |         ^~~~~~~~~~~~~~~~~~
/scratch2/agustin/zephyr-chipyard-sw/zephyr_ws/zephyr/include/zephyr/posix/posix_limits.h:62:9: warning: "_POSIX2_BC_SCALE_MAX" redefined
   62 | #define _POSIX2_BC_SCALE_MAX                (99)
      |         ^~~~~~~~~~~~~~~~~~~~
/scratch2/dima/zephyr-chipyard-sw-fresh/tools-manual/zephyr-sdk-1.0.0-beta1/gnu/riscv64-zephyr-elf/riscv64-zephyr-elf/sys-include/sys/syslimits.h:102:9: note: this is the location of the previous definition
  102 | #define _POSIX2_BC_SCALE_MAX    99
      |         ^~~~~~~~~~~~~~~~~~~~
/scratch2/agustin/zephyr-chipyard-sw/zephyr_ws/zephyr/include/zephyr/posix/posix_limits.h:63:9: warning: "_POSIX2_BC_STRING_MAX" redefined
   63 | #define _POSIX2_BC_STRING_MAX               (1000)
      |         ^~~~~~~~~~~~~~~~~~~~~
/scratch2/dima/zephyr-chipyard-sw-fresh/tools-manual/zephyr-sdk-1.0.0-beta1/gnu/riscv64-zephyr-elf/riscv64-zephyr-elf/sys-include/sys/syslimits.h:103:9: note: this is the location of the previous definition
  103 | #define _POSIX2_BC_STRING_MAX   1000
      |         ^~~~~~~~~~~~~~~~~~~~~
/scratch2/agustin/zephyr-chipyard-sw/zephyr_ws/zephyr/include/zephyr/posix/posix_limits.h:64:9: warning: "_POSIX2_CHARCLASS_NAME_MAX" redefined
   64 | #define _POSIX2_CHARCLASS_NAME_MAX          (14)
      |         ^~~~~~~~~~~~~~~~~~~~~~~~~~
/scratch2/dima/zephyr-chipyard-sw-fresh/tools-manual/zephyr-sdk-1.0.0-beta1/gnu/riscv64-zephyr-elf/riscv64-zephyr-elf/sys-include/sys/syslimits.h:104:9: note: this is the location of the previous definition
  104 | #define _POSIX2_CHARCLASS_NAME_MAX      14
      |         ^~~~~~~~~~~~~~~~~~~~~~~~~~
/scratch2/agustin/zephyr-chipyard-sw/zephyr_ws/zephyr/include/zephyr/posix/posix_limits.h:65:9: warning: "_POSIX2_COLL_WEIGHTS_MAX" redefined
   65 | #define _POSIX2_COLL_WEIGHTS_MAX            (2)
      |         ^~~~~~~~~~~~~~~~~~~~~~~~
/scratch2/dima/zephyr-chipyard-sw-fresh/tools-manual/zephyr-sdk-1.0.0-beta1/gnu/riscv64-zephyr-elf/riscv64-zephyr-elf/sys-include/sys/syslimits.h:105:9: note: this is the location of the previous definition
  105 | #define _POSIX2_COLL_WEIGHTS_MAX        2
      |         ^~~~~~~~~~~~~~~~~~~~~~~~
/scratch2/agustin/zephyr-chipyard-sw/zephyr_ws/zephyr/include/zephyr/posix/posix_limits.h:66:9: warning: "_POSIX2_EXPR_NEST_MAX" redefined
   66 | #define _POSIX2_EXPR_NEST_MAX               (32)
      |         ^~~~~~~~~~~~~~~~~~~~~
/scratch2/dima/zephyr-chipyard-sw-fresh/tools-manual/zephyr-sdk-1.0.0-beta1/gnu/riscv64-zephyr-elf/riscv64-zephyr-elf/sys-include/sys/syslimits.h:106:9: note: this is the location of the previous definition
  106 | #define _POSIX2_EXPR_NEST_MAX   32
      |         ^~~~~~~~~~~~~~~~~~~~~
/scratch2/agustin/zephyr-chipyard-sw/zephyr_ws/zephyr/include/zephyr/posix/posix_limits.h:67:9: warning: "_POSIX2_LINE_MAX" redefined
   67 | #define _POSIX2_LINE_MAX                    (2048)
      |         ^~~~~~~~~~~~~~~~
/scratch2/dima/zephyr-chipyard-sw-fresh/tools-manual/zephyr-sdk-1.0.0-beta1/gnu/riscv64-zephyr-elf/riscv64-zephyr-elf/sys-include/sys/syslimits.h:107:9: note: this is the location of the previous definition
  107 | #define _POSIX2_LINE_MAX        2048
      |         ^~~~~~~~~~~~~~~~
/scratch2/agustin/zephyr-chipyard-sw/zephyr_ws/zephyr/include/zephyr/posix/posix_limits.h:83:9: warning: "ARG_MAX" redefined
   83 | #define ARG_MAX                       _POSIX_ARG_MAX
      |         ^~~~~~~
/scratch2/dima/zephyr-chipyard-sw-fresh/tools-manual/zephyr-sdk-1.0.0-beta1/gnu/riscv64-zephyr-elf/riscv64-zephyr-elf/sys-include/sys/syslimits.h:41:9: note: this is the location of the previous definition
   41 | #define ARG_MAX                 65536   /* max bytes for an exec function */
      |         ^~~~~~~
/scratch2/agustin/zephyr-chipyard-sw/zephyr_ws/zephyr/include/zephyr/posix/posix_limits.h:84:9: warning: "ATEXIT_MAX" redefined
   84 | #define ATEXIT_MAX                    (32)
      |         ^~~~~~~~~~
/scratch2/dima/zephyr-chipyard-sw-fresh/tools-manual/zephyr-sdk-1.0.0-beta1/gnu/riscv64-zephyr-elf/riscv64-zephyr-elf/sys-include/sys/syslimits.h:42:9: note: this is the location of the previous definition
   42 | #define ATEXIT_MAX                 32   /* max atexit functions */
      |         ^~~~~~~~~~
/scratch2/agustin/zephyr-chipyard-sw/zephyr_ws/zephyr/include/zephyr/posix/posix_limits.h:93:9: warning: "OPEN_MAX" redefined
   93 | #define OPEN_MAX                      CONFIG_POSIX_OPEN_MAX
      |         ^~~~~~~~
/scratch2/dima/zephyr-chipyard-sw-fresh/tools-manual/zephyr-sdk-1.0.0-beta1/gnu/riscv64-zephyr-elf/riscv64-zephyr-elf/sys-include/sys/syslimits.h:45:9: note: this is the location of the previous definition
   45 | #define OPEN_MAX                   64   /* max open files per process */
      |         ^~~~~~~~
/scratch2/agustin/zephyr-chipyard-sw/zephyr_ws/zephyr/include/zephyr/posix/posix_limits.h:96:9: warning: "PATH_MAX" redefined
   96 | #define PATH_MAX                      _POSIX_PATH_MAX
      |         ^~~~~~~~
/scratch2/dima/zephyr-chipyard-sw-fresh/tools-manual/zephyr-sdk-1.0.0-beta1/gnu/riscv64-zephyr-elf/riscv64-zephyr-elf/sys-include/sys/syslimits.h:53:9: note: this is the location of the previous definition
   53 | #define PATH_MAX                 1024   /* max bytes in pathname */
      |         ^~~~~~~~
/scratch2/agustin/zephyr-chipyard-sw/zephyr_ws/zephyr/include/zephyr/posix/posix_limits.h:114:9: warning: "TZNAME_MAX" redefined
  114 | #define TZNAME_MAX                    _POSIX_TZNAME_MAX
      |         ^~~~~~~~~~
/scratch2/dima/zephyr-chipyard-sw-fresh/tools-manual/zephyr-sdk-1.0.0-beta1/gnu/riscv64-zephyr-elf/riscv64-zephyr-elf/sys-include/sys/syslimits.h:46:9: note: this is the location of the previous definition
   46 | #define TZNAME_MAX                 10   /* max time zone name length */
      |         ^~~~~~~~~~
[204/216] Linking C static library zephyr/lib/posix/options/liblib__posix__options.a
[205/216] Building C object CMakeFiles/modelblaster_yolov8_nano_rvv_opu_objs.dir/scratch2/agustin/ModelBlaster/examples/yolov8_nano/int8/generated/rvv_opu/model.c.obj
[206/216] Building C object CMakeFiles/modelblaster_yolov8_nano_gemmini_q31_objs.dir/scratch2/agustin/ModelBlaster/examples/yolov8_nano/int8/generated/gemmini_q31/model.c.obj
[207/216] Building C object zephyr/kernel/CMakeFiles/kernel.dir/sched.c.obj
[208/216] Linking C static library zephyr/kernel/libkernel.a
[209/216] Building C object CMakeFiles/modelblaster_yolov8_nano_weights_obj.dir/scratch2/agustin/ModelBlaster/examples/yolov8_nano/int8/generated/gemmini_q31/weights.c.obj
[210/216] Linking C static library app/libapp.a
[211/216] Linking C executable zephyr/zephyr_pre0.elf
[212/216] Generating linker.cmd
[213/216] Generating isr_tables.c, isr_tables_vt.ld, isr_tables_swi.ld
[214/216] Building C object zephyr/CMakeFiles/zephyr_final.dir/misc/empty_file.c.obj
[215/216] Building C object zephyr/CMakeFiles/zephyr_final.dir/isr_tables.c.obj
[216/216] Linking C executable zephyr/zephyr.elf
Memory region         Used Size  Region Size  %age Used
             RAM:    83640536 B       256 MB     31.16%
        IDT_LIST:           0 B         4 KB      0.00%
Generating files from /scratch2/agustin/ModelBlaster/examples/xpurt_demo/fp32/build/gemmini_q31_rvv_opu_firesim/zephyr/zephyr.elf for board: chipyard_riscv64
MODELBLASTER_STAGE_END:build:8.645
MODELBLASTER_STAGE_BEGIN:run
[xpurt] firesim + verify
firesim: runworkload (waiting for 3 MODELBLASTER_WALL_CYCLES markers)
firesim: reading per-run uartlog at /scratch2/agustin/chipyard/sims/firesim/deploy/results-workload/2026-06-03--21-50-05-modelblaster-firesim-q178/modelblaster-firesim0/uartlog
=== MODELBLASTER_RAW_FIRESIM_BEGIN ===
Script started on 2026-06-03 14:50:22-07:00 [COMMAND="stty intr ^] &&  ./FireSim-xilinx_alveo_u250 +permissive   +macaddr0=00:12:6D:00:00:02 +niclog0=niclog0  +trace-select=1 +trace-start=0 +trace-end=-1 +trace-output-format=0 +dwarf-file-name=modelblaster-firesim0-zephyr0-zephyr.elf-dwarf +autocounter-readrate=0 +autocounter-filename-base=AUTOCOUNTERFILE  +print-start=0 +print-end=-1 +linklatency0=6405 +netbw0=200 +shmemportname0=default  +domain=0x0000 +bus=0x42 +device=0x00 +function=0x0 +bar=0x0 +pci-vendor=0x10ee +pci-device=0x903f +permissive-off +prog0=modelblaster-firesim0-zephyr0-zephyr.elf   && stty intr ^c" TERM="screen" TTY="/dev/pts/7" COLUMNS="80" LINES="24"]
+domain found: 0x0000
+bus found: 0x42
+device found: 0x00
+function found: 0x0
+bar found: 0x0
Using: 0000:42:00.0, BAR ID: 0, PCI Vendor ID: 0x10ee, PCI Device ID: 0x903f
Opening /sys/bus/pci/devices/0000:42:00.0/vendor
Opening /sys/bus/pci/devices/0000:42:00.0/device
examining xdma/.
examining xdma/..
examining xdma/xdma0_h2c_0
Using xdma write queue: /dev/xdma0_h2c_0
Using xdma read queue: /dev/xdma0_c2h_0
widget_registry_t::add_widget(StreamEngine)
cpu2fpga: 0, fpga2cpu: 2
UART0 is here (stdin/stdout).
TraceRV 0: Tracing disabled, since +tracefile was not provided.
TraceRV 1: Tracing disabled, since +tracefile was not provided.
command line for program 0. argc=24:
+permissive +macaddr0=00:12:6D:00:00:02 +niclog0=niclog0 +trace-select=1 +trace-start=0 +trace-end=-1 +trace-output-format=0 +dwarf-file-name=modelblaster-firesim0-zephyr0-zephyr.elf-dwarf +autocounter-readrate=0 +autocounter-filename-base=AUTOCOUNTERFILE +print-start=0 +print-end=-1 +linklatency0=6405 +netbw0=200 +shmemportname0=default +domain=0x0000 +bus=0x42 +device=0x00 +function=0x0 +bar=0x0 +pci-vendor=0x10ee +pci-device=0x903f +permissive-off modelblaster-firesim0-zephyr0-zephyr.elf 
FireSim fingerprint: 0x46697265
TracerV: Trigger enabled from 0 to 18446744073709551615 cycles
TracerV: Trigger enabled from 0 to 18446744073709551615 cycles
Commencing simulation.
tsibridge_t::tick skipping tick
tsibridge_t::tick skipping tick
tsibridge_t::tick skipping tick
tsibridge_t::tick skipping tick
tsibridge_t::tick skipping tick
tsibridge_t::tick skipping tick
tsibridge_t::tick skipping tick
tsibridge_t::tick skipping tick
*** Booting Zephyr OS build 852bb170cc56 ***

xpurt-runner: schedule=xpurt_demo_schedule entries=248 kinds=2 on chipyard_riscv64/rocketchip_virt_riscv64

modelblaster_pool[kind=0]: 0 helpers (intra-op)

modelblaster_pool[kind=1]: 0 helpers (intra-op)

xpurt: WARN unknown core_kind 'gemmini' for mlp_control

xpurt: WARN unknown core_kind 'gemmini' for dronet

xpurt: WARN unknown core_kind 'gemmini' for dronet

xpurt: WARN unknown core_kind 'gemmini' for dronet

xpurt: WARN unknown core_kind 'gemmini' for dronet

xpurt: WARN unknown core_kind 'gemmini' for dronet

xpurt: WARN unknown core_kind 'gemmini' for dronet

xpurt: WARN unknown core_kind 'gemmini' for dronet

xpurt: WARN unknown core_kind 'gemmini' for yolov8_nano

xpurt: WARN unknown core_kind 'gemmini' for mlp_control

xpurt: WARN unknown core_kind 'gemmini' for yolov8_nano

xpurt: WARN unknown core_kind 'gemmini' for yolov8_nano

xpurt: WARN unknown core_kind 'gemmini' for yolov8_nano

xpurt: WARN unknown core_kind 'gemmini' for yolov8_nano

xpurt: WARN unknown core_kind 'gemmini' for yolov8_nano

xpurt: WARN unknown core_kind 'gemmini' for mlp_control

xpurt: WARN unknown core_kind 'gemmini' for dronet

xpurt: WARN unknown core_kind 'gemmini' for yolov8_nano

xpurt: WARN unknown core_kind 'gemmini' for dronet

xpurt: WARN unknown core_kind 'gemmini' for dronet

xpurt: WARN unknown core_kind 'gemmini' for dronet

xpurt: WARN unknown core_kind 'gemmini' for dronet

xpurt: WARN unknown core_kind 'gemmini' for dronet

xpurt: WARN unknown core_kind 'gemmini' for dronet

xpurt: WARN unknown core_kind 'gemmini' for yolov8_nano

xpurt: WARN unknown core_kind 'gemmini' for yolov8_nano

xpurt: WARN unknown core_kind 'gemmini' for mlp_control

xpurt: WARN unknown core_kind 'gemmini' for yolov8_nano

xpurt: WARN unknown core_kind 'gemmini' for yolov8_nano

xpurt: WARN unknown core_kind 'gemmini' for yolov8_nano

xpurt: WARN unknown core_kind 'gemmini' for yolov8_nano

xpurt: WARN unknown core_kind 'gemmini' for yolov8_nano

xpurt: WARN unknown core_kind 'gemmini' for yolov8_nano

xpurt: WARN unknown core_kind 'gemmini' for yolov8_nano

xpurt: WARN unknown core_kind 'gemmini' for yolov8_nano

xpurt: WARN unknown core_kind 'gemmini' for yolov8_nano

xpurt: WARN unknown core_kind 'gemmini' for yolov8_nano

xpurt: WARN unknown core_kind 'gemmini' for yolov8_nano

xpurt: WARN unknown core_kind 'gemmini' for yolov8_nano

xpurt: WARN unknown core_kind 'gemmini' for yolov8_nano

xpurt: WARN unknown core_kind 'gemmini' for mlp_control

xpurt: WARN unknown core_kind 'gemmini' for dronet

xpurt: WARN unknown core_kind 'gemmini' for yolov8_nano

xpurt: WARN unknown core_kind 'gemmini' for dronet

xpurt: WARN unknown core_kind 'gemmini' for dronet

xpurt: WARN unknown core_kind 'gemmini' for dronet

xpurt: WARN unknown core_kind 'gemmini' for yolov8_nano

xpurt: WARN unknown core_kind 'gemmini' for dronet

xpurt: WARN unknown core_kind 'gemmini' for dronet

xpurt: WARN unknown core_kind 'gemmini' for dronet

xpurt: WARN unknown core_kind 'gemmini' for yolov8_nano

xpurt: WARN unknown core_kind 'gemmini' for yolov8_nano

xpurt: WARN unknown core_kind 'gemmini' for yolov8_nano

xpurt: WARN unknown core_kind 'gemmini' for mlp_control

xpurt: WARN unknown core_kind 'gemmini' for yolov8_nano

xpurt: WARN unknown core_kind 'gemmini' for yolov8_nano

xpurt: WARN unknown core_kind 'gemmini' for yolov8_nano

xpurt: WARN unknown core_kind 'gemmini' for yolov8_nano

xpurt: WARN unknown core_kind 'gemmini' for yolov8_nano

xpurt: WARN unknown core_kind 'gemmini' for yolov8_nano

xpurt: WARN unknown core_kind 'gemmini' for yolov8_nano

xpurt: WARN unknown core_kind 'gemmini' for yolov8_nano

xpurt: WARN unknown core_kind 'gemmini' for yolov8_nano

xpurt: WARN unknown core_kind 'gemmini' for yolov8_nano

xpurt: WARN unknown core_kind 'gemmini' for yolov8_nano

xpurt: WARN unknown core_kind 'gemmini' for yolov8_nano

xpurt: WARN unknown core_kind 'gemmini' for yolov8_nano

xpurt: WARN unknown core_kind 'gemmini' for yolov8_nano

xpurt: WARN unknown core_kind 'gemmini' for mlp_control

xpurt: WARN unknown core_kind 'gemmini' for dronet

xpurt: WARN unknown core_kind 'gemmini' for yolov8_nano

xpurt: WARN unknown core_kind 'gemmini' for dronet

xpurt: WARN unknown core_kind 'gemmini' for dronet

xpurt: WARN unknown core_kind 'gemmini' for dronet

xpurt: WARN unknown core_kind 'gemmini' for yolov8_nano

xpurt: WARN unknown core_kind 'gemmini' for yolov8_nano

xpurt: WARN unknown core_kind 'gemmini' for dronet

xpurt: WARN unknown core_kind 'gemmini' for dronet

xpurt: WARN unknown core_kind 'gemmini' for dronet

xpurt: WARN unknown core_kind 'gemmini' for yolov8_nano

xpurt: WARN unknown core_kind 'gemmini' for yolov8_nano

xpurt: WARN unknown core_kind 'gemmini' for yolov8_nano

xpurt: WARN unknown core_kind 'gemmini' for yolov8_nano

xpurt: WARN unknown core_kind 'gemmini' for yolov8_nano

xpurt: WARN unknown core_kind 'gemmini' for yolov8_nano

xpurt: WARN unknown core_kind 'gemmini' for yolov8_nano

xpurt: WARN unknown core_kind 'gemmini' for yolov8_nano

xpurt: WARN unknown core_kind 'gemmini' for yolov8_nano

xpurt: WARN unknown core_kind 'gemmini' for yolov8_nano

xpurt: WARN unknown core_kind 'gemmini' for yolov8_nano

xpurt: WARN unknown core_kind 'gemmini' for yolov8_nano

xpurt: WARN unknown core_kind 'gemmini' for yolov8_nano

xpurt: WARN unknown core_kind 'gemmini' for yolov8_nano

xpurt: WARN unknown core_kind 'gemmini' for yolov8_nano

xpurt: WARN unknown core_kind 'gemmini' for yolov8_nano

xpurt: WARN unknown core_kind 'gemmini' for mlp_control

xpurt: WARN unknown core_kind 'gemmini' for yolov8_nano

xpurt: WARN unknown core_kind 'gemmini' for yolov8_nano

xpurt: WARN unknown core_kind 'gemmini' for yolov8_nano

xpurt: WARN unknown core_kind 'gemmini' for yolov8_nano

xpurt: worker[0] kind=gemmini pinned_hart=0

xpurt: worker[1] kind=rvv_opu pinned_hart=1

=== MODELBLASTER_OUTPUT_BEGIN [mlp_control] ===

0

0

0

0

=== MODELBLASTER_OUTPUT_END [mlp_control] ===

=== MODELBLASTER_PROFILE_BEGIN [mlp_control] ===

backend,dispatch_id,name,op,shape,cycles

=== MODELBLASTER_PROFILE_END [mlp_control] ===

=== MODELBLASTER_WALL_CYCLES_INST [mlp_control#0] === 0

=== MODELBLASTER_WALL_CYCLES_INST [mlp_control#1] === 0

=== MODELBLASTER_WALL_CYCLES_INST [mlp_control#2] === 0

=== MODELBLASTER_WALL_CYCLES_INST [mlp_control#3] === 0

=== MODELBLASTER_WALL_CYCLES_INST [mlp_control#4] === 0

=== MODELBLASTER_WALL_CYCLES_INST [mlp_control#5] === 0

=== MODELBLASTER_WALL_CYCLES_INST [mlp_control#6] === 0

=== MODELBLASTER_WALL_CYCLES_INST [mlp_control#7] === 0

=== MODELBLASTER_WALL_CYCLES [mlp_control] === 0

=== MODELBLASTER_OUTPUT_BEGIN [dronet] ===

0

0

=== MODELBLASTER_OUTPUT_END [dronet] ===

=== MODELBLASTER_PROFILE_BEGIN [dronet] ===

backend,dispatch_id,name,op,shape,cycles

rvv_opu,1,maxpool1,maxpool2d_s8,N=1;C=32;IH=56;IW=56;OH=27;OW=27;KH=3;KW=3;SH=2;SW=2;PH=0;PW=0;DH=1;DW=1,4447918

rvv_opu,2,bn_modules.0,batchnorm2d_s8,N=1;C=32;H=27;W=27,1844293

rvv_opu,5,bn_modules.1,batchnorm2d_s8,N=1;C=32;H=14;W=14,499167

rvv_opu,9,add,add_s8,n=6272,315999

rvv_opu,10,bn_modules.2,batchnorm2d_s8,N=1;C=32;H=14;W=14,488617

rvv_opu,13,bn_modules.3,batchnorm2d_s8,N=1;C=64;H=7;W=7,260228

rvv_opu,17,add_1,add_s8,n=3136,158208

rvv_opu,18,bn_modules.4,batchnorm2d_s8,N=1;C=64;H=7;W=7,254807

rvv_opu,24,conv_modules.9,conv2d_s8,N=1;IC=64;IH=7;IW=7;OC=128;OH=4;OW=4;KH=1;KW=1;SH=2;SW=2;PH=0;PW=0,4192774

rvv_opu,23,conv_modules.8,conv2d_s8,N=1;IC=128;IH=4;IW=4;OC=128;OH=4;OW=4;KH=3;KW=3;SH=1;SW=1;PH=1;PW=1,48867393

rvv_opu,25,add_2,add_s8,n=2048,126157

rvv_opu,28,linear2,linear_s8,M=1;K=2048;N=1,23329

rvv_opu,27,linear1,linear_s8,M=1;K=2048;N=1,20748

=== MODELBLASTER_PROFILE_END [dronet] ===

=== MODELBLASTER_WALL_CYCLES_INST [dronet#0] === 0

=== MODELBLASTER_WALL_CYCLES_INST [dronet#1] === 0

=== MODELBLASTER_WALL_CYCLES_INST [dronet#2] === 0

=== MODELBLASTER_WALL_CYCLES_INST [dronet#3] === 0

=== MODELBLASTER_WALL_CYCLES [dronet] === 0

=== MODELBLASTER_OUTPUT_BEGIN [yolov8_nano] ===

OUTPUT_SAMPLED size=75600 head=8 tail=8

  [0] 0

  [1] 0

  [2] 0

  [3] 0

  [4] 0

  [5] 0

  [6] 0

  [7] 0

  [75592] -42

  [75593] -42

  [75594] -42

  [75595] -42

  [75596] -42

  [75597] -42

  [75598] -42

  [75599] -42

OUTPUT_SUMMARY sum=-482500 abs_sum=581300 min=-64 max=15

=== MODELBLASTER_OUTPUT_END [yolov8_nano] ===

=== MODELBLASTER_PROFILE_BEGIN [yolov8_nano] ===

backend,dispatch_id,name,op,shape,cycles

rvv_opu,1,l0.bn,batchnorm2d_s8,N=1;C=16;H=80;W=80,8140223

rvv_opu,4,l1.bn,batchnorm2d_s8,N=1;C=32;H=40;W=40,3931923

rvv_opu,7,l2.cv1.bn,batchnorm2d_s8,N=1;C=32;H=40;W=40,4000840

rvv_opu,11,l2.m0.cv1.bn,batchnorm2d_s8,N=1;C=16;H=40;W=40,2040720

rvv_opu,14,l2.m0.cv2.bn,batchnorm2d_s8,N=1;C=16;H=40;W=40,2032686

rvv_opu,16,add,add_s8,n=25600,1347588

rvv_opu,17,cat,cat3_c1_s8,N=1;H=40;W=40;C_inputs=16|16|16;C_total=48,3373506

rvv_opu,19,l2.cv2.bn,batchnorm2d_s8,N=1;C=32;H=40;W=40,4095957

rvv_opu,22,l3.bn,batchnorm2d_s8,N=1;C=64;H=20;W=20,2077261

rvv_opu,23,l3.act,silu_s8,n=25600,6832395

rvv_opu,25,l4.cv1.bn,batchnorm2d_s8,N=1;C=64;H=20;W=20,2081340

rvv_opu,29,l4.m0.cv1.bn,batchnorm2d_s8,N=1;C=32;H=20;W=20,1036847

rvv_opu,32,l4.m0.cv2.bn,batchnorm2d_s8,N=1;C=32;H=20;W=20,1039882

rvv_opu,34,add_1,add_s8,n=12800,673406

rvv_opu,36,l4.m1.cv1.bn,batchnorm2d_s8,N=1;C=32;H=20;W=20,1033438

rvv_opu,39,l4.m1.cv2.bn,batchnorm2d_s8,N=1;C=32;H=20;W=20,1038762

rvv_opu,41,add_2,add_s8,n=12800,669484

rvv_opu,42,cat_1,cat4_c1_s8,N=1;H=20;W=20;C_inputs=32|32|32|32;C_total=128,2247983

rvv_opu,44,l4.cv2.bn,batchnorm2d_s8,N=1;C=64;H=20;W=20,2076537

rvv_opu,47,l5.bn,batchnorm2d_s8,N=1;C=128;H=10;W=10,1059457

rvv_opu,50,l6.cv1.bn,batchnorm2d_s8,N=1;C=128;H=10;W=10,1053376

rvv_opu,54,l6.m0.cv1.bn,batchnorm2d_s8,N=1;C=64;H=10;W=10,531311

rvv_opu,57,l6.m0.cv2.bn,batchnorm2d_s8,N=1;C=64;H=10;W=10,529891

rvv_opu,59,add_3,add_s8,n=6400,335498

rvv_opu,61,l6.m1.cv1.bn,batchnorm2d_s8,N=1;C=64;H=10;W=10,531269

rvv_opu,64,l6.m1.cv2.bn,batchnorm2d_s8,N=1;C=64;H=10;W=10,531614

rvv_opu,66,add_4,add_s8,n=6400,334781

rvv_opu,67,cat_2,cat4_c1_s8,N=1;H=10;W=10;C_inputs=64|64|64|64;C_total=256,1126618

rvv_opu,69,l6.cv2.bn,batchnorm2d_s8,N=1;C=128;H=10;W=10,1056023

rvv_opu,72,l7.bn,batchnorm2d_s8,N=1;C=256;H=5;W=5,552457

rvv_opu,75,l8.cv1.bn,batchnorm2d_s8,N=1;C=256;H=5;W=5,556092

rvv_opu,80,l8.m0.cv1.act,silu_s8,n=3200,308668

rvv_opu,83,l8.m0.cv2.act,silu_s8,n=3200,308383

rvv_opu,91,l9.cv1.act,silu_s8,n=3200,308252

rvv_opu,93,l9.m2,maxpool2d_s8,N=1;C=128;IH=5;IW=5;OH=5;OW=5;KH=5;KW=5;SH=1;SW=1;PH=2;PW=2;DH=1;DW=1,916100

rvv_opu,95,cat_4,cat4_c1_s8,N=1;H=5;W=5;C_inputs=128|128|128|128;C_total=512,568409

rvv_opu,97,l9.cv2.bn,batchnorm2d_s8,N=1;C=256;H=5;W=5,552356

rvv_opu,99,l10,upsample_nearest_s8,N=1;C=256;IH=5;IW=5;scale=2,769226

rvv_opu,100,cat_5,cat2_c1_s8,N=1;H=10;W=10;C_inputs=256|128;C_total=384,1691960

rvv_opu,102,l12.cv1.bn,batchnorm2d_s8,N=1;C=128;H=10;W=10,1054893

rvv_opu,106,l12.m0.cv1.bn,batchnorm2d_s8,N=1;C=64;H=10;W=10,527354

rvv_opu,109,l12.m0.cv2.bn,batchnorm2d_s8,N=1;C=64;H=10;W=10,531081

rvv_opu,111,cat_6,cat3_c1_s8,N=1;H=10;W=10;C_inputs=64|64|64;C_total=192,855678

rvv_opu,113,l12.cv2.bn,batchnorm2d_s8,N=1;C=128;H=10;W=10,1064783

rvv_opu,115,l13,upsample_nearest_s8,N=1;C=128;IH=10;IW=10;scale=2,1197700

rvv_opu,116,cat_7,cat2_c1_s8,N=1;H=20;W=20;C_inputs=128|64;C_total=192,3373346

rvv_opu,118,l15.cv1.bn,batchnorm2d_s8,N=1;C=64;H=20;W=20,2078668

rvv_opu,122,l15.m0.cv1.bn,batchnorm2d_s8,N=1;C=32;H=20;W=20,1046410

rvv_opu,125,l15.m0.cv2.bn,batchnorm2d_s8,N=1;C=32;H=20;W=20,1035701

rvv_opu,127,cat_8,cat3_c1_s8,N=1;H=20;W=20;C_inputs=32|32|32;C_total=96,1704106

rvv_opu,129,l15.cv2.bn,batchnorm2d_s8,N=1;C=64;H=20;W=20,2069049

rvv_opu,132,l16.bn,batchnorm2d_s8,N=1;C=64;H=10;W=10,533651

rvv_opu,134,cat_9,cat2_c1_s8,N=1;H=10;W=10;C_inputs=64|128;C_total=192,849386

rvv_opu,136,l18.cv1.bn,batchnorm2d_s8,N=1;C=128;H=10;W=10,1052311

rvv_opu,140,l18.m0.cv1.bn,batchnorm2d_s8,N=1;C=64;H=10;W=10,527061

rvv_opu,143,l18.m0.cv2.bn,batchnorm2d_s8,N=1;C=64;H=10;W=10,531137

rvv_opu,145,cat_10,cat3_c1_s8,N=1;H=10;W=10;C_inputs=64|64|64;C_total=192,855035

rvv_opu,147,l18.cv2.bn,batchnorm2d_s8,N=1;C=128;H=10;W=10,1064769

rvv_opu,148,l18.cv2.act,silu_s8,n=12800,3271433

rvv_opu,150,l19.bn,batchnorm2d_s8,N=1;C=128;H=5;W=5,277970

rvv_opu,183,detect.cv2_1_0.bn,batchnorm2d_s8,N=1;C=64;H=10;W=10,532112

rvv_opu,151,l19.act,silu_s8,n=3200,819202

rvv_opu,152,cat_11,cat2_c1_s8,N=1;H=5;W=5;C_inputs=128|256;C_total=384,514099

rvv_opu,168,detect.cv2_0_0.bn,batchnorm2d_s8,N=1;C=64;H=20;W=20,2078060

rvv_opu,158,l21.m0.cv1.bn,batchnorm2d_s8,N=1;C=128;H=5;W=5,277554

rvv_opu,175,detect.cv3_0_0.bn,batchnorm2d_s8,N=1;C=80;H=20;W=20,2586659

rvv_opu,159,l21.m0.cv1.act,silu_s8,n=3200,857324

rvv_opu,184,detect.cv2_1_0.act,silu_s8,n=6400,1657448

rvv_opu,161,l21.m0.cv2.bn,batchnorm2d_s8,N=1;C=128;H=5;W=5,276716

rvv_opu,163,cat_12,cat3_c1_s8,N=1;H=5;W=5;C_inputs=128|128|128;C_total=384,433036

rvv_opu,186,detect.cv2_1_1.bn,batchnorm2d_s8,N=1;C=64;H=10;W=10,531694

rvv_opu,165,l21.cv2.bn,batchnorm2d_s8,N=1;C=256;H=5;W=5,552925

rvv_opu,198,detect.cv2_2_0.bn,batchnorm2d_s8,N=1;C=64;H=5;W=5,138286

rvv_opu,201,detect.cv2_2_1.bn,batchnorm2d_s8,N=1;C=64;H=5;W=5,138469

rvv_opu,205,detect.cv3_2_0.bn,batchnorm2d_s8,N=1;C=80;H=5;W=5,173438

rvv_opu,208,detect.cv3_2_1.bn,batchnorm2d_s8,N=1;C=80;H=5;W=5,173495

rvv_opu,191,detect.cv3_1_0.act,silu_s8,n=8000,778747

rvv_opu,193,detect.cv3_1_1.bn,batchnorm2d_s8,N=1;C=80;H=10;W=10,659393

rvv_opu,203,detect.cv2_2_2,conv2d_s8,N=1;IC=64;IH=5;IW=5;OC=64;OH=5;OW=5;KH=1;KW=1;SH=1;SW=1;PH=0;PW=0,3295242

rvv_opu,210,detect.cv3_2_2,conv2d_s8,N=1;IC=80;IH=5;IW=5;OC=80;OH=5;OW=5;KH=1;KW=1;SH=1;SW=1;PH=0;PW=0,5107604

rvv_opu,211,cat_15,cat2_c1_s8,N=1;H=5;W=5;C_inputs=64|80;C_total=144,264409

rvv_opu,169,detect.cv2_0_0.act,silu_s8,n=25600,6831059

rvv_opu,176,detect.cv3_0_0.act,silu_s8,n=32000,8501505

rvv_opu,171,detect.cv2_0_1.bn,batchnorm2d_s8,N=1;C=64;H=20;W=20,2064865

rvv_opu,178,detect.cv3_0_1.bn,batchnorm2d_s8,N=1;C=80;H=20;W=20,2612032

rvv_opu,181,cat_13,cat2_c1_s8,N=1;H=20;W=20;C_inputs=64|80;C_total=144,2557020

rvv_opu,188,detect.cv2_1_2,conv2d_s8,N=1;IC=64;IH=10;IW=10;OC=64;OH=10;OW=10;KH=1;KW=1;SH=1;SW=1;PH=0;PW=0,13133869

rvv_opu,195,detect.cv3_1_2,conv2d_s8,N=1;IC=80;IH=10;IW=10;OC=80;OH=10;OW=10;KH=1;KW=1;SH=1;SW=1;PH=0;PW=0,20384020

rvv_opu,196,cat_14,cat2_c1_s8,N=1;H=10;W=10;C_inputs=64|80;C_total=144,1056230

=== MODELBLASTER_PROFILE_END [yolov8_nano] ===

=== MODELBLASTER_WALL_CYCLES_INST [yolov8_nano#0] === 3018483

=== MODELBLASTER_WALL_CYCLES [yolov8_nano] === 3018483


Simulation complete.
*** PASSED *** after 9077575922 cycles

Emulation Performance Summary
------------------------------
Wallclock Time Elapsed: 310.6 s
Host Frequency: 30.000 MHz
Target Cycles Emulated: 9077575922
Effective Target Frequency: 29.222 MHz
FMR: 1.03
Note: The latter three figures are based on the fastest target clock.

Script done on 2026-06-03 14:55:33-07:00 [COMMAND_EXIT_CODE="0"]
=== MODELBLASTER_RAW_FIRESIM_END ===

--- model: mlp_control ---
  [mlp_control] actual: [0.0, 0.0, 0.0, 0.0]
  [mlp_control] golden: [125.0, -20.0, 23.0, 0.0]
  [mlp_control] max_abs_err=125 max_rel_err=1 (atol=0 rtol=0)
  [mlp_control] FAIL
  [mlp_control] profile -> /scratch2/agustin/ModelBlaster/examples/mlp_control/int8/generated/mlp_control_profile.csv
(no profile records emitted)
  [mlp_control] wall_clock_cycles=0 (mtime)

--- model: dronet ---
  [dronet] actual: [0.0, 0.0]
  [dronet] golden: [-56.0, 127.0]
  [dronet] max_abs_err=127 max_rel_err=1 (atol=0 rtol=0)
  [dronet] FAIL
  [dronet] profile -> /scratch2/agustin/ModelBlaster/examples/dronet/int8/generated/dronet_profile.csv
name            op              shape                                                                         cycles      %
--------------------------------------------------------------------------------------------------------------------------
maxpool1        maxpool2d_s8    N=1;C=32;IH=56;IW=56;OH=27;OW=27;KH=3;KW=3;SH=2;SW=2;PH=0;PW=0;DH=1;DW=1     4447918    7.2
bn_modules.0    batchnorm2d_s8  N=1;C=32;H=27;W=27                                                           1844293    3.0
bn_modules.1    batchnorm2d_s8  N=1;C=32;H=14;W=14                                                            499167    0.8
add             add_s8          n=6272                                                                        315999    0.5
bn_modules.2    batchnorm2d_s8  N=1;C=32;H=14;W=14                                                            488617    0.8
bn_modules.3    batchnorm2d_s8  N=1;C=64;H=7;W=7                                                              260228    0.4
add_1           add_s8          n=3136                                                                        158208    0.3
bn_modules.4    batchnorm2d_s8  N=1;C=64;H=7;W=7                                                              254807    0.4
conv_modules.9  conv2d_s8       N=1;IC=64;IH=7;IW=7;OC=128;OH=4;OW=4;KH=1;KW=1;SH=2;SW=2;PH=0;PW=0           4192774    6.8
conv_modules.8  conv2d_s8       N=1;IC=128;IH=4;IW=4;OC=128;OH=4;OW=4;KH=3;KW=3;SH=1;SW=1;PH=1;PW=1         48867393   79.5
add_2           add_s8          n=2048                                                                        126157    0.2
linear2         linear_s8       M=1;K=2048;N=1                                                                 23329    0.0
linear1         linear_s8       M=1;K=2048;N=1                                                                 20748    0.0
--------------------------------------------------------------------------------------------------------------------------
TOTAL                                                                                                     61499638
  [dronet] wall_clock_cycles=0 (mtime)

--- model: yolov8_nano ---
  [yolov8_nano] sampled 16 of 75600 elements at idx [0, 1, 2, 3, 4, 5, 6, 7, 75592, 75593, 75594, 75595, 75596, 75597, 75598, 75599]
  [yolov8_nano] actual: [0.0, 0.0, 0.0, 0.0, 0.0, 0.0, 0.0, 0.0, -42.0, -42.0, -42.0, -42.0, -42.0, -42.0, -42.0, -42.0]
  [yolov8_nano] golden: [45.0, 17.0, 13.0, 8.0, 3.0, 2.0, 1.0, 2.0, -35.0, -36.0, -53.0, -49.0, -53.0, -37.0, -55.0, -51.0]
  [yolov8_nano] max_abs_err=45 max_rel_err=1 (atol=0 rtol=0, sampled)
  [yolov8_nano] FAIL
  [yolov8_nano] profile -> /scratch2/agustin/ModelBlaster/examples/yolov8_nano/int8/generated/yolov8_nano_profile.csv
name                op                   shape                                                                      cycles      %
--------------------------------------------------------------------------------------------------------------------------------
l0.bn               batchnorm2d_s8       N=1;C=16;H=80;W=80                                                        8140223    4.8
l1.bn               batchnorm2d_s8       N=1;C=32;H=40;W=40                                                        3931923    2.3
l2.cv1.bn           batchnorm2d_s8       N=1;C=32;H=40;W=40                                                        4000840    2.4
l2.m0.cv1.bn        batchnorm2d_s8       N=1;C=16;H=40;W=40                                                        2040720    1.2
l2.m0.cv2.bn        batchnorm2d_s8       N=1;C=16;H=40;W=40                                                        2032686    1.2
add                 add_s8               n=25600                                                                   1347588    0.8
cat                 cat3_c1_s8           N=1;H=40;W=40;C_inputs=16|16|16;C_total=48                                3373506    2.0
l2.cv2.bn           batchnorm2d_s8       N=1;C=32;H=40;W=40                                                        4095957    2.4
l3.bn               batchnorm2d_s8       N=1;C=64;H=20;W=20                                                        2077261    1.2
l3.act              silu_s8              n=25600                                                                   6832395    4.1
l4.cv1.bn           batchnorm2d_s8       N=1;C=64;H=20;W=20                                                        2081340    1.2
l4.m0.cv1.bn        batchnorm2d_s8       N=1;C=32;H=20;W=20                                                        1036847    0.6
l4.m0.cv2.bn        batchnorm2d_s8       N=1;C=32;H=20;W=20                                                        1039882    0.6
add_1               add_s8               n=12800                                                                    673406    0.4
l4.m1.cv1.bn        batchnorm2d_s8       N=1;C=32;H=20;W=20                                                        1033438    0.6
l4.m1.cv2.bn        batchnorm2d_s8       N=1;C=32;H=20;W=20                                                        1038762    0.6
add_2               add_s8               n=12800                                                                    669484    0.4
cat_1               cat4_c1_s8           N=1;H=20;W=20;C_inputs=32|32|32|32;C_total=128                            2247983    1.3
l4.cv2.bn           batchnorm2d_s8       N=1;C=64;H=20;W=20                                                        2076537    1.2
l5.bn               batchnorm2d_s8       N=1;C=128;H=10;W=10                                                       1059457    0.6
l6.cv1.bn           batchnorm2d_s8       N=1;C=128;H=10;W=10                                                       1053376    0.6
l6.m0.cv1.bn        batchnorm2d_s8       N=1;C=64;H=10;W=10                                                         531311    0.3
l6.m0.cv2.bn        batchnorm2d_s8       N=1;C=64;H=10;W=10                                                         529891    0.3
add_3               add_s8               n=6400                                                                     335498    0.2
l6.m1.cv1.bn        batchnorm2d_s8       N=1;C=64;H=10;W=10                                                         531269    0.3
l6.m1.cv2.bn        batchnorm2d_s8       N=1;C=64;H=10;W=10                                                         531614    0.3
add_4               add_s8               n=6400                                                                     334781    0.2
cat_2               cat4_c1_s8           N=1;H=10;W=10;C_inputs=64|64|64|64;C_total=256                            1126618    0.7
l6.cv2.bn           batchnorm2d_s8       N=1;C=128;H=10;W=10                                                       1056023    0.6
l7.bn               batchnorm2d_s8       N=1;C=256;H=5;W=5                                                          552457    0.3
l8.cv1.bn           batchnorm2d_s8       N=1;C=256;H=5;W=5                                                          556092    0.3
l8.m0.cv1.act       silu_s8              n=3200                                                                     308668    0.2
l8.m0.cv2.act       silu_s8              n=3200                                                                     308383    0.2
l9.cv1.act          silu_s8              n=3200                                                                     308252    0.2
l9.m2               maxpool2d_s8         N=1;C=128;IH=5;IW=5;OH=5;OW=5;KH=5;KW=5;SH=1;SW=1;PH=2;PW=2;DH=1;DW=1      916100    0.5
cat_4               cat4_c1_s8           N=1;H=5;W=5;C_inputs=128|128|128|128;C_total=512                           568409    0.3
l9.cv2.bn           batchnorm2d_s8       N=1;C=256;H=5;W=5                                                          552356    0.3
l10                 upsample_nearest_s8  N=1;C=256;IH=5;IW=5;scale=2                                                769226    0.5
cat_5               cat2_c1_s8           N=1;H=10;W=10;C_inputs=256|128;C_total=384                                1691960    1.0
l12.cv1.bn          batchnorm2d_s8       N=1;C=128;H=10;W=10                                                       1054893    0.6
l12.m0.cv1.bn       batchnorm2d_s8       N=1;C=64;H=10;W=10                                                         527354    0.3
l12.m0.cv2.bn       batchnorm2d_s8       N=1;C=64;H=10;W=10                                                         531081    0.3
cat_6               cat3_c1_s8           N=1;H=10;W=10;C_inputs=64|64|64;C_total=192                                855678    0.5
l12.cv2.bn          batchnorm2d_s8       N=1;C=128;H=10;W=10                                                       1064783    0.6
l13                 upsample_nearest_s8  N=1;C=128;IH=10;IW=10;scale=2                                             1197700    0.7
cat_7               cat2_c1_s8           N=1;H=20;W=20;C_inputs=128|64;C_total=192                                 3373346    2.0
l15.cv1.bn          batchnorm2d_s8       N=1;C=64;H=20;W=20                                                        2078668    1.2
l15.m0.cv1.bn       batchnorm2d_s8       N=1;C=32;H=20;W=20                                                        1046410    0.6
l15.m0.cv2.bn       batchnorm2d_s8       N=1;C=32;H=20;W=20                                                        1035701    0.6
cat_8               cat3_c1_s8           N=1;H=20;W=20;C_inputs=32|32|32;C_total=96                                1704106    1.0
l15.cv2.bn          batchnorm2d_s8       N=1;C=64;H=20;W=20                                                        2069049    1.2
l16.bn              batchnorm2d_s8       N=1;C=64;H=10;W=10                                                         533651    0.3
cat_9               cat2_c1_s8           N=1;H=10;W=10;C_inputs=64|128;C_total=192                                  849386    0.5
l18.cv1.bn          batchnorm2d_s8       N=1;C=128;H=10;W=10                                                       1052311    0.6
l18.m0.cv1.bn       batchnorm2d_s8       N=1;C=64;H=10;W=10                                                         527061    0.3
l18.m0.cv2.bn       batchnorm2d_s8       N=1;C=64;H=10;W=10                                                         531137    0.3
cat_10              cat3_c1_s8           N=1;H=10;W=10;C_inputs=64|64|64;C_total=192                                855035    0.5
l18.cv2.bn          batchnorm2d_s8       N=1;C=128;H=10;W=10                                                       1064769    0.6
l18.cv2.act         silu_s8              n=12800                                                                   3271433    1.9
l19.bn              batchnorm2d_s8       N=1;C=128;H=5;W=5                                                          277970    0.2
detect.cv2_1_0.bn   batchnorm2d_s8       N=1;C=64;H=10;W=10                                                         532112    0.3
l19.act             silu_s8              n=3200                                                                     819202    0.5
cat_11              cat2_c1_s8           N=1;H=5;W=5;C_inputs=128|256;C_total=384                                   514099    0.3
detect.cv2_0_0.bn   batchnorm2d_s8       N=1;C=64;H=20;W=20                                                        2078060    1.2
l21.m0.cv1.bn       batchnorm2d_s8       N=1;C=128;H=5;W=5                                                          277554    0.2
detect.cv3_0_0.bn   batchnorm2d_s8       N=1;C=80;H=20;W=20                                                        2586659    1.5
l21.m0.cv1.act      silu_s8              n=3200                                                                     857324    0.5
detect.cv2_1_0.act  silu_s8              n=6400                                                                    1657448    1.0
l21.m0.cv2.bn       batchnorm2d_s8       N=1;C=128;H=5;W=5                                                          276716    0.2
cat_12              cat3_c1_s8           N=1;H=5;W=5;C_inputs=128|128|128;C_total=384                               433036    0.3
detect.cv2_1_1.bn   batchnorm2d_s8       N=1;C=64;H=10;W=10                                                         531694    0.3
l21.cv2.bn          batchnorm2d_s8       N=1;C=256;H=5;W=5                                                          552925    0.3
detect.cv2_2_0.bn   batchnorm2d_s8       N=1;C=64;H=5;W=5                                                           138286    0.1
detect.cv2_2_1.bn   batchnorm2d_s8       N=1;C=64;H=5;W=5                                                           138469    0.1
detect.cv3_2_0.bn   batchnorm2d_s8       N=1;C=80;H=5;W=5                                                           173438    0.1
detect.cv3_2_1.bn   batchnorm2d_s8       N=1;C=80;H=5;W=5                                                           173495    0.1
detect.cv3_1_0.act  silu_s8              n=8000                                                                     778747    0.5
detect.cv3_1_1.bn   batchnorm2d_s8       N=1;C=80;H=10;W=10                                                         659393    0.4
detect.cv2_2_2      conv2d_s8            N=1;IC=64;IH=5;IW=5;OC=64;OH=5;OW=5;KH=1;KW=1;SH=1;SW=1;PH=0;PW=0         3295242    2.0
detect.cv3_2_2      conv2d_s8            N=1;IC=80;IH=5;IW=5;OC=80;OH=5;OW=5;KH=1;KW=1;SH=1;SW=1;PH=0;PW=0         5107604    3.0
cat_15              cat2_c1_s8           N=1;H=5;W=5;C_inputs=64|80;C_total=144                                     264409    0.2
detect.cv2_0_0.act  silu_s8              n=25600                                                                   6831059    4.1
detect.cv3_0_0.act  silu_s8              n=32000                                                                   8501505    5.1
detect.cv2_0_1.bn   batchnorm2d_s8       N=1;C=64;H=20;W=20                                                        2064865    1.2
detect.cv3_0_1.bn   batchnorm2d_s8       N=1;C=80;H=20;W=20                                                        2612032    1.6
cat_13              cat2_c1_s8           N=1;H=20;W=20;C_inputs=64|80;C_total=144                                  2557020    1.5
detect.cv2_1_2      conv2d_s8            N=1;IC=64;IH=10;IW=10;OC=64;OH=10;OW=10;KH=1;KW=1;SH=1;SW=1;PH=0;PW=0    13133869    7.8
detect.cv3_1_2      conv2d_s8            N=1;IC=80;IH=10;IW=10;OC=80;OH=10;OW=10;KH=1;KW=1;SH=1;SW=1;PH=0;PW=0    20384020   12.1
cat_14              cat2_c1_s8           N=1;H=10;W=10;C_inputs=64|80;C_total=144                                  1056230    0.6
--------------------------------------------------------------------------------------------------------------------------------
TOTAL                                                                                                          167880553
  [yolov8_nano] wall_clock_cycles=3018483 (mtime)

OVERALL: FAIL (3 models)
